profile,resources,point_id,run,sample,elapsed_ns
C2,25,C2-resources-0025,1,1,364297
C2,25,C2-resources-0025,1,2,499409
C2,25,C2-resources-0025,1,3,343355
C2,25,C2-resources-0025,1,4,393379
C2,25,C2-resources-0025,1,5,347687
C2,25,C2-resources-0025,1,6,358552
C2,25,C2-resources-0025,1,7,395240
C2,25,C2-resources-0025,1,8,354277
C2,25,C2-resources-0025,1,9,356126
C2,25,C2-resources-0025,1,10,411154
C2,25,C2-resources-0025,1,11,335863
C2,25,C2-resources-0025,1,12,329046
C2,25,C2-resources-0025,1,13,319538
C2,25,C2-resources-0025,1,14,309531
C2,25,C2-resources-0025,1,15,338665
C2,25,C2-resources-0025,1,16,327952
C2,25,C2-resources-0025,1,17,328819
C2,25,C2-resources-0025,1,18,306126
C2,25,C2-resources-0025,1,19,305436
C2,25,C2-resources-0025,1,20,302447
C2,25,C2-resources-0025,1,21,312370
C2,25,C2-resources-0025,1,22,353529
C2,25,C2-resources-0025,1,23,354833
C2,25,C2-resources-0025,1,24,348968
C2,25,C2-resources-0025,1,25,348907
C2,25,C2-resources-0025,1,26,369755
C2,25,C2-resources-0025,1,27,856656
C2,25,C2-resources-0025,1,28,375766
C2,25,C2-resources-0025,1,29,353975
C2,25,C2-resources-0025,1,30,317676
C2,25,C2-resources-0025,1,31,353812
C2,25,C2-resources-0025,1,32,312611
C2,25,C2-resources-0025,1,33,344565
C2,25,C2-resources-0025,1,34,312491
C2,25,C2-resources-0025,1,35,345968
C2,25,C2-resources-0025,1,36,303922
C2,25,C2-resources-0025,1,37,293556
C2,25,C2-resources-0025,1,38,302641
C2,25,C2-resources-0025,1,39,302628
C2,25,C2-resources-0025,1,40,304042
C2,25,C2-resources-0025,1,41,293801
C2,25,C2-resources-0025,1,42,323814
C2,25,C2-resources-0025,1,43,335021
C2,25,C2-resources-0025,1,44,314915
C2,25,C2-resources-0025,1,45,347962
C2,25,C2-resources-0025,1,46,304339
C2,25,C2-resources-0025,1,47,300567
C2,25,C2-resources-0025,1,48,293433
C2,25,C2-resources-0025,1,49,301908
C2,25,C2-resources-0025,1,50,310974
C2,25,C2-resources-0025,1,51,316472
C2,25,C2-resources-0025,1,52,386917
C2,25,C2-resources-0025,1,53,430214
C2,25,C2-resources-0025,1,54,407808
C2,25,C2-resources-0025,1,55,373490
C2,25,C2-resources-0025,1,56,381817
C2,25,C2-resources-0025,1,57,393648
C2,25,C2-resources-0025,1,58,346223
C2,25,C2-resources-0025,1,59,311695
C2,25,C2-resources-0025,1,60,331641
C2,25,C2-resources-0025,1,61,302144
C2,25,C2-resources-0025,1,62,388451
C2,25,C2-resources-0025,1,63,383322
C2,25,C2-resources-0025,1,64,346335
C2,25,C2-resources-0025,1,65,318933
C2,25,C2-resources-0025,1,66,345738
C2,25,C2-resources-0025,1,67,282748
C2,25,C2-resources-0025,1,68,322581
C2,25,C2-resources-0025,1,69,395490
C2,25,C2-resources-0025,1,70,305208
C2,25,C2-resources-0025,1,71,395515
C2,25,C2-resources-0025,1,72,330706
C2,25,C2-resources-0025,1,73,354584
C2,25,C2-resources-0025,1,74,351764
C2,25,C2-resources-0025,1,75,317110
C2,25,C2-resources-0025,1,76,306521
C2,25,C2-resources-0025,1,77,340628
C2,25,C2-resources-0025,1,78,365180
C2,25,C2-resources-0025,1,79,365978
C2,25,C2-resources-0025,1,80,377596
C2,25,C2-resources-0025,1,81,326973
C2,25,C2-resources-0025,1,82,343488
C2,25,C2-resources-0025,1,83,376649
C2,25,C2-resources-0025,1,84,355884
C2,25,C2-resources-0025,1,85,338376
C2,25,C2-resources-0025,1,86,354172
C2,25,C2-resources-0025,1,87,355371
C2,25,C2-resources-0025,1,88,363619
C2,25,C2-resources-0025,1,89,340357
C2,25,C2-resources-0025,1,90,347477
C2,25,C2-resources-0025,1,91,361295
C2,25,C2-resources-0025,1,92,396017
C2,25,C2-resources-0025,1,93,366902
C2,25,C2-resources-0025,1,94,359361
C2,25,C2-resources-0025,1,95,384643
C2,25,C2-resources-0025,1,96,362573
C2,25,C2-resources-0025,1,97,310326
C2,25,C2-resources-0025,1,98,273283
C2,25,C2-resources-0025,1,99,290981
C2,25,C2-resources-0025,1,100,251588
C2,25,C2-resources-0025,2,1,464484
C2,25,C2-resources-0025,2,2,364603
C2,25,C2-resources-0025,2,3,337188
C2,25,C2-resources-0025,2,4,314173
C2,25,C2-resources-0025,2,5,289906
C2,25,C2-resources-0025,2,6,281943
C2,25,C2-resources-0025,2,7,265163
C2,25,C2-resources-0025,2,8,246589
C2,25,C2-resources-0025,2,9,243707
C2,25,C2-resources-0025,2,10,266869
C2,25,C2-resources-0025,2,11,259043
C2,25,C2-resources-0025,2,12,235974
C2,25,C2-resources-0025,2,13,234563
C2,25,C2-resources-0025,2,14,232133
C2,25,C2-resources-0025,2,15,264915
C2,25,C2-resources-0025,2,16,260819
C2,25,C2-resources-0025,2,17,241551
C2,25,C2-resources-0025,2,18,267113
C2,25,C2-resources-0025,2,19,246592
C2,25,C2-resources-0025,2,20,252215
C2,25,C2-resources-0025,2,21,245021
C2,25,C2-resources-0025,2,22,290442
C2,25,C2-resources-0025,2,23,265982
C2,25,C2-resources-0025,2,24,259350
C2,25,C2-resources-0025,2,25,275705
C2,25,C2-resources-0025,2,26,246522
C2,25,C2-resources-0025,2,27,264361
C2,25,C2-resources-0025,2,28,262241
C2,25,C2-resources-0025,2,29,232702
C2,25,C2-resources-0025,2,30,234269
C2,25,C2-resources-0025,2,31,219633
C2,25,C2-resources-0025,2,32,320297
C2,25,C2-resources-0025,2,33,272128
C2,25,C2-resources-0025,2,34,238496
C2,25,C2-resources-0025,2,35,230882
C2,25,C2-resources-0025,2,36,252401
C2,25,C2-resources-0025,2,37,274731
C2,25,C2-resources-0025,2,38,281063
C2,25,C2-resources-0025,2,39,263726
C2,25,C2-resources-0025,2,40,275396
C2,25,C2-resources-0025,2,41,291089
C2,25,C2-resources-0025,2,42,240617
C2,25,C2-resources-0025,2,43,337930
C2,25,C2-resources-0025,2,44,351159
C2,25,C2-resources-0025,2,45,336425
C2,25,C2-resources-0025,2,46,373473
C2,25,C2-resources-0025,2,47,306041
C2,25,C2-resources-0025,2,48,335857
C2,25,C2-resources-0025,2,49,309456
C2,25,C2-resources-0025,2,50,267827
C2,25,C2-resources-0025,2,51,257526
C2,25,C2-resources-0025,2,52,314338
C2,25,C2-resources-0025,2,53,262759
C2,25,C2-resources-0025,2,54,260088
C2,25,C2-resources-0025,2,55,378509
C2,25,C2-resources-0025,2,56,359355
C2,25,C2-resources-0025,2,57,368158
C2,25,C2-resources-0025,2,58,393413
C2,25,C2-resources-0025,2,59,360441
C2,25,C2-resources-0025,2,60,384885
C2,25,C2-resources-0025,2,61,354023
C2,25,C2-resources-0025,2,62,251924
C2,25,C2-resources-0025,2,63,252275
C2,25,C2-resources-0025,2,64,267205
C2,25,C2-resources-0025,2,65,294176
C2,25,C2-resources-0025,2,66,259425
C2,25,C2-resources-0025,2,67,240852
C2,25,C2-resources-0025,2,68,254618
C2,25,C2-resources-0025,2,69,243247
C2,25,C2-resources-0025,2,70,258525
C2,25,C2-resources-0025,2,71,245655
C2,25,C2-resources-0025,2,72,250240
C2,25,C2-resources-0025,2,73,270218
C2,25,C2-resources-0025,2,74,297678
C2,25,C2-resources-0025,2,75,295457
C2,25,C2-resources-0025,2,76,306242
C2,25,C2-resources-0025,2,77,315166
C2,25,C2-resources-0025,2,78,299517
C2,25,C2-resources-0025,2,79,249594
C2,25,C2-resources-0025,2,80,268958
C2,25,C2-resources-0025,2,81,312054
C2,25,C2-resources-0025,2,82,342372
C2,25,C2-resources-0025,2,83,366012
C2,25,C2-resources-0025,2,84,305826
C2,25,C2-resources-0025,2,85,315421
C2,25,C2-resources-0025,2,86,321065
C2,25,C2-resources-0025,2,87,318356
C2,25,C2-resources-0025,2,88,300234
C2,25,C2-resources-0025,2,89,276859
C2,25,C2-resources-0025,2,90,323390
C2,25,C2-resources-0025,2,91,328137
C2,25,C2-resources-0025,2,92,296539
C2,25,C2-resources-0025,2,93,320475
C2,25,C2-resources-0025,2,94,334150
C2,25,C2-resources-0025,2,95,292758
C2,25,C2-resources-0025,2,96,343511
C2,25,C2-resources-0025,2,97,302273
C2,25,C2-resources-0025,2,98,298065
C2,25,C2-resources-0025,2,99,259982
C2,25,C2-resources-0025,2,100,274454
C2,25,C2-resources-0025,3,1,339992
C2,25,C2-resources-0025,3,2,295295
C2,25,C2-resources-0025,3,3,268661
C2,25,C2-resources-0025,3,4,252299
C2,25,C2-resources-0025,3,5,241895
C2,25,C2-resources-0025,3,6,258929
C2,25,C2-resources-0025,3,7,250166
C2,25,C2-resources-0025,3,8,244789
C2,25,C2-resources-0025,3,9,253005
C2,25,C2-resources-0025,3,10,240606
C2,25,C2-resources-0025,3,11,220376
C2,25,C2-resources-0025,3,12,197160
C2,25,C2-resources-0025,3,13,203526
C2,25,C2-resources-0025,3,14,201101
C2,25,C2-resources-0025,3,15,206251
C2,25,C2-resources-0025,3,16,211505
C2,25,C2-resources-0025,3,17,203969
C2,25,C2-resources-0025,3,18,218859
C2,25,C2-resources-0025,3,19,251522
C2,25,C2-resources-0025,3,20,215977
C2,25,C2-resources-0025,3,21,203704
C2,25,C2-resources-0025,3,22,206643
C2,25,C2-resources-0025,3,23,280896
C2,25,C2-resources-0025,3,24,210511
C2,25,C2-resources-0025,3,25,246814
C2,25,C2-resources-0025,3,26,231299
C2,25,C2-resources-0025,3,27,228272
C2,25,C2-resources-0025,3,28,229936
C2,25,C2-resources-0025,3,29,219603
C2,25,C2-resources-0025,3,30,211783
C2,25,C2-resources-0025,3,31,199735
C2,25,C2-resources-0025,3,32,198027
C2,25,C2-resources-0025,3,33,197942
C2,25,C2-resources-0025,3,34,212638
C2,25,C2-resources-0025,3,35,200269
C2,25,C2-resources-0025,3,36,202551
C2,25,C2-resources-0025,3,37,227367
C2,25,C2-resources-0025,3,38,197227
C2,25,C2-resources-0025,3,39,201473
C2,25,C2-resources-0025,3,40,195607
C2,25,C2-resources-0025,3,41,197327
C2,25,C2-resources-0025,3,42,196025
C2,25,C2-resources-0025,3,43,197507
C2,25,C2-resources-0025,3,44,217927
C2,25,C2-resources-0025,3,45,209484
C2,25,C2-resources-0025,3,46,211822
C2,25,C2-resources-0025,3,47,223315
C2,25,C2-resources-0025,3,48,197511
C2,25,C2-resources-0025,3,49,195348
C2,25,C2-resources-0025,3,50,193044
C2,25,C2-resources-0025,3,51,210641
C2,25,C2-resources-0025,3,52,209808
C2,25,C2-resources-0025,3,53,206787
C2,25,C2-resources-0025,3,54,200936
C2,25,C2-resources-0025,3,55,238851
C2,25,C2-resources-0025,3,56,230879
C2,25,C2-resources-0025,3,57,213985
C2,25,C2-resources-0025,3,58,217707
C2,25,C2-resources-0025,3,59,217784
C2,25,C2-resources-0025,3,60,212581
C2,25,C2-resources-0025,3,61,196321
C2,25,C2-resources-0025,3,62,210884
C2,25,C2-resources-0025,3,63,214172
C2,25,C2-resources-0025,3,64,215399
C2,25,C2-resources-0025,3,65,206908
C2,25,C2-resources-0025,3,66,206765
C2,25,C2-resources-0025,3,67,199601
C2,25,C2-resources-0025,3,68,209334
C2,25,C2-resources-0025,3,69,200379
C2,25,C2-resources-0025,3,70,209626
C2,25,C2-resources-0025,3,71,221714
C2,25,C2-resources-0025,3,72,244299
C2,25,C2-resources-0025,3,73,250328
C2,25,C2-resources-0025,3,74,211102
C2,25,C2-resources-0025,3,75,227670
C2,25,C2-resources-0025,3,76,238216
C2,25,C2-resources-0025,3,77,205273
C2,25,C2-resources-0025,3,78,196972
C2,25,C2-resources-0025,3,79,216404
C2,25,C2-resources-0025,3,80,202187
C2,25,C2-resources-0025,3,81,212468
C2,25,C2-resources-0025,3,82,205612
C2,25,C2-resources-0025,3,83,205852
C2,25,C2-resources-0025,3,84,200429
C2,25,C2-resources-0025,3,85,216913
C2,25,C2-resources-0025,3,86,208238
C2,25,C2-resources-0025,3,87,203509
C2,25,C2-resources-0025,3,88,227398
C2,25,C2-resources-0025,3,89,195116
C2,25,C2-resources-0025,3,90,190278
C2,25,C2-resources-0025,3,91,210705
C2,25,C2-resources-0025,3,92,220020
C2,25,C2-resources-0025,3,93,197330
C2,25,C2-resources-0025,3,94,196932
C2,25,C2-resources-0025,3,95,202349
C2,25,C2-resources-0025,3,96,235341
C2,25,C2-resources-0025,3,97,202827
C2,25,C2-resources-0025,3,98,202281
C2,25,C2-resources-0025,3,99,224596
C2,25,C2-resources-0025,3,100,219021
C2,25,C2-resources-0025,4,1,248775
C2,25,C2-resources-0025,4,2,203268
C2,25,C2-resources-0025,4,3,190873
C2,25,C2-resources-0025,4,4,193692
C2,25,C2-resources-0025,4,5,210360
C2,25,C2-resources-0025,4,6,194731
C2,25,C2-resources-0025,4,7,194929
C2,25,C2-resources-0025,4,8,215608
C2,25,C2-resources-0025,4,9,238121
C2,25,C2-resources-0025,4,10,240119
C2,25,C2-resources-0025,4,11,234232
C2,25,C2-resources-0025,4,12,236435
C2,25,C2-resources-0025,4,13,230262
C2,25,C2-resources-0025,4,14,209788
C2,25,C2-resources-0025,4,15,205206
C2,25,C2-resources-0025,4,16,211892
C2,25,C2-resources-0025,4,17,220597
C2,25,C2-resources-0025,4,18,200491
C2,25,C2-resources-0025,4,19,201886
C2,25,C2-resources-0025,4,20,233418
C2,25,C2-resources-0025,4,21,227338
C2,25,C2-resources-0025,4,22,220701
C2,25,C2-resources-0025,4,23,206785
C2,25,C2-resources-0025,4,24,201743
C2,25,C2-resources-0025,4,25,197778
C2,25,C2-resources-0025,4,26,199439
C2,25,C2-resources-0025,4,27,232870
C2,25,C2-resources-0025,4,28,199852
C2,25,C2-resources-0025,4,29,209934
C2,25,C2-resources-0025,4,30,202693
C2,25,C2-resources-0025,4,31,195675
C2,25,C2-resources-0025,4,32,201156
C2,25,C2-resources-0025,4,33,208989
C2,25,C2-resources-0025,4,34,200338
C2,25,C2-resources-0025,4,35,199636
C2,25,C2-resources-0025,4,36,333376
C2,25,C2-resources-0025,4,37,215096
C2,25,C2-resources-0025,4,38,198679
C2,25,C2-resources-0025,4,39,197190
C2,25,C2-resources-0025,4,40,204154
C2,25,C2-resources-0025,4,41,198878
C2,25,C2-resources-0025,4,42,199023
C2,25,C2-resources-0025,4,43,209744
C2,25,C2-resources-0025,4,44,224738
C2,25,C2-resources-0025,4,45,219162
C2,25,C2-resources-0025,4,46,203817
C2,25,C2-resources-0025,4,47,188479
C2,25,C2-resources-0025,4,48,193178
C2,25,C2-resources-0025,4,49,191914
C2,25,C2-resources-0025,4,50,330624
C2,25,C2-resources-0025,4,51,227107
C2,25,C2-resources-0025,4,52,214470
C2,25,C2-resources-0025,4,53,187989
C2,25,C2-resources-0025,4,54,186752
C2,25,C2-resources-0025,4,55,178270
C2,25,C2-resources-0025,4,56,218900
C2,25,C2-resources-0025,4,57,222788
C2,25,C2-resources-0025,4,58,215252
C2,25,C2-resources-0025,4,59,208841
C2,25,C2-resources-0025,4,60,198205
C2,25,C2-resources-0025,4,61,209823
C2,25,C2-resources-0025,4,62,201391
C2,25,C2-resources-0025,4,63,209725
C2,25,C2-resources-0025,4,64,194910
C2,25,C2-resources-0025,4,65,176858
C2,25,C2-resources-0025,4,66,177819
C2,25,C2-resources-0025,4,67,183967
C2,25,C2-resources-0025,4,68,196949
C2,25,C2-resources-0025,4,69,192076
C2,25,C2-resources-0025,4,70,186469
C2,25,C2-resources-0025,4,71,181800
C2,25,C2-resources-0025,4,72,173718
C2,25,C2-resources-0025,4,73,172965
C2,25,C2-resources-0025,4,74,158517
C2,25,C2-resources-0025,4,75,157805
C2,25,C2-resources-0025,4,76,160806
C2,25,C2-resources-0025,4,77,162493
C2,25,C2-resources-0025,4,78,178181
C2,25,C2-resources-0025,4,79,174244
C2,25,C2-resources-0025,4,80,178478
C2,25,C2-resources-0025,4,81,168043
C2,25,C2-resources-0025,4,82,168315
C2,25,C2-resources-0025,4,83,164322
C2,25,C2-resources-0025,4,84,158503
C2,25,C2-resources-0025,4,85,178034
C2,25,C2-resources-0025,4,86,187676
C2,25,C2-resources-0025,4,87,207198
C2,25,C2-resources-0025,4,88,166921
C2,25,C2-resources-0025,4,89,163302
C2,25,C2-resources-0025,4,90,198610
C2,25,C2-resources-0025,4,91,190669
C2,25,C2-resources-0025,4,92,196384
C2,25,C2-resources-0025,4,93,156992
C2,25,C2-resources-0025,4,94,162693
C2,25,C2-resources-0025,4,95,156651
C2,25,C2-resources-0025,4,96,162597
C2,25,C2-resources-0025,4,97,178059
C2,25,C2-resources-0025,4,98,189921
C2,25,C2-resources-0025,4,99,159810
C2,25,C2-resources-0025,4,100,156618
C2,25,C2-resources-0025,5,1,211614
C2,25,C2-resources-0025,5,2,178770
C2,25,C2-resources-0025,5,3,164960
C2,25,C2-resources-0025,5,4,164400
C2,25,C2-resources-0025,5,5,162900
C2,25,C2-resources-0025,5,6,176928
C2,25,C2-resources-0025,5,7,202949
C2,25,C2-resources-0025,5,8,182982
C2,25,C2-resources-0025,5,9,190668
C2,25,C2-resources-0025,5,10,173757
C2,25,C2-resources-0025,5,11,182341
C2,25,C2-resources-0025,5,12,188244
C2,25,C2-resources-0025,5,13,179813
C2,25,C2-resources-0025,5,14,173312
C2,25,C2-resources-0025,5,15,204065
C2,25,C2-resources-0025,5,16,181205
C2,25,C2-resources-0025,5,17,167854
C2,25,C2-resources-0025,5,18,161105
C2,25,C2-resources-0025,5,19,283690
C2,25,C2-resources-0025,5,20,171590
C2,25,C2-resources-0025,5,21,171754
C2,25,C2-resources-0025,5,22,165625
C2,25,C2-resources-0025,5,23,158009
C2,25,C2-resources-0025,5,24,160269
C2,25,C2-resources-0025,5,25,164906
C2,25,C2-resources-0025,5,26,164941
C2,25,C2-resources-0025,5,27,162594
C2,25,C2-resources-0025,5,28,172501
C2,25,C2-resources-0025,5,29,177807
C2,25,C2-resources-0025,5,30,174502
C2,25,C2-resources-0025,5,31,164340
C2,25,C2-resources-0025,5,32,167457
C2,25,C2-resources-0025,5,33,162190
C2,25,C2-resources-0025,5,34,167262
C2,25,C2-resources-0025,5,35,176123
C2,25,C2-resources-0025,5,36,167119
C2,25,C2-resources-0025,5,37,161123
C2,25,C2-resources-0025,5,38,180000
C2,25,C2-resources-0025,5,39,188037
C2,25,C2-resources-0025,5,40,192583
C2,25,C2-resources-0025,5,41,189876
C2,25,C2-resources-0025,5,42,171639
C2,25,C2-resources-0025,5,43,189705
C2,25,C2-resources-0025,5,44,187638
C2,25,C2-resources-0025,5,45,175475
C2,25,C2-resources-0025,5,46,177623
C2,25,C2-resources-0025,5,47,167931
C2,25,C2-resources-0025,5,48,180980
C2,25,C2-resources-0025,5,49,181673
C2,25,C2-resources-0025,5,50,216020
C2,25,C2-resources-0025,5,51,194724
C2,25,C2-resources-0025,5,52,186887
C2,25,C2-resources-0025,5,53,177283
C2,25,C2-resources-0025,5,54,173505
C2,25,C2-resources-0025,5,55,190314
C2,25,C2-resources-0025,5,56,254345
C2,25,C2-resources-0025,5,57,200882
C2,25,C2-resources-0025,5,58,189849
C2,25,C2-resources-0025,5,59,190508
C2,25,C2-resources-0025,5,60,209477
C2,25,C2-resources-0025,5,61,211325
C2,25,C2-resources-0025,5,62,209275
C2,25,C2-resources-0025,5,63,210629
C2,25,C2-resources-0025,5,64,225109
C2,25,C2-resources-0025,5,65,214025
C2,25,C2-resources-0025,5,66,171469
C2,25,C2-resources-0025,5,67,160515
C2,25,C2-resources-0025,5,68,162806
C2,25,C2-resources-0025,5,69,202525
C2,25,C2-resources-0025,5,70,163292
C2,25,C2-resources-0025,5,71,159163
C2,25,C2-resources-0025,5,72,172235
C2,25,C2-resources-0025,5,73,171762
C2,25,C2-resources-0025,5,74,173409
C2,25,C2-resources-0025,5,75,163509
C2,25,C2-resources-0025,5,76,172842
C2,25,C2-resources-0025,5,77,154191
C2,25,C2-resources-0025,5,78,158521
C2,25,C2-resources-0025,5,79,168904
C2,25,C2-resources-0025,5,80,164222
C2,25,C2-resources-0025,5,81,159463
C2,25,C2-resources-0025,5,82,158251
C2,25,C2-resources-0025,5,83,180893
C2,25,C2-resources-0025,5,84,172715
C2,25,C2-resources-0025,5,85,171862
C2,25,C2-resources-0025,5,86,174141
C2,25,C2-resources-0025,5,87,246404
C2,25,C2-resources-0025,5,88,269100
C2,25,C2-resources-0025,5,89,249114
C2,25,C2-resources-0025,5,90,246637
C2,25,C2-resources-0025,5,91,194875
C2,25,C2-resources-0025,5,92,199110
C2,25,C2-resources-0025,5,93,175387
C2,25,C2-resources-0025,5,94,187009
C2,25,C2-resources-0025,5,95,165036
C2,25,C2-resources-0025,5,96,175626
C2,25,C2-resources-0025,5,97,178116
C2,25,C2-resources-0025,5,98,165521
C2,25,C2-resources-0025,5,99,162052
C2,25,C2-resources-0025,5,100,162370
C2,25,C2-resources-0025,6,1,232044
C2,25,C2-resources-0025,6,2,209448
C2,25,C2-resources-0025,6,3,235801
C2,25,C2-resources-0025,6,4,232578
C2,25,C2-resources-0025,6,5,235147
C2,25,C2-resources-0025,6,6,224205
C2,25,C2-resources-0025,6,7,216022
C2,25,C2-resources-0025,6,8,233394
C2,25,C2-resources-0025,6,9,246008
C2,25,C2-resources-0025,6,10,210975
C2,25,C2-resources-0025,6,11,207410
C2,25,C2-resources-0025,6,12,200190
C2,25,C2-resources-0025,6,13,190711
C2,25,C2-resources-0025,6,14,207649
C2,25,C2-resources-0025,6,15,190860
C2,25,C2-resources-0025,6,16,224984
C2,25,C2-resources-0025,6,17,199694
C2,25,C2-resources-0025,6,18,189492
C2,25,C2-resources-0025,6,19,186705
C2,25,C2-resources-0025,6,20,225371
C2,25,C2-resources-0025,6,21,212154
C2,25,C2-resources-0025,6,22,206984
C2,25,C2-resources-0025,6,23,191377
C2,25,C2-resources-0025,6,24,199422
C2,25,C2-resources-0025,6,25,188846
C2,25,C2-resources-0025,6,26,185264
C2,25,C2-resources-0025,6,27,249219
C2,25,C2-resources-0025,6,28,196320
C2,25,C2-resources-0025,6,29,184260
C2,25,C2-resources-0025,6,30,185774
C2,25,C2-resources-0025,6,31,186345
C2,25,C2-resources-0025,6,32,4659484
C2,25,C2-resources-0025,6,33,342398
C2,25,C2-resources-0025,6,34,200650
C2,25,C2-resources-0025,6,35,217157
C2,25,C2-resources-0025,6,36,199491
C2,25,C2-resources-0025,6,37,197485
C2,25,C2-resources-0025,6,38,201316
C2,25,C2-resources-0025,6,39,191476
C2,25,C2-resources-0025,6,40,216759
C2,25,C2-resources-0025,6,41,188055
C2,25,C2-resources-0025,6,42,182795
C2,25,C2-resources-0025,6,43,181546
C2,25,C2-resources-0025,6,44,230108
C2,25,C2-resources-0025,6,45,191879
C2,25,C2-resources-0025,6,46,186597
C2,25,C2-resources-0025,6,47,193915
C2,25,C2-resources-0025,6,48,189868
C2,25,C2-resources-0025,6,49,184640
C2,25,C2-resources-0025,6,50,187955
C2,25,C2-resources-0025,6,51,183833
C2,25,C2-resources-0025,6,52,180176
C2,25,C2-resources-0025,6,53,180392
C2,25,C2-resources-0025,6,54,203955
C2,25,C2-resources-0025,6,55,195039
C2,25,C2-resources-0025,6,56,182361
C2,25,C2-resources-0025,6,57,185155
C2,25,C2-resources-0025,6,58,182893
C2,25,C2-resources-0025,6,59,190828
C2,25,C2-resources-0025,6,60,186523
C2,25,C2-resources-0025,6,61,197303
C2,25,C2-resources-0025,6,62,178292
C2,25,C2-resources-0025,6,63,193732
C2,25,C2-resources-0025,6,64,218728
C2,25,C2-resources-0025,6,65,198724
C2,25,C2-resources-0025,6,66,190311
C2,25,C2-resources-0025,6,67,186097
C2,25,C2-resources-0025,6,68,182070
C2,25,C2-resources-0025,6,69,187459
C2,25,C2-resources-0025,6,70,185080
C2,25,C2-resources-0025,6,71,182473
C2,25,C2-resources-0025,6,72,194349
C2,25,C2-resources-0025,6,73,208377
C2,25,C2-resources-0025,6,74,219185
C2,25,C2-resources-0025,6,75,194548
C2,25,C2-resources-0025,6,76,205612
C2,25,C2-resources-0025,6,77,215802
C2,25,C2-resources-0025,6,78,187951
C2,25,C2-resources-0025,6,79,190009
C2,25,C2-resources-0025,6,80,190044
C2,25,C2-resources-0025,6,81,189903
C2,25,C2-resources-0025,6,82,189486
C2,25,C2-resources-0025,6,83,187159
C2,25,C2-resources-0025,6,84,209818
C2,25,C2-resources-0025,6,85,213202
C2,25,C2-resources-0025,6,86,195732
C2,25,C2-resources-0025,6,87,201539
C2,25,C2-resources-0025,6,88,191633
C2,25,C2-resources-0025,6,89,219393
C2,25,C2-resources-0025,6,90,186155
C2,25,C2-resources-0025,6,91,187508
C2,25,C2-resources-0025,6,92,235276
C2,25,C2-resources-0025,6,93,184983
C2,25,C2-resources-0025,6,94,200967
C2,25,C2-resources-0025,6,95,205846
C2,25,C2-resources-0025,6,96,193487
C2,25,C2-resources-0025,6,97,209628
C2,25,C2-resources-0025,6,98,237782
C2,25,C2-resources-0025,6,99,252489
C2,25,C2-resources-0025,6,100,236149
C2,25,C2-resources-0025,7,1,263465
C2,25,C2-resources-0025,7,2,276274
C2,25,C2-resources-0025,7,3,222094
C2,25,C2-resources-0025,7,4,215176
C2,25,C2-resources-0025,7,5,213705
C2,25,C2-resources-0025,7,6,216829
C2,25,C2-resources-0025,7,7,199404
C2,25,C2-resources-0025,7,8,184195
C2,25,C2-resources-0025,7,9,184778
C2,25,C2-resources-0025,7,10,180850
C2,25,C2-resources-0025,7,11,180566
C2,25,C2-resources-0025,7,12,178301
C2,25,C2-resources-0025,7,13,196912
C2,25,C2-resources-0025,7,14,198183
C2,25,C2-resources-0025,7,15,182152
C2,25,C2-resources-0025,7,16,179147
C2,25,C2-resources-0025,7,17,208201
C2,25,C2-resources-0025,7,18,210886
C2,25,C2-resources-0025,7,19,204695
C2,25,C2-resources-0025,7,20,197186
C2,25,C2-resources-0025,7,21,198061
C2,25,C2-resources-0025,7,22,187735
C2,25,C2-resources-0025,7,23,196539
C2,25,C2-resources-0025,7,24,189825
C2,25,C2-resources-0025,7,25,188361
C2,25,C2-resources-0025,7,26,174764
C2,25,C2-resources-0025,7,27,192215
C2,25,C2-resources-0025,7,28,195463
C2,25,C2-resources-0025,7,29,202401
C2,25,C2-resources-0025,7,30,198752
C2,25,C2-resources-0025,7,31,195039
C2,25,C2-resources-0025,7,32,217138
C2,25,C2-resources-0025,7,33,269714
C2,25,C2-resources-0025,7,34,259679
C2,25,C2-resources-0025,7,35,219924
C2,25,C2-resources-0025,7,36,214212
C2,25,C2-resources-0025,7,37,283897
C2,25,C2-resources-0025,7,38,250883
C2,25,C2-resources-0025,7,39,225554
C2,25,C2-resources-0025,7,40,193173
C2,25,C2-resources-0025,7,41,177228
C2,25,C2-resources-0025,7,42,179931
C2,25,C2-resources-0025,7,43,192601
C2,25,C2-resources-0025,7,44,210598
C2,25,C2-resources-0025,7,45,215382
C2,25,C2-resources-0025,7,46,247698
C2,25,C2-resources-0025,7,47,241675
C2,25,C2-resources-0025,7,48,222115
C2,25,C2-resources-0025,7,49,215646
C2,25,C2-resources-0025,7,50,223636
C2,25,C2-resources-0025,7,51,212729
C2,25,C2-resources-0025,7,52,215087
C2,25,C2-resources-0025,7,53,278255
C2,25,C2-resources-0025,7,54,231052
C2,25,C2-resources-0025,7,55,255006
C2,25,C2-resources-0025,7,56,275591
C2,25,C2-resources-0025,7,57,239916
C2,25,C2-resources-0025,7,58,265784
C2,25,C2-resources-0025,7,59,240981
C2,25,C2-resources-0025,7,60,247951
C2,25,C2-resources-0025,7,61,287368
C2,25,C2-resources-0025,7,62,245329
C2,25,C2-resources-0025,7,63,231320
C2,25,C2-resources-0025,7,64,228758
C2,25,C2-resources-0025,7,65,234196
C2,25,C2-resources-0025,7,66,239502
C2,25,C2-resources-0025,7,67,252014
C2,25,C2-resources-0025,7,68,226078
C2,25,C2-resources-0025,7,69,214781
C2,25,C2-resources-0025,7,70,227211
C2,25,C2-resources-0025,7,71,232622
C2,25,C2-resources-0025,7,72,235503
C2,25,C2-resources-0025,7,73,268401
C2,25,C2-resources-0025,7,74,228326
C2,25,C2-resources-0025,7,75,210637
C2,25,C2-resources-0025,7,76,221232
C2,25,C2-resources-0025,7,77,215855
C2,25,C2-resources-0025,7,78,235060
C2,25,C2-resources-0025,7,79,223510
C2,25,C2-resources-0025,7,80,226280
C2,25,C2-resources-0025,7,81,223349
C2,25,C2-resources-0025,7,82,217251
C2,25,C2-resources-0025,7,83,190141
C2,25,C2-resources-0025,7,84,221265
C2,25,C2-resources-0025,7,85,188972
C2,25,C2-resources-0025,7,86,175817
C2,25,C2-resources-0025,7,87,197217
C2,25,C2-resources-0025,7,88,183215
C2,25,C2-resources-0025,7,89,177423
C2,25,C2-resources-0025,7,90,228980
C2,25,C2-resources-0025,7,91,209720
C2,25,C2-resources-0025,7,92,173847
C2,25,C2-resources-0025,7,93,168264
C2,25,C2-resources-0025,7,94,173428
C2,25,C2-resources-0025,7,95,185539
C2,25,C2-resources-0025,7,96,172539
C2,25,C2-resources-0025,7,97,170859
C2,25,C2-resources-0025,7,98,171504
C2,25,C2-resources-0025,7,99,207601
C2,25,C2-resources-0025,7,100,194421
C2,25,C2-resources-0025,8,1,244143
C2,25,C2-resources-0025,8,2,220244
C2,25,C2-resources-0025,8,3,195330
C2,25,C2-resources-0025,8,4,186043
C2,25,C2-resources-0025,8,5,193535
C2,25,C2-resources-0025,8,6,178289
C2,25,C2-resources-0025,8,7,172709
C2,25,C2-resources-0025,8,8,165109
C2,25,C2-resources-0025,8,9,177770
C2,25,C2-resources-0025,8,10,191470
C2,25,C2-resources-0025,8,11,172132
C2,25,C2-resources-0025,8,12,167769
C2,25,C2-resources-0025,8,13,171095
C2,25,C2-resources-0025,8,14,167911
C2,25,C2-resources-0025,8,15,180282
C2,25,C2-resources-0025,8,16,173062
C2,25,C2-resources-0025,8,17,173314
C2,25,C2-resources-0025,8,18,167278
C2,25,C2-resources-0025,8,19,176426
C2,25,C2-resources-0025,8,20,171013
C2,25,C2-resources-0025,8,21,186749
C2,25,C2-resources-0025,8,22,184750
C2,25,C2-resources-0025,8,23,184142
C2,25,C2-resources-0025,8,24,179083
C2,25,C2-resources-0025,8,25,198532
C2,25,C2-resources-0025,8,26,185981
C2,25,C2-resources-0025,8,27,160251
C2,25,C2-resources-0025,8,28,159254
C2,25,C2-resources-0025,8,29,155482
C2,25,C2-resources-0025,8,30,150709
C2,25,C2-resources-0025,8,31,151871
C2,25,C2-resources-0025,8,32,169127
C2,25,C2-resources-0025,8,33,158124
C2,25,C2-resources-0025,8,34,154902
C2,25,C2-resources-0025,8,35,157995
C2,25,C2-resources-0025,8,36,152959
C2,25,C2-resources-0025,8,37,150857
C2,25,C2-resources-0025,8,38,153182
C2,25,C2-resources-0025,8,39,150526
C2,25,C2-resources-0025,8,40,151035
C2,25,C2-resources-0025,8,41,153352
C2,25,C2-resources-0025,8,42,147472
C2,25,C2-resources-0025,8,43,174554
C2,25,C2-resources-0025,8,44,166676
C2,25,C2-resources-0025,8,45,160137
C2,25,C2-resources-0025,8,46,150430
C2,25,C2-resources-0025,8,47,152820
C2,25,C2-resources-0025,8,48,150508
C2,25,C2-resources-0025,8,49,150730
C2,25,C2-resources-0025,8,50,154497
C2,25,C2-resources-0025,8,51,150239
C2,25,C2-resources-0025,8,52,151111
C2,25,C2-resources-0025,8,53,168691
C2,25,C2-resources-0025,8,54,177778
C2,25,C2-resources-0025,8,55,170314
C2,25,C2-resources-0025,8,56,177116
C2,25,C2-resources-0025,8,57,161477
C2,25,C2-resources-0025,8,58,149603
C2,25,C2-resources-0025,8,59,154029
C2,25,C2-resources-0025,8,60,151994
C2,25,C2-resources-0025,8,61,148403
C2,25,C2-resources-0025,8,62,172476
C2,25,C2-resources-0025,8,63,161204
C2,25,C2-resources-0025,8,64,179432
C2,25,C2-resources-0025,8,65,162066
C2,25,C2-resources-0025,8,66,148957
C2,25,C2-resources-0025,8,67,180432
C2,25,C2-resources-0025,8,68,172112
C2,25,C2-resources-0025,8,69,159249
C2,25,C2-resources-0025,8,70,157568
C2,25,C2-resources-0025,8,71,165187
C2,25,C2-resources-0025,8,72,159110
C2,25,C2-resources-0025,8,73,153422
C2,25,C2-resources-0025,8,74,158422
C2,25,C2-resources-0025,8,75,149877
C2,25,C2-resources-0025,8,76,148459
C2,25,C2-resources-0025,8,77,148514
C2,25,C2-resources-0025,8,78,147868
C2,25,C2-resources-0025,8,79,151626
C2,25,C2-resources-0025,8,80,164616
C2,25,C2-resources-0025,8,81,151070
C2,25,C2-resources-0025,8,82,147286
C2,25,C2-resources-0025,8,83,150632
C2,25,C2-resources-0025,8,84,147453
C2,25,C2-resources-0025,8,85,148605
C2,25,C2-resources-0025,8,86,157891
C2,25,C2-resources-0025,8,87,165603
C2,25,C2-resources-0025,8,88,151081
C2,25,C2-resources-0025,8,89,150257
C2,25,C2-resources-0025,8,90,146388
C2,25,C2-resources-0025,8,91,145278
C2,25,C2-resources-0025,8,92,146500
C2,25,C2-resources-0025,8,93,153938
C2,25,C2-resources-0025,8,94,148862
C2,25,C2-resources-0025,8,95,146742
C2,25,C2-resources-0025,8,96,149553
C2,25,C2-resources-0025,8,97,147732
C2,25,C2-resources-0025,8,98,151366
C2,25,C2-resources-0025,8,99,147528
C2,25,C2-resources-0025,8,100,149233
C3,250,C3-resources-0250,1,1,383688
C3,250,C3-resources-0250,1,2,326067
C3,250,C3-resources-0250,1,3,371952
C3,250,C3-resources-0250,1,4,344791
C3,250,C3-resources-0250,1,5,373446
C3,250,C3-resources-0250,1,6,364928
C3,250,C3-resources-0250,1,7,356301
C3,250,C3-resources-0250,1,8,409976
C3,250,C3-resources-0250,1,9,396279
C3,250,C3-resources-0250,1,10,376971
C3,250,C3-resources-0250,1,11,396957
C3,250,C3-resources-0250,1,12,359842
C3,250,C3-resources-0250,1,13,3447929
C3,250,C3-resources-0250,1,14,484341
C3,250,C3-resources-0250,1,15,374045
C3,250,C3-resources-0250,1,16,365423
C3,250,C3-resources-0250,1,17,322227
C3,250,C3-resources-0250,1,18,357164
C3,250,C3-resources-0250,1,19,419524
C3,250,C3-resources-0250,1,20,387937
C3,250,C3-resources-0250,1,21,466279
C3,250,C3-resources-0250,1,22,407394
C3,250,C3-resources-0250,1,23,492956
C3,250,C3-resources-0250,1,24,446747
C3,250,C3-resources-0250,1,25,429827
C3,250,C3-resources-0250,1,26,430430
C3,250,C3-resources-0250,1,27,402045
C3,250,C3-resources-0250,1,28,408084
C3,250,C3-resources-0250,1,29,358673
C3,250,C3-resources-0250,1,30,356112
C3,250,C3-resources-0250,1,31,368771
C3,250,C3-resources-0250,1,32,383892
C3,250,C3-resources-0250,1,33,404243
C3,250,C3-resources-0250,1,34,356056
C3,250,C3-resources-0250,1,35,369250
C3,250,C3-resources-0250,1,36,363530
C3,250,C3-resources-0250,1,37,426223
C3,250,C3-resources-0250,1,38,399534
C3,250,C3-resources-0250,1,39,371443
C3,250,C3-resources-0250,1,40,297153
C3,250,C3-resources-0250,1,41,294671
C3,250,C3-resources-0250,1,42,323845
C3,250,C3-resources-0250,1,43,332008
C3,250,C3-resources-0250,1,44,329907
C3,250,C3-resources-0250,1,45,312797
C3,250,C3-resources-0250,1,46,323646
C3,250,C3-resources-0250,1,47,326358
C3,250,C3-resources-0250,1,48,327831
C3,250,C3-resources-0250,1,49,315550
C3,250,C3-resources-0250,1,50,319022
C3,250,C3-resources-0250,1,51,319224
C3,250,C3-resources-0250,1,52,310612
C3,250,C3-resources-0250,1,53,294715
C3,250,C3-resources-0250,1,54,291079
C3,250,C3-resources-0250,1,55,291189
C3,250,C3-resources-0250,1,56,335418
C3,250,C3-resources-0250,1,57,300192
C3,250,C3-resources-0250,1,58,300837
C3,250,C3-resources-0250,1,59,315536
C3,250,C3-resources-0250,1,60,308291
C3,250,C3-resources-0250,1,61,340252
C3,250,C3-resources-0250,1,62,291967
C3,250,C3-resources-0250,1,63,292752
C3,250,C3-resources-0250,1,64,295376
C3,250,C3-resources-0250,1,65,289117
C3,250,C3-resources-0250,1,66,299313
C3,250,C3-resources-0250,1,67,301734
C3,250,C3-resources-0250,1,68,298356
C3,250,C3-resources-0250,1,69,333106
C3,250,C3-resources-0250,1,70,317352
C3,250,C3-resources-0250,1,71,293660
C3,250,C3-resources-0250,1,72,287653
C3,250,C3-resources-0250,1,73,329170
C3,250,C3-resources-0250,1,74,315224
C3,250,C3-resources-0250,1,75,290613
C3,250,C3-resources-0250,1,76,284838
C3,250,C3-resources-0250,1,77,325338
C3,250,C3-resources-0250,1,78,323990
C3,250,C3-resources-0250,1,79,328078
C3,250,C3-resources-0250,1,80,309808
C3,250,C3-resources-0250,1,81,297357
C3,250,C3-resources-0250,1,82,321531
C3,250,C3-resources-0250,1,83,289906
C3,250,C3-resources-0250,1,84,298707
C3,250,C3-resources-0250,1,85,294370
C3,250,C3-resources-0250,1,86,305611
C3,250,C3-resources-0250,1,87,304742
C3,250,C3-resources-0250,1,88,279988
C3,250,C3-resources-0250,1,89,286504
C3,250,C3-resources-0250,1,90,291834
C3,250,C3-resources-0250,1,91,299915
C3,250,C3-resources-0250,1,92,288905
C3,250,C3-resources-0250,1,93,318323
C3,250,C3-resources-0250,1,94,297589
C3,250,C3-resources-0250,1,95,329469
C3,250,C3-resources-0250,1,96,302259
C3,250,C3-resources-0250,1,97,297456
C3,250,C3-resources-0250,1,98,286268
C3,250,C3-resources-0250,1,99,287496
C3,250,C3-resources-0250,1,100,304166
C3,250,C3-resources-0250,2,1,318637
C3,250,C3-resources-0250,2,2,295193
C3,250,C3-resources-0250,2,3,287437
C3,250,C3-resources-0250,2,4,328201
C3,250,C3-resources-0250,2,5,333565
C3,250,C3-resources-0250,2,6,313956
C3,250,C3-resources-0250,2,7,341866
C3,250,C3-resources-0250,2,8,291094
C3,250,C3-resources-0250,2,9,308162
C3,250,C3-resources-0250,2,10,330417
C3,250,C3-resources-0250,2,11,290110
C3,250,C3-resources-0250,2,12,281591
C3,250,C3-resources-0250,2,13,284025
C3,250,C3-resources-0250,2,14,286116
C3,250,C3-resources-0250,2,15,282549
C3,250,C3-resources-0250,2,16,284981
C3,250,C3-resources-0250,2,17,303370
C3,250,C3-resources-0250,2,18,346900
C3,250,C3-resources-0250,2,19,297712
C3,250,C3-resources-0250,2,20,294743
C3,250,C3-resources-0250,2,21,290116
C3,250,C3-resources-0250,2,22,276527
C3,250,C3-resources-0250,2,23,269182
C3,250,C3-resources-0250,2,24,275952
C3,250,C3-resources-0250,2,25,270987
C3,250,C3-resources-0250,2,26,271452
C3,250,C3-resources-0250,2,27,271900
C3,250,C3-resources-0250,2,28,306432
C3,250,C3-resources-0250,2,29,327251
C3,250,C3-resources-0250,2,30,329143
C3,250,C3-resources-0250,2,31,272341
C3,250,C3-resources-0250,2,32,288967
C3,250,C3-resources-0250,2,33,278440
C3,250,C3-resources-0250,2,34,318798
C3,250,C3-resources-0250,2,35,313478
C3,250,C3-resources-0250,2,36,297406
C3,250,C3-resources-0250,2,37,301747
C3,250,C3-resources-0250,2,38,288504
C3,250,C3-resources-0250,2,39,267723
C3,250,C3-resources-0250,2,40,290902
C3,250,C3-resources-0250,2,41,282766
C3,250,C3-resources-0250,2,42,272227
C3,250,C3-resources-0250,2,43,302230
C3,250,C3-resources-0250,2,44,293703
C3,250,C3-resources-0250,2,45,288004
C3,250,C3-resources-0250,2,46,277783
C3,250,C3-resources-0250,2,47,295559
C3,250,C3-resources-0250,2,48,301610
C3,250,C3-resources-0250,2,49,307182
C3,250,C3-resources-0250,2,50,281311
C3,250,C3-resources-0250,2,51,266168
C3,250,C3-resources-0250,2,52,267843
C3,250,C3-resources-0250,2,53,278830
C3,250,C3-resources-0250,2,54,277295
C3,250,C3-resources-0250,2,55,265961
C3,250,C3-resources-0250,2,56,270808
C3,250,C3-resources-0250,2,57,281497
C3,250,C3-resources-0250,2,58,271009
C3,250,C3-resources-0250,2,59,267976
C3,250,C3-resources-0250,2,60,267708
C3,250,C3-resources-0250,2,61,277338
C3,250,C3-resources-0250,2,62,301706
C3,250,C3-resources-0250,2,63,305788
C3,250,C3-resources-0250,2,64,304486
C3,250,C3-resources-0250,2,65,326238
C3,250,C3-resources-0250,2,66,325602
C3,250,C3-resources-0250,2,67,289128
C3,250,C3-resources-0250,2,68,425811
C3,250,C3-resources-0250,2,69,300610
C3,250,C3-resources-0250,2,70,289803
C3,250,C3-resources-0250,2,71,303459
C3,250,C3-resources-0250,2,72,308702
C3,250,C3-resources-0250,2,73,331771
C3,250,C3-resources-0250,2,74,327243
C3,250,C3-resources-0250,2,75,334423
C3,250,C3-resources-0250,2,76,274228
C3,250,C3-resources-0250,2,77,265830
C3,250,C3-resources-0250,2,78,264939
C3,250,C3-resources-0250,2,79,259187
C3,250,C3-resources-0250,2,80,283560
C3,250,C3-resources-0250,2,81,285764
C3,250,C3-resources-0250,2,82,276485
C3,250,C3-resources-0250,2,83,290448
C3,250,C3-resources-0250,2,84,267118
C3,250,C3-resources-0250,2,85,255749
C3,250,C3-resources-0250,2,86,255223
C3,250,C3-resources-0250,2,87,251882
C3,250,C3-resources-0250,2,88,260000
C3,250,C3-resources-0250,2,89,301942
C3,250,C3-resources-0250,2,90,259593
C3,250,C3-resources-0250,2,91,261136
C3,250,C3-resources-0250,2,92,255420
C3,250,C3-resources-0250,2,93,251447
C3,250,C3-resources-0250,2,94,253466
C3,250,C3-resources-0250,2,95,255239
C3,250,C3-resources-0250,2,96,268940
C3,250,C3-resources-0250,2,97,294309
C3,250,C3-resources-0250,2,98,279410
C3,250,C3-resources-0250,2,99,277818
C3,250,C3-resources-0250,2,100,273860
C3,250,C3-resources-0250,3,1,272312
C3,250,C3-resources-0250,3,2,249883
C3,250,C3-resources-0250,3,3,283805
C3,250,C3-resources-0250,3,4,271562
C3,250,C3-resources-0250,3,5,261029
C3,250,C3-resources-0250,3,6,244480
C3,250,C3-resources-0250,3,7,244114
C3,250,C3-resources-0250,3,8,283766
C3,250,C3-resources-0250,3,9,258077
C3,250,C3-resources-0250,3,10,261719
C3,250,C3-resources-0250,3,11,300521
C3,250,C3-resources-0250,3,12,254080
C3,250,C3-resources-0250,3,13,243229
C3,250,C3-resources-0250,3,14,241019
C3,250,C3-resources-0250,3,15,252578
C3,250,C3-resources-0250,3,16,260021
C3,250,C3-resources-0250,3,17,249123
C3,250,C3-resources-0250,3,18,268532
C3,250,C3-resources-0250,3,19,239534
C3,250,C3-resources-0250,3,20,241260
C3,250,C3-resources-0250,3,21,242338
C3,250,C3-resources-0250,3,22,240397
C3,250,C3-resources-0250,3,23,241545
C3,250,C3-resources-0250,3,24,251087
C3,250,C3-resources-0250,3,25,274366
C3,250,C3-resources-0250,3,26,249007
C3,250,C3-resources-0250,3,27,241916
C3,250,C3-resources-0250,3,28,241641
C3,250,C3-resources-0250,3,29,240357
C3,250,C3-resources-0250,3,30,251583
C3,250,C3-resources-0250,3,31,291705
C3,250,C3-resources-0250,3,32,295034
C3,250,C3-resources-0250,3,33,312620
C3,250,C3-resources-0250,3,34,264794
C3,250,C3-resources-0250,3,35,252006
C3,250,C3-resources-0250,3,36,240373
C3,250,C3-resources-0250,3,37,239796
C3,250,C3-resources-0250,3,38,268162
C3,250,C3-resources-0250,3,39,276489
C3,250,C3-resources-0250,3,40,277898
C3,250,C3-resources-0250,3,41,270726
C3,250,C3-resources-0250,3,42,274862
C3,250,C3-resources-0250,3,43,240609
C3,250,C3-resources-0250,3,44,239649
C3,250,C3-resources-0250,3,45,246350
C3,250,C3-resources-0250,3,46,239370
C3,250,C3-resources-0250,3,47,243707
C3,250,C3-resources-0250,3,48,258769
C3,250,C3-resources-0250,3,49,259774
C3,250,C3-resources-0250,3,50,235218
C3,250,C3-resources-0250,3,51,239816
C3,250,C3-resources-0250,3,52,236959
C3,250,C3-resources-0250,3,53,260843
C3,250,C3-resources-0250,3,54,237148
C3,250,C3-resources-0250,3,55,235034
C3,250,C3-resources-0250,3,56,233836
C3,250,C3-resources-0250,3,57,243369
C3,250,C3-resources-0250,3,58,239216
C3,250,C3-resources-0250,3,59,235810
C3,250,C3-resources-0250,3,60,253101
C3,250,C3-resources-0250,3,61,252660
C3,250,C3-resources-0250,3,62,242657
C3,250,C3-resources-0250,3,63,241964
C3,250,C3-resources-0250,3,64,239492
C3,250,C3-resources-0250,3,65,263215
C3,250,C3-resources-0250,3,66,250521
C3,250,C3-resources-0250,3,67,252800
C3,250,C3-resources-0250,3,68,250954
C3,250,C3-resources-0250,3,69,240397
C3,250,C3-resources-0250,3,70,239530
C3,250,C3-resources-0250,3,71,252411
C3,250,C3-resources-0250,3,72,261200
C3,250,C3-resources-0250,3,73,280317
C3,250,C3-resources-0250,3,74,274571
C3,250,C3-resources-0250,3,75,237121
C3,250,C3-resources-0250,3,76,236977
C3,250,C3-resources-0250,3,77,236920
C3,250,C3-resources-0250,3,78,236057
C3,250,C3-resources-0250,3,79,235441
C3,250,C3-resources-0250,3,80,279843
C3,250,C3-resources-0250,3,81,247382
C3,250,C3-resources-0250,3,82,235371
C3,250,C3-resources-0250,3,83,235279
C3,250,C3-resources-0250,3,84,238164
C3,250,C3-resources-0250,3,85,232674
C3,250,C3-resources-0250,3,86,241297
C3,250,C3-resources-0250,3,87,234878
C3,250,C3-resources-0250,3,88,234811
C3,250,C3-resources-0250,3,89,250627
C3,250,C3-resources-0250,3,90,239237
C3,250,C3-resources-0250,3,91,236357
C3,250,C3-resources-0250,3,92,238980
C3,250,C3-resources-0250,3,93,236471
C3,250,C3-resources-0250,3,94,238826
C3,250,C3-resources-0250,3,95,234776
C3,250,C3-resources-0250,3,96,248324
C3,250,C3-resources-0250,3,97,277279
C3,250,C3-resources-0250,3,98,292925
C3,250,C3-resources-0250,3,99,241884
C3,250,C3-resources-0250,3,100,246874
C3,250,C3-resources-0250,4,1,273529
C3,250,C3-resources-0250,4,2,236832
C3,250,C3-resources-0250,4,3,234253
C3,250,C3-resources-0250,4,4,228937
C3,250,C3-resources-0250,4,5,230477
C3,250,C3-resources-0250,4,6,231362
C3,250,C3-resources-0250,4,7,237681
C3,250,C3-resources-0250,4,8,232849
C3,250,C3-resources-0250,4,9,259525
C3,250,C3-resources-0250,4,10,259814
C3,250,C3-resources-0250,4,11,275669
C3,250,C3-resources-0250,4,12,263444
C3,250,C3-resources-0250,4,13,233061
C3,250,C3-resources-0250,4,14,230573
C3,250,C3-resources-0250,4,15,231343
C3,250,C3-resources-0250,4,16,229117
C3,250,C3-resources-0250,4,17,251667
C3,250,C3-resources-0250,4,18,236661
C3,250,C3-resources-0250,4,19,231225
C3,250,C3-resources-0250,4,20,232059
C3,250,C3-resources-0250,4,21,233858
C3,250,C3-resources-0250,4,22,231833
C3,250,C3-resources-0250,4,23,257314
C3,250,C3-resources-0250,4,24,239418
C3,250,C3-resources-0250,4,25,247276
C3,250,C3-resources-0250,4,26,243134
C3,250,C3-resources-0250,4,27,246377
C3,250,C3-resources-0250,4,28,244948
C3,250,C3-resources-0250,4,29,256203
C3,250,C3-resources-0250,4,30,234550
C3,250,C3-resources-0250,4,31,231582
C3,250,C3-resources-0250,4,32,224840
C3,250,C3-resources-0250,4,33,225211
C3,250,C3-resources-0250,4,34,228570
C3,250,C3-resources-0250,4,35,226025
C3,250,C3-resources-0250,4,36,229900
C3,250,C3-resources-0250,4,37,236546
C3,250,C3-resources-0250,4,38,232711
C3,250,C3-resources-0250,4,39,227093
C3,250,C3-resources-0250,4,40,233646
C3,250,C3-resources-0250,4,41,229599
C3,250,C3-resources-0250,4,42,227997
C3,250,C3-resources-0250,4,43,237285
C3,250,C3-resources-0250,4,44,3381577
C3,250,C3-resources-0250,4,45,351116
C3,250,C3-resources-0250,4,46,329557
C3,250,C3-resources-0250,4,47,336403
C3,250,C3-resources-0250,4,48,349530
C3,250,C3-resources-0250,4,49,251851
C3,250,C3-resources-0250,4,50,234961
C3,250,C3-resources-0250,4,51,230665
C3,250,C3-resources-0250,4,52,229725
C3,250,C3-resources-0250,4,53,228743
C3,250,C3-resources-0250,4,54,230189
C3,250,C3-resources-0250,4,55,230925
C3,250,C3-resources-0250,4,56,242929
C3,250,C3-resources-0250,4,57,241237
C3,250,C3-resources-0250,4,58,231727
C3,250,C3-resources-0250,4,59,229772
C3,250,C3-resources-0250,4,60,229667
C3,250,C3-resources-0250,4,61,257020
C3,250,C3-resources-0250,4,62,285655
C3,250,C3-resources-0250,4,63,303234
C3,250,C3-resources-0250,4,64,322250
C3,250,C3-resources-0250,4,65,275846
C3,250,C3-resources-0250,4,66,242205
C3,250,C3-resources-0250,4,67,227665
C3,250,C3-resources-0250,4,68,226930
C3,250,C3-resources-0250,4,69,224388
C3,250,C3-resources-0250,4,70,234892
C3,250,C3-resources-0250,4,71,225270
C3,250,C3-resources-0250,4,72,224324
C3,250,C3-resources-0250,4,73,245474
C3,250,C3-resources-0250,4,74,269959
C3,250,C3-resources-0250,4,75,268082
C3,250,C3-resources-0250,4,76,285078
C3,250,C3-resources-0250,4,77,384242
C3,250,C3-resources-0250,4,78,328135
C3,250,C3-resources-0250,4,79,307954
C3,250,C3-resources-0250,4,80,278960
C3,250,C3-resources-0250,4,81,278658
C3,250,C3-resources-0250,4,82,296449
C3,250,C3-resources-0250,4,83,288683
C3,250,C3-resources-0250,4,84,285657
C3,250,C3-resources-0250,4,85,297751
C3,250,C3-resources-0250,4,86,286480
C3,250,C3-resources-0250,4,87,287217
C3,250,C3-resources-0250,4,88,302356
C3,250,C3-resources-0250,4,89,284691
C3,250,C3-resources-0250,4,90,313632
C3,250,C3-resources-0250,4,91,329633
C3,250,C3-resources-0250,4,92,287868
C3,250,C3-resources-0250,4,93,279517
C3,250,C3-resources-0250,4,94,293288
C3,250,C3-resources-0250,4,95,276496
C3,250,C3-resources-0250,4,96,286521
C3,250,C3-resources-0250,4,97,279151
C3,250,C3-resources-0250,4,98,278185
C3,250,C3-resources-0250,4,99,284470
C3,250,C3-resources-0250,4,100,268753
C3,250,C3-resources-0250,5,1,241935
C3,250,C3-resources-0250,5,2,222668
C3,250,C3-resources-0250,5,3,223633
C3,250,C3-resources-0250,5,4,262911
C3,250,C3-resources-0250,5,5,227784
C3,250,C3-resources-0250,5,6,260552
C3,250,C3-resources-0250,5,7,246903
C3,250,C3-resources-0250,5,8,254358
C3,250,C3-resources-0250,5,9,236814
C3,250,C3-resources-0250,5,10,255369
C3,250,C3-resources-0250,5,11,227495
C3,250,C3-resources-0250,5,12,223382
C3,250,C3-resources-0250,5,13,219398
C3,250,C3-resources-0250,5,14,232536
C3,250,C3-resources-0250,5,15,228453
C3,250,C3-resources-0250,5,16,230546
C3,250,C3-resources-0250,5,17,233826
C3,250,C3-resources-0250,5,18,251073
C3,250,C3-resources-0250,5,19,250650
C3,250,C3-resources-0250,5,20,220955
C3,250,C3-resources-0250,5,21,218723
C3,250,C3-resources-0250,5,22,233473
C3,250,C3-resources-0250,5,23,316578
C3,250,C3-resources-0250,5,24,238533
C3,250,C3-resources-0250,5,25,261704
C3,250,C3-resources-0250,5,26,225752
C3,250,C3-resources-0250,5,27,228145
C3,250,C3-resources-0250,5,28,216124
C3,250,C3-resources-0250,5,29,214562
C3,250,C3-resources-0250,5,30,215623
C3,250,C3-resources-0250,5,31,213361
C3,250,C3-resources-0250,5,32,228043
C3,250,C3-resources-0250,5,33,233218
C3,250,C3-resources-0250,5,34,218363
C3,250,C3-resources-0250,5,35,215486
C3,250,C3-resources-0250,5,36,231760
C3,250,C3-resources-0250,5,37,287134
C3,250,C3-resources-0250,5,38,241310
C3,250,C3-resources-0250,5,39,246657
C3,250,C3-resources-0250,5,40,225518
C3,250,C3-resources-0250,5,41,238403
C3,250,C3-resources-0250,5,42,247887
C3,250,C3-resources-0250,5,43,284135
C3,250,C3-resources-0250,5,44,274927
C3,250,C3-resources-0250,5,45,245665
C3,250,C3-resources-0250,5,46,233169
C3,250,C3-resources-0250,5,47,225460
C3,250,C3-resources-0250,5,48,223552
C3,250,C3-resources-0250,5,49,227652
C3,250,C3-resources-0250,5,50,232090
C3,250,C3-resources-0250,5,51,230682
C3,250,C3-resources-0250,5,52,266795
C3,250,C3-resources-0250,5,53,233418
C3,250,C3-resources-0250,5,54,252085
C3,250,C3-resources-0250,5,55,265075
C3,250,C3-resources-0250,5,56,229914
C3,250,C3-resources-0250,5,57,512333
C3,250,C3-resources-0250,5,58,301182
C3,250,C3-resources-0250,5,59,252226
C3,250,C3-resources-0250,5,60,223383
C3,250,C3-resources-0250,5,61,231423
C3,250,C3-resources-0250,5,62,311793
C3,250,C3-resources-0250,5,63,268933
C3,250,C3-resources-0250,5,64,234070
C3,250,C3-resources-0250,5,65,245162
C3,250,C3-resources-0250,5,66,212593
C3,250,C3-resources-0250,5,67,211558
C3,250,C3-resources-0250,5,68,239938
C3,250,C3-resources-0250,5,69,221254
C3,250,C3-resources-0250,5,70,267987
C3,250,C3-resources-0250,5,71,233472
C3,250,C3-resources-0250,5,72,220779
C3,250,C3-resources-0250,5,73,213201
C3,250,C3-resources-0250,5,74,218293
C3,250,C3-resources-0250,5,75,222338
C3,250,C3-resources-0250,5,76,215782
C3,250,C3-resources-0250,5,77,213575
C3,250,C3-resources-0250,5,78,224296
C3,250,C3-resources-0250,5,79,253035
C3,250,C3-resources-0250,5,80,262126
C3,250,C3-resources-0250,5,81,234868
C3,250,C3-resources-0250,5,82,265115
C3,250,C3-resources-0250,5,83,220423
C3,250,C3-resources-0250,5,84,226004
C3,250,C3-resources-0250,5,85,212996
C3,250,C3-resources-0250,5,86,234271
C3,250,C3-resources-0250,5,87,240035
C3,250,C3-resources-0250,5,88,249985
C3,250,C3-resources-0250,5,89,221303
C3,250,C3-resources-0250,5,90,218008
C3,250,C3-resources-0250,5,91,213275
C3,250,C3-resources-0250,5,92,211290
C3,250,C3-resources-0250,5,93,211891
C3,250,C3-resources-0250,5,94,212505
C3,250,C3-resources-0250,5,95,231829
C3,250,C3-resources-0250,5,96,247698
C3,250,C3-resources-0250,5,97,232877
C3,250,C3-resources-0250,5,98,215163
C3,250,C3-resources-0250,5,99,211185
C3,250,C3-resources-0250,5,100,210717
C3,250,C3-resources-0250,6,1,262793
C3,250,C3-resources-0250,6,2,231394
C3,250,C3-resources-0250,6,3,225796
C3,250,C3-resources-0250,6,4,238111
C3,250,C3-resources-0250,6,5,213892
C3,250,C3-resources-0250,6,6,210917
C3,250,C3-resources-0250,6,7,213617
C3,250,C3-resources-0250,6,8,211624
C3,250,C3-resources-0250,6,9,214342
C3,250,C3-resources-0250,6,10,211953
C3,250,C3-resources-0250,6,11,212708
C3,250,C3-resources-0250,6,12,211545
C3,250,C3-resources-0250,6,13,223983
C3,250,C3-resources-0250,6,14,218610
C3,250,C3-resources-0250,6,15,212536
C3,250,C3-resources-0250,6,16,218925
C3,250,C3-resources-0250,6,17,233917
C3,250,C3-resources-0250,6,18,231448
C3,250,C3-resources-0250,6,19,234167
C3,250,C3-resources-0250,6,20,253010
C3,250,C3-resources-0250,6,21,266417
C3,250,C3-resources-0250,6,22,230352
C3,250,C3-resources-0250,6,23,242592
C3,250,C3-resources-0250,6,24,215761
C3,250,C3-resources-0250,6,25,213451
C3,250,C3-resources-0250,6,26,211889
C3,250,C3-resources-0250,6,27,225809
C3,250,C3-resources-0250,6,28,213059
C3,250,C3-resources-0250,6,29,212238
C3,250,C3-resources-0250,6,30,211361
C3,250,C3-resources-0250,6,31,213913
C3,250,C3-resources-0250,6,32,221801
C3,250,C3-resources-0250,6,33,245236
C3,250,C3-resources-0250,6,34,221283
C3,250,C3-resources-0250,6,35,220746
C3,250,C3-resources-0250,6,36,219636
C3,250,C3-resources-0250,6,37,221249
C3,250,C3-resources-0250,6,38,228395
C3,250,C3-resources-0250,6,39,268785
C3,250,C3-resources-0250,6,40,257593
C3,250,C3-resources-0250,6,41,220055
C3,250,C3-resources-0250,6,42,249028
C3,250,C3-resources-0250,6,43,216397
C3,250,C3-resources-0250,6,44,216144
C3,250,C3-resources-0250,6,45,212705
C3,250,C3-resources-0250,6,46,224528
C3,250,C3-resources-0250,6,47,229638
C3,250,C3-resources-0250,6,48,214657
C3,250,C3-resources-0250,6,49,211474
C3,250,C3-resources-0250,6,50,215273
C3,250,C3-resources-0250,6,51,212692
C3,250,C3-resources-0250,6,52,212797
C3,250,C3-resources-0250,6,53,219958
C3,250,C3-resources-0250,6,54,219244
C3,250,C3-resources-0250,6,55,215607
C3,250,C3-resources-0250,6,56,250048
C3,250,C3-resources-0250,6,57,256880
C3,250,C3-resources-0250,6,58,260459
C3,250,C3-resources-0250,6,59,267919
C3,250,C3-resources-0250,6,60,288096
C3,250,C3-resources-0250,6,61,265394
C3,250,C3-resources-0250,6,62,228008
C3,250,C3-resources-0250,6,63,203243
C3,250,C3-resources-0250,6,64,203765
C3,250,C3-resources-0250,6,65,202014
C3,250,C3-resources-0250,6,66,214355
C3,250,C3-resources-0250,6,67,209619
C3,250,C3-resources-0250,6,68,200022
C3,250,C3-resources-0250,6,69,206618
C3,250,C3-resources-0250,6,70,205290
C3,250,C3-resources-0250,6,71,202450
C3,250,C3-resources-0250,6,72,200904
C3,250,C3-resources-0250,6,73,210717
C3,250,C3-resources-0250,6,74,258564
C3,250,C3-resources-0250,6,75,216357
C3,250,C3-resources-0250,6,76,235758
C3,250,C3-resources-0250,6,77,220755
C3,250,C3-resources-0250,6,78,213775
C3,250,C3-resources-0250,6,79,233833
C3,250,C3-resources-0250,6,80,220156
C3,250,C3-resources-0250,6,81,218792
C3,250,C3-resources-0250,6,82,218821
C3,250,C3-resources-0250,6,83,215289
C3,250,C3-resources-0250,6,84,210418
C3,250,C3-resources-0250,6,85,234911
C3,250,C3-resources-0250,6,86,216013
C3,250,C3-resources-0250,6,87,214612
C3,250,C3-resources-0250,6,88,214769
C3,250,C3-resources-0250,6,89,213494
C3,250,C3-resources-0250,6,90,212889
C3,250,C3-resources-0250,6,91,245702
C3,250,C3-resources-0250,6,92,223562
C3,250,C3-resources-0250,6,93,222592
C3,250,C3-resources-0250,6,94,211896
C3,250,C3-resources-0250,6,95,225111
C3,250,C3-resources-0250,6,96,212350
C3,250,C3-resources-0250,6,97,211244
C3,250,C3-resources-0250,6,98,210554
C3,250,C3-resources-0250,6,99,223550
C3,250,C3-resources-0250,6,100,236518
C3,250,C3-resources-0250,7,1,294312
C3,250,C3-resources-0250,7,2,247122
C3,250,C3-resources-0250,7,3,241007
C3,250,C3-resources-0250,7,4,224634
C3,250,C3-resources-0250,7,5,219501
C3,250,C3-resources-0250,7,6,215631
C3,250,C3-resources-0250,7,7,219160
C3,250,C3-resources-0250,7,8,247728
C3,250,C3-resources-0250,7,9,230127
C3,250,C3-resources-0250,7,10,222947
C3,250,C3-resources-0250,7,11,211380
C3,250,C3-resources-0250,7,12,213414
C3,250,C3-resources-0250,7,13,211127
C3,250,C3-resources-0250,7,14,214450
C3,250,C3-resources-0250,7,15,212321
C3,250,C3-resources-0250,7,16,212223
C3,250,C3-resources-0250,7,17,211941
C3,250,C3-resources-0250,7,18,215200
C3,250,C3-resources-0250,7,19,215364
C3,250,C3-resources-0250,7,20,217311
C3,250,C3-resources-0250,7,21,212403
C3,250,C3-resources-0250,7,22,249300
C3,250,C3-resources-0250,7,23,226971
C3,250,C3-resources-0250,7,24,216170
C3,250,C3-resources-0250,7,25,235682
C3,250,C3-resources-0250,7,26,252310
C3,250,C3-resources-0250,7,27,219945
C3,250,C3-resources-0250,7,28,213125
C3,250,C3-resources-0250,7,29,229228
C3,250,C3-resources-0250,7,30,219169
C3,250,C3-resources-0250,7,31,231116
C3,250,C3-resources-0250,7,32,215016
C3,250,C3-resources-0250,7,33,211071
C3,250,C3-resources-0250,7,34,213081
C3,250,C3-resources-0250,7,35,212273
C3,250,C3-resources-0250,7,36,208463
C3,250,C3-resources-0250,7,37,214675
C3,250,C3-resources-0250,7,38,209434
C3,250,C3-resources-0250,7,39,213080
C3,250,C3-resources-0250,7,40,213194
C3,250,C3-resources-0250,7,41,243961
C3,250,C3-resources-0250,7,42,248169
C3,250,C3-resources-0250,7,43,300087
C3,250,C3-resources-0250,7,44,252718
C3,250,C3-resources-0250,7,45,224040
C3,250,C3-resources-0250,7,46,214718
C3,250,C3-resources-0250,7,47,211847
C3,250,C3-resources-0250,7,48,210493
C3,250,C3-resources-0250,7,49,214491
C3,250,C3-resources-0250,7,50,209185
C3,250,C3-resources-0250,7,51,211160
C3,250,C3-resources-0250,7,52,220254
C3,250,C3-resources-0250,7,53,230451
C3,250,C3-resources-0250,7,54,247325
C3,250,C3-resources-0250,7,55,231931
C3,250,C3-resources-0250,7,56,227008
C3,250,C3-resources-0250,7,57,217349
C3,250,C3-resources-0250,7,58,223178
C3,250,C3-resources-0250,7,59,224911
C3,250,C3-resources-0250,7,60,214181
C3,250,C3-resources-0250,7,61,273932
C3,250,C3-resources-0250,7,62,220999
C3,250,C3-resources-0250,7,63,218133
C3,250,C3-resources-0250,7,64,230385
C3,250,C3-resources-0250,7,65,218168
C3,250,C3-resources-0250,7,66,213841
C3,250,C3-resources-0250,7,67,225387
C3,250,C3-resources-0250,7,68,227970
C3,250,C3-resources-0250,7,69,251510
C3,250,C3-resources-0250,7,70,224347
C3,250,C3-resources-0250,7,71,230375
C3,250,C3-resources-0250,7,72,221101
C3,250,C3-resources-0250,7,73,209608
C3,250,C3-resources-0250,7,74,213632
C3,250,C3-resources-0250,7,75,220499
C3,250,C3-resources-0250,7,76,218533
C3,250,C3-resources-0250,7,77,217489
C3,250,C3-resources-0250,7,78,315741
C3,250,C3-resources-0250,7,79,249691
C3,250,C3-resources-0250,7,80,237017
C3,250,C3-resources-0250,7,81,236275
C3,250,C3-resources-0250,7,82,234494
C3,250,C3-resources-0250,7,83,248693
C3,250,C3-resources-0250,7,84,248933
C3,250,C3-resources-0250,7,85,257717
C3,250,C3-resources-0250,7,86,259027
C3,250,C3-resources-0250,7,87,224492
C3,250,C3-resources-0250,7,88,212292
C3,250,C3-resources-0250,7,89,214316
C3,250,C3-resources-0250,7,90,214443
C3,250,C3-resources-0250,7,91,210127
C3,250,C3-resources-0250,7,92,227066
C3,250,C3-resources-0250,7,93,212850
C3,250,C3-resources-0250,7,94,251450
C3,250,C3-resources-0250,7,95,234448
C3,250,C3-resources-0250,7,96,229308
C3,250,C3-resources-0250,7,97,231275
C3,250,C3-resources-0250,7,98,3638084
C3,250,C3-resources-0250,7,99,755295
C3,250,C3-resources-0250,7,100,607753
C3,250,C3-resources-0250,8,1,805610
C3,250,C3-resources-0250,8,2,644256
C3,250,C3-resources-0250,8,3,592350
C3,250,C3-resources-0250,8,4,558040
C3,250,C3-resources-0250,8,5,549108
C3,250,C3-resources-0250,8,6,532071
C3,250,C3-resources-0250,8,7,531140
C3,250,C3-resources-0250,8,8,579739
C3,250,C3-resources-0250,8,9,627880
C3,250,C3-resources-0250,8,10,561406
C3,250,C3-resources-0250,8,11,526996
C3,250,C3-resources-0250,8,12,521936
C3,250,C3-resources-0250,8,13,572278
C3,250,C3-resources-0250,8,14,572625
C3,250,C3-resources-0250,8,15,574443
C3,250,C3-resources-0250,8,16,670032
C3,250,C3-resources-0250,8,17,716987
C3,250,C3-resources-0250,8,18,507503
C3,250,C3-resources-0250,8,19,456850
C3,250,C3-resources-0250,8,20,559850
C3,250,C3-resources-0250,8,21,510073
C3,250,C3-resources-0250,8,22,459116
C3,250,C3-resources-0250,8,23,461309
C3,250,C3-resources-0250,8,24,457574
C3,250,C3-resources-0250,8,25,451985
C3,250,C3-resources-0250,8,26,426574
C3,250,C3-resources-0250,8,27,433534
C3,250,C3-resources-0250,8,28,461760
C3,250,C3-resources-0250,8,29,423201
C3,250,C3-resources-0250,8,30,423862
C3,250,C3-resources-0250,8,31,426561
C3,250,C3-resources-0250,8,32,419136
C3,250,C3-resources-0250,8,33,418911
C3,250,C3-resources-0250,8,34,457745
C3,250,C3-resources-0250,8,35,429298
C3,250,C3-resources-0250,8,36,478286
C3,250,C3-resources-0250,8,37,556307
C3,250,C3-resources-0250,8,38,517904
C3,250,C3-resources-0250,8,39,470475
C3,250,C3-resources-0250,8,40,491162
C3,250,C3-resources-0250,8,41,547992
C3,250,C3-resources-0250,8,42,557625
C3,250,C3-resources-0250,8,43,492790
C3,250,C3-resources-0250,8,44,528599
C3,250,C3-resources-0250,8,45,467396
C3,250,C3-resources-0250,8,46,545119
C3,250,C3-resources-0250,8,47,595961
C3,250,C3-resources-0250,8,48,535847
C3,250,C3-resources-0250,8,49,609450
C3,250,C3-resources-0250,8,50,543504
C3,250,C3-resources-0250,8,51,608912
C3,250,C3-resources-0250,8,52,504996
C3,250,C3-resources-0250,8,53,491757
C3,250,C3-resources-0250,8,54,480668
C3,250,C3-resources-0250,8,55,581487
C3,250,C3-resources-0250,8,56,656509
C3,250,C3-resources-0250,8,57,601112
C3,250,C3-resources-0250,8,58,604066
C3,250,C3-resources-0250,8,59,497428
C3,250,C3-resources-0250,8,60,551388
C3,250,C3-resources-0250,8,61,539733
C3,250,C3-resources-0250,8,62,493467
C3,250,C3-resources-0250,8,63,660336
C3,250,C3-resources-0250,8,64,463255
C3,250,C3-resources-0250,8,65,273497
C3,250,C3-resources-0250,8,66,281943
C3,250,C3-resources-0250,8,67,366286
C3,250,C3-resources-0250,8,68,316484
C3,250,C3-resources-0250,8,69,284307
C3,250,C3-resources-0250,8,70,297941
C3,250,C3-resources-0250,8,71,288485
C3,250,C3-resources-0250,8,72,264304
C3,250,C3-resources-0250,8,73,273180
C3,250,C3-resources-0250,8,74,278576
C3,250,C3-resources-0250,8,75,306377
C3,250,C3-resources-0250,8,76,303728
C3,250,C3-resources-0250,8,77,330037
C3,250,C3-resources-0250,8,78,283892
C3,250,C3-resources-0250,8,79,230484
C3,250,C3-resources-0250,8,80,211239
C3,250,C3-resources-0250,8,81,225196
C3,250,C3-resources-0250,8,82,233449
C3,250,C3-resources-0250,8,83,217262
C3,250,C3-resources-0250,8,84,214195
C3,250,C3-resources-0250,8,85,211180
C3,250,C3-resources-0250,8,86,214028
C3,250,C3-resources-0250,8,87,215132
C3,250,C3-resources-0250,8,88,201235
C3,250,C3-resources-0250,8,89,205644
C3,250,C3-resources-0250,8,90,202065
C3,250,C3-resources-0250,8,91,238539
C3,250,C3-resources-0250,8,92,255622
C3,250,C3-resources-0250,8,93,216834
C3,250,C3-resources-0250,8,94,212666
C3,250,C3-resources-0250,8,95,211803
C3,250,C3-resources-0250,8,96,211173
C3,250,C3-resources-0250,8,97,212425
C3,250,C3-resources-0250,8,98,208869
C3,250,C3-resources-0250,8,99,209028
C3,250,C3-resources-0250,8,100,212743
C4,100,C4-resources-0100,1,1,416405
C4,100,C4-resources-0100,1,2,439333
C4,100,C4-resources-0100,1,3,408167
C4,100,C4-resources-0100,1,4,410115
C4,100,C4-resources-0100,1,5,409151
C4,100,C4-resources-0100,1,6,407156
C4,100,C4-resources-0100,1,7,443523
C4,100,C4-resources-0100,1,8,409433
C4,100,C4-resources-0100,1,9,450288
C4,100,C4-resources-0100,1,10,416078
C4,100,C4-resources-0100,1,11,509137
C4,100,C4-resources-0100,1,12,543274
C4,100,C4-resources-0100,1,13,581886
C4,100,C4-resources-0100,1,14,540735
C4,100,C4-resources-0100,1,15,563068
C4,100,C4-resources-0100,1,16,451960
C4,100,C4-resources-0100,1,17,473547
C4,100,C4-resources-0100,1,18,508840
C4,100,C4-resources-0100,1,19,509032
C4,100,C4-resources-0100,1,20,494461
C4,100,C4-resources-0100,1,21,505747
C4,100,C4-resources-0100,1,22,488633
C4,100,C4-resources-0100,1,23,459977
C4,100,C4-resources-0100,1,24,469467
C4,100,C4-resources-0100,1,25,480533
C4,100,C4-resources-0100,1,26,495489
C4,100,C4-resources-0100,1,27,501051
C4,100,C4-resources-0100,1,28,458629
C4,100,C4-resources-0100,1,29,465463
C4,100,C4-resources-0100,1,30,456226
C4,100,C4-resources-0100,1,31,479098
C4,100,C4-resources-0100,1,32,516376
C4,100,C4-resources-0100,1,33,567002
C4,100,C4-resources-0100,1,34,496376
C4,100,C4-resources-0100,1,35,529228
C4,100,C4-resources-0100,1,36,505176
C4,100,C4-resources-0100,1,37,500079
C4,100,C4-resources-0100,1,38,458376
C4,100,C4-resources-0100,1,39,506943
C4,100,C4-resources-0100,1,40,552103
C4,100,C4-resources-0100,1,41,524018
C4,100,C4-resources-0100,1,42,467421
C4,100,C4-resources-0100,1,43,449291
C4,100,C4-resources-0100,1,44,439776
C4,100,C4-resources-0100,1,45,434692
C4,100,C4-resources-0100,1,46,3754122
C4,100,C4-resources-0100,1,47,657163
C4,100,C4-resources-0100,1,48,590954
C4,100,C4-resources-0100,1,49,497737
C4,100,C4-resources-0100,1,50,484501
C4,100,C4-resources-0100,1,51,504702
C4,100,C4-resources-0100,1,52,525074
C4,100,C4-resources-0100,1,53,471095
C4,100,C4-resources-0100,1,54,421734
C4,100,C4-resources-0100,1,55,452297
C4,100,C4-resources-0100,1,56,435773
C4,100,C4-resources-0100,1,57,456263
C4,100,C4-resources-0100,1,58,484837
C4,100,C4-resources-0100,1,59,494750
C4,100,C4-resources-0100,1,60,546591
C4,100,C4-resources-0100,1,61,427590
C4,100,C4-resources-0100,1,62,677677
C4,100,C4-resources-0100,1,63,654413
C4,100,C4-resources-0100,1,64,597899
C4,100,C4-resources-0100,1,65,602856
C4,100,C4-resources-0100,1,66,495201
C4,100,C4-resources-0100,1,67,521663
C4,100,C4-resources-0100,1,68,484721
C4,100,C4-resources-0100,1,69,474696
C4,100,C4-resources-0100,1,70,481395
C4,100,C4-resources-0100,1,71,485074
C4,100,C4-resources-0100,1,72,516901
C4,100,C4-resources-0100,1,73,528895
C4,100,C4-resources-0100,1,74,695946
C4,100,C4-resources-0100,1,75,602183
C4,100,C4-resources-0100,1,76,474368
C4,100,C4-resources-0100,1,77,486823
C4,100,C4-resources-0100,1,78,527727
C4,100,C4-resources-0100,1,79,576623
C4,100,C4-resources-0100,1,80,547410
C4,100,C4-resources-0100,1,81,618099
C4,100,C4-resources-0100,1,82,641321
C4,100,C4-resources-0100,1,83,604022
C4,100,C4-resources-0100,1,84,577390
C4,100,C4-resources-0100,1,85,619692
C4,100,C4-resources-0100,1,86,711697
C4,100,C4-resources-0100,1,87,578396
C4,100,C4-resources-0100,1,88,636020
C4,100,C4-resources-0100,1,89,591139
C4,100,C4-resources-0100,1,90,714434
C4,100,C4-resources-0100,1,91,594840
C4,100,C4-resources-0100,1,92,600335
C4,100,C4-resources-0100,1,93,574923
C4,100,C4-resources-0100,1,94,721897
C4,100,C4-resources-0100,1,95,728450
C4,100,C4-resources-0100,1,96,536406
C4,100,C4-resources-0100,1,97,533390
C4,100,C4-resources-0100,1,98,498135
C4,100,C4-resources-0100,1,99,481872
C4,100,C4-resources-0100,1,100,480336
C4,100,C4-resources-0100,2,1,544015
C4,100,C4-resources-0100,2,2,507133
C4,100,C4-resources-0100,2,3,533132
C4,100,C4-resources-0100,2,4,498325
C4,100,C4-resources-0100,2,5,466954
C4,100,C4-resources-0100,2,6,466015
C4,100,C4-resources-0100,2,7,466883
C4,100,C4-resources-0100,2,8,476833
C4,100,C4-resources-0100,2,9,507022
C4,100,C4-resources-0100,2,10,471575
C4,100,C4-resources-0100,2,11,545425
C4,100,C4-resources-0100,2,12,557044
C4,100,C4-resources-0100,2,13,475127
C4,100,C4-resources-0100,2,14,485120
C4,100,C4-resources-0100,2,15,482642
C4,100,C4-resources-0100,2,16,477920
C4,100,C4-resources-0100,2,17,543523
C4,100,C4-resources-0100,2,18,492172
C4,100,C4-resources-0100,2,19,468709
C4,100,C4-resources-0100,2,20,467211
C4,100,C4-resources-0100,2,21,486493
C4,100,C4-resources-0100,2,22,470095
C4,100,C4-resources-0100,2,23,466987
C4,100,C4-resources-0100,2,24,470032
C4,100,C4-resources-0100,2,25,493137
C4,100,C4-resources-0100,2,26,511165
C4,100,C4-resources-0100,2,27,472031
C4,100,C4-resources-0100,2,28,474613
C4,100,C4-resources-0100,2,29,477319
C4,100,C4-resources-0100,2,30,543447
C4,100,C4-resources-0100,2,31,559165
C4,100,C4-resources-0100,2,32,491918
C4,100,C4-resources-0100,2,33,508138
C4,100,C4-resources-0100,2,34,482101
C4,100,C4-resources-0100,2,35,462284
C4,100,C4-resources-0100,2,36,464608
C4,100,C4-resources-0100,2,37,470033
C4,100,C4-resources-0100,2,38,506902
C4,100,C4-resources-0100,2,39,500494
C4,100,C4-resources-0100,2,40,495234
C4,100,C4-resources-0100,2,41,538784
C4,100,C4-resources-0100,2,42,508788
C4,100,C4-resources-0100,2,43,487834
C4,100,C4-resources-0100,2,44,499923
C4,100,C4-resources-0100,2,45,467277
C4,100,C4-resources-0100,2,46,460274
C4,100,C4-resources-0100,2,47,451589
C4,100,C4-resources-0100,2,48,447524
C4,100,C4-resources-0100,2,49,460709
C4,100,C4-resources-0100,2,50,527907
C4,100,C4-resources-0100,2,51,623890
C4,100,C4-resources-0100,2,52,430114
C4,100,C4-resources-0100,2,53,407016
C4,100,C4-resources-0100,2,54,397025
C4,100,C4-resources-0100,2,55,409715
C4,100,C4-resources-0100,2,56,398152
C4,100,C4-resources-0100,2,57,401779
C4,100,C4-resources-0100,2,58,394635
C4,100,C4-resources-0100,2,59,471804
C4,100,C4-resources-0100,2,60,434842
C4,100,C4-resources-0100,2,61,423372
C4,100,C4-resources-0100,2,62,429253
C4,100,C4-resources-0100,2,63,421971
C4,100,C4-resources-0100,2,64,437163
C4,100,C4-resources-0100,2,65,434370
C4,100,C4-resources-0100,2,66,480826
C4,100,C4-resources-0100,2,67,410856
C4,100,C4-resources-0100,2,68,432976
C4,100,C4-resources-0100,2,69,408833
C4,100,C4-resources-0100,2,70,439871
C4,100,C4-resources-0100,2,71,410594
C4,100,C4-resources-0100,2,72,434587
C4,100,C4-resources-0100,2,73,417929
C4,100,C4-resources-0100,2,74,414033
C4,100,C4-resources-0100,2,75,400875
C4,100,C4-resources-0100,2,76,400619
C4,100,C4-resources-0100,2,77,405499
C4,100,C4-resources-0100,2,78,399718
C4,100,C4-resources-0100,2,79,399337
C4,100,C4-resources-0100,2,80,400122
C4,100,C4-resources-0100,2,81,401936
C4,100,C4-resources-0100,2,82,396928
C4,100,C4-resources-0100,2,83,396536
C4,100,C4-resources-0100,2,84,400441
C4,100,C4-resources-0100,2,85,396950
C4,100,C4-resources-0100,2,86,398599
C4,100,C4-resources-0100,2,87,402524
C4,100,C4-resources-0100,2,88,404734
C4,100,C4-resources-0100,2,89,404121
C4,100,C4-resources-0100,2,90,410930
C4,100,C4-resources-0100,2,91,418322
C4,100,C4-resources-0100,2,92,400409
C4,100,C4-resources-0100,2,93,410622
C4,100,C4-resources-0100,2,94,395489
C4,100,C4-resources-0100,2,95,476773
C4,100,C4-resources-0100,2,96,451208
C4,100,C4-resources-0100,2,97,459934
C4,100,C4-resources-0100,2,98,401652
C4,100,C4-resources-0100,2,99,402235
C4,100,C4-resources-0100,2,100,393592
C4,100,C4-resources-0100,3,1,431307
C4,100,C4-resources-0100,3,2,409959
C4,100,C4-resources-0100,3,3,393620
C4,100,C4-resources-0100,3,4,394807
C4,100,C4-resources-0100,3,5,392088
C4,100,C4-resources-0100,3,6,416921
C4,100,C4-resources-0100,3,7,401058
C4,100,C4-resources-0100,3,8,390458
C4,100,C4-resources-0100,3,9,398823
C4,100,C4-resources-0100,3,10,3676843
C4,100,C4-resources-0100,3,11,625826
C4,100,C4-resources-0100,3,12,443423
C4,100,C4-resources-0100,3,13,404373
C4,100,C4-resources-0100,3,14,402345
C4,100,C4-resources-0100,3,15,402278
C4,100,C4-resources-0100,3,16,401021
C4,100,C4-resources-0100,3,17,439764
C4,100,C4-resources-0100,3,18,404799
C4,100,C4-resources-0100,3,19,395458
C4,100,C4-resources-0100,3,20,399252
C4,100,C4-resources-0100,3,21,398681
C4,100,C4-resources-0100,3,22,398387
C4,100,C4-resources-0100,3,23,396723
C4,100,C4-resources-0100,3,24,395437
C4,100,C4-resources-0100,3,25,398338
C4,100,C4-resources-0100,3,26,396665
C4,100,C4-resources-0100,3,27,418750
C4,100,C4-resources-0100,3,28,396026
C4,100,C4-resources-0100,3,29,395356
C4,100,C4-resources-0100,3,30,390770
C4,100,C4-resources-0100,3,31,398515
C4,100,C4-resources-0100,3,32,393896
C4,100,C4-resources-0100,3,33,396584
C4,100,C4-resources-0100,3,34,399941
C4,100,C4-resources-0100,3,35,393522
C4,100,C4-resources-0100,3,36,469299
C4,100,C4-resources-0100,3,37,438561
C4,100,C4-resources-0100,3,38,409907
C4,100,C4-resources-0100,3,39,390333
C4,100,C4-resources-0100,3,40,396661
C4,100,C4-resources-0100,3,41,394715
C4,100,C4-resources-0100,3,42,408640
C4,100,C4-resources-0100,3,43,403825
C4,100,C4-resources-0100,3,44,395159
C4,100,C4-resources-0100,3,45,402052
C4,100,C4-resources-0100,3,46,392189
C4,100,C4-resources-0100,3,47,417876
C4,100,C4-resources-0100,3,48,400819
C4,100,C4-resources-0100,3,49,400634
C4,100,C4-resources-0100,3,50,399519
C4,100,C4-resources-0100,3,51,399152
C4,100,C4-resources-0100,3,52,395979
C4,100,C4-resources-0100,3,53,397363
C4,100,C4-resources-0100,3,54,397130
C4,100,C4-resources-0100,3,55,398880
C4,100,C4-resources-0100,3,56,447332
C4,100,C4-resources-0100,3,57,401966
C4,100,C4-resources-0100,3,58,433488
C4,100,C4-resources-0100,3,59,394873
C4,100,C4-resources-0100,3,60,395123
C4,100,C4-resources-0100,3,61,396267
C4,100,C4-resources-0100,3,62,410671
C4,100,C4-resources-0100,3,63,435926
C4,100,C4-resources-0100,3,64,408048
C4,100,C4-resources-0100,3,65,406819
C4,100,C4-resources-0100,3,66,425163
C4,100,C4-resources-0100,3,67,395938
C4,100,C4-resources-0100,3,68,394252
C4,100,C4-resources-0100,3,69,399400
C4,100,C4-resources-0100,3,70,406340
C4,100,C4-resources-0100,3,71,425148
C4,100,C4-resources-0100,3,72,413717
C4,100,C4-resources-0100,3,73,432821
C4,100,C4-resources-0100,3,74,408702
C4,100,C4-resources-0100,3,75,399387
C4,100,C4-resources-0100,3,76,434010
C4,100,C4-resources-0100,3,77,422187
C4,100,C4-resources-0100,3,78,430612
C4,100,C4-resources-0100,3,79,470378
C4,100,C4-resources-0100,3,80,396288
C4,100,C4-resources-0100,3,81,391180
C4,100,C4-resources-0100,3,82,399643
C4,100,C4-resources-0100,3,83,395915
C4,100,C4-resources-0100,3,84,396722
C4,100,C4-resources-0100,3,85,410234
C4,100,C4-resources-0100,3,86,441583
C4,100,C4-resources-0100,3,87,409804
C4,100,C4-resources-0100,3,88,393401
C4,100,C4-resources-0100,3,89,396851
C4,100,C4-resources-0100,3,90,397817
C4,100,C4-resources-0100,3,91,393222
C4,100,C4-resources-0100,3,92,397485
C4,100,C4-resources-0100,3,93,397664
C4,100,C4-resources-0100,3,94,400124
C4,100,C4-resources-0100,3,95,420481
C4,100,C4-resources-0100,3,96,397094
C4,100,C4-resources-0100,3,97,396067
C4,100,C4-resources-0100,3,98,394060
C4,100,C4-resources-0100,3,99,397321
C4,100,C4-resources-0100,3,100,397415
C4,100,C4-resources-0100,4,1,410810
C4,100,C4-resources-0100,4,2,400162
C4,100,C4-resources-0100,4,3,397678
C4,100,C4-resources-0100,4,4,398088
C4,100,C4-resources-0100,4,5,424888
C4,100,C4-resources-0100,4,6,412711
C4,100,C4-resources-0100,4,7,395890
C4,100,C4-resources-0100,4,8,394891
C4,100,C4-resources-0100,4,9,399128
C4,100,C4-resources-0100,4,10,404932
C4,100,C4-resources-0100,4,11,393750
C4,100,C4-resources-0100,4,12,396008
C4,100,C4-resources-0100,4,13,396660
C4,100,C4-resources-0100,4,14,402037
C4,100,C4-resources-0100,4,15,410548
C4,100,C4-resources-0100,4,16,396049
C4,100,C4-resources-0100,4,17,401043
C4,100,C4-resources-0100,4,18,396614
C4,100,C4-resources-0100,4,19,393768
C4,100,C4-resources-0100,4,20,391767
C4,100,C4-resources-0100,4,21,392258
C4,100,C4-resources-0100,4,22,395196
C4,100,C4-resources-0100,4,23,393540
C4,100,C4-resources-0100,4,24,428531
C4,100,C4-resources-0100,4,25,426826
C4,100,C4-resources-0100,4,26,393499
C4,100,C4-resources-0100,4,27,392362
C4,100,C4-resources-0100,4,28,390952
C4,100,C4-resources-0100,4,29,393142
C4,100,C4-resources-0100,4,30,389947
C4,100,C4-resources-0100,4,31,393305
C4,100,C4-resources-0100,4,32,392562
C4,100,C4-resources-0100,4,33,426628
C4,100,C4-resources-0100,4,34,412597
C4,100,C4-resources-0100,4,35,423829
C4,100,C4-resources-0100,4,36,393951
C4,100,C4-resources-0100,4,37,395557
C4,100,C4-resources-0100,4,38,390707
C4,100,C4-resources-0100,4,39,393768
C4,100,C4-resources-0100,4,40,390744
C4,100,C4-resources-0100,4,41,390897
C4,100,C4-resources-0100,4,42,394164
C4,100,C4-resources-0100,4,43,395170
C4,100,C4-resources-0100,4,44,398989
C4,100,C4-resources-0100,4,45,413981
C4,100,C4-resources-0100,4,46,394232
C4,100,C4-resources-0100,4,47,391471
C4,100,C4-resources-0100,4,48,404148
C4,100,C4-resources-0100,4,49,403772
C4,100,C4-resources-0100,4,50,398367
C4,100,C4-resources-0100,4,51,400526
C4,100,C4-resources-0100,4,52,435285
C4,100,C4-resources-0100,4,53,459199
C4,100,C4-resources-0100,4,54,545780
C4,100,C4-resources-0100,4,55,474980
C4,100,C4-resources-0100,4,56,453496
C4,100,C4-resources-0100,4,57,453999
C4,100,C4-resources-0100,4,58,455197
C4,100,C4-resources-0100,4,59,477726
C4,100,C4-resources-0100,4,60,463481
C4,100,C4-resources-0100,4,61,485249
C4,100,C4-resources-0100,4,62,533932
C4,100,C4-resources-0100,4,63,506610
C4,100,C4-resources-0100,4,64,510705
C4,100,C4-resources-0100,4,65,455137
C4,100,C4-resources-0100,4,66,486014
C4,100,C4-resources-0100,4,67,512208
C4,100,C4-resources-0100,4,68,486914
C4,100,C4-resources-0100,4,69,452160
C4,100,C4-resources-0100,4,70,490828
C4,100,C4-resources-0100,4,71,474271
C4,100,C4-resources-0100,4,72,462876
C4,100,C4-resources-0100,4,73,456327
C4,100,C4-resources-0100,4,74,455998
C4,100,C4-resources-0100,4,75,467189
C4,100,C4-resources-0100,4,76,494436
C4,100,C4-resources-0100,4,77,491584
C4,100,C4-resources-0100,4,78,429903
C4,100,C4-resources-0100,4,79,3892368
C4,100,C4-resources-0100,4,80,623856
C4,100,C4-resources-0100,4,81,459276
C4,100,C4-resources-0100,4,82,444669
C4,100,C4-resources-0100,4,83,445124
C4,100,C4-resources-0100,4,84,473999
C4,100,C4-resources-0100,4,85,478795
C4,100,C4-resources-0100,4,86,485157
C4,100,C4-resources-0100,4,87,452420
C4,100,C4-resources-0100,4,88,434741
C4,100,C4-resources-0100,4,89,449103
C4,100,C4-resources-0100,4,90,425994
C4,100,C4-resources-0100,4,91,428542
C4,100,C4-resources-0100,4,92,428909
C4,100,C4-resources-0100,4,93,427139
C4,100,C4-resources-0100,4,94,425500
C4,100,C4-resources-0100,4,95,420667
C4,100,C4-resources-0100,4,96,426396
C4,100,C4-resources-0100,4,97,425634
C4,100,C4-resources-0100,4,98,471234
C4,100,C4-resources-0100,4,99,425216
C4,100,C4-resources-0100,4,100,473226
C4,100,C4-resources-0100,5,1,545776
C4,100,C4-resources-0100,5,2,493801
C4,100,C4-resources-0100,5,3,449854
C4,100,C4-resources-0100,5,4,451393
C4,100,C4-resources-0100,5,5,425031
C4,100,C4-resources-0100,5,6,462289
C4,100,C4-resources-0100,5,7,417279
C4,100,C4-resources-0100,5,8,433893
C4,100,C4-resources-0100,5,9,432139
C4,100,C4-resources-0100,5,10,485660
C4,100,C4-resources-0100,5,11,457443
C4,100,C4-resources-0100,5,12,477692
C4,100,C4-resources-0100,5,13,508020
C4,100,C4-resources-0100,5,14,497432
C4,100,C4-resources-0100,5,15,519603
C4,100,C4-resources-0100,5,16,480330
C4,100,C4-resources-0100,5,17,469266
C4,100,C4-resources-0100,5,18,495933
C4,100,C4-resources-0100,5,19,442749
C4,100,C4-resources-0100,5,20,428253
C4,100,C4-resources-0100,5,21,424033
C4,100,C4-resources-0100,5,22,429813
C4,100,C4-resources-0100,5,23,449763
C4,100,C4-resources-0100,5,24,415372
C4,100,C4-resources-0100,5,25,394196
C4,100,C4-resources-0100,5,26,401497
C4,100,C4-resources-0100,5,27,394409
C4,100,C4-resources-0100,5,28,405236
C4,100,C4-resources-0100,5,29,399698
C4,100,C4-resources-0100,5,30,454704
C4,100,C4-resources-0100,5,31,480862
C4,100,C4-resources-0100,5,32,470572
C4,100,C4-resources-0100,5,33,443484
C4,100,C4-resources-0100,5,34,424195
C4,100,C4-resources-0100,5,35,423917
C4,100,C4-resources-0100,5,36,426552
C4,100,C4-resources-0100,5,37,425199
C4,100,C4-resources-0100,5,38,423249
C4,100,C4-resources-0100,5,39,430725
C4,100,C4-resources-0100,5,40,501015
C4,100,C4-resources-0100,5,41,511775
C4,100,C4-resources-0100,5,42,425723
C4,100,C4-resources-0100,5,43,421220
C4,100,C4-resources-0100,5,44,419278
C4,100,C4-resources-0100,5,45,434014
C4,100,C4-resources-0100,5,46,418381
C4,100,C4-resources-0100,5,47,411482
C4,100,C4-resources-0100,5,48,399690
C4,100,C4-resources-0100,5,49,395404
C4,100,C4-resources-0100,5,50,406272
C4,100,C4-resources-0100,5,51,425667
C4,100,C4-resources-0100,5,52,401127
C4,100,C4-resources-0100,5,53,393848
C4,100,C4-resources-0100,5,54,389099
C4,100,C4-resources-0100,5,55,389798
C4,100,C4-resources-0100,5,56,393387
C4,100,C4-resources-0100,5,57,393520
C4,100,C4-resources-0100,5,58,406816
C4,100,C4-resources-0100,5,59,393021
C4,100,C4-resources-0100,5,60,412058
C4,100,C4-resources-0100,5,61,521340
C4,100,C4-resources-0100,5,62,549278
C4,100,C4-resources-0100,5,63,468633
C4,100,C4-resources-0100,5,64,396262
C4,100,C4-resources-0100,5,65,400182
C4,100,C4-resources-0100,5,66,395235
C4,100,C4-resources-0100,5,67,415498
C4,100,C4-resources-0100,5,68,434091
C4,100,C4-resources-0100,5,69,413145
C4,100,C4-resources-0100,5,70,449385
C4,100,C4-resources-0100,5,71,471071
C4,100,C4-resources-0100,5,72,439889
C4,100,C4-resources-0100,5,73,436772
C4,100,C4-resources-0100,5,74,435517
C4,100,C4-resources-0100,5,75,432550
C4,100,C4-resources-0100,5,76,415160
C4,100,C4-resources-0100,5,77,414238
C4,100,C4-resources-0100,5,78,497828
C4,100,C4-resources-0100,5,79,437492
C4,100,C4-resources-0100,5,80,478825
C4,100,C4-resources-0100,5,81,429982
C4,100,C4-resources-0100,5,82,429540
C4,100,C4-resources-0100,5,83,454816
C4,100,C4-resources-0100,5,84,458300
C4,100,C4-resources-0100,5,85,523447
C4,100,C4-resources-0100,5,86,426688
C4,100,C4-resources-0100,5,87,452182
C4,100,C4-resources-0100,5,88,437205
C4,100,C4-resources-0100,5,89,423939
C4,100,C4-resources-0100,5,90,463399
C4,100,C4-resources-0100,5,91,439310
C4,100,C4-resources-0100,5,92,408766
C4,100,C4-resources-0100,5,93,440337
C4,100,C4-resources-0100,5,94,410969
C4,100,C4-resources-0100,5,95,413893
C4,100,C4-resources-0100,5,96,431101
C4,100,C4-resources-0100,5,97,408256
C4,100,C4-resources-0100,5,98,397870
C4,100,C4-resources-0100,5,99,395480
C4,100,C4-resources-0100,5,100,393870
C4,100,C4-resources-0100,6,1,451264
C4,100,C4-resources-0100,6,2,412582
C4,100,C4-resources-0100,6,3,451553
C4,100,C4-resources-0100,6,4,446515
C4,100,C4-resources-0100,6,5,470582
C4,100,C4-resources-0100,6,6,419928
C4,100,C4-resources-0100,6,7,400592
C4,100,C4-resources-0100,6,8,406302
C4,100,C4-resources-0100,6,9,395927
C4,100,C4-resources-0100,6,10,508075
C4,100,C4-resources-0100,6,11,465947
C4,100,C4-resources-0100,6,12,500233
C4,100,C4-resources-0100,6,13,436098
C4,100,C4-resources-0100,6,14,443050
C4,100,C4-resources-0100,6,15,477120
C4,100,C4-resources-0100,6,16,454122
C4,100,C4-resources-0100,6,17,450995
C4,100,C4-resources-0100,6,18,452601
C4,100,C4-resources-0100,6,19,440003
C4,100,C4-resources-0100,6,20,458422
C4,100,C4-resources-0100,6,21,443576
C4,100,C4-resources-0100,6,22,442497
C4,100,C4-resources-0100,6,23,533878
C4,100,C4-resources-0100,6,24,499808
C4,100,C4-resources-0100,6,25,457466
C4,100,C4-resources-0100,6,26,527990
C4,100,C4-resources-0100,6,27,488229
C4,100,C4-resources-0100,6,28,415684
C4,100,C4-resources-0100,6,29,415632
C4,100,C4-resources-0100,6,30,422073
C4,100,C4-resources-0100,6,31,570230
C4,100,C4-resources-0100,6,32,507528
C4,100,C4-resources-0100,6,33,534934
C4,100,C4-resources-0100,6,34,495255
C4,100,C4-resources-0100,6,35,497216
C4,100,C4-resources-0100,6,36,560140
C4,100,C4-resources-0100,6,37,596250
C4,100,C4-resources-0100,6,38,522639
C4,100,C4-resources-0100,6,39,596693
C4,100,C4-resources-0100,6,40,598975
C4,100,C4-resources-0100,6,41,684104
C4,100,C4-resources-0100,6,42,673742
C4,100,C4-resources-0100,6,43,633660
C4,100,C4-resources-0100,6,44,589602
C4,100,C4-resources-0100,6,45,607703
C4,100,C4-resources-0100,6,46,541367
C4,100,C4-resources-0100,6,47,514426
C4,100,C4-resources-0100,6,48,491411
C4,100,C4-resources-0100,6,49,440854
C4,100,C4-resources-0100,6,50,559358
C4,100,C4-resources-0100,6,51,498533
C4,100,C4-resources-0100,6,52,512762
C4,100,C4-resources-0100,6,53,580144
C4,100,C4-resources-0100,6,54,501951
C4,100,C4-resources-0100,6,55,501889
C4,100,C4-resources-0100,6,56,626469
C4,100,C4-resources-0100,6,57,576877
C4,100,C4-resources-0100,6,58,600242
C4,100,C4-resources-0100,6,59,659317
C4,100,C4-resources-0100,6,60,666609
C4,100,C4-resources-0100,6,61,4433097
C4,100,C4-resources-0100,6,62,1132965
C4,100,C4-resources-0100,6,63,934195
C4,100,C4-resources-0100,6,64,961454
C4,100,C4-resources-0100,6,65,1113819
C4,100,C4-resources-0100,6,66,988578
C4,100,C4-resources-0100,6,67,924509
C4,100,C4-resources-0100,6,68,965653
C4,100,C4-resources-0100,6,69,899577
C4,100,C4-resources-0100,6,70,879982
C4,100,C4-resources-0100,6,71,872840
C4,100,C4-resources-0100,6,72,982410
C4,100,C4-resources-0100,6,73,989460
C4,100,C4-resources-0100,6,74,954273
C4,100,C4-resources-0100,6,75,990591
C4,100,C4-resources-0100,6,76,1007228
C4,100,C4-resources-0100,6,77,817200
C4,100,C4-resources-0100,6,78,553981
C4,100,C4-resources-0100,6,79,491989
C4,100,C4-resources-0100,6,80,520858
C4,100,C4-resources-0100,6,81,502314
C4,100,C4-resources-0100,6,82,466735
C4,100,C4-resources-0100,6,83,461167
C4,100,C4-resources-0100,6,84,514752
C4,100,C4-resources-0100,6,85,475209
C4,100,C4-resources-0100,6,86,439607
C4,100,C4-resources-0100,6,87,423611
C4,100,C4-resources-0100,6,88,425731
C4,100,C4-resources-0100,6,89,421280
C4,100,C4-resources-0100,6,90,421810
C4,100,C4-resources-0100,6,91,424797
C4,100,C4-resources-0100,6,92,475821
C4,100,C4-resources-0100,6,93,482640
C4,100,C4-resources-0100,6,94,451609
C4,100,C4-resources-0100,6,95,418024
C4,100,C4-resources-0100,6,96,422123
C4,100,C4-resources-0100,6,97,420674
C4,100,C4-resources-0100,6,98,423284
C4,100,C4-resources-0100,6,99,435206
C4,100,C4-resources-0100,6,100,446310
C4,100,C4-resources-0100,7,1,480335
C4,100,C4-resources-0100,7,2,491166
C4,100,C4-resources-0100,7,3,430414
C4,100,C4-resources-0100,7,4,423977
C4,100,C4-resources-0100,7,5,421229
C4,100,C4-resources-0100,7,6,476664
C4,100,C4-resources-0100,7,7,504899
C4,100,C4-resources-0100,7,8,506898
C4,100,C4-resources-0100,7,9,538047
C4,100,C4-resources-0100,7,10,532010
C4,100,C4-resources-0100,7,11,531465
C4,100,C4-resources-0100,7,12,491336
C4,100,C4-resources-0100,7,13,457977
C4,100,C4-resources-0100,7,14,456918
C4,100,C4-resources-0100,7,15,463004
C4,100,C4-resources-0100,7,16,473339
C4,100,C4-resources-0100,7,17,457717
C4,100,C4-resources-0100,7,18,496334
C4,100,C4-resources-0100,7,19,477304
C4,100,C4-resources-0100,7,20,454304
C4,100,C4-resources-0100,7,21,451646
C4,100,C4-resources-0100,7,22,452255
C4,100,C4-resources-0100,7,23,481963
C4,100,C4-resources-0100,7,24,527365
C4,100,C4-resources-0100,7,25,463957
C4,100,C4-resources-0100,7,26,454294
C4,100,C4-resources-0100,7,27,509807
C4,100,C4-resources-0100,7,28,454759
C4,100,C4-resources-0100,7,29,425111
C4,100,C4-resources-0100,7,30,421717
C4,100,C4-resources-0100,7,31,480645
C4,100,C4-resources-0100,7,32,443490
C4,100,C4-resources-0100,7,33,420688
C4,100,C4-resources-0100,7,34,420257
C4,100,C4-resources-0100,7,35,421039
C4,100,C4-resources-0100,7,36,462999
C4,100,C4-resources-0100,7,37,415750
C4,100,C4-resources-0100,7,38,418577
C4,100,C4-resources-0100,7,39,421110
C4,100,C4-resources-0100,7,40,442111
C4,100,C4-resources-0100,7,41,432714
C4,100,C4-resources-0100,7,42,420485
C4,100,C4-resources-0100,7,43,423840
C4,100,C4-resources-0100,7,44,422339
C4,100,C4-resources-0100,7,45,461108
C4,100,C4-resources-0100,7,46,423277
C4,100,C4-resources-0100,7,47,421079
C4,100,C4-resources-0100,7,48,426068
C4,100,C4-resources-0100,7,49,421482
C4,100,C4-resources-0100,7,50,460780
C4,100,C4-resources-0100,7,51,440470
C4,100,C4-resources-0100,7,52,504584
C4,100,C4-resources-0100,7,53,477567
C4,100,C4-resources-0100,7,54,469798
C4,100,C4-resources-0100,7,55,433322
C4,100,C4-resources-0100,7,56,426363
C4,100,C4-resources-0100,7,57,421153
C4,100,C4-resources-0100,7,58,424550
C4,100,C4-resources-0100,7,59,422166
C4,100,C4-resources-0100,7,60,430593
C4,100,C4-resources-0100,7,61,423747
C4,100,C4-resources-0100,7,62,424234
C4,100,C4-resources-0100,7,63,471829
C4,100,C4-resources-0100,7,64,456846
C4,100,C4-resources-0100,7,65,424371
C4,100,C4-resources-0100,7,66,422342
C4,100,C4-resources-0100,7,67,426490
C4,100,C4-resources-0100,7,68,418305
C4,100,C4-resources-0100,7,69,423955
C4,100,C4-resources-0100,7,70,437421
C4,100,C4-resources-0100,7,71,432248
C4,100,C4-resources-0100,7,72,456565
C4,100,C4-resources-0100,7,73,450008
C4,100,C4-resources-0100,7,74,483770
C4,100,C4-resources-0100,7,75,453443
C4,100,C4-resources-0100,7,76,438207
C4,100,C4-resources-0100,7,77,508206
C4,100,C4-resources-0100,7,78,500730
C4,100,C4-resources-0100,7,79,473540
C4,100,C4-resources-0100,7,80,467940
C4,100,C4-resources-0100,7,81,524475
C4,100,C4-resources-0100,7,82,405552
C4,100,C4-resources-0100,7,83,446697
C4,100,C4-resources-0100,7,84,508250
C4,100,C4-resources-0100,7,85,475076
C4,100,C4-resources-0100,7,86,552381
C4,100,C4-resources-0100,7,87,537069
C4,100,C4-resources-0100,7,88,588198
C4,100,C4-resources-0100,7,89,598497
C4,100,C4-resources-0100,7,90,437847
C4,100,C4-resources-0100,7,91,419195
C4,100,C4-resources-0100,7,92,410257
C4,100,C4-resources-0100,7,93,454634
C4,100,C4-resources-0100,7,94,412175
C4,100,C4-resources-0100,7,95,429733
C4,100,C4-resources-0100,7,96,399434
C4,100,C4-resources-0100,7,97,424028
C4,100,C4-resources-0100,7,98,431578
C4,100,C4-resources-0100,7,99,432526
C4,100,C4-resources-0100,7,100,425706
C4,100,C4-resources-0100,8,1,426046
C4,100,C4-resources-0100,8,2,398196
C4,100,C4-resources-0100,8,3,397247
C4,100,C4-resources-0100,8,4,411869
C4,100,C4-resources-0100,8,5,412460
C4,100,C4-resources-0100,8,6,405708
C4,100,C4-resources-0100,8,7,463816
C4,100,C4-resources-0100,8,8,486661
C4,100,C4-resources-0100,8,9,510446
C4,100,C4-resources-0100,8,10,496760
C4,100,C4-resources-0100,8,11,474614
C4,100,C4-resources-0100,8,12,520872
C4,100,C4-resources-0100,8,13,577601
C4,100,C4-resources-0100,8,14,633378
C4,100,C4-resources-0100,8,15,461867
C4,100,C4-resources-0100,8,16,432455
C4,100,C4-resources-0100,8,17,408843
C4,100,C4-resources-0100,8,18,400871
C4,100,C4-resources-0100,8,19,438027
C4,100,C4-resources-0100,8,20,455886
C4,100,C4-resources-0100,8,21,464747
C4,100,C4-resources-0100,8,22,415514
C4,100,C4-resources-0100,8,23,444049
C4,100,C4-resources-0100,8,24,472670
C4,100,C4-resources-0100,8,25,418170
C4,100,C4-resources-0100,8,26,471835
C4,100,C4-resources-0100,8,27,434662
C4,100,C4-resources-0100,8,28,426617
C4,100,C4-resources-0100,8,29,399421
C4,100,C4-resources-0100,8,30,422147
C4,100,C4-resources-0100,8,31,446597
C4,100,C4-resources-0100,8,32,528276
C4,100,C4-resources-0100,8,33,518851
C4,100,C4-resources-0100,8,34,584660
C4,100,C4-resources-0100,8,35,420006
C4,100,C4-resources-0100,8,36,399331
C4,100,C4-resources-0100,8,37,402555
C4,100,C4-resources-0100,8,38,396677
C4,100,C4-resources-0100,8,39,396601
C4,100,C4-resources-0100,8,40,399252
C4,100,C4-resources-0100,8,41,443004
C4,100,C4-resources-0100,8,42,411841
C4,100,C4-resources-0100,8,43,432390
C4,100,C4-resources-0100,8,44,4062937
C4,100,C4-resources-0100,8,45,493488
C4,100,C4-resources-0100,8,46,435257
C4,100,C4-resources-0100,8,47,482182
C4,100,C4-resources-0100,8,48,506051
C4,100,C4-resources-0100,8,49,409486
C4,100,C4-resources-0100,8,50,407693
C4,100,C4-resources-0100,8,51,440031
C4,100,C4-resources-0100,8,52,396974
C4,100,C4-resources-0100,8,53,394487
C4,100,C4-resources-0100,8,54,602614
C4,100,C4-resources-0100,8,55,630619
C4,100,C4-resources-0100,8,56,439592
C4,100,C4-resources-0100,8,57,402058
C4,100,C4-resources-0100,8,58,398255
C4,100,C4-resources-0100,8,59,430448
C4,100,C4-resources-0100,8,60,414818
C4,100,C4-resources-0100,8,61,395608
C4,100,C4-resources-0100,8,62,393357
C4,100,C4-resources-0100,8,63,396238
C4,100,C4-resources-0100,8,64,397278
C4,100,C4-resources-0100,8,65,393120
C4,100,C4-resources-0100,8,66,402132
C4,100,C4-resources-0100,8,67,440540
C4,100,C4-resources-0100,8,68,482880
C4,100,C4-resources-0100,8,69,517395
C4,100,C4-resources-0100,8,70,440169
C4,100,C4-resources-0100,8,71,392183
C4,100,C4-resources-0100,8,72,391959
C4,100,C4-resources-0100,8,73,395810
C4,100,C4-resources-0100,8,74,393601
C4,100,C4-resources-0100,8,75,394337
C4,100,C4-resources-0100,8,76,398262
C4,100,C4-resources-0100,8,77,393783
C4,100,C4-resources-0100,8,78,406930
C4,100,C4-resources-0100,8,79,415638
C4,100,C4-resources-0100,8,80,390879
C4,100,C4-resources-0100,8,81,398951
C4,100,C4-resources-0100,8,82,492605
C4,100,C4-resources-0100,8,83,421599
C4,100,C4-resources-0100,8,84,431388
C4,100,C4-resources-0100,8,85,500722
C4,100,C4-resources-0100,8,86,398865
C4,100,C4-resources-0100,8,87,397604
C4,100,C4-resources-0100,8,88,416720
C4,100,C4-resources-0100,8,89,405528
C4,100,C4-resources-0100,8,90,428948
C4,100,C4-resources-0100,8,91,464099
C4,100,C4-resources-0100,8,92,396400
C4,100,C4-resources-0100,8,93,411188
C4,100,C4-resources-0100,8,94,411065
C4,100,C4-resources-0100,8,95,421310
C4,100,C4-resources-0100,8,96,402661
C4,100,C4-resources-0100,8,97,412557
C4,100,C4-resources-0100,8,98,422964
C4,100,C4-resources-0100,8,99,404933
C4,100,C4-resources-0100,8,100,398675
C5,1000,C5-resources-1000,1,1,1413469
C5,1000,C5-resources-1000,1,2,1239931
C5,1000,C5-resources-1000,1,3,1211552
C5,1000,C5-resources-1000,1,4,1256822
C5,1000,C5-resources-1000,1,5,1260924
C5,1000,C5-resources-1000,1,6,1219038
C5,1000,C5-resources-1000,1,7,1212421
C5,1000,C5-resources-1000,1,8,1294117
C5,1000,C5-resources-1000,1,9,1280580
C5,1000,C5-resources-1000,1,10,1209702
C5,1000,C5-resources-1000,1,11,1262693
C5,1000,C5-resources-1000,1,12,1221706
C5,1000,C5-resources-1000,1,13,1247615
C5,1000,C5-resources-1000,1,14,1229829
C5,1000,C5-resources-1000,1,15,1220061
C5,1000,C5-resources-1000,1,16,1381178
C5,1000,C5-resources-1000,1,17,1246949
C5,1000,C5-resources-1000,1,18,1220626
C5,1000,C5-resources-1000,1,19,1206986
C5,1000,C5-resources-1000,1,20,1203020
C5,1000,C5-resources-1000,1,21,1240076
C5,1000,C5-resources-1000,1,22,1239717
C5,1000,C5-resources-1000,1,23,1337739
C5,1000,C5-resources-1000,1,24,1322733
C5,1000,C5-resources-1000,1,25,1226119
C5,1000,C5-resources-1000,1,26,1224456
C5,1000,C5-resources-1000,1,27,1250624
C5,1000,C5-resources-1000,1,28,1217887
C5,1000,C5-resources-1000,1,29,1219043
C5,1000,C5-resources-1000,1,30,1360747
C5,1000,C5-resources-1000,1,31,1288563
C5,1000,C5-resources-1000,1,32,1350106
C5,1000,C5-resources-1000,1,33,1305981
C5,1000,C5-resources-1000,1,34,1221821
C5,1000,C5-resources-1000,1,35,1225394
C5,1000,C5-resources-1000,1,36,1248910
C5,1000,C5-resources-1000,1,37,1363440
C5,1000,C5-resources-1000,1,38,1334250
C5,1000,C5-resources-1000,1,39,1303660
C5,1000,C5-resources-1000,1,40,1258482
C5,1000,C5-resources-1000,1,41,1242813
C5,1000,C5-resources-1000,1,42,7838184
C5,1000,C5-resources-1000,1,43,3288216
C5,1000,C5-resources-1000,1,44,2367108
C5,1000,C5-resources-1000,1,45,2222878
C5,1000,C5-resources-1000,1,46,2228116
C5,1000,C5-resources-1000,1,47,2159978
C5,1000,C5-resources-1000,1,48,2201503
C5,1000,C5-resources-1000,1,49,2189682
C5,1000,C5-resources-1000,1,50,2192888
C5,1000,C5-resources-1000,1,51,2143874
C5,1000,C5-resources-1000,1,52,2181506
C5,1000,C5-resources-1000,1,53,2281730
C5,1000,C5-resources-1000,1,54,2143956
C5,1000,C5-resources-1000,1,55,2195148
C5,1000,C5-resources-1000,1,56,2140482
C5,1000,C5-resources-1000,1,57,2142500
C5,1000,C5-resources-1000,1,58,2337115
C5,1000,C5-resources-1000,1,59,2227482
C5,1000,C5-resources-1000,1,60,2175013
C5,1000,C5-resources-1000,1,61,2167102
C5,1000,C5-resources-1000,1,62,2174896
C5,1000,C5-resources-1000,1,63,2213784
C5,1000,C5-resources-1000,1,64,2202619
C5,1000,C5-resources-1000,1,65,2156630
C5,1000,C5-resources-1000,1,66,2211069
C5,1000,C5-resources-1000,1,67,2157191
C5,1000,C5-resources-1000,1,68,2181936
C5,1000,C5-resources-1000,1,69,2142931
C5,1000,C5-resources-1000,1,70,2152077
C5,1000,C5-resources-1000,1,71,2225423
C5,1000,C5-resources-1000,1,72,2172355
C5,1000,C5-resources-1000,1,73,2149464
C5,1000,C5-resources-1000,1,74,1512755
C5,1000,C5-resources-1000,1,75,1255063
C5,1000,C5-resources-1000,1,76,1275004
C5,1000,C5-resources-1000,1,77,1258255
C5,1000,C5-resources-1000,1,78,1218213
C5,1000,C5-resources-1000,1,79,1217542
C5,1000,C5-resources-1000,1,80,1254346
C5,1000,C5-resources-1000,1,81,1213514
C5,1000,C5-resources-1000,1,82,1227462
C5,1000,C5-resources-1000,1,83,1299193
C5,1000,C5-resources-1000,1,84,1365733
C5,1000,C5-resources-1000,1,85,1241536
C5,1000,C5-resources-1000,1,86,1268154
C5,1000,C5-resources-1000,1,87,1221057
C5,1000,C5-resources-1000,1,88,1216999
C5,1000,C5-resources-1000,1,89,1249333
C5,1000,C5-resources-1000,1,90,1267648
C5,1000,C5-resources-1000,1,91,1257823
C5,1000,C5-resources-1000,1,92,1334853
C5,1000,C5-resources-1000,1,93,1305550
C5,1000,C5-resources-1000,1,94,1227093
C5,1000,C5-resources-1000,1,95,1217735
C5,1000,C5-resources-1000,1,96,1265096
C5,1000,C5-resources-1000,1,97,1214704
C5,1000,C5-resources-1000,1,98,1273593
C5,1000,C5-resources-1000,1,99,1330355
C5,1000,C5-resources-1000,1,100,1219196
C5,1000,C5-resources-1000,2,1,1254973
C5,1000,C5-resources-1000,2,2,1261036
C5,1000,C5-resources-1000,2,3,1218333
C5,1000,C5-resources-1000,2,4,1228360
C5,1000,C5-resources-1000,2,5,1243802
C5,1000,C5-resources-1000,2,6,1247275
C5,1000,C5-resources-1000,2,7,1235713
C5,1000,C5-resources-1000,2,8,1314488
C5,1000,C5-resources-1000,2,9,1286213
C5,1000,C5-resources-1000,2,10,1228646
C5,1000,C5-resources-1000,2,11,1267292
C5,1000,C5-resources-1000,2,12,1265018
C5,1000,C5-resources-1000,2,13,1280979
C5,1000,C5-resources-1000,2,14,1276342
C5,1000,C5-resources-1000,2,15,1250048
C5,1000,C5-resources-1000,2,16,1206981
C5,1000,C5-resources-1000,2,17,1219897
C5,1000,C5-resources-1000,2,18,1246788
C5,1000,C5-resources-1000,2,19,1216797
C5,1000,C5-resources-1000,2,20,1211376
C5,1000,C5-resources-1000,2,21,1308964
C5,1000,C5-resources-1000,2,22,1219477
C5,1000,C5-resources-1000,2,23,1229450
C5,1000,C5-resources-1000,2,24,1273895
C5,1000,C5-resources-1000,2,25,1234471
C5,1000,C5-resources-1000,2,26,1239011
C5,1000,C5-resources-1000,2,27,1290974
C5,1000,C5-resources-1000,2,28,1215710
C5,1000,C5-resources-1000,2,29,1348991
C5,1000,C5-resources-1000,2,30,1329239
C5,1000,C5-resources-1000,2,31,1261596
C5,1000,C5-resources-1000,2,32,1232338
C5,1000,C5-resources-1000,2,33,1216771
C5,1000,C5-resources-1000,2,34,1286851
C5,1000,C5-resources-1000,2,35,1234076
C5,1000,C5-resources-1000,2,36,1257120
C5,1000,C5-resources-1000,2,37,1294871
C5,1000,C5-resources-1000,2,38,1244571
C5,1000,C5-resources-1000,2,39,1294513
C5,1000,C5-resources-1000,2,40,1270251
C5,1000,C5-resources-1000,2,41,1219849
C5,1000,C5-resources-1000,2,42,1233381
C5,1000,C5-resources-1000,2,43,1239090
C5,1000,C5-resources-1000,2,44,1243488
C5,1000,C5-resources-1000,2,45,1239899
C5,1000,C5-resources-1000,2,46,1260656
C5,1000,C5-resources-1000,2,47,1215284
C5,1000,C5-resources-1000,2,48,6730534
C5,1000,C5-resources-1000,2,49,1512300
C5,1000,C5-resources-1000,2,50,1295152
C5,1000,C5-resources-1000,2,51,1263577
C5,1000,C5-resources-1000,2,52,1252156
C5,1000,C5-resources-1000,2,53,1243890
C5,1000,C5-resources-1000,2,54,1275873
C5,1000,C5-resources-1000,2,55,1242732
C5,1000,C5-resources-1000,2,56,1228582
C5,1000,C5-resources-1000,2,57,1304710
C5,1000,C5-resources-1000,2,58,1458312
C5,1000,C5-resources-1000,2,59,1256344
C5,1000,C5-resources-1000,2,60,1240012
C5,1000,C5-resources-1000,2,61,1378214
C5,1000,C5-resources-1000,2,62,1243797
C5,1000,C5-resources-1000,2,63,1237619
C5,1000,C5-resources-1000,2,64,1272276
C5,1000,C5-resources-1000,2,65,1256569
C5,1000,C5-resources-1000,2,66,1263193
C5,1000,C5-resources-1000,2,67,1263203
C5,1000,C5-resources-1000,2,68,1282230
C5,1000,C5-resources-1000,2,69,1294154
C5,1000,C5-resources-1000,2,70,1348453
C5,1000,C5-resources-1000,2,71,1220460
C5,1000,C5-resources-1000,2,72,1226212
C5,1000,C5-resources-1000,2,73,1346826
C5,1000,C5-resources-1000,2,74,1259509
C5,1000,C5-resources-1000,2,75,1341755
C5,1000,C5-resources-1000,2,76,1458823
C5,1000,C5-resources-1000,2,77,1280156
C5,1000,C5-resources-1000,2,78,1231292
C5,1000,C5-resources-1000,2,79,1286896
C5,1000,C5-resources-1000,2,80,1252062
C5,1000,C5-resources-1000,2,81,1229701
C5,1000,C5-resources-1000,2,82,1244426
C5,1000,C5-resources-1000,2,83,1252946
C5,1000,C5-resources-1000,2,84,1227832
C5,1000,C5-resources-1000,2,85,1228311
C5,1000,C5-resources-1000,2,86,1248345
C5,1000,C5-resources-1000,2,87,1220950
C5,1000,C5-resources-1000,2,88,1215066
C5,1000,C5-resources-1000,2,89,1252119
C5,1000,C5-resources-1000,2,90,1243289
C5,1000,C5-resources-1000,2,91,1247518
C5,1000,C5-resources-1000,2,92,1261263
C5,1000,C5-resources-1000,2,93,1239935
C5,1000,C5-resources-1000,2,94,1226861
C5,1000,C5-resources-1000,2,95,1265164
C5,1000,C5-resources-1000,2,96,1221847
C5,1000,C5-resources-1000,2,97,1212061
C5,1000,C5-resources-1000,2,98,1319018
C5,1000,C5-resources-1000,2,99,1231952
C5,1000,C5-resources-1000,2,100,1227189
C5,1000,C5-resources-1000,3,1,1386535
C5,1000,C5-resources-1000,3,2,1310596
C5,1000,C5-resources-1000,3,3,1240478
C5,1000,C5-resources-1000,3,4,1222394
C5,1000,C5-resources-1000,3,5,1306611
C5,1000,C5-resources-1000,3,6,1270687
C5,1000,C5-resources-1000,3,7,1241559
C5,1000,C5-resources-1000,3,8,1271554
C5,1000,C5-resources-1000,3,9,1223776
C5,1000,C5-resources-1000,3,10,1228980
C5,1000,C5-resources-1000,3,11,1261208
C5,1000,C5-resources-1000,3,12,1242102
C5,1000,C5-resources-1000,3,13,1264710
C5,1000,C5-resources-1000,3,14,1291440
C5,1000,C5-resources-1000,3,15,1242294
C5,1000,C5-resources-1000,3,16,1211791
C5,1000,C5-resources-1000,3,17,1239434
C5,1000,C5-resources-1000,3,18,1231836
C5,1000,C5-resources-1000,3,19,1218326
C5,1000,C5-resources-1000,3,20,1209230
C5,1000,C5-resources-1000,3,21,1352819
C5,1000,C5-resources-1000,3,22,1261576
C5,1000,C5-resources-1000,3,23,1217836
C5,1000,C5-resources-1000,3,24,1256522
C5,1000,C5-resources-1000,3,25,1208931
C5,1000,C5-resources-1000,3,26,1225705
C5,1000,C5-resources-1000,3,27,1244638
C5,1000,C5-resources-1000,3,28,1393499
C5,1000,C5-resources-1000,3,29,1312298
C5,1000,C5-resources-1000,3,30,1290748
C5,1000,C5-resources-1000,3,31,1226658
C5,1000,C5-resources-1000,3,32,1216635
C5,1000,C5-resources-1000,3,33,1267416
C5,1000,C5-resources-1000,3,34,1226500
C5,1000,C5-resources-1000,3,35,1234355
C5,1000,C5-resources-1000,3,36,1268178
C5,1000,C5-resources-1000,3,37,1255969
C5,1000,C5-resources-1000,3,38,1250682
C5,1000,C5-resources-1000,3,39,1344400
C5,1000,C5-resources-1000,3,40,1290086
C5,1000,C5-resources-1000,3,41,1228880
C5,1000,C5-resources-1000,3,42,1210591
C5,1000,C5-resources-1000,3,43,1276297
C5,1000,C5-resources-1000,3,44,1276748
C5,1000,C5-resources-1000,3,45,1274425
C5,1000,C5-resources-1000,3,46,1301243
C5,1000,C5-resources-1000,3,47,1249681
C5,1000,C5-resources-1000,3,48,1256602
C5,1000,C5-resources-1000,3,49,1249433
C5,1000,C5-resources-1000,3,50,1352392
C5,1000,C5-resources-1000,3,51,1284108
C5,1000,C5-resources-1000,3,52,1297895
C5,1000,C5-resources-1000,3,53,1222549
C5,1000,C5-resources-1000,3,54,7551502
C5,1000,C5-resources-1000,3,55,1491324
C5,1000,C5-resources-1000,3,56,1411459
C5,1000,C5-resources-1000,3,57,1304231
C5,1000,C5-resources-1000,3,58,1266271
C5,1000,C5-resources-1000,3,59,1279365
C5,1000,C5-resources-1000,3,60,1297067
C5,1000,C5-resources-1000,3,61,1247747
C5,1000,C5-resources-1000,3,62,1228438
C5,1000,C5-resources-1000,3,63,1245196
C5,1000,C5-resources-1000,3,64,1213209
C5,1000,C5-resources-1000,3,65,1211839
C5,1000,C5-resources-1000,3,66,1224100
C5,1000,C5-resources-1000,3,67,1316944
C5,1000,C5-resources-1000,3,68,1255426
C5,1000,C5-resources-1000,3,69,1418589
C5,1000,C5-resources-1000,3,70,1306203
C5,1000,C5-resources-1000,3,71,1241741
C5,1000,C5-resources-1000,3,72,1251093
C5,1000,C5-resources-1000,3,73,1291513
C5,1000,C5-resources-1000,3,74,1316359
C5,1000,C5-resources-1000,3,75,1568734
C5,1000,C5-resources-1000,3,76,1270535
C5,1000,C5-resources-1000,3,77,1258795
C5,1000,C5-resources-1000,3,78,1526176
C5,1000,C5-resources-1000,3,79,1237267
C5,1000,C5-resources-1000,3,80,1221011
C5,1000,C5-resources-1000,3,81,1313538
C5,1000,C5-resources-1000,3,82,1313577
C5,1000,C5-resources-1000,3,83,1234213
C5,1000,C5-resources-1000,3,84,1267484
C5,1000,C5-resources-1000,3,85,1222935
C5,1000,C5-resources-1000,3,86,1232279
C5,1000,C5-resources-1000,3,87,1278844
C5,1000,C5-resources-1000,3,88,1243426
C5,1000,C5-resources-1000,3,89,1284061
C5,1000,C5-resources-1000,3,90,1264160
C5,1000,C5-resources-1000,3,91,1216984
C5,1000,C5-resources-1000,3,92,1225271
C5,1000,C5-resources-1000,3,93,1236161
C5,1000,C5-resources-1000,3,94,1242370
C5,1000,C5-resources-1000,3,95,1236878
C5,1000,C5-resources-1000,3,96,1276470
C5,1000,C5-resources-1000,3,97,1282229
C5,1000,C5-resources-1000,3,98,1206733
C5,1000,C5-resources-1000,3,99,1225789
C5,1000,C5-resources-1000,3,100,1255431
C5,1000,C5-resources-1000,4,1,1253055
C5,1000,C5-resources-1000,4,2,1252424
C5,1000,C5-resources-1000,4,3,1296525
C5,1000,C5-resources-1000,4,4,1283890
C5,1000,C5-resources-1000,4,5,1236902
C5,1000,C5-resources-1000,4,6,1235301
C5,1000,C5-resources-1000,4,7,1217302
C5,1000,C5-resources-1000,4,8,1213394
C5,1000,C5-resources-1000,4,9,1234399
C5,1000,C5-resources-1000,4,10,1225182
C5,1000,C5-resources-1000,4,11,1634360
C5,1000,C5-resources-1000,4,12,1346485
C5,1000,C5-resources-1000,4,13,1253591
C5,1000,C5-resources-1000,4,14,1262578
C5,1000,C5-resources-1000,4,15,1280555
C5,1000,C5-resources-1000,4,16,1236035
C5,1000,C5-resources-1000,4,17,1245024
C5,1000,C5-resources-1000,4,18,1304554
C5,1000,C5-resources-1000,4,19,1349756
C5,1000,C5-resources-1000,4,20,1269094
C5,1000,C5-resources-1000,4,21,1254608
C5,1000,C5-resources-1000,4,22,1306345
C5,1000,C5-resources-1000,4,23,1228685
C5,1000,C5-resources-1000,4,24,1335860
C5,1000,C5-resources-1000,4,25,1319053
C5,1000,C5-resources-1000,4,26,1489258
C5,1000,C5-resources-1000,4,27,1306487
C5,1000,C5-resources-1000,4,28,1362245
C5,1000,C5-resources-1000,4,29,1240623
C5,1000,C5-resources-1000,4,30,1238170
C5,1000,C5-resources-1000,4,31,1285242
C5,1000,C5-resources-1000,4,32,1237676
C5,1000,C5-resources-1000,4,33,1299305
C5,1000,C5-resources-1000,4,34,1284449
C5,1000,C5-resources-1000,4,35,1221635
C5,1000,C5-resources-1000,4,36,1220977
C5,1000,C5-resources-1000,4,37,1249915
C5,1000,C5-resources-1000,4,38,1222608
C5,1000,C5-resources-1000,4,39,1209444
C5,1000,C5-resources-1000,4,40,1263084
C5,1000,C5-resources-1000,4,41,1285467
C5,1000,C5-resources-1000,4,42,1238243
C5,1000,C5-resources-1000,4,43,1214719
C5,1000,C5-resources-1000,4,44,1252408
C5,1000,C5-resources-1000,4,45,1215644
C5,1000,C5-resources-1000,4,46,1210315
C5,1000,C5-resources-1000,4,47,1227906
C5,1000,C5-resources-1000,4,48,1282555
C5,1000,C5-resources-1000,4,49,1271282
C5,1000,C5-resources-1000,4,50,1245866
C5,1000,C5-resources-1000,4,51,1216364
C5,1000,C5-resources-1000,4,52,1209944
C5,1000,C5-resources-1000,4,53,1232071
C5,1000,C5-resources-1000,4,54,1232990
C5,1000,C5-resources-1000,4,55,1231607
C5,1000,C5-resources-1000,4,56,1311371
C5,1000,C5-resources-1000,4,57,1246073
C5,1000,C5-resources-1000,4,58,1222305
C5,1000,C5-resources-1000,4,59,1222291
C5,1000,C5-resources-1000,4,60,6641382
C5,1000,C5-resources-1000,4,61,1371644
C5,1000,C5-resources-1000,4,62,1334712
C5,1000,C5-resources-1000,4,63,1245880
C5,1000,C5-resources-1000,4,64,1232482
C5,1000,C5-resources-1000,4,65,1272944
C5,1000,C5-resources-1000,4,66,1308764
C5,1000,C5-resources-1000,4,67,1253179
C5,1000,C5-resources-1000,4,68,1268285
C5,1000,C5-resources-1000,4,69,1218664
C5,1000,C5-resources-1000,4,70,1225470
C5,1000,C5-resources-1000,4,71,1255040
C5,1000,C5-resources-1000,4,72,1218960
C5,1000,C5-resources-1000,4,73,1273722
C5,1000,C5-resources-1000,4,74,1272368
C5,1000,C5-resources-1000,4,75,1213019
C5,1000,C5-resources-1000,4,76,1233587
C5,1000,C5-resources-1000,4,77,1250740
C5,1000,C5-resources-1000,4,78,1246032
C5,1000,C5-resources-1000,4,79,1211255
C5,1000,C5-resources-1000,4,80,1213746
C5,1000,C5-resources-1000,4,81,1291771
C5,1000,C5-resources-1000,4,82,1238716
C5,1000,C5-resources-1000,4,83,1216214
C5,1000,C5-resources-1000,4,84,1246895
C5,1000,C5-resources-1000,4,85,1214397
C5,1000,C5-resources-1000,4,86,1221305
C5,1000,C5-resources-1000,4,87,1215235
C5,1000,C5-resources-1000,4,88,1238152
C5,1000,C5-resources-1000,4,89,1288098
C5,1000,C5-resources-1000,4,90,1233489
C5,1000,C5-resources-1000,4,91,1222293
C5,1000,C5-resources-1000,4,92,1220319
C5,1000,C5-resources-1000,4,93,1218055
C5,1000,C5-resources-1000,4,94,1554434
C5,1000,C5-resources-1000,4,95,1624393
C5,1000,C5-resources-1000,4,96,1555560
C5,1000,C5-resources-1000,4,97,1312031
C5,1000,C5-resources-1000,4,98,1325460
C5,1000,C5-resources-1000,4,99,1272800
C5,1000,C5-resources-1000,4,100,1222526
C5,1000,C5-resources-1000,5,1,1260070
C5,1000,C5-resources-1000,5,2,1284953
C5,1000,C5-resources-1000,5,3,1822983
C5,1000,C5-resources-1000,5,4,1318138
C5,1000,C5-resources-1000,5,5,1354445
C5,1000,C5-resources-1000,5,6,1255376
C5,1000,C5-resources-1000,5,7,1305232
C5,1000,C5-resources-1000,5,8,1277736
C5,1000,C5-resources-1000,5,9,1299991
C5,1000,C5-resources-1000,5,10,1515168
C5,1000,C5-resources-1000,5,11,1284538
C5,1000,C5-resources-1000,5,12,1229295
C5,1000,C5-resources-1000,5,13,1221027
C5,1000,C5-resources-1000,5,14,1277691
C5,1000,C5-resources-1000,5,15,1224505
C5,1000,C5-resources-1000,5,16,1217822
C5,1000,C5-resources-1000,5,17,1273603
C5,1000,C5-resources-1000,5,18,1302616
C5,1000,C5-resources-1000,5,19,1222658
C5,1000,C5-resources-1000,5,20,1239971
C5,1000,C5-resources-1000,5,21,1220315
C5,1000,C5-resources-1000,5,22,1210532
C5,1000,C5-resources-1000,5,23,1215755
C5,1000,C5-resources-1000,5,24,1242393
C5,1000,C5-resources-1000,5,25,1317606
C5,1000,C5-resources-1000,5,26,1238359
C5,1000,C5-resources-1000,5,27,1246388
C5,1000,C5-resources-1000,5,28,1229714
C5,1000,C5-resources-1000,5,29,1221196
C5,1000,C5-resources-1000,5,30,1263439
C5,1000,C5-resources-1000,5,31,1237261
C5,1000,C5-resources-1000,5,32,1266140
C5,1000,C5-resources-1000,5,33,1348796
C5,1000,C5-resources-1000,5,34,1224797
C5,1000,C5-resources-1000,5,35,1209769
C5,1000,C5-resources-1000,5,36,1251014
C5,1000,C5-resources-1000,5,37,1234648
C5,1000,C5-resources-1000,5,38,1220398
C5,1000,C5-resources-1000,5,39,1212234
C5,1000,C5-resources-1000,5,40,1274853
C5,1000,C5-resources-1000,5,41,1242701
C5,1000,C5-resources-1000,5,42,1227669
C5,1000,C5-resources-1000,5,43,1228486
C5,1000,C5-resources-1000,5,44,1217569
C5,1000,C5-resources-1000,5,45,1205797
C5,1000,C5-resources-1000,5,46,1218604
C5,1000,C5-resources-1000,5,47,1228385
C5,1000,C5-resources-1000,5,48,1275773
C5,1000,C5-resources-1000,5,49,1260717
C5,1000,C5-resources-1000,5,50,1254209
C5,1000,C5-resources-1000,5,51,1325452
C5,1000,C5-resources-1000,5,52,1604054
C5,1000,C5-resources-1000,5,53,1652592
C5,1000,C5-resources-1000,5,54,1784737
C5,1000,C5-resources-1000,5,55,1777419
C5,1000,C5-resources-1000,5,56,1294363
C5,1000,C5-resources-1000,5,57,1271318
C5,1000,C5-resources-1000,5,58,1224851
C5,1000,C5-resources-1000,5,59,1208539
C5,1000,C5-resources-1000,5,60,1217841
C5,1000,C5-resources-1000,5,61,1278034
C5,1000,C5-resources-1000,5,62,1272463
C5,1000,C5-resources-1000,5,63,1222500
C5,1000,C5-resources-1000,5,64,1260165
C5,1000,C5-resources-1000,5,65,6656160
C5,1000,C5-resources-1000,5,66,1575129
C5,1000,C5-resources-1000,5,67,1304331
C5,1000,C5-resources-1000,5,68,1521469
C5,1000,C5-resources-1000,5,69,1480875
C5,1000,C5-resources-1000,5,70,1261650
C5,1000,C5-resources-1000,5,71,1322361
C5,1000,C5-resources-1000,5,72,1271395
C5,1000,C5-resources-1000,5,73,1329964
C5,1000,C5-resources-1000,5,74,1275104
C5,1000,C5-resources-1000,5,75,1438669
C5,1000,C5-resources-1000,5,76,1337314
C5,1000,C5-resources-1000,5,77,1289563
C5,1000,C5-resources-1000,5,78,1399367
C5,1000,C5-resources-1000,5,79,1427543
C5,1000,C5-resources-1000,5,80,1251523
C5,1000,C5-resources-1000,5,81,1225416
C5,1000,C5-resources-1000,5,82,1210342
C5,1000,C5-resources-1000,5,83,1257968
C5,1000,C5-resources-1000,5,84,1274695
C5,1000,C5-resources-1000,5,85,1226269
C5,1000,C5-resources-1000,5,86,1303642
C5,1000,C5-resources-1000,5,87,1252284
C5,1000,C5-resources-1000,5,88,1205144
C5,1000,C5-resources-1000,5,89,1213251
C5,1000,C5-resources-1000,5,90,1269114
C5,1000,C5-resources-1000,5,91,1237467
C5,1000,C5-resources-1000,5,92,1238459
C5,1000,C5-resources-1000,5,93,1261788
C5,1000,C5-resources-1000,5,94,1262291
C5,1000,C5-resources-1000,5,95,1237909
C5,1000,C5-resources-1000,5,96,1248677
C5,1000,C5-resources-1000,5,97,1209932
C5,1000,C5-resources-1000,5,98,1234015
C5,1000,C5-resources-1000,5,99,1216719
C5,1000,C5-resources-1000,5,100,1245541
C5,1000,C5-resources-1000,6,1,1423358
C5,1000,C5-resources-1000,6,2,1412105
C5,1000,C5-resources-1000,6,3,1267945
C5,1000,C5-resources-1000,6,4,1231646
C5,1000,C5-resources-1000,6,5,1214612
C5,1000,C5-resources-1000,6,6,1226447
C5,1000,C5-resources-1000,6,7,1227819
C5,1000,C5-resources-1000,6,8,1235083
C5,1000,C5-resources-1000,6,9,1294478
C5,1000,C5-resources-1000,6,10,1259710
C5,1000,C5-resources-1000,6,11,1232356
C5,1000,C5-resources-1000,6,12,1319381
C5,1000,C5-resources-1000,6,13,1267942
C5,1000,C5-resources-1000,6,14,1225872
C5,1000,C5-resources-1000,6,15,1272081
C5,1000,C5-resources-1000,6,16,1267929
C5,1000,C5-resources-1000,6,17,1244894
C5,1000,C5-resources-1000,6,18,1263391
C5,1000,C5-resources-1000,6,19,1220290
C5,1000,C5-resources-1000,6,20,1224173
C5,1000,C5-resources-1000,6,21,1215016
C5,1000,C5-resources-1000,6,22,1235276
C5,1000,C5-resources-1000,6,23,1378071
C5,1000,C5-resources-1000,6,24,1299091
C5,1000,C5-resources-1000,6,25,1273873
C5,1000,C5-resources-1000,6,26,1218179
C5,1000,C5-resources-1000,6,27,1252324
C5,1000,C5-resources-1000,6,28,1430071
C5,1000,C5-resources-1000,6,29,1334645
C5,1000,C5-resources-1000,6,30,1304877
C5,1000,C5-resources-1000,6,31,1451158
C5,1000,C5-resources-1000,6,32,1262382
C5,1000,C5-resources-1000,6,33,1254888
C5,1000,C5-resources-1000,6,34,1265124
C5,1000,C5-resources-1000,6,35,1231227
C5,1000,C5-resources-1000,6,36,1221571
C5,1000,C5-resources-1000,6,37,1231265
C5,1000,C5-resources-1000,6,38,1269215
C5,1000,C5-resources-1000,6,39,1233195
C5,1000,C5-resources-1000,6,40,1279056
C5,1000,C5-resources-1000,6,41,1221692
C5,1000,C5-resources-1000,6,42,1212884
C5,1000,C5-resources-1000,6,43,1228138
C5,1000,C5-resources-1000,6,44,1213666
C5,1000,C5-resources-1000,6,45,1273283
C5,1000,C5-resources-1000,6,46,1409900
C5,1000,C5-resources-1000,6,47,1875518
C5,1000,C5-resources-1000,6,48,1716389
C5,1000,C5-resources-1000,6,49,1344467
C5,1000,C5-resources-1000,6,50,1400597
C5,1000,C5-resources-1000,6,51,1335830
C5,1000,C5-resources-1000,6,52,1551166
C5,1000,C5-resources-1000,6,53,1287029
C5,1000,C5-resources-1000,6,54,1376393
C5,1000,C5-resources-1000,6,55,1281885
C5,1000,C5-resources-1000,6,56,1257377
C5,1000,C5-resources-1000,6,57,1221479
C5,1000,C5-resources-1000,6,58,1265179
C5,1000,C5-resources-1000,6,59,1329557
C5,1000,C5-resources-1000,6,60,1244219
C5,1000,C5-resources-1000,6,61,1270464
C5,1000,C5-resources-1000,6,62,1248805
C5,1000,C5-resources-1000,6,63,1225573
C5,1000,C5-resources-1000,6,64,1246993
C5,1000,C5-resources-1000,6,65,1238701
C5,1000,C5-resources-1000,6,66,1236285
C5,1000,C5-resources-1000,6,67,1417116
C5,1000,C5-resources-1000,6,68,1226194
C5,1000,C5-resources-1000,6,69,1224923
C5,1000,C5-resources-1000,6,70,1282164
C5,1000,C5-resources-1000,6,71,1248069
C5,1000,C5-resources-1000,6,72,8424199
C5,1000,C5-resources-1000,6,73,2267249
C5,1000,C5-resources-1000,6,74,2213166
C5,1000,C5-resources-1000,6,75,2313338
C5,1000,C5-resources-1000,6,76,2183151
C5,1000,C5-resources-1000,6,77,2218127
C5,1000,C5-resources-1000,6,78,2300053
C5,1000,C5-resources-1000,6,79,2402582
C5,1000,C5-resources-1000,6,80,2210759
C5,1000,C5-resources-1000,6,81,2171989
C5,1000,C5-resources-1000,6,82,2181698
C5,1000,C5-resources-1000,6,83,2224763
C5,1000,C5-resources-1000,6,84,2226923
C5,1000,C5-resources-1000,6,85,2157135
C5,1000,C5-resources-1000,6,86,2760517
C5,1000,C5-resources-1000,6,87,2371615
C5,1000,C5-resources-1000,6,88,2329453
C5,1000,C5-resources-1000,6,89,2342934
C5,1000,C5-resources-1000,6,90,2166437
C5,1000,C5-resources-1000,6,91,2182554
C5,1000,C5-resources-1000,6,92,2210716
C5,1000,C5-resources-1000,6,93,2207550
C5,1000,C5-resources-1000,6,94,2146428
C5,1000,C5-resources-1000,6,95,2176277
C5,1000,C5-resources-1000,6,96,2323864
C5,1000,C5-resources-1000,6,97,2158076
C5,1000,C5-resources-1000,6,98,2187223
C5,1000,C5-resources-1000,6,99,2324743
C5,1000,C5-resources-1000,6,100,2310446
C5,1000,C5-resources-1000,7,1,2543734
C5,1000,C5-resources-1000,7,2,2078971
C5,1000,C5-resources-1000,7,3,1479106
C5,1000,C5-resources-1000,7,4,1839600
C5,1000,C5-resources-1000,7,5,1598101
C5,1000,C5-resources-1000,7,6,1668266
C5,1000,C5-resources-1000,7,7,1272486
C5,1000,C5-resources-1000,7,8,1236013
C5,1000,C5-resources-1000,7,9,1277179
C5,1000,C5-resources-1000,7,10,1246964
C5,1000,C5-resources-1000,7,11,1498929
C5,1000,C5-resources-1000,7,12,1349567
C5,1000,C5-resources-1000,7,13,1236297
C5,1000,C5-resources-1000,7,14,1317894
C5,1000,C5-resources-1000,7,15,1325754
C5,1000,C5-resources-1000,7,16,1272945
C5,1000,C5-resources-1000,7,17,1334614
C5,1000,C5-resources-1000,7,18,1409014
C5,1000,C5-resources-1000,7,19,1248777
C5,1000,C5-resources-1000,7,20,1234557
C5,1000,C5-resources-1000,7,21,1234105
C5,1000,C5-resources-1000,7,22,1240174
C5,1000,C5-resources-1000,7,23,1231587
C5,1000,C5-resources-1000,7,24,1239845
C5,1000,C5-resources-1000,7,25,1224023
C5,1000,C5-resources-1000,7,26,1269259
C5,1000,C5-resources-1000,7,27,1276917
C5,1000,C5-resources-1000,7,28,1249642
C5,1000,C5-resources-1000,7,29,1232488
C5,1000,C5-resources-1000,7,30,1243884
C5,1000,C5-resources-1000,7,31,1298323
C5,1000,C5-resources-1000,7,32,1225959
C5,1000,C5-resources-1000,7,33,1260441
C5,1000,C5-resources-1000,7,34,1262086
C5,1000,C5-resources-1000,7,35,1214264
C5,1000,C5-resources-1000,7,36,1212151
C5,1000,C5-resources-1000,7,37,1242139
C5,1000,C5-resources-1000,7,38,1233058
C5,1000,C5-resources-1000,7,39,1238689
C5,1000,C5-resources-1000,7,40,1262568
C5,1000,C5-resources-1000,7,41,1260264
C5,1000,C5-resources-1000,7,42,1211816
C5,1000,C5-resources-1000,7,43,1214477
C5,1000,C5-resources-1000,7,44,1279932
C5,1000,C5-resources-1000,7,45,1366738
C5,1000,C5-resources-1000,7,46,1234675
C5,1000,C5-resources-1000,7,47,1234296
C5,1000,C5-resources-1000,7,48,1254345
C5,1000,C5-resources-1000,7,49,1225263
C5,1000,C5-resources-1000,7,50,1251293
C5,1000,C5-resources-1000,7,51,1356117
C5,1000,C5-resources-1000,7,52,1246541
C5,1000,C5-resources-1000,7,53,1277214
C5,1000,C5-resources-1000,7,54,1315932
C5,1000,C5-resources-1000,7,55,1275664
C5,1000,C5-resources-1000,7,56,1479091
C5,1000,C5-resources-1000,7,57,1413048
C5,1000,C5-resources-1000,7,58,1254927
C5,1000,C5-resources-1000,7,59,1313829
C5,1000,C5-resources-1000,7,60,1251823
C5,1000,C5-resources-1000,7,61,1220857
C5,1000,C5-resources-1000,7,62,1255130
C5,1000,C5-resources-1000,7,63,1236670
C5,1000,C5-resources-1000,7,64,1220841
C5,1000,C5-resources-1000,7,65,1247540
C5,1000,C5-resources-1000,7,66,1221969
C5,1000,C5-resources-1000,7,67,1218985
C5,1000,C5-resources-1000,7,68,1217125
C5,1000,C5-resources-1000,7,69,1236197
C5,1000,C5-resources-1000,7,70,1261142
C5,1000,C5-resources-1000,7,71,1240736
C5,1000,C5-resources-1000,7,72,1244911
C5,1000,C5-resources-1000,7,73,1548745
C5,1000,C5-resources-1000,7,74,1636796
C5,1000,C5-resources-1000,7,75,1709293
C5,1000,C5-resources-1000,7,76,1436139
C5,1000,C5-resources-1000,7,77,1318815
C5,1000,C5-resources-1000,7,78,1293926
C5,1000,C5-resources-1000,7,79,1263965
C5,1000,C5-resources-1000,7,80,1348047
C5,1000,C5-resources-1000,7,81,1251467
C5,1000,C5-resources-1000,7,82,1643652
C5,1000,C5-resources-1000,7,83,1470559
C5,1000,C5-resources-1000,7,84,1295200
C5,1000,C5-resources-1000,7,85,1249877
C5,1000,C5-resources-1000,7,86,1270949
C5,1000,C5-resources-1000,7,87,1235754
C5,1000,C5-resources-1000,7,88,1213628
C5,1000,C5-resources-1000,7,89,1258440
C5,1000,C5-resources-1000,7,90,1272442
C5,1000,C5-resources-1000,7,91,1262600
C5,1000,C5-resources-1000,7,92,1237683
C5,1000,C5-resources-1000,7,93,1227503
C5,1000,C5-resources-1000,7,94,1219963
C5,1000,C5-resources-1000,7,95,1207585
C5,1000,C5-resources-1000,7,96,6554434
C5,1000,C5-resources-1000,7,97,1371770
C5,1000,C5-resources-1000,7,98,1323102
C5,1000,C5-resources-1000,7,99,1263371
C5,1000,C5-resources-1000,7,100,1316242
C5,1000,C5-resources-1000,8,1,1331163
C5,1000,C5-resources-1000,8,2,1230996
C5,1000,C5-resources-1000,8,3,1233762
C5,1000,C5-resources-1000,8,4,1294123
C5,1000,C5-resources-1000,8,5,1249050
C5,1000,C5-resources-1000,8,6,1225647
C5,1000,C5-resources-1000,8,7,1313181
C5,1000,C5-resources-1000,8,8,1245578
C5,1000,C5-resources-1000,8,9,1239621
C5,1000,C5-resources-1000,8,10,1269644
C5,1000,C5-resources-1000,8,11,1216293
C5,1000,C5-resources-1000,8,12,1240078
C5,1000,C5-resources-1000,8,13,1331917
C5,1000,C5-resources-1000,8,14,1252107
C5,1000,C5-resources-1000,8,15,1267291
C5,1000,C5-resources-1000,8,16,1233552
C5,1000,C5-resources-1000,8,17,1240787
C5,1000,C5-resources-1000,8,18,1218493
C5,1000,C5-resources-1000,8,19,1232967
C5,1000,C5-resources-1000,8,20,1237731
C5,1000,C5-resources-1000,8,21,1234416
C5,1000,C5-resources-1000,8,22,1211039
C5,1000,C5-resources-1000,8,23,1279185
C5,1000,C5-resources-1000,8,24,1229550
C5,1000,C5-resources-1000,8,25,1363618
C5,1000,C5-resources-1000,8,26,1347645
C5,1000,C5-resources-1000,8,27,1248885
C5,1000,C5-resources-1000,8,28,1223924
C5,1000,C5-resources-1000,8,29,1306760
C5,1000,C5-resources-1000,8,30,1400047
C5,1000,C5-resources-1000,8,31,1717655
C5,1000,C5-resources-1000,8,32,1460775
C5,1000,C5-resources-1000,8,33,1322016
C5,1000,C5-resources-1000,8,34,1233995
C5,1000,C5-resources-1000,8,35,1334996
C5,1000,C5-resources-1000,8,36,1230659
C5,1000,C5-resources-1000,8,37,1229974
C5,1000,C5-resources-1000,8,38,1313014
C5,1000,C5-resources-1000,8,39,1222238
C5,1000,C5-resources-1000,8,40,1216088
C5,1000,C5-resources-1000,8,41,1249482
C5,1000,C5-resources-1000,8,42,1211584
C5,1000,C5-resources-1000,8,43,1229198
C5,1000,C5-resources-1000,8,44,1225367
C5,1000,C5-resources-1000,8,45,1259895
C5,1000,C5-resources-1000,8,46,1237246
C5,1000,C5-resources-1000,8,47,1240503
C5,1000,C5-resources-1000,8,48,1259196
C5,1000,C5-resources-1000,8,49,1529869
C5,1000,C5-resources-1000,8,50,1541341
C5,1000,C5-resources-1000,8,51,1414149
C5,1000,C5-resources-1000,8,52,1404186
C5,1000,C5-resources-1000,8,53,1574647
C5,1000,C5-resources-1000,8,54,1420228
C5,1000,C5-resources-1000,8,55,1271797
C5,1000,C5-resources-1000,8,56,1347174
C5,1000,C5-resources-1000,8,57,1292018
C5,1000,C5-resources-1000,8,58,1226211
C5,1000,C5-resources-1000,8,59,1297641
C5,1000,C5-resources-1000,8,60,1239213
C5,1000,C5-resources-1000,8,61,1217640
C5,1000,C5-resources-1000,8,62,1291500
C5,1000,C5-resources-1000,8,63,1225256
C5,1000,C5-resources-1000,8,64,1246702
C5,1000,C5-resources-1000,8,65,1280618
C5,1000,C5-resources-1000,8,66,1236287
C5,1000,C5-resources-1000,8,67,1270449
C5,1000,C5-resources-1000,8,68,1229037
C5,1000,C5-resources-1000,8,69,1276570
C5,1000,C5-resources-1000,8,70,1220004
C5,1000,C5-resources-1000,8,71,1211533
C5,1000,C5-resources-1000,8,72,1247677
C5,1000,C5-resources-1000,8,73,1242677
C5,1000,C5-resources-1000,8,74,1252425
C5,1000,C5-resources-1000,8,75,1318215
C5,1000,C5-resources-1000,8,76,1227365
C5,1000,C5-resources-1000,8,77,1236100
C5,1000,C5-resources-1000,8,78,1392325
C5,1000,C5-resources-1000,8,79,1283474
C5,1000,C5-resources-1000,8,80,1238056
C5,1000,C5-resources-1000,8,81,1250237
C5,1000,C5-resources-1000,8,82,1254610
C5,1000,C5-resources-1000,8,83,1315763
C5,1000,C5-resources-1000,8,84,1549453
C5,1000,C5-resources-1000,8,85,1363066
C5,1000,C5-resources-1000,8,86,1295621
C5,1000,C5-resources-1000,8,87,1293614
C5,1000,C5-resources-1000,8,88,1228653
C5,1000,C5-resources-1000,8,89,1312154
C5,1000,C5-resources-1000,8,90,1293692
C5,1000,C5-resources-1000,8,91,1233241
C5,1000,C5-resources-1000,8,92,1219794
C5,1000,C5-resources-1000,8,93,1220998
C5,1000,C5-resources-1000,8,94,1228507
C5,1000,C5-resources-1000,8,95,1220581
C5,1000,C5-resources-1000,8,96,1271062
C5,1000,C5-resources-1000,8,97,1254542
C5,1000,C5-resources-1000,8,98,1217765
C5,1000,C5-resources-1000,8,99,1214129
C5,1000,C5-resources-1000,8,100,1239332
C5,2500,C5-resources-2500,1,1,1221348
C5,2500,C5-resources-2500,1,2,1233328
C5,2500,C5-resources-2500,1,3,1221622
C5,2500,C5-resources-2500,1,4,1205902
C5,2500,C5-resources-2500,1,5,1242295
C5,2500,C5-resources-2500,1,6,1229020
C5,2500,C5-resources-2500,1,7,1321761
C5,2500,C5-resources-2500,1,8,1349498
C5,2500,C5-resources-2500,1,9,1211241
C5,2500,C5-resources-2500,1,10,1231323
C5,2500,C5-resources-2500,1,11,1239771
C5,2500,C5-resources-2500,1,12,1210323
C5,2500,C5-resources-2500,1,13,1204668
C5,2500,C5-resources-2500,1,14,1260165
C5,2500,C5-resources-2500,1,15,1434985
C5,2500,C5-resources-2500,1,16,1248773
C5,2500,C5-resources-2500,1,17,1224960
C5,2500,C5-resources-2500,1,18,1226977
C5,2500,C5-resources-2500,1,19,1214866
C5,2500,C5-resources-2500,1,20,1210980
C5,2500,C5-resources-2500,1,21,1258682
C5,2500,C5-resources-2500,1,22,1347731
C5,2500,C5-resources-2500,1,23,1296495
C5,2500,C5-resources-2500,1,24,1244253
C5,2500,C5-resources-2500,1,25,1217770
C5,2500,C5-resources-2500,1,26,1357548
C5,2500,C5-resources-2500,1,27,1265601
C5,2500,C5-resources-2500,1,28,1227295
C5,2500,C5-resources-2500,1,29,1359951
C5,2500,C5-resources-2500,1,30,1457755
C5,2500,C5-resources-2500,1,31,1248804
C5,2500,C5-resources-2500,1,32,1273267
C5,2500,C5-resources-2500,1,33,1269166
C5,2500,C5-resources-2500,1,34,1240012
C5,2500,C5-resources-2500,1,35,1238047
C5,2500,C5-resources-2500,1,36,1279941
C5,2500,C5-resources-2500,1,37,1371646
C5,2500,C5-resources-2500,1,38,1220595
C5,2500,C5-resources-2500,1,39,1222363
C5,2500,C5-resources-2500,1,40,1233069
C5,2500,C5-resources-2500,1,41,1211738
C5,2500,C5-resources-2500,1,42,1214043
C5,2500,C5-resources-2500,1,43,1238628
C5,2500,C5-resources-2500,1,44,1317878
C5,2500,C5-resources-2500,1,45,1277667
C5,2500,C5-resources-2500,1,46,1237091
C5,2500,C5-resources-2500,1,47,1216790
C5,2500,C5-resources-2500,1,48,1216030
C5,2500,C5-resources-2500,1,49,1240168
C5,2500,C5-resources-2500,1,50,1213757
C5,2500,C5-resources-2500,1,51,1312508
C5,2500,C5-resources-2500,1,52,1452948
C5,2500,C5-resources-2500,1,53,1263076
C5,2500,C5-resources-2500,1,54,1218500
C5,2500,C5-resources-2500,1,55,1238123
C5,2500,C5-resources-2500,1,56,1251018
C5,2500,C5-resources-2500,1,57,1238919
C5,2500,C5-resources-2500,1,58,1259416
C5,2500,C5-resources-2500,1,59,1436711
C5,2500,C5-resources-2500,1,60,1262373
C5,2500,C5-resources-2500,1,61,9308989
C5,2500,C5-resources-2500,1,62,1637859
C5,2500,C5-resources-2500,1,63,1318998
C5,2500,C5-resources-2500,1,64,1265083
C5,2500,C5-resources-2500,1,65,1247177
C5,2500,C5-resources-2500,1,66,1329224
C5,2500,C5-resources-2500,1,67,1408945
C5,2500,C5-resources-2500,1,68,1231469
C5,2500,C5-resources-2500,1,69,1223615
C5,2500,C5-resources-2500,1,70,1214591
C5,2500,C5-resources-2500,1,71,1230637
C5,2500,C5-resources-2500,1,72,1224884
C5,2500,C5-resources-2500,1,73,1223889
C5,2500,C5-resources-2500,1,74,1465498
C5,2500,C5-resources-2500,1,75,1244303
C5,2500,C5-resources-2500,1,76,1210653
C5,2500,C5-resources-2500,1,77,1231096
C5,2500,C5-resources-2500,1,78,1242515
C5,2500,C5-resources-2500,1,79,1253195
C5,2500,C5-resources-2500,1,80,1236767
C5,2500,C5-resources-2500,1,81,1329794
C5,2500,C5-resources-2500,1,82,1397207
C5,2500,C5-resources-2500,1,83,1243409
C5,2500,C5-resources-2500,1,84,1637240
C5,2500,C5-resources-2500,1,85,1262660
C5,2500,C5-resources-2500,1,86,1272337
C5,2500,C5-resources-2500,1,87,1247200
C5,2500,C5-resources-2500,1,88,1376357
C5,2500,C5-resources-2500,1,89,1334694
C5,2500,C5-resources-2500,1,90,1228986
C5,2500,C5-resources-2500,1,91,1223336
C5,2500,C5-resources-2500,1,92,1231874
C5,2500,C5-resources-2500,1,93,1214342
C5,2500,C5-resources-2500,1,94,1206595
C5,2500,C5-resources-2500,1,95,1294954
C5,2500,C5-resources-2500,1,96,1380148
C5,2500,C5-resources-2500,1,97,1213139
C5,2500,C5-resources-2500,1,98,1212325
C5,2500,C5-resources-2500,1,99,1309263
C5,2500,C5-resources-2500,1,100,1304352
C5,2500,C5-resources-2500,2,1,1260393
C5,2500,C5-resources-2500,2,2,1283519
C5,2500,C5-resources-2500,2,3,1371702
C5,2500,C5-resources-2500,2,4,1314996
C5,2500,C5-resources-2500,2,5,1286748
C5,2500,C5-resources-2500,2,6,1248766
C5,2500,C5-resources-2500,2,7,1269012
C5,2500,C5-resources-2500,2,8,1261356
C5,2500,C5-resources-2500,2,9,1245659
C5,2500,C5-resources-2500,2,10,1454976
C5,2500,C5-resources-2500,2,11,1252320
C5,2500,C5-resources-2500,2,12,1242793
C5,2500,C5-resources-2500,2,13,1212375
C5,2500,C5-resources-2500,2,14,1251748
C5,2500,C5-resources-2500,2,15,1204287
C5,2500,C5-resources-2500,2,16,1216535
C5,2500,C5-resources-2500,2,17,1340483
C5,2500,C5-resources-2500,2,18,1343027
C5,2500,C5-resources-2500,2,19,1210888
C5,2500,C5-resources-2500,2,20,1257483
C5,2500,C5-resources-2500,2,21,1199415
C5,2500,C5-resources-2500,2,22,1213660
C5,2500,C5-resources-2500,2,23,1238303
C5,2500,C5-resources-2500,2,24,1313078
C5,2500,C5-resources-2500,2,25,1381815
C5,2500,C5-resources-2500,2,26,1266217
C5,2500,C5-resources-2500,2,27,1250119
C5,2500,C5-resources-2500,2,28,1244697
C5,2500,C5-resources-2500,2,29,1267152
C5,2500,C5-resources-2500,2,30,1337280
C5,2500,C5-resources-2500,2,31,1346484
C5,2500,C5-resources-2500,2,32,1360475
C5,2500,C5-resources-2500,2,33,1252790
C5,2500,C5-resources-2500,2,34,1252503
C5,2500,C5-resources-2500,2,35,1222387
C5,2500,C5-resources-2500,2,36,1239386
C5,2500,C5-resources-2500,2,37,1199255
C5,2500,C5-resources-2500,2,38,1233077
C5,2500,C5-resources-2500,2,39,1495698
C5,2500,C5-resources-2500,2,40,1287162
C5,2500,C5-resources-2500,2,41,1232744
C5,2500,C5-resources-2500,2,42,1238160
C5,2500,C5-resources-2500,2,43,1235443
C5,2500,C5-resources-2500,2,44,1248851
C5,2500,C5-resources-2500,2,45,1233835
C5,2500,C5-resources-2500,2,46,1269868
C5,2500,C5-resources-2500,2,47,1324163
C5,2500,C5-resources-2500,2,48,1225171
C5,2500,C5-resources-2500,2,49,1241484
C5,2500,C5-resources-2500,2,50,1230053
C5,2500,C5-resources-2500,2,51,1207164
C5,2500,C5-resources-2500,2,52,1247681
C5,2500,C5-resources-2500,2,53,1222885
C5,2500,C5-resources-2500,2,54,1338773
C5,2500,C5-resources-2500,2,55,1309821
C5,2500,C5-resources-2500,2,56,1233422
C5,2500,C5-resources-2500,2,57,1222894
C5,2500,C5-resources-2500,2,58,1247147
C5,2500,C5-resources-2500,2,59,1219576
C5,2500,C5-resources-2500,2,60,1213325
C5,2500,C5-resources-2500,2,61,1330167
C5,2500,C5-resources-2500,2,62,1295136
C5,2500,C5-resources-2500,2,63,1225538
C5,2500,C5-resources-2500,2,64,1238402
C5,2500,C5-resources-2500,2,65,1246777
C5,2500,C5-resources-2500,2,66,1252519
C5,2500,C5-resources-2500,2,67,1225853
C5,2500,C5-resources-2500,2,68,1225921
C5,2500,C5-resources-2500,2,69,1395425
C5,2500,C5-resources-2500,2,70,1224874
C5,2500,C5-resources-2500,2,71,1235361
C5,2500,C5-resources-2500,2,72,1218668
C5,2500,C5-resources-2500,2,73,1213681
C5,2500,C5-resources-2500,2,74,1220080
C5,2500,C5-resources-2500,2,75,1198095
C5,2500,C5-resources-2500,2,76,1210602
C5,2500,C5-resources-2500,2,77,1406301
C5,2500,C5-resources-2500,2,78,1244327
C5,2500,C5-resources-2500,2,79,1234752
C5,2500,C5-resources-2500,2,80,1250035
C5,2500,C5-resources-2500,2,81,1240737
C5,2500,C5-resources-2500,2,82,1257567
C5,2500,C5-resources-2500,2,83,1323052
C5,2500,C5-resources-2500,2,84,1429272
C5,2500,C5-resources-2500,2,85,1328789
C5,2500,C5-resources-2500,2,86,1243481
C5,2500,C5-resources-2500,2,87,1242497
C5,2500,C5-resources-2500,2,88,1227542
C5,2500,C5-resources-2500,2,89,1231229
C5,2500,C5-resources-2500,2,90,1231910
C5,2500,C5-resources-2500,2,91,1270833
C5,2500,C5-resources-2500,2,92,1320986
C5,2500,C5-resources-2500,2,93,1251515
C5,2500,C5-resources-2500,2,94,1213160
C5,2500,C5-resources-2500,2,95,1213890
C5,2500,C5-resources-2500,2,96,1223377
C5,2500,C5-resources-2500,2,97,1206914
C5,2500,C5-resources-2500,2,98,1223320
C5,2500,C5-resources-2500,2,99,1413497
C5,2500,C5-resources-2500,2,100,1229730
C5,2500,C5-resources-2500,3,1,8620443
C5,2500,C5-resources-2500,3,2,2048029
C5,2500,C5-resources-2500,3,3,1457818
C5,2500,C5-resources-2500,3,4,1358524
C5,2500,C5-resources-2500,3,5,1280694
C5,2500,C5-resources-2500,3,6,1278393
C5,2500,C5-resources-2500,3,7,1270099
C5,2500,C5-resources-2500,3,8,1317437
C5,2500,C5-resources-2500,3,9,1256299
C5,2500,C5-resources-2500,3,10,1244326
C5,2500,C5-resources-2500,3,11,1239462
C5,2500,C5-resources-2500,3,12,1514149
C5,2500,C5-resources-2500,3,13,1289137
C5,2500,C5-resources-2500,3,14,1244502
C5,2500,C5-resources-2500,3,15,1247286
C5,2500,C5-resources-2500,3,16,1215539
C5,2500,C5-resources-2500,3,17,1219816
C5,2500,C5-resources-2500,3,18,1289301
C5,2500,C5-resources-2500,3,19,1229667
C5,2500,C5-resources-2500,3,20,1223600
C5,2500,C5-resources-2500,3,21,1234892
C5,2500,C5-resources-2500,3,22,1231681
C5,2500,C5-resources-2500,3,23,1233687
C5,2500,C5-resources-2500,3,24,1301731
C5,2500,C5-resources-2500,3,25,1258491
C5,2500,C5-resources-2500,3,26,1232951
C5,2500,C5-resources-2500,3,27,1237370
C5,2500,C5-resources-2500,3,28,1457273
C5,2500,C5-resources-2500,3,29,1266035
C5,2500,C5-resources-2500,3,30,1585065
C5,2500,C5-resources-2500,3,31,1374408
C5,2500,C5-resources-2500,3,32,1269985
C5,2500,C5-resources-2500,3,33,1294265
C5,2500,C5-resources-2500,3,34,1286965
C5,2500,C5-resources-2500,3,35,1270739
C5,2500,C5-resources-2500,3,36,1311100
C5,2500,C5-resources-2500,3,37,1296809
C5,2500,C5-resources-2500,3,38,1275223
C5,2500,C5-resources-2500,3,39,1298489
C5,2500,C5-resources-2500,3,40,1387136
C5,2500,C5-resources-2500,3,41,1345583
C5,2500,C5-resources-2500,3,42,1325457
C5,2500,C5-resources-2500,3,43,1322745
C5,2500,C5-resources-2500,3,44,1321458
C5,2500,C5-resources-2500,3,45,1370421
C5,2500,C5-resources-2500,3,46,1331391
C5,2500,C5-resources-2500,3,47,1436571
C5,2500,C5-resources-2500,3,48,1412166
C5,2500,C5-resources-2500,3,49,1427021
C5,2500,C5-resources-2500,3,50,1297559
C5,2500,C5-resources-2500,3,51,1406192
C5,2500,C5-resources-2500,3,52,1356879
C5,2500,C5-resources-2500,3,53,1268782
C5,2500,C5-resources-2500,3,54,1263146
C5,2500,C5-resources-2500,3,55,1290014
C5,2500,C5-resources-2500,3,56,1238831
C5,2500,C5-resources-2500,3,57,1281613
C5,2500,C5-resources-2500,3,58,1234379
C5,2500,C5-resources-2500,3,59,1219919
C5,2500,C5-resources-2500,3,60,1263944
C5,2500,C5-resources-2500,3,61,1244420
C5,2500,C5-resources-2500,3,62,1309761
C5,2500,C5-resources-2500,3,63,1241850
C5,2500,C5-resources-2500,3,64,1230162
C5,2500,C5-resources-2500,3,65,1267645
C5,2500,C5-resources-2500,3,66,1242429
C5,2500,C5-resources-2500,3,67,1273942
C5,2500,C5-resources-2500,3,68,1219778
C5,2500,C5-resources-2500,3,69,1213943
C5,2500,C5-resources-2500,3,70,1234881
C5,2500,C5-resources-2500,3,71,1308234
C5,2500,C5-resources-2500,3,72,1790811
C5,2500,C5-resources-2500,3,73,2782438
C5,2500,C5-resources-2500,3,74,1737754
C5,2500,C5-resources-2500,3,75,1309757
C5,2500,C5-resources-2500,3,76,1276399
C5,2500,C5-resources-2500,3,77,1328150
C5,2500,C5-resources-2500,3,78,1254670
C5,2500,C5-resources-2500,3,79,1243097
C5,2500,C5-resources-2500,3,80,1280205
C5,2500,C5-resources-2500,3,81,1246972
C5,2500,C5-resources-2500,3,82,1254805
C5,2500,C5-resources-2500,3,83,1283281
C5,2500,C5-resources-2500,3,84,1240608
C5,2500,C5-resources-2500,3,85,1277381
C5,2500,C5-resources-2500,3,86,1234190
C5,2500,C5-resources-2500,3,87,1292765
C5,2500,C5-resources-2500,3,88,1226720
C5,2500,C5-resources-2500,3,89,1222783
C5,2500,C5-resources-2500,3,90,1261781
C5,2500,C5-resources-2500,3,91,1230275
C5,2500,C5-resources-2500,3,92,1228941
C5,2500,C5-resources-2500,3,93,1273495
C5,2500,C5-resources-2500,3,94,1376375
C5,2500,C5-resources-2500,3,95,1270738
C5,2500,C5-resources-2500,3,96,1322034
C5,2500,C5-resources-2500,3,97,1353765
C5,2500,C5-resources-2500,3,98,1368239
C5,2500,C5-resources-2500,3,99,1323208
C5,2500,C5-resources-2500,3,100,1324280
C5,2500,C5-resources-2500,4,1,1274813
C5,2500,C5-resources-2500,4,2,1314701
C5,2500,C5-resources-2500,4,3,1224943
C5,2500,C5-resources-2500,4,4,1247124
C5,2500,C5-resources-2500,4,5,1233382
C5,2500,C5-resources-2500,4,6,1257321
C5,2500,C5-resources-2500,4,7,1284330
C5,2500,C5-resources-2500,4,8,1244433
C5,2500,C5-resources-2500,4,9,1243076
C5,2500,C5-resources-2500,4,10,1219225
C5,2500,C5-resources-2500,4,11,1264844
C5,2500,C5-resources-2500,4,12,1220998
C5,2500,C5-resources-2500,4,13,1201800
C5,2500,C5-resources-2500,4,14,1223881
C5,2500,C5-resources-2500,4,15,1353741
C5,2500,C5-resources-2500,4,16,1281095
C5,2500,C5-resources-2500,4,17,1244229
C5,2500,C5-resources-2500,4,18,1323522
C5,2500,C5-resources-2500,4,19,1702349
C5,2500,C5-resources-2500,4,20,1262661
C5,2500,C5-resources-2500,4,21,1277044
C5,2500,C5-resources-2500,4,22,1294012
C5,2500,C5-resources-2500,4,23,1289193
C5,2500,C5-resources-2500,4,24,1310377
C5,2500,C5-resources-2500,4,25,1438095
C5,2500,C5-resources-2500,4,26,1308329
C5,2500,C5-resources-2500,4,27,1308922
C5,2500,C5-resources-2500,4,28,1264427
C5,2500,C5-resources-2500,4,29,1259523
C5,2500,C5-resources-2500,4,30,1266518
C5,2500,C5-resources-2500,4,31,1248933
C5,2500,C5-resources-2500,4,32,1230326
C5,2500,C5-resources-2500,4,33,1267034
C5,2500,C5-resources-2500,4,34,1241978
C5,2500,C5-resources-2500,4,35,1274482
C5,2500,C5-resources-2500,4,36,1259736
C5,2500,C5-resources-2500,4,37,1231369
C5,2500,C5-resources-2500,4,38,1273766
C5,2500,C5-resources-2500,4,39,1255760
C5,2500,C5-resources-2500,4,40,1220007
C5,2500,C5-resources-2500,4,41,8846431
C5,2500,C5-resources-2500,4,42,1490031
C5,2500,C5-resources-2500,4,43,1403201
C5,2500,C5-resources-2500,4,44,1301948
C5,2500,C5-resources-2500,4,45,1318233
C5,2500,C5-resources-2500,4,46,1260039
C5,2500,C5-resources-2500,4,47,1214878
C5,2500,C5-resources-2500,4,48,1217894
C5,2500,C5-resources-2500,4,49,1226107
C5,2500,C5-resources-2500,4,50,1241748
C5,2500,C5-resources-2500,4,51,1214831
C5,2500,C5-resources-2500,4,52,1235978
C5,2500,C5-resources-2500,4,53,1335255
C5,2500,C5-resources-2500,4,54,1256996
C5,2500,C5-resources-2500,4,55,1247038
C5,2500,C5-resources-2500,4,56,1252326
C5,2500,C5-resources-2500,4,57,1224545
C5,2500,C5-resources-2500,4,58,1282391
C5,2500,C5-resources-2500,4,59,1255499
C5,2500,C5-resources-2500,4,60,1396237
C5,2500,C5-resources-2500,4,61,1306271
C5,2500,C5-resources-2500,4,62,1247119
C5,2500,C5-resources-2500,4,63,1238047
C5,2500,C5-resources-2500,4,64,1217953
C5,2500,C5-resources-2500,4,65,1399614
C5,2500,C5-resources-2500,4,66,1371604
C5,2500,C5-resources-2500,4,67,1305895
C5,2500,C5-resources-2500,4,68,1351330
C5,2500,C5-resources-2500,4,69,1295765
C5,2500,C5-resources-2500,4,70,1241310
C5,2500,C5-resources-2500,4,71,1299769
C5,2500,C5-resources-2500,4,72,1264218
C5,2500,C5-resources-2500,4,73,1214488
C5,2500,C5-resources-2500,4,74,1294752
C5,2500,C5-resources-2500,4,75,1226093
C5,2500,C5-resources-2500,4,76,1233953
C5,2500,C5-resources-2500,4,77,1267745
C5,2500,C5-resources-2500,4,78,1269390
C5,2500,C5-resources-2500,4,79,1273275
C5,2500,C5-resources-2500,4,80,1266273
C5,2500,C5-resources-2500,4,81,1225986
C5,2500,C5-resources-2500,4,82,1247710
C5,2500,C5-resources-2500,4,83,1279167
C5,2500,C5-resources-2500,4,84,1380202
C5,2500,C5-resources-2500,4,85,1664724
C5,2500,C5-resources-2500,4,86,1266486
C5,2500,C5-resources-2500,4,87,1321862
C5,2500,C5-resources-2500,4,88,1414923
C5,2500,C5-resources-2500,4,89,1480055
C5,2500,C5-resources-2500,4,90,1307755
C5,2500,C5-resources-2500,4,91,1272198
C5,2500,C5-resources-2500,4,92,1255823
C5,2500,C5-resources-2500,4,93,1305059
C5,2500,C5-resources-2500,4,94,1291256
C5,2500,C5-resources-2500,4,95,1325058
C5,2500,C5-resources-2500,4,96,1269590
C5,2500,C5-resources-2500,4,97,1269971
C5,2500,C5-resources-2500,4,98,1341604
C5,2500,C5-resources-2500,4,99,1241006
C5,2500,C5-resources-2500,4,100,1254258
C5,2500,C5-resources-2500,5,1,1286993
C5,2500,C5-resources-2500,5,2,1244914
C5,2500,C5-resources-2500,5,3,1334146
C5,2500,C5-resources-2500,5,4,1359894
C5,2500,C5-resources-2500,5,5,1268413
C5,2500,C5-resources-2500,5,6,1242810
C5,2500,C5-resources-2500,5,7,1326079
C5,2500,C5-resources-2500,5,8,1843177
C5,2500,C5-resources-2500,5,9,1645991
C5,2500,C5-resources-2500,5,10,1540857
C5,2500,C5-resources-2500,5,11,1311904
C5,2500,C5-resources-2500,5,12,1313464
C5,2500,C5-resources-2500,5,13,1333607
C5,2500,C5-resources-2500,5,14,1322702
C5,2500,C5-resources-2500,5,15,1258088
C5,2500,C5-resources-2500,5,16,1306833
C5,2500,C5-resources-2500,5,17,1283197
C5,2500,C5-resources-2500,5,18,1246348
C5,2500,C5-resources-2500,5,19,1276480
C5,2500,C5-resources-2500,5,20,1220546
C5,2500,C5-resources-2500,5,21,1212527
C5,2500,C5-resources-2500,5,22,1228668
C5,2500,C5-resources-2500,5,23,1223687
C5,2500,C5-resources-2500,5,24,1272468
C5,2500,C5-resources-2500,5,25,1240520
C5,2500,C5-resources-2500,5,26,1215639
C5,2500,C5-resources-2500,5,27,1225731
C5,2500,C5-resources-2500,5,28,1217266
C5,2500,C5-resources-2500,5,29,1283691
C5,2500,C5-resources-2500,5,30,1282563
C5,2500,C5-resources-2500,5,31,1302804
C5,2500,C5-resources-2500,5,32,1285617
C5,2500,C5-resources-2500,5,33,1275879
C5,2500,C5-resources-2500,5,34,1568665
C5,2500,C5-resources-2500,5,35,1318833
C5,2500,C5-resources-2500,5,36,1254101
C5,2500,C5-resources-2500,5,37,1284169
C5,2500,C5-resources-2500,5,38,1405753
C5,2500,C5-resources-2500,5,39,1285859
C5,2500,C5-resources-2500,5,40,1275943
C5,2500,C5-resources-2500,5,41,1291618
C5,2500,C5-resources-2500,5,42,1237083
C5,2500,C5-resources-2500,5,43,1232532
C5,2500,C5-resources-2500,5,44,1261467
C5,2500,C5-resources-2500,5,45,1288360
C5,2500,C5-resources-2500,5,46,1329453
C5,2500,C5-resources-2500,5,47,1265102
C5,2500,C5-resources-2500,5,48,1244477
C5,2500,C5-resources-2500,5,49,1231061
C5,2500,C5-resources-2500,5,50,1225789
C5,2500,C5-resources-2500,5,51,1220434
C5,2500,C5-resources-2500,5,52,1240347
C5,2500,C5-resources-2500,5,53,1324186
C5,2500,C5-resources-2500,5,54,1261413
C5,2500,C5-resources-2500,5,55,1232881
C5,2500,C5-resources-2500,5,56,1290693
C5,2500,C5-resources-2500,5,57,1327468
C5,2500,C5-resources-2500,5,58,1305417
C5,2500,C5-resources-2500,5,59,1253344
C5,2500,C5-resources-2500,5,60,1263330
C5,2500,C5-resources-2500,5,61,1265891
C5,2500,C5-resources-2500,5,62,1305102
C5,2500,C5-resources-2500,5,63,1301941
C5,2500,C5-resources-2500,5,64,1350714
C5,2500,C5-resources-2500,5,65,1296207
C5,2500,C5-resources-2500,5,66,1303559
C5,2500,C5-resources-2500,5,67,1318810
C5,2500,C5-resources-2500,5,68,1320988
C5,2500,C5-resources-2500,5,69,1272303
C5,2500,C5-resources-2500,5,70,1207774
C5,2500,C5-resources-2500,5,71,1206181
C5,2500,C5-resources-2500,5,72,1230028
C5,2500,C5-resources-2500,5,73,1265958
C5,2500,C5-resources-2500,5,74,1208646
C5,2500,C5-resources-2500,5,75,1289686
C5,2500,C5-resources-2500,5,76,1205851
C5,2500,C5-resources-2500,5,77,1233648
C5,2500,C5-resources-2500,5,78,1270990
C5,2500,C5-resources-2500,5,79,1297234
C5,2500,C5-resources-2500,5,80,8514555
C5,2500,C5-resources-2500,5,81,1419555
C5,2500,C5-resources-2500,5,82,1321166
C5,2500,C5-resources-2500,5,83,1300738
C5,2500,C5-resources-2500,5,84,1304626
C5,2500,C5-resources-2500,5,85,1246928
C5,2500,C5-resources-2500,5,86,1215748
C5,2500,C5-resources-2500,5,87,1211434
C5,2500,C5-resources-2500,5,88,1225832
C5,2500,C5-resources-2500,5,89,1204880
C5,2500,C5-resources-2500,5,90,1236752
C5,2500,C5-resources-2500,5,91,1312292
C5,2500,C5-resources-2500,5,92,1221406
C5,2500,C5-resources-2500,5,93,1206034
C5,2500,C5-resources-2500,5,94,1204909
C5,2500,C5-resources-2500,5,95,1259089
C5,2500,C5-resources-2500,5,96,1256854
C5,2500,C5-resources-2500,5,97,1213867
C5,2500,C5-resources-2500,5,98,1226451
C5,2500,C5-resources-2500,5,99,1277686
C5,2500,C5-resources-2500,5,100,1300847
C5,2500,C5-resources-2500,6,1,1379014
C5,2500,C5-resources-2500,6,2,1393522
C5,2500,C5-resources-2500,6,3,1272128
C5,2500,C5-resources-2500,6,4,1276392
C5,2500,C5-resources-2500,6,5,1287869
C5,2500,C5-resources-2500,6,6,1398270
C5,2500,C5-resources-2500,6,7,1265030
C5,2500,C5-resources-2500,6,8,1197135
C5,2500,C5-resources-2500,6,9,1193697
C5,2500,C5-resources-2500,6,10,1251530
C5,2500,C5-resources-2500,6,11,1243923
C5,2500,C5-resources-2500,6,12,1236492
C5,2500,C5-resources-2500,6,13,1286302
C5,2500,C5-resources-2500,6,14,1248427
C5,2500,C5-resources-2500,6,15,1215451
C5,2500,C5-resources-2500,6,16,1239436
C5,2500,C5-resources-2500,6,17,1279039
C5,2500,C5-resources-2500,6,18,1244802
C5,2500,C5-resources-2500,6,19,1232617
C5,2500,C5-resources-2500,6,20,1307497
C5,2500,C5-resources-2500,6,21,1323229
C5,2500,C5-resources-2500,6,22,1261338
C5,2500,C5-resources-2500,6,23,1303808
C5,2500,C5-resources-2500,6,24,1281774
C5,2500,C5-resources-2500,6,25,1288820
C5,2500,C5-resources-2500,6,26,1268966
C5,2500,C5-resources-2500,6,27,1236905
C5,2500,C5-resources-2500,6,28,1424626
C5,2500,C5-resources-2500,6,29,1286374
C5,2500,C5-resources-2500,6,30,1210191
C5,2500,C5-resources-2500,6,31,1222202
C5,2500,C5-resources-2500,6,32,1221023
C5,2500,C5-resources-2500,6,33,1250537
C5,2500,C5-resources-2500,6,34,1312843
C5,2500,C5-resources-2500,6,35,1280042
C5,2500,C5-resources-2500,6,36,1227979
C5,2500,C5-resources-2500,6,37,1210146
C5,2500,C5-resources-2500,6,38,1234126
C5,2500,C5-resources-2500,6,39,1263501
C5,2500,C5-resources-2500,6,40,1222678
C5,2500,C5-resources-2500,6,41,1220823
C5,2500,C5-resources-2500,6,42,1250283
C5,2500,C5-resources-2500,6,43,1254547
C5,2500,C5-resources-2500,6,44,1291295
C5,2500,C5-resources-2500,6,45,1319096
C5,2500,C5-resources-2500,6,46,1282666
C5,2500,C5-resources-2500,6,47,1267966
C5,2500,C5-resources-2500,6,48,1296447
C5,2500,C5-resources-2500,6,49,1312931
C5,2500,C5-resources-2500,6,50,1396394
C5,2500,C5-resources-2500,6,51,1321471
C5,2500,C5-resources-2500,6,52,1275838
C5,2500,C5-resources-2500,6,53,1241980
C5,2500,C5-resources-2500,6,54,1285349
C5,2500,C5-resources-2500,6,55,1302855
C5,2500,C5-resources-2500,6,56,1293616
C5,2500,C5-resources-2500,6,57,1305515
C5,2500,C5-resources-2500,6,58,1220644
C5,2500,C5-resources-2500,6,59,1209229
C5,2500,C5-resources-2500,6,60,1269670
C5,2500,C5-resources-2500,6,61,1264305
C5,2500,C5-resources-2500,6,62,1246150
C5,2500,C5-resources-2500,6,63,1230020
C5,2500,C5-resources-2500,6,64,1301686
C5,2500,C5-resources-2500,6,65,1253436
C5,2500,C5-resources-2500,6,66,1279148
C5,2500,C5-resources-2500,6,67,1279060
C5,2500,C5-resources-2500,6,68,1259651
C5,2500,C5-resources-2500,6,69,1245996
C5,2500,C5-resources-2500,6,70,1322018
C5,2500,C5-resources-2500,6,71,1386735
C5,2500,C5-resources-2500,6,72,1329069
C5,2500,C5-resources-2500,6,73,1334127
C5,2500,C5-resources-2500,6,74,1266878
C5,2500,C5-resources-2500,6,75,1231621
C5,2500,C5-resources-2500,6,76,1232886
C5,2500,C5-resources-2500,6,77,1273843
C5,2500,C5-resources-2500,6,78,1214672
C5,2500,C5-resources-2500,6,79,1280216
C5,2500,C5-resources-2500,6,80,1278554
C5,2500,C5-resources-2500,6,81,1290553
C5,2500,C5-resources-2500,6,82,1280165
C5,2500,C5-resources-2500,6,83,1239480
C5,2500,C5-resources-2500,6,84,1241329
C5,2500,C5-resources-2500,6,85,1235692
C5,2500,C5-resources-2500,6,86,1261839
C5,2500,C5-resources-2500,6,87,1345166
C5,2500,C5-resources-2500,6,88,1221231
C5,2500,C5-resources-2500,6,89,1244655
C5,2500,C5-resources-2500,6,90,1234924
C5,2500,C5-resources-2500,6,91,1230729
C5,2500,C5-resources-2500,6,92,1243387
C5,2500,C5-resources-2500,6,93,1320330
C5,2500,C5-resources-2500,6,94,1290260
C5,2500,C5-resources-2500,6,95,1330494
C5,2500,C5-resources-2500,6,96,1249813
C5,2500,C5-resources-2500,6,97,1278313
C5,2500,C5-resources-2500,6,98,1296402
C5,2500,C5-resources-2500,6,99,1215976
C5,2500,C5-resources-2500,6,100,1305178
C5,2500,C5-resources-2500,7,1,1358968
C5,2500,C5-resources-2500,7,2,1291325
C5,2500,C5-resources-2500,7,3,1359174
C5,2500,C5-resources-2500,7,4,1249317
C5,2500,C5-resources-2500,7,5,1228572
C5,2500,C5-resources-2500,7,6,1236656
C5,2500,C5-resources-2500,7,7,1262646
C5,2500,C5-resources-2500,7,8,1249186
C5,2500,C5-resources-2500,7,9,1232415
C5,2500,C5-resources-2500,7,10,1366963
C5,2500,C5-resources-2500,7,11,1226898
C5,2500,C5-resources-2500,7,12,1211395
C5,2500,C5-resources-2500,7,13,1223970
C5,2500,C5-resources-2500,7,14,1247754
C5,2500,C5-resources-2500,7,15,1267101
C5,2500,C5-resources-2500,7,16,1217041
C5,2500,C5-resources-2500,7,17,1351801
C5,2500,C5-resources-2500,7,18,1354110
C5,2500,C5-resources-2500,7,19,1260955
C5,2500,C5-resources-2500,7,20,9180721
C5,2500,C5-resources-2500,7,21,1482390
C5,2500,C5-resources-2500,7,22,1299138
C5,2500,C5-resources-2500,7,23,1278801
C5,2500,C5-resources-2500,7,24,1270627
C5,2500,C5-resources-2500,7,25,1258101
C5,2500,C5-resources-2500,7,26,1279091
C5,2500,C5-resources-2500,7,27,1229071
C5,2500,C5-resources-2500,7,28,1251591
C5,2500,C5-resources-2500,7,29,1247306
C5,2500,C5-resources-2500,7,30,1225762
C5,2500,C5-resources-2500,7,31,1223511
C5,2500,C5-resources-2500,7,32,1257060
C5,2500,C5-resources-2500,7,33,1243032
C5,2500,C5-resources-2500,7,34,1259608
C5,2500,C5-resources-2500,7,35,1323741
C5,2500,C5-resources-2500,7,36,1271727
C5,2500,C5-resources-2500,7,37,1221564
C5,2500,C5-resources-2500,7,38,1258639
C5,2500,C5-resources-2500,7,39,1257114
C5,2500,C5-resources-2500,7,40,1276346
C5,2500,C5-resources-2500,7,41,1555664
C5,2500,C5-resources-2500,7,42,1417117
C5,2500,C5-resources-2500,7,43,1283741
C5,2500,C5-resources-2500,7,44,1278525
C5,2500,C5-resources-2500,7,45,1318315
C5,2500,C5-resources-2500,7,46,1223894
C5,2500,C5-resources-2500,7,47,1266587
C5,2500,C5-resources-2500,7,48,1252513
C5,2500,C5-resources-2500,7,49,1228567
C5,2500,C5-resources-2500,7,50,1208232
C5,2500,C5-resources-2500,7,51,1271312
C5,2500,C5-resources-2500,7,52,1210244
C5,2500,C5-resources-2500,7,53,1211348
C5,2500,C5-resources-2500,7,54,1260425
C5,2500,C5-resources-2500,7,55,1294621
C5,2500,C5-resources-2500,7,56,1275710
C5,2500,C5-resources-2500,7,57,1292336
C5,2500,C5-resources-2500,7,58,1227819
C5,2500,C5-resources-2500,7,59,1295947
C5,2500,C5-resources-2500,7,60,1265356
C5,2500,C5-resources-2500,7,61,1300969
C5,2500,C5-resources-2500,7,62,1236410
C5,2500,C5-resources-2500,7,63,1288032
C5,2500,C5-resources-2500,7,64,1390997
C5,2500,C5-resources-2500,7,65,1343911
C5,2500,C5-resources-2500,7,66,1310345
C5,2500,C5-resources-2500,7,67,1268707
C5,2500,C5-resources-2500,7,68,1293344
C5,2500,C5-resources-2500,7,69,1234716
C5,2500,C5-resources-2500,7,70,1230969
C5,2500,C5-resources-2500,7,71,1238807
C5,2500,C5-resources-2500,7,72,1249413
C5,2500,C5-resources-2500,7,73,1242608
C5,2500,C5-resources-2500,7,74,1236245
C5,2500,C5-resources-2500,7,75,1238847
C5,2500,C5-resources-2500,7,76,1252267
C5,2500,C5-resources-2500,7,77,1242521
C5,2500,C5-resources-2500,7,78,1249532
C5,2500,C5-resources-2500,7,79,1276311
C5,2500,C5-resources-2500,7,80,1253528
C5,2500,C5-resources-2500,7,81,1304557
C5,2500,C5-resources-2500,7,82,1296508
C5,2500,C5-resources-2500,7,83,1260293
C5,2500,C5-resources-2500,7,84,1359584
C5,2500,C5-resources-2500,7,85,1295615
C5,2500,C5-resources-2500,7,86,1299637
C5,2500,C5-resources-2500,7,87,1225524
C5,2500,C5-resources-2500,7,88,1260214
C5,2500,C5-resources-2500,7,89,1375112
C5,2500,C5-resources-2500,7,90,1327584
C5,2500,C5-resources-2500,7,91,1319560
C5,2500,C5-resources-2500,7,92,1283991
C5,2500,C5-resources-2500,7,93,1293258
C5,2500,C5-resources-2500,7,94,1252785
C5,2500,C5-resources-2500,7,95,1298484
C5,2500,C5-resources-2500,7,96,1250529
C5,2500,C5-resources-2500,7,97,1246168
C5,2500,C5-resources-2500,7,98,1264430
C5,2500,C5-resources-2500,7,99,1204495
C5,2500,C5-resources-2500,7,100,1221691
C5,2500,C5-resources-2500,8,1,1333439
C5,2500,C5-resources-2500,8,2,1284698
C5,2500,C5-resources-2500,8,3,1271965
C5,2500,C5-resources-2500,8,4,1220837
C5,2500,C5-resources-2500,8,5,1200964
C5,2500,C5-resources-2500,8,6,1244094
C5,2500,C5-resources-2500,8,7,1315569
C5,2500,C5-resources-2500,8,8,1282288
C5,2500,C5-resources-2500,8,9,1244567
C5,2500,C5-resources-2500,8,10,1245047
C5,2500,C5-resources-2500,8,11,1264532
C5,2500,C5-resources-2500,8,12,1252747
C5,2500,C5-resources-2500,8,13,1227898
C5,2500,C5-resources-2500,8,14,1266768
C5,2500,C5-resources-2500,8,15,1284016
C5,2500,C5-resources-2500,8,16,1279504
C5,2500,C5-resources-2500,8,17,1256993
C5,2500,C5-resources-2500,8,18,1242949
C5,2500,C5-resources-2500,8,19,1257455
C5,2500,C5-resources-2500,8,20,1235554
C5,2500,C5-resources-2500,8,21,1258777
C5,2500,C5-resources-2500,8,22,1279174
C5,2500,C5-resources-2500,8,23,1251836
C5,2500,C5-resources-2500,8,24,1231580
C5,2500,C5-resources-2500,8,25,1231568
C5,2500,C5-resources-2500,8,26,1277454
C5,2500,C5-resources-2500,8,27,1225882
C5,2500,C5-resources-2500,8,28,1258266
C5,2500,C5-resources-2500,8,29,1249326
C5,2500,C5-resources-2500,8,30,1310861
C5,2500,C5-resources-2500,8,31,1211218
C5,2500,C5-resources-2500,8,32,1227772
C5,2500,C5-resources-2500,8,33,1315708
C5,2500,C5-resources-2500,8,34,1308406
C5,2500,C5-resources-2500,8,35,1371515
C5,2500,C5-resources-2500,8,36,1323591
C5,2500,C5-resources-2500,8,37,1338122
C5,2500,C5-resources-2500,8,38,1248718
C5,2500,C5-resources-2500,8,39,1250523
C5,2500,C5-resources-2500,8,40,1254975
C5,2500,C5-resources-2500,8,41,1210754
C5,2500,C5-resources-2500,8,42,1273982
C5,2500,C5-resources-2500,8,43,1248976
C5,2500,C5-resources-2500,8,44,1233645
C5,2500,C5-resources-2500,8,45,1320677
C5,2500,C5-resources-2500,8,46,1242862
C5,2500,C5-resources-2500,8,47,1241770
C5,2500,C5-resources-2500,8,48,1244359
C5,2500,C5-resources-2500,8,49,1256368
C5,2500,C5-resources-2500,8,50,1248884
C5,2500,C5-resources-2500,8,51,1269117
C5,2500,C5-resources-2500,8,52,1275678
C5,2500,C5-resources-2500,8,53,1334494
C5,2500,C5-resources-2500,8,54,1301239
C5,2500,C5-resources-2500,8,55,1324733
C5,2500,C5-resources-2500,8,56,1256380
C5,2500,C5-resources-2500,8,57,1258882
C5,2500,C5-resources-2500,8,58,1306661
C5,2500,C5-resources-2500,8,59,1302219
C5,2500,C5-resources-2500,8,60,8743991
C5,2500,C5-resources-2500,8,61,1508501
C5,2500,C5-resources-2500,8,62,1313095
C5,2500,C5-resources-2500,8,63,1232829
C5,2500,C5-resources-2500,8,64,1246658
C5,2500,C5-resources-2500,8,65,1230816
C5,2500,C5-resources-2500,8,66,1208722
C5,2500,C5-resources-2500,8,67,1230642
C5,2500,C5-resources-2500,8,68,1253406
C5,2500,C5-resources-2500,8,69,1286319
C5,2500,C5-resources-2500,8,70,1240867
C5,2500,C5-resources-2500,8,71,1349000
C5,2500,C5-resources-2500,8,72,1278503
C5,2500,C5-resources-2500,8,73,1219295
C5,2500,C5-resources-2500,8,74,1256049
C5,2500,C5-resources-2500,8,75,1262122
C5,2500,C5-resources-2500,8,76,1396156
C5,2500,C5-resources-2500,8,77,1425153
C5,2500,C5-resources-2500,8,78,1283058
C5,2500,C5-resources-2500,8,79,1286575
C5,2500,C5-resources-2500,8,80,1352797
C5,2500,C5-resources-2500,8,81,1236901
C5,2500,C5-resources-2500,8,82,1245630
C5,2500,C5-resources-2500,8,83,1310802
C5,2500,C5-resources-2500,8,84,1230748
C5,2500,C5-resources-2500,8,85,1234334
C5,2500,C5-resources-2500,8,86,1252613
C5,2500,C5-resources-2500,8,87,1238604
C5,2500,C5-resources-2500,8,88,1229940
C5,2500,C5-resources-2500,8,89,1237282
C5,2500,C5-resources-2500,8,90,1272470
C5,2500,C5-resources-2500,8,91,1233545
C5,2500,C5-resources-2500,8,92,1208858
C5,2500,C5-resources-2500,8,93,1244814
C5,2500,C5-resources-2500,8,94,1207114
C5,2500,C5-resources-2500,8,95,1272199
C5,2500,C5-resources-2500,8,96,1272226
C5,2500,C5-resources-2500,8,97,1313565
C5,2500,C5-resources-2500,8,98,1341381
C5,2500,C5-resources-2500,8,99,1362133
C5,2500,C5-resources-2500,8,100,1270224
C4,750,C4-resources-0750,1,1,393568
C4,750,C4-resources-0750,1,2,393643
C4,750,C4-resources-0750,1,3,391848
C4,750,C4-resources-0750,1,4,415627
C4,750,C4-resources-0750,1,5,395428
C4,750,C4-resources-0750,1,6,395491
C4,750,C4-resources-0750,1,7,391447
C4,750,C4-resources-0750,1,8,404812
C4,750,C4-resources-0750,1,9,399326
C4,750,C4-resources-0750,1,10,390836
C4,750,C4-resources-0750,1,11,392674
C4,750,C4-resources-0750,1,12,398611
C4,750,C4-resources-0750,1,13,402921
C4,750,C4-resources-0750,1,14,396289
C4,750,C4-resources-0750,1,15,392169
C4,750,C4-resources-0750,1,16,398633
C4,750,C4-resources-0750,1,17,411970
C4,750,C4-resources-0750,1,18,439143
C4,750,C4-resources-0750,1,19,397395
C4,750,C4-resources-0750,1,20,392697
C4,750,C4-resources-0750,1,21,392526
C4,750,C4-resources-0750,1,22,391133
C4,750,C4-resources-0750,1,23,390741
C4,750,C4-resources-0750,1,24,395400
C4,750,C4-resources-0750,1,25,442990
C4,750,C4-resources-0750,1,26,444320
C4,750,C4-resources-0750,1,27,388423
C4,750,C4-resources-0750,1,28,412083
C4,750,C4-resources-0750,1,29,389312
C4,750,C4-resources-0750,1,30,405584
C4,750,C4-resources-0750,1,31,394164
C4,750,C4-resources-0750,1,32,390201
C4,750,C4-resources-0750,1,33,387609
C4,750,C4-resources-0750,1,34,389363
C4,750,C4-resources-0750,1,35,397613
C4,750,C4-resources-0750,1,36,390309
C4,750,C4-resources-0750,1,37,393040
C4,750,C4-resources-0750,1,38,429165
C4,750,C4-resources-0750,1,39,391239
C4,750,C4-resources-0750,1,40,392459
C4,750,C4-resources-0750,1,41,412217
C4,750,C4-resources-0750,1,42,392878
C4,750,C4-resources-0750,1,43,393777
C4,750,C4-resources-0750,1,44,389900
C4,750,C4-resources-0750,1,45,393890
C4,750,C4-resources-0750,1,46,397784
C4,750,C4-resources-0750,1,47,400227
C4,750,C4-resources-0750,1,48,419304
C4,750,C4-resources-0750,1,49,397884
C4,750,C4-resources-0750,1,50,390681
C4,750,C4-resources-0750,1,51,393906
C4,750,C4-resources-0750,1,52,392143
C4,750,C4-resources-0750,1,53,389061
C4,750,C4-resources-0750,1,54,391282
C4,750,C4-resources-0750,1,55,390372
C4,750,C4-resources-0750,1,56,445566
C4,750,C4-resources-0750,1,57,392030
C4,750,C4-resources-0750,1,58,414937
C4,750,C4-resources-0750,1,59,392962
C4,750,C4-resources-0750,1,60,398455
C4,750,C4-resources-0750,1,61,393201
C4,750,C4-resources-0750,1,62,389185
C4,750,C4-resources-0750,1,63,411933
C4,750,C4-resources-0750,1,64,438180
C4,750,C4-resources-0750,1,65,430698
C4,750,C4-resources-0750,1,66,429359
C4,750,C4-resources-0750,1,67,409548
C4,750,C4-resources-0750,1,68,416142
C4,750,C4-resources-0750,1,69,392803
C4,750,C4-resources-0750,1,70,391680
C4,750,C4-resources-0750,1,71,391047
C4,750,C4-resources-0750,1,72,401440
C4,750,C4-resources-0750,1,73,398589
C4,750,C4-resources-0750,1,74,388475
C4,750,C4-resources-0750,1,75,394355
C4,750,C4-resources-0750,1,76,390740
C4,750,C4-resources-0750,1,77,389361
C4,750,C4-resources-0750,1,78,407048
C4,750,C4-resources-0750,1,79,390792
C4,750,C4-resources-0750,1,80,390708
C4,750,C4-resources-0750,1,81,390460
C4,750,C4-resources-0750,1,82,405565
C4,750,C4-resources-0750,1,83,399088
C4,750,C4-resources-0750,1,84,390947
C4,750,C4-resources-0750,1,85,392655
C4,750,C4-resources-0750,1,86,392463
C4,750,C4-resources-0750,1,87,421166
C4,750,C4-resources-0750,1,88,422282
C4,750,C4-resources-0750,1,89,392022
C4,750,C4-resources-0750,1,90,397952
C4,750,C4-resources-0750,1,91,389581
C4,750,C4-resources-0750,1,92,389714
C4,750,C4-resources-0750,1,93,389155
C4,750,C4-resources-0750,1,94,392335
C4,750,C4-resources-0750,1,95,392392
C4,750,C4-resources-0750,1,96,393490
C4,750,C4-resources-0750,1,97,392060
C4,750,C4-resources-0750,1,98,416932
C4,750,C4-resources-0750,1,99,425581
C4,750,C4-resources-0750,1,100,404491
C4,750,C4-resources-0750,2,1,409240
C4,750,C4-resources-0750,2,2,393779
C4,750,C4-resources-0750,2,3,398527
C4,750,C4-resources-0750,2,4,390253
C4,750,C4-resources-0750,2,5,9668762
C4,750,C4-resources-0750,2,6,506725
C4,750,C4-resources-0750,2,7,424342
C4,750,C4-resources-0750,2,8,397652
C4,750,C4-resources-0750,2,9,405183
C4,750,C4-resources-0750,2,10,440973
C4,750,C4-resources-0750,2,11,410347
C4,750,C4-resources-0750,2,12,394154
C4,750,C4-resources-0750,2,13,404105
C4,750,C4-resources-0750,2,14,414791
C4,750,C4-resources-0750,2,15,401844
C4,750,C4-resources-0750,2,16,390475
C4,750,C4-resources-0750,2,17,390886
C4,750,C4-resources-0750,2,18,392228
C4,750,C4-resources-0750,2,19,400465
C4,750,C4-resources-0750,2,20,415398
C4,750,C4-resources-0750,2,21,413297
C4,750,C4-resources-0750,2,22,390394
C4,750,C4-resources-0750,2,23,427784
C4,750,C4-resources-0750,2,24,429109
C4,750,C4-resources-0750,2,25,403914
C4,750,C4-resources-0750,2,26,389198
C4,750,C4-resources-0750,2,27,401422
C4,750,C4-resources-0750,2,28,407472
C4,750,C4-resources-0750,2,29,401227
C4,750,C4-resources-0750,2,30,391199
C4,750,C4-resources-0750,2,31,397138
C4,750,C4-resources-0750,2,32,424264
C4,750,C4-resources-0750,2,33,427537
C4,750,C4-resources-0750,2,34,416872
C4,750,C4-resources-0750,2,35,442718
C4,750,C4-resources-0750,2,36,418200
C4,750,C4-resources-0750,2,37,395247
C4,750,C4-resources-0750,2,38,390384
C4,750,C4-resources-0750,2,39,391221
C4,750,C4-resources-0750,2,40,389652
C4,750,C4-resources-0750,2,41,387517
C4,750,C4-resources-0750,2,42,388603
C4,750,C4-resources-0750,2,43,433044
C4,750,C4-resources-0750,2,44,394152
C4,750,C4-resources-0750,2,45,399298
C4,750,C4-resources-0750,2,46,389344
C4,750,C4-resources-0750,2,47,388434
C4,750,C4-resources-0750,2,48,399395
C4,750,C4-resources-0750,2,49,388760
C4,750,C4-resources-0750,2,50,393243
C4,750,C4-resources-0750,2,51,389320
C4,750,C4-resources-0750,2,52,390556
C4,750,C4-resources-0750,2,53,410672
C4,750,C4-resources-0750,2,54,390644
C4,750,C4-resources-0750,2,55,392085
C4,750,C4-resources-0750,2,56,389981
C4,750,C4-resources-0750,2,57,392746
C4,750,C4-resources-0750,2,58,411456
C4,750,C4-resources-0750,2,59,407795
C4,750,C4-resources-0750,2,60,409294
C4,750,C4-resources-0750,2,61,403332
C4,750,C4-resources-0750,2,62,389029
C4,750,C4-resources-0750,2,63,417463
C4,750,C4-resources-0750,2,64,390204
C4,750,C4-resources-0750,2,65,392009
C4,750,C4-resources-0750,2,66,392775
C4,750,C4-resources-0750,2,67,391102
C4,750,C4-resources-0750,2,68,400000
C4,750,C4-resources-0750,2,69,393685
C4,750,C4-resources-0750,2,70,388553
C4,750,C4-resources-0750,2,71,388926
C4,750,C4-resources-0750,2,72,390268
C4,750,C4-resources-0750,2,73,409092
C4,750,C4-resources-0750,2,74,400392
C4,750,C4-resources-0750,2,75,432479
C4,750,C4-resources-0750,2,76,406988
C4,750,C4-resources-0750,2,77,395665
C4,750,C4-resources-0750,2,78,427980
C4,750,C4-resources-0750,2,79,392041
C4,750,C4-resources-0750,2,80,406320
C4,750,C4-resources-0750,2,81,388799
C4,750,C4-resources-0750,2,82,388119
C4,750,C4-resources-0750,2,83,437671
C4,750,C4-resources-0750,2,84,413725
C4,750,C4-resources-0750,2,85,400720
C4,750,C4-resources-0750,2,86,400192
C4,750,C4-resources-0750,2,87,391680
C4,750,C4-resources-0750,2,88,390922
C4,750,C4-resources-0750,2,89,391695
C4,750,C4-resources-0750,2,90,388427
C4,750,C4-resources-0750,2,91,388700
C4,750,C4-resources-0750,2,92,390326
C4,750,C4-resources-0750,2,93,430834
C4,750,C4-resources-0750,2,94,394110
C4,750,C4-resources-0750,2,95,394270
C4,750,C4-resources-0750,2,96,391958
C4,750,C4-resources-0750,2,97,386037
C4,750,C4-resources-0750,2,98,388365
C4,750,C4-resources-0750,2,99,390690
C4,750,C4-resources-0750,2,100,392526
C4,750,C4-resources-0750,3,1,401162
C4,750,C4-resources-0750,3,2,411295
C4,750,C4-resources-0750,3,3,393352
C4,750,C4-resources-0750,3,4,396653
C4,750,C4-resources-0750,3,5,385949
C4,750,C4-resources-0750,3,6,391388
C4,750,C4-resources-0750,3,7,400833
C4,750,C4-resources-0750,3,8,394845
C4,750,C4-resources-0750,3,9,409842
C4,750,C4-resources-0750,3,10,390089
C4,750,C4-resources-0750,3,11,391530
C4,750,C4-resources-0750,3,12,406784
C4,750,C4-resources-0750,3,13,399425
C4,750,C4-resources-0750,3,14,389814
C4,750,C4-resources-0750,3,15,389239
C4,750,C4-resources-0750,3,16,388480
C4,750,C4-resources-0750,3,17,391451
C4,750,C4-resources-0750,3,18,391803
C4,750,C4-resources-0750,3,19,396054
C4,750,C4-resources-0750,3,20,388794
C4,750,C4-resources-0750,3,21,391071
C4,750,C4-resources-0750,3,22,396587
C4,750,C4-resources-0750,3,23,415035
C4,750,C4-resources-0750,3,24,392737
C4,750,C4-resources-0750,3,25,389514
C4,750,C4-resources-0750,3,26,390747
C4,750,C4-resources-0750,3,27,390128
C4,750,C4-resources-0750,3,28,390618
C4,750,C4-resources-0750,3,29,391997
C4,750,C4-resources-0750,3,30,400797
C4,750,C4-resources-0750,3,31,409369
C4,750,C4-resources-0750,3,32,430722
C4,750,C4-resources-0750,3,33,387620
C4,750,C4-resources-0750,3,34,390126
C4,750,C4-resources-0750,3,35,398253
C4,750,C4-resources-0750,3,36,388651
C4,750,C4-resources-0750,3,37,433869
C4,750,C4-resources-0750,3,38,393496
C4,750,C4-resources-0750,3,39,395023
C4,750,C4-resources-0750,3,40,387086
C4,750,C4-resources-0750,3,41,388856
C4,750,C4-resources-0750,3,42,396451
C4,750,C4-resources-0750,3,43,395729
C4,750,C4-resources-0750,3,44,387330
C4,750,C4-resources-0750,3,45,385851
C4,750,C4-resources-0750,3,46,390049
C4,750,C4-resources-0750,3,47,385309
C4,750,C4-resources-0750,3,48,403288
C4,750,C4-resources-0750,3,49,413304
C4,750,C4-resources-0750,3,50,402365
C4,750,C4-resources-0750,3,51,401063
C4,750,C4-resources-0750,3,52,446118
C4,750,C4-resources-0750,3,53,397096
C4,750,C4-resources-0750,3,54,439499
C4,750,C4-resources-0750,3,55,414881
C4,750,C4-resources-0750,3,56,400418
C4,750,C4-resources-0750,3,57,426242
C4,750,C4-resources-0750,3,58,396208
C4,750,C4-resources-0750,3,59,385828
C4,750,C4-resources-0750,3,60,384370
C4,750,C4-resources-0750,3,61,397481
C4,750,C4-resources-0750,3,62,450715
C4,750,C4-resources-0750,3,63,428679
C4,750,C4-resources-0750,3,64,387786
C4,750,C4-resources-0750,3,65,388278
C4,750,C4-resources-0750,3,66,422725
C4,750,C4-resources-0750,3,67,395126
C4,750,C4-resources-0750,3,68,389406
C4,750,C4-resources-0750,3,69,389767
C4,750,C4-resources-0750,3,70,385560
C4,750,C4-resources-0750,3,71,387352
C4,750,C4-resources-0750,3,72,430005
C4,750,C4-resources-0750,3,73,387937
C4,750,C4-resources-0750,3,74,387469
C4,750,C4-resources-0750,3,75,386770
C4,750,C4-resources-0750,3,76,397415
C4,750,C4-resources-0750,3,77,388800
C4,750,C4-resources-0750,3,78,393116
C4,750,C4-resources-0750,3,79,414836
C4,750,C4-resources-0750,3,80,421527
C4,750,C4-resources-0750,3,81,479588
C4,750,C4-resources-0750,3,82,460573
C4,750,C4-resources-0750,3,83,398434
C4,750,C4-resources-0750,3,84,400987
C4,750,C4-resources-0750,3,85,387680
C4,750,C4-resources-0750,3,86,389722
C4,750,C4-resources-0750,3,87,398049
C4,750,C4-resources-0750,3,88,407262
C4,750,C4-resources-0750,3,89,429098
C4,750,C4-resources-0750,3,90,390457
C4,750,C4-resources-0750,3,91,421257
C4,750,C4-resources-0750,3,92,397026
C4,750,C4-resources-0750,3,93,407933
C4,750,C4-resources-0750,3,94,419852
C4,750,C4-resources-0750,3,95,390416
C4,750,C4-resources-0750,3,96,395842
C4,750,C4-resources-0750,3,97,398484
C4,750,C4-resources-0750,3,98,406573
C4,750,C4-resources-0750,3,99,389813
C4,750,C4-resources-0750,3,100,387384
C4,750,C4-resources-0750,4,1,432734
C4,750,C4-resources-0750,4,2,399450
C4,750,C4-resources-0750,4,3,413823
C4,750,C4-resources-0750,4,4,398017
C4,750,C4-resources-0750,4,5,389185
C4,750,C4-resources-0750,4,6,390311
C4,750,C4-resources-0750,4,7,390758
C4,750,C4-resources-0750,4,8,388270
C4,750,C4-resources-0750,4,9,389693
C4,750,C4-resources-0750,4,10,385799
C4,750,C4-resources-0750,4,11,434327
C4,750,C4-resources-0750,4,12,387555
C4,750,C4-resources-0750,4,13,445019
C4,750,C4-resources-0750,4,14,414632
C4,750,C4-resources-0750,4,15,400520
C4,750,C4-resources-0750,4,16,390957
C4,750,C4-resources-0750,4,17,385926
C4,750,C4-resources-0750,4,18,388532
C4,750,C4-resources-0750,4,19,386289
C4,750,C4-resources-0750,4,20,393441
C4,750,C4-resources-0750,4,21,410087
C4,750,C4-resources-0750,4,22,387630
C4,750,C4-resources-0750,4,23,387034
C4,750,C4-resources-0750,4,24,387023
C4,750,C4-resources-0750,4,25,403032
C4,750,C4-resources-0750,4,26,423354
C4,750,C4-resources-0750,4,27,401040
C4,750,C4-resources-0750,4,28,404648
C4,750,C4-resources-0750,4,29,400302
C4,750,C4-resources-0750,4,30,408498
C4,750,C4-resources-0750,4,31,414736
C4,750,C4-resources-0750,4,32,395825
C4,750,C4-resources-0750,4,33,411373
C4,750,C4-resources-0750,4,34,390032
C4,750,C4-resources-0750,4,35,395061
C4,750,C4-resources-0750,4,36,391671
C4,750,C4-resources-0750,4,37,392401
C4,750,C4-resources-0750,4,38,396121
C4,750,C4-resources-0750,4,39,389071
C4,750,C4-resources-0750,4,40,392332
C4,750,C4-resources-0750,4,41,425417
C4,750,C4-resources-0750,4,42,395286
C4,750,C4-resources-0750,4,43,389438
C4,750,C4-resources-0750,4,44,394379
C4,750,C4-resources-0750,4,45,404396
C4,750,C4-resources-0750,4,46,394475
C4,750,C4-resources-0750,4,47,408646
C4,750,C4-resources-0750,4,48,408176
C4,750,C4-resources-0750,4,49,427245
C4,750,C4-resources-0750,4,50,410467
C4,750,C4-resources-0750,4,51,410166
C4,750,C4-resources-0750,4,52,392402
C4,750,C4-resources-0750,4,53,389068
C4,750,C4-resources-0750,4,54,391813
C4,750,C4-resources-0750,4,55,394641
C4,750,C4-resources-0750,4,56,386613
C4,750,C4-resources-0750,4,57,391331
C4,750,C4-resources-0750,4,58,387567
C4,750,C4-resources-0750,4,59,396716
C4,750,C4-resources-0750,4,60,393448
C4,750,C4-resources-0750,4,61,411719
C4,750,C4-resources-0750,4,62,399146
C4,750,C4-resources-0750,4,63,388748
C4,750,C4-resources-0750,4,64,387896
C4,750,C4-resources-0750,4,65,388263
C4,750,C4-resources-0750,4,66,389642
C4,750,C4-resources-0750,4,67,399973
C4,750,C4-resources-0750,4,68,402266
C4,750,C4-resources-0750,4,69,414242
C4,750,C4-resources-0750,4,70,390287
C4,750,C4-resources-0750,4,71,415783
C4,750,C4-resources-0750,4,72,414805
C4,750,C4-resources-0750,4,73,389431
C4,750,C4-resources-0750,4,74,389888
C4,750,C4-resources-0750,4,75,389754
C4,750,C4-resources-0750,4,76,387817
C4,750,C4-resources-0750,4,77,388958
C4,750,C4-resources-0750,4,78,387825
C4,750,C4-resources-0750,4,79,387700
C4,750,C4-resources-0750,4,80,416593
C4,750,C4-resources-0750,4,81,409856
C4,750,C4-resources-0750,4,82,388551
C4,750,C4-resources-0750,4,83,397171
C4,750,C4-resources-0750,4,84,388387
C4,750,C4-resources-0750,4,85,389013
C4,750,C4-resources-0750,4,86,402114
C4,750,C4-resources-0750,4,87,389403
C4,750,C4-resources-0750,4,88,384639
C4,750,C4-resources-0750,4,89,391266
C4,750,C4-resources-0750,4,90,391748
C4,750,C4-resources-0750,4,91,410016
C4,750,C4-resources-0750,4,92,388930
C4,750,C4-resources-0750,4,93,389393
C4,750,C4-resources-0750,4,94,400308
C4,750,C4-resources-0750,4,95,398283
C4,750,C4-resources-0750,4,96,397126
C4,750,C4-resources-0750,4,97,390417
C4,750,C4-resources-0750,4,98,387241
C4,750,C4-resources-0750,4,99,390956
C4,750,C4-resources-0750,4,100,392623
C4,750,C4-resources-0750,5,1,420107
C4,750,C4-resources-0750,5,2,395062
C4,750,C4-resources-0750,5,3,406375
C4,750,C4-resources-0750,5,4,408354
C4,750,C4-resources-0750,5,5,416103
C4,750,C4-resources-0750,5,6,412415
C4,750,C4-resources-0750,5,7,412262
C4,750,C4-resources-0750,5,8,398938
C4,750,C4-resources-0750,5,9,386902
C4,750,C4-resources-0750,5,10,405710
C4,750,C4-resources-0750,5,11,419255
C4,750,C4-resources-0750,5,12,388019
C4,750,C4-resources-0750,5,13,386818
C4,750,C4-resources-0750,5,14,389070
C4,750,C4-resources-0750,5,15,401415
C4,750,C4-resources-0750,5,16,407220
C4,750,C4-resources-0750,5,17,395909
C4,750,C4-resources-0750,5,18,415500
C4,750,C4-resources-0750,5,19,410254
C4,750,C4-resources-0750,5,20,480262
C4,750,C4-resources-0750,5,21,412726
C4,750,C4-resources-0750,5,22,392491
C4,750,C4-resources-0750,5,23,403591
C4,750,C4-resources-0750,5,24,423333
C4,750,C4-resources-0750,5,25,425254
C4,750,C4-resources-0750,5,26,397825
C4,750,C4-resources-0750,5,27,390388
C4,750,C4-resources-0750,5,28,414175
C4,750,C4-resources-0750,5,29,420503
C4,750,C4-resources-0750,5,30,446430
C4,750,C4-resources-0750,5,31,403797
C4,750,C4-resources-0750,5,32,391099
C4,750,C4-resources-0750,5,33,387261
C4,750,C4-resources-0750,5,34,390674
C4,750,C4-resources-0750,5,35,405065
C4,750,C4-resources-0750,5,36,398691
C4,750,C4-resources-0750,5,37,388798
C4,750,C4-resources-0750,5,38,392120
C4,750,C4-resources-0750,5,39,389120
C4,750,C4-resources-0750,5,40,414157
C4,750,C4-resources-0750,5,41,397725
C4,750,C4-resources-0750,5,42,402136
C4,750,C4-resources-0750,5,43,407926
C4,750,C4-resources-0750,5,44,400225
C4,750,C4-resources-0750,5,45,388685
C4,750,C4-resources-0750,5,46,391666
C4,750,C4-resources-0750,5,47,387906
C4,750,C4-resources-0750,5,48,389618
C4,750,C4-resources-0750,5,49,388676
C4,750,C4-resources-0750,5,50,412920
C4,750,C4-resources-0750,5,51,387439
C4,750,C4-resources-0750,5,52,388190
C4,750,C4-resources-0750,5,53,413796
C4,750,C4-resources-0750,5,54,392093
C4,750,C4-resources-0750,5,55,390247
C4,750,C4-resources-0750,5,56,391465
C4,750,C4-resources-0750,5,57,388703
C4,750,C4-resources-0750,5,58,391962
C4,750,C4-resources-0750,5,59,388900
C4,750,C4-resources-0750,5,60,411342
C4,750,C4-resources-0750,5,61,390411
C4,750,C4-resources-0750,5,62,419046
C4,750,C4-resources-0750,5,63,399141
C4,750,C4-resources-0750,5,64,392452
C4,750,C4-resources-0750,5,65,393574
C4,750,C4-resources-0750,5,66,399228
C4,750,C4-resources-0750,5,67,416642
C4,750,C4-resources-0750,5,68,393300
C4,750,C4-resources-0750,5,69,389399
C4,750,C4-resources-0750,5,70,418324
C4,750,C4-resources-0750,5,71,390261
C4,750,C4-resources-0750,5,72,387373
C4,750,C4-resources-0750,5,73,389176
C4,750,C4-resources-0750,5,74,390500
C4,750,C4-resources-0750,5,75,390107
C4,750,C4-resources-0750,5,76,388741
C4,750,C4-resources-0750,5,77,387388
C4,750,C4-resources-0750,5,78,385527
C4,750,C4-resources-0750,5,79,394116
C4,750,C4-resources-0750,5,80,412068
C4,750,C4-resources-0750,5,81,410986
C4,750,C4-resources-0750,5,82,389723
C4,750,C4-resources-0750,5,83,391938
C4,750,C4-resources-0750,5,84,388043
C4,750,C4-resources-0750,5,85,387827
C4,750,C4-resources-0750,5,86,397086
C4,750,C4-resources-0750,5,87,386251
C4,750,C4-resources-0750,5,88,398692
C4,750,C4-resources-0750,5,89,407304
C4,750,C4-resources-0750,5,90,437095
C4,750,C4-resources-0750,5,91,390750
C4,750,C4-resources-0750,5,92,386433
C4,750,C4-resources-0750,5,93,391143
C4,750,C4-resources-0750,5,94,390435
C4,750,C4-resources-0750,5,95,391090
C4,750,C4-resources-0750,5,96,387850
C4,750,C4-resources-0750,5,97,389813
C4,750,C4-resources-0750,5,98,391131
C4,750,C4-resources-0750,5,99,387686
C4,750,C4-resources-0750,5,100,408523
C4,750,C4-resources-0750,6,1,403325
C4,750,C4-resources-0750,6,2,388315
C4,750,C4-resources-0750,6,3,389117
C4,750,C4-resources-0750,6,4,390415
C4,750,C4-resources-0750,6,5,390629
C4,750,C4-resources-0750,6,6,395653
C4,750,C4-resources-0750,6,7,387321
C4,750,C4-resources-0750,6,8,387538
C4,750,C4-resources-0750,6,9,388434
C4,750,C4-resources-0750,6,10,412986
C4,750,C4-resources-0750,6,11,392655
C4,750,C4-resources-0750,6,12,404670
C4,750,C4-resources-0750,6,13,414587
C4,750,C4-resources-0750,6,14,414516
C4,750,C4-resources-0750,6,15,392614
C4,750,C4-resources-0750,6,16,419018
C4,750,C4-resources-0750,6,17,403245
C4,750,C4-resources-0750,6,18,388478
C4,750,C4-resources-0750,6,19,389537
C4,750,C4-resources-0750,6,20,413370
C4,750,C4-resources-0750,6,21,387971
C4,750,C4-resources-0750,6,22,388651
C4,750,C4-resources-0750,6,23,397729
C4,750,C4-resources-0750,6,24,389310
C4,750,C4-resources-0750,6,25,392477
C4,750,C4-resources-0750,6,26,389403
C4,750,C4-resources-0750,6,27,389181
C4,750,C4-resources-0750,6,28,386340
C4,750,C4-resources-0750,6,29,386593
C4,750,C4-resources-0750,6,30,407432
C4,750,C4-resources-0750,6,31,390215
C4,750,C4-resources-0750,6,32,388428
C4,750,C4-resources-0750,6,33,385943
C4,750,C4-resources-0750,6,34,387996
C4,750,C4-resources-0750,6,35,394177
C4,750,C4-resources-0750,6,36,409482
C4,750,C4-resources-0750,6,37,387632
C4,750,C4-resources-0750,6,38,389033
C4,750,C4-resources-0750,6,39,386088
C4,750,C4-resources-0750,6,40,418627
C4,750,C4-resources-0750,6,41,417276
C4,750,C4-resources-0750,6,42,391920
C4,750,C4-resources-0750,6,43,388974
C4,750,C4-resources-0750,6,44,389185
C4,750,C4-resources-0750,6,45,398386
C4,750,C4-resources-0750,6,46,385804
C4,750,C4-resources-0750,6,47,387519
C4,750,C4-resources-0750,6,48,388010
C4,750,C4-resources-0750,6,49,390160
C4,750,C4-resources-0750,6,50,409741
C4,750,C4-resources-0750,6,51,390598
C4,750,C4-resources-0750,6,52,392026
C4,750,C4-resources-0750,6,53,387553
C4,750,C4-resources-0750,6,54,385755
C4,750,C4-resources-0750,6,55,391997
C4,750,C4-resources-0750,6,56,398691
C4,750,C4-resources-0750,6,57,389053
C4,750,C4-resources-0750,6,58,393882
C4,750,C4-resources-0750,6,59,425058
C4,750,C4-resources-0750,6,60,572272
C4,750,C4-resources-0750,6,61,413659
C4,750,C4-resources-0750,6,62,413173
C4,750,C4-resources-0750,6,63,411134
C4,750,C4-resources-0750,6,64,409053
C4,750,C4-resources-0750,6,65,413567
C4,750,C4-resources-0750,6,66,416502
C4,750,C4-resources-0750,6,67,388481
C4,750,C4-resources-0750,6,68,390300
C4,750,C4-resources-0750,6,69,419363
C4,750,C4-resources-0750,6,70,393256
C4,750,C4-resources-0750,6,71,387851
C4,750,C4-resources-0750,6,72,387341
C4,750,C4-resources-0750,6,73,398762
C4,750,C4-resources-0750,6,74,412530
C4,750,C4-resources-0750,6,75,385037
C4,750,C4-resources-0750,6,76,385632
C4,750,C4-resources-0750,6,77,398729
C4,750,C4-resources-0750,6,78,394720
C4,750,C4-resources-0750,6,79,413186
C4,750,C4-resources-0750,6,80,411102
C4,750,C4-resources-0750,6,81,426175
C4,750,C4-resources-0750,6,82,414901
C4,750,C4-resources-0750,6,83,413352
C4,750,C4-resources-0750,6,84,388108
C4,750,C4-resources-0750,6,85,8177558
C4,750,C4-resources-0750,6,86,577627
C4,750,C4-resources-0750,6,87,495070
C4,750,C4-resources-0750,6,88,433826
C4,750,C4-resources-0750,6,89,457732
C4,750,C4-resources-0750,6,90,427354
C4,750,C4-resources-0750,6,91,405826
C4,750,C4-resources-0750,6,92,397246
C4,750,C4-resources-0750,6,93,401622
C4,750,C4-resources-0750,6,94,393060
C4,750,C4-resources-0750,6,95,388950
C4,750,C4-resources-0750,6,96,391928
C4,750,C4-resources-0750,6,97,390431
C4,750,C4-resources-0750,6,98,387219
C4,750,C4-resources-0750,6,99,427735
C4,750,C4-resources-0750,6,100,388175
C4,750,C4-resources-0750,7,1,397559
C4,750,C4-resources-0750,7,2,417073
C4,750,C4-resources-0750,7,3,417474
C4,750,C4-resources-0750,7,4,420150
C4,750,C4-resources-0750,7,5,417084
C4,750,C4-resources-0750,7,6,433140
C4,750,C4-resources-0750,7,7,446632
C4,750,C4-resources-0750,7,8,490568
C4,750,C4-resources-0750,7,9,434574
C4,750,C4-resources-0750,7,10,424360
C4,750,C4-resources-0750,7,11,406872
C4,750,C4-resources-0750,7,12,405292
C4,750,C4-resources-0750,7,13,390914
C4,750,C4-resources-0750,7,14,391273
C4,750,C4-resources-0750,7,15,386516
C4,750,C4-resources-0750,7,16,385323
C4,750,C4-resources-0750,7,17,418348
C4,750,C4-resources-0750,7,18,416093
C4,750,C4-resources-0750,7,19,419501
C4,750,C4-resources-0750,7,20,411233
C4,750,C4-resources-0750,7,21,402984
C4,750,C4-resources-0750,7,22,388362
C4,750,C4-resources-0750,7,23,410595
C4,750,C4-resources-0750,7,24,413339
C4,750,C4-resources-0750,7,25,385947
C4,750,C4-resources-0750,7,26,399133
C4,750,C4-resources-0750,7,27,437182
C4,750,C4-resources-0750,7,28,419470
C4,750,C4-resources-0750,7,29,418103
C4,750,C4-resources-0750,7,30,422852
C4,750,C4-resources-0750,7,31,422303
C4,750,C4-resources-0750,7,32,392630
C4,750,C4-resources-0750,7,33,391402
C4,750,C4-resources-0750,7,34,394561
C4,750,C4-resources-0750,7,35,391801
C4,750,C4-resources-0750,7,36,400630
C4,750,C4-resources-0750,7,37,437314
C4,750,C4-resources-0750,7,38,414571
C4,750,C4-resources-0750,7,39,402742
C4,750,C4-resources-0750,7,40,420537
C4,750,C4-resources-0750,7,41,409193
C4,750,C4-resources-0750,7,42,392098
C4,750,C4-resources-0750,7,43,419494
C4,750,C4-resources-0750,7,44,416569
C4,750,C4-resources-0750,7,45,391675
C4,750,C4-resources-0750,7,46,395987
C4,750,C4-resources-0750,7,47,425770
C4,750,C4-resources-0750,7,48,390919
C4,750,C4-resources-0750,7,49,389519
C4,750,C4-resources-0750,7,50,390620
C4,750,C4-resources-0750,7,51,386657
C4,750,C4-resources-0750,7,52,398829
C4,750,C4-resources-0750,7,53,408521
C4,750,C4-resources-0750,7,54,442519
C4,750,C4-resources-0750,7,55,425800
C4,750,C4-resources-0750,7,56,478766
C4,750,C4-resources-0750,7,57,403991
C4,750,C4-resources-0750,7,58,393754
C4,750,C4-resources-0750,7,59,387507
C4,750,C4-resources-0750,7,60,411951
C4,750,C4-resources-0750,7,61,416726
C4,750,C4-resources-0750,7,62,404278
C4,750,C4-resources-0750,7,63,443313
C4,750,C4-resources-0750,7,64,388575
C4,750,C4-resources-0750,7,65,387065
C4,750,C4-resources-0750,7,66,414434
C4,750,C4-resources-0750,7,67,393862
C4,750,C4-resources-0750,7,68,395314
C4,750,C4-resources-0750,7,69,387339
C4,750,C4-resources-0750,7,70,390040
C4,750,C4-resources-0750,7,71,389627
C4,750,C4-resources-0750,7,72,394790
C4,750,C4-resources-0750,7,73,389980
C4,750,C4-resources-0750,7,74,391613
C4,750,C4-resources-0750,7,75,386544
C4,750,C4-resources-0750,7,76,413405
C4,750,C4-resources-0750,7,77,401897
C4,750,C4-resources-0750,7,78,398720
C4,750,C4-resources-0750,7,79,409062
C4,750,C4-resources-0750,7,80,391534
C4,750,C4-resources-0750,7,81,388271
C4,750,C4-resources-0750,7,82,386652
C4,750,C4-resources-0750,7,83,391562
C4,750,C4-resources-0750,7,84,385223
C4,750,C4-resources-0750,7,85,385377
C4,750,C4-resources-0750,7,86,410058
C4,750,C4-resources-0750,7,87,389459
C4,750,C4-resources-0750,7,88,391403
C4,750,C4-resources-0750,7,89,386185
C4,750,C4-resources-0750,7,90,385471
C4,750,C4-resources-0750,7,91,391300
C4,750,C4-resources-0750,7,92,390134
C4,750,C4-resources-0750,7,93,388971
C4,750,C4-resources-0750,7,94,392284
C4,750,C4-resources-0750,7,95,438017
C4,750,C4-resources-0750,7,96,408246
C4,750,C4-resources-0750,7,97,390283
C4,750,C4-resources-0750,7,98,388247
C4,750,C4-resources-0750,7,99,386870
C4,750,C4-resources-0750,7,100,384034
C4,750,C4-resources-0750,8,1,410588
C4,750,C4-resources-0750,8,2,409728
C4,750,C4-resources-0750,8,3,391508
C4,750,C4-resources-0750,8,4,397015
C4,750,C4-resources-0750,8,5,389076
C4,750,C4-resources-0750,8,6,417818
C4,750,C4-resources-0750,8,7,387158
C4,750,C4-resources-0750,8,8,417805
C4,750,C4-resources-0750,8,9,385557
C4,750,C4-resources-0750,8,10,386888
C4,750,C4-resources-0750,8,11,384615
C4,750,C4-resources-0750,8,12,399572
C4,750,C4-resources-0750,8,13,395629
C4,750,C4-resources-0750,8,14,384678
C4,750,C4-resources-0750,8,15,385043
C4,750,C4-resources-0750,8,16,462062
C4,750,C4-resources-0750,8,17,400950
C4,750,C4-resources-0750,8,18,388347
C4,750,C4-resources-0750,8,19,389014
C4,750,C4-resources-0750,8,20,390989
C4,750,C4-resources-0750,8,21,387234
C4,750,C4-resources-0750,8,22,457564
C4,750,C4-resources-0750,8,23,415284
C4,750,C4-resources-0750,8,24,419823
C4,750,C4-resources-0750,8,25,391361
C4,750,C4-resources-0750,8,26,405976
C4,750,C4-resources-0750,8,27,384531
C4,750,C4-resources-0750,8,28,385637
C4,750,C4-resources-0750,8,29,395213
C4,750,C4-resources-0750,8,30,390227
C4,750,C4-resources-0750,8,31,387194
C4,750,C4-resources-0750,8,32,393907
C4,750,C4-resources-0750,8,33,389540
C4,750,C4-resources-0750,8,34,388213
C4,750,C4-resources-0750,8,35,384055
C4,750,C4-resources-0750,8,36,406294
C4,750,C4-resources-0750,8,37,389213
C4,750,C4-resources-0750,8,38,389938
C4,750,C4-resources-0750,8,39,386140
C4,750,C4-resources-0750,8,40,388206
C4,750,C4-resources-0750,8,41,386198
C4,750,C4-resources-0750,8,42,394026
C4,750,C4-resources-0750,8,43,385990
C4,750,C4-resources-0750,8,44,393268
C4,750,C4-resources-0750,8,45,395747
C4,750,C4-resources-0750,8,46,415525
C4,750,C4-resources-0750,8,47,414259
C4,750,C4-resources-0750,8,48,409624
C4,750,C4-resources-0750,8,49,381693
C4,750,C4-resources-0750,8,50,384938
C4,750,C4-resources-0750,8,51,386203
C4,750,C4-resources-0750,8,52,386870
C4,750,C4-resources-0750,8,53,387605
C4,750,C4-resources-0750,8,54,385272
C4,750,C4-resources-0750,8,55,394897
C4,750,C4-resources-0750,8,56,424687
C4,750,C4-resources-0750,8,57,399772
C4,750,C4-resources-0750,8,58,386543
C4,750,C4-resources-0750,8,59,390881
C4,750,C4-resources-0750,8,60,397457
C4,750,C4-resources-0750,8,61,388120
C4,750,C4-resources-0750,8,62,389433
C4,750,C4-resources-0750,8,63,386010
C4,750,C4-resources-0750,8,64,388128
C4,750,C4-resources-0750,8,65,385987
C4,750,C4-resources-0750,8,66,406827
C4,750,C4-resources-0750,8,67,386702
C4,750,C4-resources-0750,8,68,397144
C4,750,C4-resources-0750,8,69,388145
C4,750,C4-resources-0750,8,70,406114
C4,750,C4-resources-0750,8,71,401068
C4,750,C4-resources-0750,8,72,393597
C4,750,C4-resources-0750,8,73,386169
C4,750,C4-resources-0750,8,74,388673
C4,750,C4-resources-0750,8,75,386685
C4,750,C4-resources-0750,8,76,413170
C4,750,C4-resources-0750,8,77,388396
C4,750,C4-resources-0750,8,78,387664
C4,750,C4-resources-0750,8,79,383364
C4,750,C4-resources-0750,8,80,398781
C4,750,C4-resources-0750,8,81,389366
C4,750,C4-resources-0750,8,82,388316
C4,750,C4-resources-0750,8,83,385687
C4,750,C4-resources-0750,8,84,385494
C4,750,C4-resources-0750,8,85,386609
C4,750,C4-resources-0750,8,86,402482
C4,750,C4-resources-0750,8,87,395321
C4,750,C4-resources-0750,8,88,383621
C4,750,C4-resources-0750,8,89,385557
C4,750,C4-resources-0750,8,90,384024
C4,750,C4-resources-0750,8,91,383276
C4,750,C4-resources-0750,8,92,389046
C4,750,C4-resources-0750,8,93,384851
C4,750,C4-resources-0750,8,94,382059
C4,750,C4-resources-0750,8,95,383576
C4,750,C4-resources-0750,8,96,462473
C4,750,C4-resources-0750,8,97,407314
C4,750,C4-resources-0750,8,98,386071
C4,750,C4-resources-0750,8,99,389156
C4,750,C4-resources-0750,8,100,387006
C5,250,C5-resources-0250,1,1,1223345
C5,250,C5-resources-0250,1,2,1259955
C5,250,C5-resources-0250,1,3,1484405
C5,250,C5-resources-0250,1,4,9470030
C5,250,C5-resources-0250,1,5,1471015
C5,250,C5-resources-0250,1,6,1312616
C5,250,C5-resources-0250,1,7,1246890
C5,250,C5-resources-0250,1,8,1255059
C5,250,C5-resources-0250,1,9,1258377
C5,250,C5-resources-0250,1,10,1275578
C5,250,C5-resources-0250,1,11,1272882
C5,250,C5-resources-0250,1,12,1259606
C5,250,C5-resources-0250,1,13,1234304
C5,250,C5-resources-0250,1,14,1229840
C5,250,C5-resources-0250,1,15,1213372
C5,250,C5-resources-0250,1,16,1216868
C5,250,C5-resources-0250,1,17,1206524
C5,250,C5-resources-0250,1,18,1214687
C5,250,C5-resources-0250,1,19,1293936
C5,250,C5-resources-0250,1,20,1211763
C5,250,C5-resources-0250,1,21,1301856
C5,250,C5-resources-0250,1,22,1334778
C5,250,C5-resources-0250,1,23,1274860
C5,250,C5-resources-0250,1,24,1243387
C5,250,C5-resources-0250,1,25,1248718
C5,250,C5-resources-0250,1,26,1340621
C5,250,C5-resources-0250,1,27,1381961
C5,250,C5-resources-0250,1,28,1346140
C5,250,C5-resources-0250,1,29,1335267
C5,250,C5-resources-0250,1,30,1265378
C5,250,C5-resources-0250,1,31,1273670
C5,250,C5-resources-0250,1,32,1267121
C5,250,C5-resources-0250,1,33,1280365
C5,250,C5-resources-0250,1,34,1336567
C5,250,C5-resources-0250,1,35,1273267
C5,250,C5-resources-0250,1,36,1272191
C5,250,C5-resources-0250,1,37,1269263
C5,250,C5-resources-0250,1,38,1277508
C5,250,C5-resources-0250,1,39,1238083
C5,250,C5-resources-0250,1,40,1223827
C5,250,C5-resources-0250,1,41,1386541
C5,250,C5-resources-0250,1,42,1253482
C5,250,C5-resources-0250,1,43,1228669
C5,250,C5-resources-0250,1,44,1267094
C5,250,C5-resources-0250,1,45,1234548
C5,250,C5-resources-0250,1,46,1233765
C5,250,C5-resources-0250,1,47,1242631
C5,250,C5-resources-0250,1,48,1300193
C5,250,C5-resources-0250,1,49,1290752
C5,250,C5-resources-0250,1,50,1265663
C5,250,C5-resources-0250,1,51,1226883
C5,250,C5-resources-0250,1,52,1220742
C5,250,C5-resources-0250,1,53,1255418
C5,250,C5-resources-0250,1,54,1252418
C5,250,C5-resources-0250,1,55,1421966
C5,250,C5-resources-0250,1,56,1265055
C5,250,C5-resources-0250,1,57,1272089
C5,250,C5-resources-0250,1,58,1219680
C5,250,C5-resources-0250,1,59,1209996
C5,250,C5-resources-0250,1,60,1271156
C5,250,C5-resources-0250,1,61,1212629
C5,250,C5-resources-0250,1,62,1272494
C5,250,C5-resources-0250,1,63,1295257
C5,250,C5-resources-0250,1,64,1224448
C5,250,C5-resources-0250,1,65,1224669
C5,250,C5-resources-0250,1,66,1223433
C5,250,C5-resources-0250,1,67,1210888
C5,250,C5-resources-0250,1,68,1236637
C5,250,C5-resources-0250,1,69,1258706
C5,250,C5-resources-0250,1,70,1274748
C5,250,C5-resources-0250,1,71,1217408
C5,250,C5-resources-0250,1,72,1203989
C5,250,C5-resources-0250,1,73,1243253
C5,250,C5-resources-0250,1,74,1199554
C5,250,C5-resources-0250,1,75,1201635
C5,250,C5-resources-0250,1,76,1236077
C5,250,C5-resources-0250,1,77,1294188
C5,250,C5-resources-0250,1,78,1270336
C5,250,C5-resources-0250,1,79,1255783
C5,250,C5-resources-0250,1,80,1214609
C5,250,C5-resources-0250,1,81,1239574
C5,250,C5-resources-0250,1,82,1313522
C5,250,C5-resources-0250,1,83,1250673
C5,250,C5-resources-0250,1,84,1216607
C5,250,C5-resources-0250,1,85,1358464
C5,250,C5-resources-0250,1,86,1243731
C5,250,C5-resources-0250,1,87,1247368
C5,250,C5-resources-0250,1,88,1238996
C5,250,C5-resources-0250,1,89,1228341
C5,250,C5-resources-0250,1,90,1220161
C5,250,C5-resources-0250,1,91,1207516
C5,250,C5-resources-0250,1,92,1260606
C5,250,C5-resources-0250,1,93,1258954
C5,250,C5-resources-0250,1,94,1250249
C5,250,C5-resources-0250,1,95,1249558
C5,250,C5-resources-0250,1,96,1205896
C5,250,C5-resources-0250,1,97,1197944
C5,250,C5-resources-0250,1,98,1224434
C5,250,C5-resources-0250,1,99,1218779
C5,250,C5-resources-0250,1,100,1290180
C5,250,C5-resources-0250,2,1,1306215
C5,250,C5-resources-0250,2,2,1254449
C5,250,C5-resources-0250,2,3,1239666
C5,250,C5-resources-0250,2,4,1257161
C5,250,C5-resources-0250,2,5,1289416
C5,250,C5-resources-0250,2,6,1221618
C5,250,C5-resources-0250,2,7,1324940
C5,250,C5-resources-0250,2,8,1348947
C5,250,C5-resources-0250,2,9,1328123
C5,250,C5-resources-0250,2,10,1237662
C5,250,C5-resources-0250,2,11,1249327
C5,250,C5-resources-0250,2,12,1211057
C5,250,C5-resources-0250,2,13,1216819
C5,250,C5-resources-0250,2,14,1240733
C5,250,C5-resources-0250,2,15,1296938
C5,250,C5-resources-0250,2,16,1213512
C5,250,C5-resources-0250,2,17,1236187
C5,250,C5-resources-0250,2,18,1210359
C5,250,C5-resources-0250,2,19,1198846
C5,250,C5-resources-0250,2,20,1226389
C5,250,C5-resources-0250,2,21,1226517
C5,250,C5-resources-0250,2,22,1273312
C5,250,C5-resources-0250,2,23,1224910
C5,250,C5-resources-0250,2,24,1223861
C5,250,C5-resources-0250,2,25,1205578
C5,250,C5-resources-0250,2,26,1208421
C5,250,C5-resources-0250,2,27,1233984
C5,250,C5-resources-0250,2,28,1224450
C5,250,C5-resources-0250,2,29,1197554
C5,250,C5-resources-0250,2,30,1302259
C5,250,C5-resources-0250,2,31,1211522
C5,250,C5-resources-0250,2,32,1228604
C5,250,C5-resources-0250,2,33,1245268
C5,250,C5-resources-0250,2,34,1206578
C5,250,C5-resources-0250,2,35,1232114
C5,250,C5-resources-0250,2,36,1230770
C5,250,C5-resources-0250,2,37,1235859
C5,250,C5-resources-0250,2,38,1289050
C5,250,C5-resources-0250,2,39,1221630
C5,250,C5-resources-0250,2,40,1228506
C5,250,C5-resources-0250,2,41,1204362
C5,250,C5-resources-0250,2,42,1205035
C5,250,C5-resources-0250,2,43,7804333
C5,250,C5-resources-0250,2,44,1448269
C5,250,C5-resources-0250,2,45,1322247
C5,250,C5-resources-0250,2,46,1226391
C5,250,C5-resources-0250,2,47,1251383
C5,250,C5-resources-0250,2,48,1299907
C5,250,C5-resources-0250,2,49,1257412
C5,250,C5-resources-0250,2,50,1281246
C5,250,C5-resources-0250,2,51,1221919
C5,250,C5-resources-0250,2,52,1210799
C5,250,C5-resources-0250,2,53,1209986
C5,250,C5-resources-0250,2,54,1220573
C5,250,C5-resources-0250,2,55,1285806
C5,250,C5-resources-0250,2,56,1235268
C5,250,C5-resources-0250,2,57,1274415
C5,250,C5-resources-0250,2,58,1225343
C5,250,C5-resources-0250,2,59,1239720
C5,250,C5-resources-0250,2,60,1260799
C5,250,C5-resources-0250,2,61,1211016
C5,250,C5-resources-0250,2,62,1219593
C5,250,C5-resources-0250,2,63,1290387
C5,250,C5-resources-0250,2,64,1211969
C5,250,C5-resources-0250,2,65,1205434
C5,250,C5-resources-0250,2,66,1283616
C5,250,C5-resources-0250,2,67,1287478
C5,250,C5-resources-0250,2,68,1224367
C5,250,C5-resources-0250,2,69,1246696
C5,250,C5-resources-0250,2,70,1369765
C5,250,C5-resources-0250,2,71,1226433
C5,250,C5-resources-0250,2,72,1260979
C5,250,C5-resources-0250,2,73,1335586
C5,250,C5-resources-0250,2,74,1251360
C5,250,C5-resources-0250,2,75,1260533
C5,250,C5-resources-0250,2,76,1296624
C5,250,C5-resources-0250,2,77,1305314
C5,250,C5-resources-0250,2,78,1261869
C5,250,C5-resources-0250,2,79,1319301
C5,250,C5-resources-0250,2,80,1239735
C5,250,C5-resources-0250,2,81,1228313
C5,250,C5-resources-0250,2,82,1276759
C5,250,C5-resources-0250,2,83,1218536
C5,250,C5-resources-0250,2,84,1251656
C5,250,C5-resources-0250,2,85,1327913
C5,250,C5-resources-0250,2,86,1221299
C5,250,C5-resources-0250,2,87,1218399
C5,250,C5-resources-0250,2,88,1217647
C5,250,C5-resources-0250,2,89,1224765
C5,250,C5-resources-0250,2,90,1213396
C5,250,C5-resources-0250,2,91,1205662
C5,250,C5-resources-0250,2,92,1254833
C5,250,C5-resources-0250,2,93,1268265
C5,250,C5-resources-0250,2,94,1216441
C5,250,C5-resources-0250,2,95,1249383
C5,250,C5-resources-0250,2,96,1204154
C5,250,C5-resources-0250,2,97,1208703
C5,250,C5-resources-0250,2,98,1221887
C5,250,C5-resources-0250,2,99,1234958
C5,250,C5-resources-0250,2,100,1249882
C5,250,C5-resources-0250,3,1,1250941
C5,250,C5-resources-0250,3,2,1238294
C5,250,C5-resources-0250,3,3,1200456
C5,250,C5-resources-0250,3,4,1216771
C5,250,C5-resources-0250,3,5,1247232
C5,250,C5-resources-0250,3,6,1207362
C5,250,C5-resources-0250,3,7,1205284
C5,250,C5-resources-0250,3,8,1293917
C5,250,C5-resources-0250,3,9,1235280
C5,250,C5-resources-0250,3,10,1252308
C5,250,C5-resources-0250,3,11,1238187
C5,250,C5-resources-0250,3,12,1233189
C5,250,C5-resources-0250,3,13,1212263
C5,250,C5-resources-0250,3,14,1249789
C5,250,C5-resources-0250,3,15,1242569
C5,250,C5-resources-0250,3,16,1284628
C5,250,C5-resources-0250,3,17,1248261
C5,250,C5-resources-0250,3,18,1241120
C5,250,C5-resources-0250,3,19,1215178
C5,250,C5-resources-0250,3,20,1219491
C5,250,C5-resources-0250,3,21,1253549
C5,250,C5-resources-0250,3,22,1225214
C5,250,C5-resources-0250,3,23,1256358
C5,250,C5-resources-0250,3,24,1235668
C5,250,C5-resources-0250,3,25,1202803
C5,250,C5-resources-0250,3,26,1210442
C5,250,C5-resources-0250,3,27,1237089
C5,250,C5-resources-0250,3,28,1229687
C5,250,C5-resources-0250,3,29,1205646
C5,250,C5-resources-0250,3,30,1253066
C5,250,C5-resources-0250,3,31,1215471
C5,250,C5-resources-0250,3,32,1220362
C5,250,C5-resources-0250,3,33,1231714
C5,250,C5-resources-0250,3,34,1274528
C5,250,C5-resources-0250,3,35,1210488
C5,250,C5-resources-0250,3,36,1199961
C5,250,C5-resources-0250,3,37,1216016
C5,250,C5-resources-0250,3,38,1310636
C5,250,C5-resources-0250,3,39,1260487
C5,250,C5-resources-0250,3,40,1253378
C5,250,C5-resources-0250,3,41,1213537
C5,250,C5-resources-0250,3,42,1220292
C5,250,C5-resources-0250,3,43,1230958
C5,250,C5-resources-0250,3,44,1219579
C5,250,C5-resources-0250,3,45,1219554
C5,250,C5-resources-0250,3,46,1252524
C5,250,C5-resources-0250,3,47,1284918
C5,250,C5-resources-0250,3,48,1303361
C5,250,C5-resources-0250,3,49,1304158
C5,250,C5-resources-0250,3,50,1305781
C5,250,C5-resources-0250,3,51,1287209
C5,250,C5-resources-0250,3,52,1287484
C5,250,C5-resources-0250,3,53,1401324
C5,250,C5-resources-0250,3,54,1255255
C5,250,C5-resources-0250,3,55,1243268
C5,250,C5-resources-0250,3,56,1272351
C5,250,C5-resources-0250,3,57,1239971
C5,250,C5-resources-0250,3,58,1235514
C5,250,C5-resources-0250,3,59,1252686
C5,250,C5-resources-0250,3,60,1258092
C5,250,C5-resources-0250,3,61,1253946
C5,250,C5-resources-0250,3,62,1232548
C5,250,C5-resources-0250,3,63,1214677
C5,250,C5-resources-0250,3,64,1229325
C5,250,C5-resources-0250,3,65,1266705
C5,250,C5-resources-0250,3,66,1230243
C5,250,C5-resources-0250,3,67,1210011
C5,250,C5-resources-0250,3,68,1222471
C5,250,C5-resources-0250,3,69,1270657
C5,250,C5-resources-0250,3,70,1208641
C5,250,C5-resources-0250,3,71,1237112
C5,250,C5-resources-0250,3,72,1237964
C5,250,C5-resources-0250,3,73,1254541
C5,250,C5-resources-0250,3,74,1207967
C5,250,C5-resources-0250,3,75,1235413
C5,250,C5-resources-0250,3,76,1237670
C5,250,C5-resources-0250,3,77,1234538
C5,250,C5-resources-0250,3,78,1248475
C5,250,C5-resources-0250,3,79,1222553
C5,250,C5-resources-0250,3,80,1211213
C5,250,C5-resources-0250,3,81,1197513
C5,250,C5-resources-0250,3,82,8369649
C5,250,C5-resources-0250,3,83,1447727
C5,250,C5-resources-0250,3,84,1298505
C5,250,C5-resources-0250,3,85,1369899
C5,250,C5-resources-0250,3,86,1514199
C5,250,C5-resources-0250,3,87,1648024
C5,250,C5-resources-0250,3,88,1308026
C5,250,C5-resources-0250,3,89,1275678
C5,250,C5-resources-0250,3,90,1256665
C5,250,C5-resources-0250,3,91,1238001
C5,250,C5-resources-0250,3,92,1395597
C5,250,C5-resources-0250,3,93,1277626
C5,250,C5-resources-0250,3,94,1246689
C5,250,C5-resources-0250,3,95,1222861
C5,250,C5-resources-0250,3,96,1216433
C5,250,C5-resources-0250,3,97,1240592
C5,250,C5-resources-0250,3,98,1245451
C5,250,C5-resources-0250,3,99,1390599
C5,250,C5-resources-0250,3,100,1214005
C5,250,C5-resources-0250,4,1,1247534
C5,250,C5-resources-0250,4,2,1215187
C5,250,C5-resources-0250,4,3,1240833
C5,250,C5-resources-0250,4,4,1301003
C5,250,C5-resources-0250,4,5,1255940
C5,250,C5-resources-0250,4,6,1319616
C5,250,C5-resources-0250,4,7,1281933
C5,250,C5-resources-0250,4,8,1212714
C5,250,C5-resources-0250,4,9,1217060
C5,250,C5-resources-0250,4,10,1227790
C5,250,C5-resources-0250,4,11,1214732
C5,250,C5-resources-0250,4,12,1212445
C5,250,C5-resources-0250,4,13,1354142
C5,250,C5-resources-0250,4,14,1280511
C5,250,C5-resources-0250,4,15,1243935
C5,250,C5-resources-0250,4,16,1211362
C5,250,C5-resources-0250,4,17,1200241
C5,250,C5-resources-0250,4,18,1208359
C5,250,C5-resources-0250,4,19,1203538
C5,250,C5-resources-0250,4,20,1283528
C5,250,C5-resources-0250,4,21,1449349
C5,250,C5-resources-0250,4,22,1389170
C5,250,C5-resources-0250,4,23,1232190
C5,250,C5-resources-0250,4,24,1804513
C5,250,C5-resources-0250,4,25,1319449
C5,250,C5-resources-0250,4,26,1325972
C5,250,C5-resources-0250,4,27,1346232
C5,250,C5-resources-0250,4,28,1230837
C5,250,C5-resources-0250,4,29,1219912
C5,250,C5-resources-0250,4,30,1215583
C5,250,C5-resources-0250,4,31,1207058
C5,250,C5-resources-0250,4,32,1218806
C5,250,C5-resources-0250,4,33,1216238
C5,250,C5-resources-0250,4,34,1326391
C5,250,C5-resources-0250,4,35,1327371
C5,250,C5-resources-0250,4,36,1220382
C5,250,C5-resources-0250,4,37,1208893
C5,250,C5-resources-0250,4,38,1215265
C5,250,C5-resources-0250,4,39,1214475
C5,250,C5-resources-0250,4,40,1202376
C5,250,C5-resources-0250,4,41,1253569
C5,250,C5-resources-0250,4,42,1342980
C5,250,C5-resources-0250,4,43,1232161
C5,250,C5-resources-0250,4,44,1215822
C5,250,C5-resources-0250,4,45,1195368
C5,250,C5-resources-0250,4,46,1198107
C5,250,C5-resources-0250,4,47,1198140
C5,250,C5-resources-0250,4,48,1227326
C5,250,C5-resources-0250,4,49,1288942
C5,250,C5-resources-0250,4,50,1277871
C5,250,C5-resources-0250,4,51,1217823
C5,250,C5-resources-0250,4,52,1194189
C5,250,C5-resources-0250,4,53,1200406
C5,250,C5-resources-0250,4,54,1231885
C5,250,C5-resources-0250,4,55,1212247
C5,250,C5-resources-0250,4,56,1336993
C5,250,C5-resources-0250,4,57,1385501
C5,250,C5-resources-0250,4,58,1243861
C5,250,C5-resources-0250,4,59,1209504
C5,250,C5-resources-0250,4,60,1217238
C5,250,C5-resources-0250,4,61,1198887
C5,250,C5-resources-0250,4,62,1207428
C5,250,C5-resources-0250,4,63,1203097
C5,250,C5-resources-0250,4,64,1400325
C5,250,C5-resources-0250,4,65,1227091
C5,250,C5-resources-0250,4,66,1224648
C5,250,C5-resources-0250,4,67,1220616
C5,250,C5-resources-0250,4,68,1209183
C5,250,C5-resources-0250,4,69,1217743
C5,250,C5-resources-0250,4,70,1227986
C5,250,C5-resources-0250,4,71,1303262
C5,250,C5-resources-0250,4,72,1286625
C5,250,C5-resources-0250,4,73,1215742
C5,250,C5-resources-0250,4,74,1228751
C5,250,C5-resources-0250,4,75,1218650
C5,250,C5-resources-0250,4,76,1251828
C5,250,C5-resources-0250,4,77,1207693
C5,250,C5-resources-0250,4,78,1214007
C5,250,C5-resources-0250,4,79,1370673
C5,250,C5-resources-0250,4,80,1252277
C5,250,C5-resources-0250,4,81,1233664
C5,250,C5-resources-0250,4,82,1231758
C5,250,C5-resources-0250,4,83,1228976
C5,250,C5-resources-0250,4,84,1203861
C5,250,C5-resources-0250,4,85,1214758
C5,250,C5-resources-0250,4,86,1323930
C5,250,C5-resources-0250,4,87,1333772
C5,250,C5-resources-0250,4,88,1213631
C5,250,C5-resources-0250,4,89,1230372
C5,250,C5-resources-0250,4,90,1223430
C5,250,C5-resources-0250,4,91,1204141
C5,250,C5-resources-0250,4,92,1233798
C5,250,C5-resources-0250,4,93,1246460
C5,250,C5-resources-0250,4,94,1392077
C5,250,C5-resources-0250,4,95,1216690
C5,250,C5-resources-0250,4,96,1219901
C5,250,C5-resources-0250,4,97,1209763
C5,250,C5-resources-0250,4,98,1213611
C5,250,C5-resources-0250,4,99,1221521
C5,250,C5-resources-0250,4,100,1201154
C5,250,C5-resources-0250,5,1,1464715
C5,250,C5-resources-0250,5,2,1415678
C5,250,C5-resources-0250,5,3,1233346
C5,250,C5-resources-0250,5,4,1227680
C5,250,C5-resources-0250,5,5,1232672
C5,250,C5-resources-0250,5,6,1220892
C5,250,C5-resources-0250,5,7,1213533
C5,250,C5-resources-0250,5,8,1324931
C5,250,C5-resources-0250,5,9,1378117
C5,250,C5-resources-0250,5,10,1241358
C5,250,C5-resources-0250,5,11,1268777
C5,250,C5-resources-0250,5,12,1215775
C5,250,C5-resources-0250,5,13,1233239
C5,250,C5-resources-0250,5,14,1211558
C5,250,C5-resources-0250,5,15,1269774
C5,250,C5-resources-0250,5,16,1342182
C5,250,C5-resources-0250,5,17,1273453
C5,250,C5-resources-0250,5,18,1240433
C5,250,C5-resources-0250,5,19,1226132
C5,250,C5-resources-0250,5,20,1226694
C5,250,C5-resources-0250,5,21,1222186
C5,250,C5-resources-0250,5,22,1204909
C5,250,C5-resources-0250,5,23,6680910
C5,250,C5-resources-0250,5,24,1521485
C5,250,C5-resources-0250,5,25,1281276
C5,250,C5-resources-0250,5,26,1282586
C5,250,C5-resources-0250,5,27,1385676
C5,250,C5-resources-0250,5,28,1228528
C5,250,C5-resources-0250,5,29,1221980
C5,250,C5-resources-0250,5,30,1226712
C5,250,C5-resources-0250,5,31,1216293
C5,250,C5-resources-0250,5,32,1239970
C5,250,C5-resources-0250,5,33,1196456
C5,250,C5-resources-0250,5,34,1309133
C5,250,C5-resources-0250,5,35,1267239
C5,250,C5-resources-0250,5,36,1242511
C5,250,C5-resources-0250,5,37,1204366
C5,250,C5-resources-0250,5,38,1231027
C5,250,C5-resources-0250,5,39,1229536
C5,250,C5-resources-0250,5,40,1216849
C5,250,C5-resources-0250,5,41,1202485
C5,250,C5-resources-0250,5,42,1443066
C5,250,C5-resources-0250,5,43,1228264
C5,250,C5-resources-0250,5,44,1217038
C5,250,C5-resources-0250,5,45,1221559
C5,250,C5-resources-0250,5,46,1211063
C5,250,C5-resources-0250,5,47,1199529
C5,250,C5-resources-0250,5,48,1227751
C5,250,C5-resources-0250,5,49,1315892
C5,250,C5-resources-0250,5,50,1271425
C5,250,C5-resources-0250,5,51,1248633
C5,250,C5-resources-0250,5,52,1212123
C5,250,C5-resources-0250,5,53,1197140
C5,250,C5-resources-0250,5,54,1211823
C5,250,C5-resources-0250,5,55,1231812
C5,250,C5-resources-0250,5,56,1324912
C5,250,C5-resources-0250,5,57,1255618
C5,250,C5-resources-0250,5,58,1234212
C5,250,C5-resources-0250,5,59,1210140
C5,250,C5-resources-0250,5,60,1239858
C5,250,C5-resources-0250,5,61,1232461
C5,250,C5-resources-0250,5,62,1211865
C5,250,C5-resources-0250,5,63,1260237
C5,250,C5-resources-0250,5,64,1341471
C5,250,C5-resources-0250,5,65,1237490
C5,250,C5-resources-0250,5,66,1208638
C5,250,C5-resources-0250,5,67,1212670
C5,250,C5-resources-0250,5,68,1223840
C5,250,C5-resources-0250,5,69,1226401
C5,250,C5-resources-0250,5,70,1226428
C5,250,C5-resources-0250,5,71,1412626
C5,250,C5-resources-0250,5,72,1226005
C5,250,C5-resources-0250,5,73,1227164
C5,250,C5-resources-0250,5,74,1245387
C5,250,C5-resources-0250,5,75,1201967
C5,250,C5-resources-0250,5,76,1217418
C5,250,C5-resources-0250,5,77,1216750
C5,250,C5-resources-0250,5,78,1271860
C5,250,C5-resources-0250,5,79,1525090
C5,250,C5-resources-0250,5,80,1329204
C5,250,C5-resources-0250,5,81,1240554
C5,250,C5-resources-0250,5,82,1258549
C5,250,C5-resources-0250,5,83,1249709
C5,250,C5-resources-0250,5,84,1217514
C5,250,C5-resources-0250,5,85,1217960
C5,250,C5-resources-0250,5,86,1372439
C5,250,C5-resources-0250,5,87,1335762
C5,250,C5-resources-0250,5,88,1225064
C5,250,C5-resources-0250,5,89,1225493
C5,250,C5-resources-0250,5,90,1209743
C5,250,C5-resources-0250,5,91,1319085
C5,250,C5-resources-0250,5,92,1221779
C5,250,C5-resources-0250,5,93,1237799
C5,250,C5-resources-0250,5,94,1220843
C5,250,C5-resources-0250,5,95,1193660
C5,250,C5-resources-0250,5,96,1221493
C5,250,C5-resources-0250,5,97,1221668
C5,250,C5-resources-0250,5,98,1327674
C5,250,C5-resources-0250,5,99,1326077
C5,250,C5-resources-0250,5,100,1205736
C5,250,C5-resources-0250,6,1,1250382
C5,250,C5-resources-0250,6,2,1248173
C5,250,C5-resources-0250,6,3,1215779
C5,250,C5-resources-0250,6,4,1218145
C5,250,C5-resources-0250,6,5,1233659
C5,250,C5-resources-0250,6,6,1382358
C5,250,C5-resources-0250,6,7,1220498
C5,250,C5-resources-0250,6,8,1212648
C5,250,C5-resources-0250,6,9,1212159
C5,250,C5-resources-0250,6,10,1213121
C5,250,C5-resources-0250,6,11,1217678
C5,250,C5-resources-0250,6,12,1219705
C5,250,C5-resources-0250,6,13,1306870
C5,250,C5-resources-0250,6,14,1287149
C5,250,C5-resources-0250,6,15,1248166
C5,250,C5-resources-0250,6,16,1205543
C5,250,C5-resources-0250,6,17,1202946
C5,250,C5-resources-0250,6,18,1226082
C5,250,C5-resources-0250,6,19,1216519
C5,250,C5-resources-0250,6,20,1213135
C5,250,C5-resources-0250,6,21,1391458
C5,250,C5-resources-0250,6,22,1223539
C5,250,C5-resources-0250,6,23,1215752
C5,250,C5-resources-0250,6,24,1243282
C5,250,C5-resources-0250,6,25,1275076
C5,250,C5-resources-0250,6,26,1222523
C5,250,C5-resources-0250,6,27,1212511
C5,250,C5-resources-0250,6,28,1224757
C5,250,C5-resources-0250,6,29,1305862
C5,250,C5-resources-0250,6,30,1296889
C5,250,C5-resources-0250,6,31,1249368
C5,250,C5-resources-0250,6,32,1230821
C5,250,C5-resources-0250,6,33,1218894
C5,250,C5-resources-0250,6,34,1243079
C5,250,C5-resources-0250,6,35,1211880
C5,250,C5-resources-0250,6,36,1227724
C5,250,C5-resources-0250,6,37,1477986
C5,250,C5-resources-0250,6,38,1248969
C5,250,C5-resources-0250,6,39,1225920
C5,250,C5-resources-0250,6,40,1235188
C5,250,C5-resources-0250,6,41,1217839
C5,250,C5-resources-0250,6,42,1208886
C5,250,C5-resources-0250,6,43,1210455
C5,250,C5-resources-0250,6,44,1326786
C5,250,C5-resources-0250,6,45,1293396
C5,250,C5-resources-0250,6,46,1208066
C5,250,C5-resources-0250,6,47,1237650
C5,250,C5-resources-0250,6,48,1216428
C5,250,C5-resources-0250,6,49,1233726
C5,250,C5-resources-0250,6,50,1260759
C5,250,C5-resources-0250,6,51,1238706
C5,250,C5-resources-0250,6,52,1396718
C5,250,C5-resources-0250,6,53,1251713
C5,250,C5-resources-0250,6,54,1227568
C5,250,C5-resources-0250,6,55,1206617
C5,250,C5-resources-0250,6,56,1231848
C5,250,C5-resources-0250,6,57,1226597
C5,250,C5-resources-0250,6,58,1219248
C5,250,C5-resources-0250,6,59,1476843
C5,250,C5-resources-0250,6,60,1342795
C5,250,C5-resources-0250,6,61,1260641
C5,250,C5-resources-0250,6,62,1241068
C5,250,C5-resources-0250,6,63,1262838
C5,250,C5-resources-0250,6,64,1244074
C5,250,C5-resources-0250,6,65,1227974
C5,250,C5-resources-0250,6,66,1372453
C5,250,C5-resources-0250,6,67,6862296
C5,250,C5-resources-0250,6,68,1446626
C5,250,C5-resources-0250,6,69,1397854
C5,250,C5-resources-0250,6,70,1324334
C5,250,C5-resources-0250,6,71,1228318
C5,250,C5-resources-0250,6,72,1235790
C5,250,C5-resources-0250,6,73,1230634
C5,250,C5-resources-0250,6,74,1242923
C5,250,C5-resources-0250,6,75,1222338
C5,250,C5-resources-0250,6,76,1337390
C5,250,C5-resources-0250,6,77,1292894
C5,250,C5-resources-0250,6,78,1205411
C5,250,C5-resources-0250,6,79,1207646
C5,250,C5-resources-0250,6,80,1218203
C5,250,C5-resources-0250,6,81,1255048
C5,250,C5-resources-0250,6,82,1213453
C5,250,C5-resources-0250,6,83,1321936
C5,250,C5-resources-0250,6,84,1298057
C5,250,C5-resources-0250,6,85,1213484
C5,250,C5-resources-0250,6,86,1241089
C5,250,C5-resources-0250,6,87,1237730
C5,250,C5-resources-0250,6,88,1227014
C5,250,C5-resources-0250,6,89,1209736
C5,250,C5-resources-0250,6,90,1223420
C5,250,C5-resources-0250,6,91,1284340
C5,250,C5-resources-0250,6,92,1321500
C5,250,C5-resources-0250,6,93,1262957
C5,250,C5-resources-0250,6,94,1212143
C5,250,C5-resources-0250,6,95,1207101
C5,250,C5-resources-0250,6,96,1211368
C5,250,C5-resources-0250,6,97,1223047
C5,250,C5-resources-0250,6,98,1201023
C5,250,C5-resources-0250,6,99,1357496
C5,250,C5-resources-0250,6,100,1354898
C5,250,C5-resources-0250,7,1,1243243
C5,250,C5-resources-0250,7,2,1228056
C5,250,C5-resources-0250,7,3,1220025
C5,250,C5-resources-0250,7,4,1221306
C5,250,C5-resources-0250,7,5,1204559
C5,250,C5-resources-0250,7,6,1301097
C5,250,C5-resources-0250,7,7,1319109
C5,250,C5-resources-0250,7,8,1228908
C5,250,C5-resources-0250,7,9,1229296
C5,250,C5-resources-0250,7,10,1201610
C5,250,C5-resources-0250,7,11,1227859
C5,250,C5-resources-0250,7,12,1218231
C5,250,C5-resources-0250,7,13,1288246
C5,250,C5-resources-0250,7,14,1312739
C5,250,C5-resources-0250,7,15,1272403
C5,250,C5-resources-0250,7,16,1219508
C5,250,C5-resources-0250,7,17,1219029
C5,250,C5-resources-0250,7,18,1229326
C5,250,C5-resources-0250,7,19,1201735
C5,250,C5-resources-0250,7,20,1236820
C5,250,C5-resources-0250,7,21,1322898
C5,250,C5-resources-0250,7,22,1261288
C5,250,C5-resources-0250,7,23,1213115
C5,250,C5-resources-0250,7,24,1209104
C5,250,C5-resources-0250,7,25,1230776
C5,250,C5-resources-0250,7,26,1234071
C5,250,C5-resources-0250,7,27,1244178
C5,250,C5-resources-0250,7,28,1369350
C5,250,C5-resources-0250,7,29,1229816
C5,250,C5-resources-0250,7,30,1199794
C5,250,C5-resources-0250,7,31,1229644
C5,250,C5-resources-0250,7,32,1212472
C5,250,C5-resources-0250,7,33,1214825
C5,250,C5-resources-0250,7,34,1217824
C5,250,C5-resources-0250,7,35,1320224
C5,250,C5-resources-0250,7,36,1402989
C5,250,C5-resources-0250,7,37,1272740
C5,250,C5-resources-0250,7,38,1221967
C5,250,C5-resources-0250,7,39,1219033
C5,250,C5-resources-0250,7,40,1219367
C5,250,C5-resources-0250,7,41,1246769
C5,250,C5-resources-0250,7,42,1335331
C5,250,C5-resources-0250,7,43,1329248
C5,250,C5-resources-0250,7,44,1248495
C5,250,C5-resources-0250,7,45,1230053
C5,250,C5-resources-0250,7,46,1298479
C5,250,C5-resources-0250,7,47,1342507
C5,250,C5-resources-0250,7,48,1224676
C5,250,C5-resources-0250,7,49,1222088
C5,250,C5-resources-0250,7,50,1375544
C5,250,C5-resources-0250,7,51,1272669
C5,250,C5-resources-0250,7,52,1302033
C5,250,C5-resources-0250,7,53,1286348
C5,250,C5-resources-0250,7,54,1230197
C5,250,C5-resources-0250,7,55,1210113
C5,250,C5-resources-0250,7,56,1235865
C5,250,C5-resources-0250,7,57,1294685
C5,250,C5-resources-0250,7,58,1391857
C5,250,C5-resources-0250,7,59,1240356
C5,250,C5-resources-0250,7,60,1209806
C5,250,C5-resources-0250,7,61,1203517
C5,250,C5-resources-0250,7,62,1220408
C5,250,C5-resources-0250,7,63,1232057
C5,250,C5-resources-0250,7,64,1292783
C5,250,C5-resources-0250,7,65,1591041
C5,250,C5-resources-0250,7,66,1228526
C5,250,C5-resources-0250,7,67,1219552
C5,250,C5-resources-0250,7,68,1206134
C5,250,C5-resources-0250,7,69,1302763
C5,250,C5-resources-0250,7,70,1216586
C5,250,C5-resources-0250,7,71,1211470
C5,250,C5-resources-0250,7,72,1333158
C5,250,C5-resources-0250,7,73,1274979
C5,250,C5-resources-0250,7,74,1231813
C5,250,C5-resources-0250,7,75,1301179
C5,250,C5-resources-0250,7,76,1215652
C5,250,C5-resources-0250,7,77,1231683
C5,250,C5-resources-0250,7,78,1234712
C5,250,C5-resources-0250,7,79,1249469
C5,250,C5-resources-0250,7,80,1483002
C5,250,C5-resources-0250,7,81,1266080
C5,250,C5-resources-0250,7,82,1212104
C5,250,C5-resources-0250,7,83,1211173
C5,250,C5-resources-0250,7,84,1241494
C5,250,C5-resources-0250,7,85,1295926
C5,250,C5-resources-0250,7,86,1283903
C5,250,C5-resources-0250,7,87,1340662
C5,250,C5-resources-0250,7,88,1279041
C5,250,C5-resources-0250,7,89,1240099
C5,250,C5-resources-0250,7,90,1238132
C5,250,C5-resources-0250,7,91,1239888
C5,250,C5-resources-0250,7,92,1225750
C5,250,C5-resources-0250,7,93,1226757
C5,250,C5-resources-0250,7,94,1276436
C5,250,C5-resources-0250,7,95,1325711
C5,250,C5-resources-0250,7,96,1237548
C5,250,C5-resources-0250,7,97,1316884
C5,250,C5-resources-0250,7,98,1243601
C5,250,C5-resources-0250,7,99,1252006
C5,250,C5-resources-0250,7,100,1241512
C5,250,C5-resources-0250,8,1,1249769
C5,250,C5-resources-0250,8,2,1371787
C5,250,C5-resources-0250,8,3,1281710
C5,250,C5-resources-0250,8,4,1231414
C5,250,C5-resources-0250,8,5,1226548
C5,250,C5-resources-0250,8,6,1256133
C5,250,C5-resources-0250,8,7,1259950
C5,250,C5-resources-0250,8,8,1230826
C5,250,C5-resources-0250,8,9,1376257
C5,250,C5-resources-0250,8,10,1239506
C5,250,C5-resources-0250,8,11,1205041
C5,250,C5-resources-0250,8,12,4694886
C5,250,C5-resources-0250,8,13,1564688
C5,250,C5-resources-0250,8,14,1376242
C5,250,C5-resources-0250,8,15,1229955
C5,250,C5-resources-0250,8,16,1243948
C5,250,C5-resources-0250,8,17,1230454
C5,250,C5-resources-0250,8,18,1209357
C5,250,C5-resources-0250,8,19,1245514
C5,250,C5-resources-0250,8,20,1267072
C5,250,C5-resources-0250,8,21,1316553
C5,250,C5-resources-0250,8,22,1219080
C5,250,C5-resources-0250,8,23,1207908
C5,250,C5-resources-0250,8,24,1218867
C5,250,C5-resources-0250,8,25,1218763
C5,250,C5-resources-0250,8,26,1234482
C5,250,C5-resources-0250,8,27,1225489
C5,250,C5-resources-0250,8,28,1307886
C5,250,C5-resources-0250,8,29,1301371
C5,250,C5-resources-0250,8,30,1243566
C5,250,C5-resources-0250,8,31,1226917
C5,250,C5-resources-0250,8,32,1237646
C5,250,C5-resources-0250,8,33,1224270
C5,250,C5-resources-0250,8,34,1201758
C5,250,C5-resources-0250,8,35,1221386
C5,250,C5-resources-0250,8,36,1373082
C5,250,C5-resources-0250,8,37,1237816
C5,250,C5-resources-0250,8,38,1425001
C5,250,C5-resources-0250,8,39,1211560
C5,250,C5-resources-0250,8,40,1206905
C5,250,C5-resources-0250,8,41,1214635
C5,250,C5-resources-0250,8,42,1212181
C5,250,C5-resources-0250,8,43,1339317
C5,250,C5-resources-0250,8,44,1276224
C5,250,C5-resources-0250,8,45,1229861
C5,250,C5-resources-0250,8,46,1212633
C5,250,C5-resources-0250,8,47,1213374
C5,250,C5-resources-0250,8,48,1234221
C5,250,C5-resources-0250,8,49,1256093
C5,250,C5-resources-0250,8,50,1218329
C5,250,C5-resources-0250,8,51,1384786
C5,250,C5-resources-0250,8,52,1214695
C5,250,C5-resources-0250,8,53,1212287
C5,250,C5-resources-0250,8,54,1245528
C5,250,C5-resources-0250,8,55,1232138
C5,250,C5-resources-0250,8,56,1236753
C5,250,C5-resources-0250,8,57,1241257
C5,250,C5-resources-0250,8,58,1211785
C5,250,C5-resources-0250,8,59,1392181
C5,250,C5-resources-0250,8,60,1214021
C5,250,C5-resources-0250,8,61,1219674
C5,250,C5-resources-0250,8,62,1197133
C5,250,C5-resources-0250,8,63,1202185
C5,250,C5-resources-0250,8,64,1247714
C5,250,C5-resources-0250,8,65,1809196
C5,250,C5-resources-0250,8,66,1485773
C5,250,C5-resources-0250,8,67,1285435
C5,250,C5-resources-0250,8,68,1250174
C5,250,C5-resources-0250,8,69,1293923
C5,250,C5-resources-0250,8,70,1278890
C5,250,C5-resources-0250,8,71,1281860
C5,250,C5-resources-0250,8,72,1253550
C5,250,C5-resources-0250,8,73,1386414
C5,250,C5-resources-0250,8,74,1286235
C5,250,C5-resources-0250,8,75,1244579
C5,250,C5-resources-0250,8,76,1241867
C5,250,C5-resources-0250,8,77,1233649
C5,250,C5-resources-0250,8,78,1216384
C5,250,C5-resources-0250,8,79,1241067
C5,250,C5-resources-0250,8,80,1301202
C5,250,C5-resources-0250,8,81,1345660
C5,250,C5-resources-0250,8,82,1239277
C5,250,C5-resources-0250,8,83,1251796
C5,250,C5-resources-0250,8,84,1202614
C5,250,C5-resources-0250,8,85,1211110
C5,250,C5-resources-0250,8,86,1225854
C5,250,C5-resources-0250,8,87,1206240
C5,250,C5-resources-0250,8,88,1343440
C5,250,C5-resources-0250,8,89,1277250
C5,250,C5-resources-0250,8,90,1196025
C5,250,C5-resources-0250,8,91,1424510
C5,250,C5-resources-0250,8,92,1241357
C5,250,C5-resources-0250,8,93,1213358
C5,250,C5-resources-0250,8,94,1199090
C5,250,C5-resources-0250,8,95,1288956
C5,250,C5-resources-0250,8,96,1294295
C5,250,C5-resources-0250,8,97,1216344
C5,250,C5-resources-0250,8,98,1233280
C5,250,C5-resources-0250,8,99,1223481
C5,250,C5-resources-0250,8,100,1208865
C4,1000,C4-resources-1000,1,1,391665
C4,1000,C4-resources-1000,1,2,393308
C4,1000,C4-resources-1000,1,3,392061
C4,1000,C4-resources-1000,1,4,415652
C4,1000,C4-resources-1000,1,5,388426
C4,1000,C4-resources-1000,1,6,389446
C4,1000,C4-resources-1000,1,7,387827
C4,1000,C4-resources-1000,1,8,392714
C4,1000,C4-resources-1000,1,9,404321
C4,1000,C4-resources-1000,1,10,388851
C4,1000,C4-resources-1000,1,11,388995
C4,1000,C4-resources-1000,1,12,401065
C4,1000,C4-resources-1000,1,13,418281
C4,1000,C4-resources-1000,1,14,428111
C4,1000,C4-resources-1000,1,15,452808
C4,1000,C4-resources-1000,1,16,407546
C4,1000,C4-resources-1000,1,17,393885
C4,1000,C4-resources-1000,1,18,389693
C4,1000,C4-resources-1000,1,19,389626
C4,1000,C4-resources-1000,1,20,445470
C4,1000,C4-resources-1000,1,21,475077
C4,1000,C4-resources-1000,1,22,458821
C4,1000,C4-resources-1000,1,23,451767
C4,1000,C4-resources-1000,1,24,453266
C4,1000,C4-resources-1000,1,25,398233
C4,1000,C4-resources-1000,1,26,393999
C4,1000,C4-resources-1000,1,27,389252
C4,1000,C4-resources-1000,1,28,396770
C4,1000,C4-resources-1000,1,29,388175
C4,1000,C4-resources-1000,1,30,391406
C4,1000,C4-resources-1000,1,31,389822
C4,1000,C4-resources-1000,1,32,438595
C4,1000,C4-resources-1000,1,33,408257
C4,1000,C4-resources-1000,1,34,401493
C4,1000,C4-resources-1000,1,35,395170
C4,1000,C4-resources-1000,1,36,392491
C4,1000,C4-resources-1000,1,37,387123
C4,1000,C4-resources-1000,1,38,391818
C4,1000,C4-resources-1000,1,39,402348
C4,1000,C4-resources-1000,1,40,403757
C4,1000,C4-resources-1000,1,41,389896
C4,1000,C4-resources-1000,1,42,393994
C4,1000,C4-resources-1000,1,43,460202
C4,1000,C4-resources-1000,1,44,425923
C4,1000,C4-resources-1000,1,45,421105
C4,1000,C4-resources-1000,1,46,389344
C4,1000,C4-resources-1000,1,47,388624
C4,1000,C4-resources-1000,1,48,421525
C4,1000,C4-resources-1000,1,49,411247
C4,1000,C4-resources-1000,1,50,410244
C4,1000,C4-resources-1000,1,51,414640
C4,1000,C4-resources-1000,1,52,434627
C4,1000,C4-resources-1000,1,53,394613
C4,1000,C4-resources-1000,1,54,387238
C4,1000,C4-resources-1000,1,55,390365
C4,1000,C4-resources-1000,1,56,400122
C4,1000,C4-resources-1000,1,57,410417
C4,1000,C4-resources-1000,1,58,387872
C4,1000,C4-resources-1000,1,59,384318
C4,1000,C4-resources-1000,1,60,382402
C4,1000,C4-resources-1000,1,61,385474
C4,1000,C4-resources-1000,1,62,403945
C4,1000,C4-resources-1000,1,63,397702
C4,1000,C4-resources-1000,1,64,440298
C4,1000,C4-resources-1000,1,65,430473
C4,1000,C4-resources-1000,1,66,433622
C4,1000,C4-resources-1000,1,67,397786
C4,1000,C4-resources-1000,1,68,389098
C4,1000,C4-resources-1000,1,69,386293
C4,1000,C4-resources-1000,1,70,415870
C4,1000,C4-resources-1000,1,71,412336
C4,1000,C4-resources-1000,1,72,443773
C4,1000,C4-resources-1000,1,73,425517
C4,1000,C4-resources-1000,1,74,425996
C4,1000,C4-resources-1000,1,75,419805
C4,1000,C4-resources-1000,1,76,419945
C4,1000,C4-resources-1000,1,77,420460
C4,1000,C4-resources-1000,1,78,418620
C4,1000,C4-resources-1000,1,79,415184
C4,1000,C4-resources-1000,1,80,418084
C4,1000,C4-resources-1000,1,81,439020
C4,1000,C4-resources-1000,1,82,422378
C4,1000,C4-resources-1000,1,83,417583
C4,1000,C4-resources-1000,1,84,411101
C4,1000,C4-resources-1000,1,85,392002
C4,1000,C4-resources-1000,1,86,422183
C4,1000,C4-resources-1000,1,87,445197
C4,1000,C4-resources-1000,1,88,413837
C4,1000,C4-resources-1000,1,89,419408
C4,1000,C4-resources-1000,1,90,397301
C4,1000,C4-resources-1000,1,91,432535
C4,1000,C4-resources-1000,1,92,391822
C4,1000,C4-resources-1000,1,93,419405
C4,1000,C4-resources-1000,1,94,417598
C4,1000,C4-resources-1000,1,95,425393
C4,1000,C4-resources-1000,1,96,414897
C4,1000,C4-resources-1000,1,97,411454
C4,1000,C4-resources-1000,1,98,394702
C4,1000,C4-resources-1000,1,99,412529
C4,1000,C4-resources-1000,1,100,475099
C4,1000,C4-resources-1000,2,1,432206
C4,1000,C4-resources-1000,2,2,409993
C4,1000,C4-resources-1000,2,3,442312
C4,1000,C4-resources-1000,2,4,410984
C4,1000,C4-resources-1000,2,5,399279
C4,1000,C4-resources-1000,2,6,441489
C4,1000,C4-resources-1000,2,7,475867
C4,1000,C4-resources-1000,2,8,422823
C4,1000,C4-resources-1000,2,9,441484
C4,1000,C4-resources-1000,2,10,398206
C4,1000,C4-resources-1000,2,11,396160
C4,1000,C4-resources-1000,2,12,398384
C4,1000,C4-resources-1000,2,13,391774
C4,1000,C4-resources-1000,2,14,424985
C4,1000,C4-resources-1000,2,15,391730
C4,1000,C4-resources-1000,2,16,386608
C4,1000,C4-resources-1000,2,17,402379
C4,1000,C4-resources-1000,2,18,392730
C4,1000,C4-resources-1000,2,19,424789
C4,1000,C4-resources-1000,2,20,389750
C4,1000,C4-resources-1000,2,21,396662
C4,1000,C4-resources-1000,2,22,389805
C4,1000,C4-resources-1000,2,23,388592
C4,1000,C4-resources-1000,2,24,388381
C4,1000,C4-resources-1000,2,25,386197
C4,1000,C4-resources-1000,2,26,390497
C4,1000,C4-resources-1000,2,27,386541
C4,1000,C4-resources-1000,2,28,385656
C4,1000,C4-resources-1000,2,29,459877
C4,1000,C4-resources-1000,2,30,461992
C4,1000,C4-resources-1000,2,31,431905
C4,1000,C4-resources-1000,2,32,407156
C4,1000,C4-resources-1000,2,33,389945
C4,1000,C4-resources-1000,2,34,389744
C4,1000,C4-resources-1000,2,35,388279
C4,1000,C4-resources-1000,2,36,388976
C4,1000,C4-resources-1000,2,37,392951
C4,1000,C4-resources-1000,2,38,388252
C4,1000,C4-resources-1000,2,39,408692
C4,1000,C4-resources-1000,2,40,387523
C4,1000,C4-resources-1000,2,41,386542
C4,1000,C4-resources-1000,2,42,388040
C4,1000,C4-resources-1000,2,43,409226
C4,1000,C4-resources-1000,2,44,392053
C4,1000,C4-resources-1000,2,45,389553
C4,1000,C4-resources-1000,2,46,409956
C4,1000,C4-resources-1000,2,47,422609
C4,1000,C4-resources-1000,2,48,414010
C4,1000,C4-resources-1000,2,49,430794
C4,1000,C4-resources-1000,2,50,387573
C4,1000,C4-resources-1000,2,51,386984
C4,1000,C4-resources-1000,2,52,422231
C4,1000,C4-resources-1000,2,53,441566
C4,1000,C4-resources-1000,2,54,427422
C4,1000,C4-resources-1000,2,55,389581
C4,1000,C4-resources-1000,2,56,391318
C4,1000,C4-resources-1000,2,57,393294
C4,1000,C4-resources-1000,2,58,400474
C4,1000,C4-resources-1000,2,59,414796
C4,1000,C4-resources-1000,2,60,385680
C4,1000,C4-resources-1000,2,61,397721
C4,1000,C4-resources-1000,2,62,393825
C4,1000,C4-resources-1000,2,63,390319
C4,1000,C4-resources-1000,2,64,390130
C4,1000,C4-resources-1000,2,65,390220
C4,1000,C4-resources-1000,2,66,399732
C4,1000,C4-resources-1000,2,67,406418
C4,1000,C4-resources-1000,2,68,404233
C4,1000,C4-resources-1000,2,69,397226
C4,1000,C4-resources-1000,2,70,389430
C4,1000,C4-resources-1000,2,71,397374
C4,1000,C4-resources-1000,2,72,386317
C4,1000,C4-resources-1000,2,73,388146
C4,1000,C4-resources-1000,2,74,391308
C4,1000,C4-resources-1000,2,75,416257
C4,1000,C4-resources-1000,2,76,444704
C4,1000,C4-resources-1000,2,77,457688
C4,1000,C4-resources-1000,2,78,462183
C4,1000,C4-resources-1000,2,79,395553
C4,1000,C4-resources-1000,2,80,392926
C4,1000,C4-resources-1000,2,81,393626
C4,1000,C4-resources-1000,2,82,388037
C4,1000,C4-resources-1000,2,83,392554
C4,1000,C4-resources-1000,2,84,418262
C4,1000,C4-resources-1000,2,85,385000
C4,1000,C4-resources-1000,2,86,391749
C4,1000,C4-resources-1000,2,87,387215
C4,1000,C4-resources-1000,2,88,425827
C4,1000,C4-resources-1000,2,89,389483
C4,1000,C4-resources-1000,2,90,392354
C4,1000,C4-resources-1000,2,91,402486
C4,1000,C4-resources-1000,2,92,384818
C4,1000,C4-resources-1000,2,93,384242
C4,1000,C4-resources-1000,2,94,385706
C4,1000,C4-resources-1000,2,95,390812
C4,1000,C4-resources-1000,2,96,391468
C4,1000,C4-resources-1000,2,97,388451
C4,1000,C4-resources-1000,2,98,457073
C4,1000,C4-resources-1000,2,99,482897
C4,1000,C4-resources-1000,2,100,406934
C4,1000,C4-resources-1000,3,1,431887
C4,1000,C4-resources-1000,3,2,387942
C4,1000,C4-resources-1000,3,3,385732
C4,1000,C4-resources-1000,3,4,390149
C4,1000,C4-resources-1000,3,5,390842
C4,1000,C4-resources-1000,3,6,390026
C4,1000,C4-resources-1000,3,7,391231
C4,1000,C4-resources-1000,3,8,410478
C4,1000,C4-resources-1000,3,9,388599
C4,1000,C4-resources-1000,3,10,384609
C4,1000,C4-resources-1000,3,11,388884
C4,1000,C4-resources-1000,3,12,381276
C4,1000,C4-resources-1000,3,13,384479
C4,1000,C4-resources-1000,3,14,385881
C4,1000,C4-resources-1000,3,15,385476
C4,1000,C4-resources-1000,3,16,389129
C4,1000,C4-resources-1000,3,17,388745
C4,1000,C4-resources-1000,3,18,399584
C4,1000,C4-resources-1000,3,19,394476
C4,1000,C4-resources-1000,3,20,384950
C4,1000,C4-resources-1000,3,21,386106
C4,1000,C4-resources-1000,3,22,414290
C4,1000,C4-resources-1000,3,23,422757
C4,1000,C4-resources-1000,3,24,408025
C4,1000,C4-resources-1000,3,25,388605
C4,1000,C4-resources-1000,3,26,392798
C4,1000,C4-resources-1000,3,27,385787
C4,1000,C4-resources-1000,3,28,403333
C4,1000,C4-resources-1000,3,29,387103
C4,1000,C4-resources-1000,3,30,389013
C4,1000,C4-resources-1000,3,31,386719
C4,1000,C4-resources-1000,3,32,384764
C4,1000,C4-resources-1000,3,33,384718
C4,1000,C4-resources-1000,3,34,398369
C4,1000,C4-resources-1000,3,35,384842
C4,1000,C4-resources-1000,3,36,389726
C4,1000,C4-resources-1000,3,37,385323
C4,1000,C4-resources-1000,3,38,395231
C4,1000,C4-resources-1000,3,39,383929
C4,1000,C4-resources-1000,3,40,386559
C4,1000,C4-resources-1000,3,41,384616
C4,1000,C4-resources-1000,3,42,382590
C4,1000,C4-resources-1000,3,43,383933
C4,1000,C4-resources-1000,3,44,388138
C4,1000,C4-resources-1000,3,45,384677
C4,1000,C4-resources-1000,3,46,431231
C4,1000,C4-resources-1000,3,47,410434
C4,1000,C4-resources-1000,3,48,430785
C4,1000,C4-resources-1000,3,49,386394
C4,1000,C4-resources-1000,3,50,387659
C4,1000,C4-resources-1000,3,51,385647
C4,1000,C4-resources-1000,3,52,397083
C4,1000,C4-resources-1000,3,53,384987
C4,1000,C4-resources-1000,3,54,386762
C4,1000,C4-resources-1000,3,55,391666
C4,1000,C4-resources-1000,3,56,385277
C4,1000,C4-resources-1000,3,57,386387
C4,1000,C4-resources-1000,3,58,397164
C4,1000,C4-resources-1000,3,59,386889
C4,1000,C4-resources-1000,3,60,393663
C4,1000,C4-resources-1000,3,61,394572
C4,1000,C4-resources-1000,3,62,4440461
C4,1000,C4-resources-1000,3,63,546719
C4,1000,C4-resources-1000,3,64,460348
C4,1000,C4-resources-1000,3,65,405082
C4,1000,C4-resources-1000,3,66,397245
C4,1000,C4-resources-1000,3,67,404200
C4,1000,C4-resources-1000,3,68,412680
C4,1000,C4-resources-1000,3,69,400002
C4,1000,C4-resources-1000,3,70,419642
C4,1000,C4-resources-1000,3,71,400985
C4,1000,C4-resources-1000,3,72,392538
C4,1000,C4-resources-1000,3,73,389110
C4,1000,C4-resources-1000,3,74,407374
C4,1000,C4-resources-1000,3,75,392982
C4,1000,C4-resources-1000,3,76,387649
C4,1000,C4-resources-1000,3,77,402137
C4,1000,C4-resources-1000,3,78,406438
C4,1000,C4-resources-1000,3,79,405078
C4,1000,C4-resources-1000,3,80,402153
C4,1000,C4-resources-1000,3,81,412733
C4,1000,C4-resources-1000,3,82,411971
C4,1000,C4-resources-1000,3,83,442779
C4,1000,C4-resources-1000,3,84,444078
C4,1000,C4-resources-1000,3,85,449802
C4,1000,C4-resources-1000,3,86,387283
C4,1000,C4-resources-1000,3,87,419065
C4,1000,C4-resources-1000,3,88,388020
C4,1000,C4-resources-1000,3,89,386938
C4,1000,C4-resources-1000,3,90,402946
C4,1000,C4-resources-1000,3,91,410001
C4,1000,C4-resources-1000,3,92,425677
C4,1000,C4-resources-1000,3,93,408405
C4,1000,C4-resources-1000,3,94,388541
C4,1000,C4-resources-1000,3,95,391163
C4,1000,C4-resources-1000,3,96,385212
C4,1000,C4-resources-1000,3,97,415304
C4,1000,C4-resources-1000,3,98,407243
C4,1000,C4-resources-1000,3,99,400456
C4,1000,C4-resources-1000,3,100,391527
C4,1000,C4-resources-1000,4,1,412837
C4,1000,C4-resources-1000,4,2,395040
C4,1000,C4-resources-1000,4,3,403962
C4,1000,C4-resources-1000,4,4,394832
C4,1000,C4-resources-1000,4,5,412861
C4,1000,C4-resources-1000,4,6,511433
C4,1000,C4-resources-1000,4,7,485805
C4,1000,C4-resources-1000,4,8,449919
C4,1000,C4-resources-1000,4,9,385470
C4,1000,C4-resources-1000,4,10,385400
C4,1000,C4-resources-1000,4,11,381379
C4,1000,C4-resources-1000,4,12,393207
C4,1000,C4-resources-1000,4,13,392857
C4,1000,C4-resources-1000,4,14,384573
C4,1000,C4-resources-1000,4,15,388850
C4,1000,C4-resources-1000,4,16,419199
C4,1000,C4-resources-1000,4,17,403914
C4,1000,C4-resources-1000,4,18,394755
C4,1000,C4-resources-1000,4,19,384607
C4,1000,C4-resources-1000,4,20,387501
C4,1000,C4-resources-1000,4,21,389991
C4,1000,C4-resources-1000,4,22,392012
C4,1000,C4-resources-1000,4,23,385062
C4,1000,C4-resources-1000,4,24,391955
C4,1000,C4-resources-1000,4,25,385505
C4,1000,C4-resources-1000,4,26,402011
C4,1000,C4-resources-1000,4,27,399641
C4,1000,C4-resources-1000,4,28,387963
C4,1000,C4-resources-1000,4,29,444357
C4,1000,C4-resources-1000,4,30,432516
C4,1000,C4-resources-1000,4,31,439694
C4,1000,C4-resources-1000,4,32,404780
C4,1000,C4-resources-1000,4,33,410915
C4,1000,C4-resources-1000,4,34,426453
C4,1000,C4-resources-1000,4,35,420881
C4,1000,C4-resources-1000,4,36,419790
C4,1000,C4-resources-1000,4,37,388150
C4,1000,C4-resources-1000,4,38,388083
C4,1000,C4-resources-1000,4,39,400803
C4,1000,C4-resources-1000,4,40,392860
C4,1000,C4-resources-1000,4,41,379818
C4,1000,C4-resources-1000,4,42,383039
C4,1000,C4-resources-1000,4,43,384262
C4,1000,C4-resources-1000,4,44,387940
C4,1000,C4-resources-1000,4,45,406036
C4,1000,C4-resources-1000,4,46,414767
C4,1000,C4-resources-1000,4,47,388539
C4,1000,C4-resources-1000,4,48,382906
C4,1000,C4-resources-1000,4,49,451337
C4,1000,C4-resources-1000,4,50,424506
C4,1000,C4-resources-1000,4,51,392097
C4,1000,C4-resources-1000,4,52,439346
C4,1000,C4-resources-1000,4,53,387481
C4,1000,C4-resources-1000,4,54,388268
C4,1000,C4-resources-1000,4,55,399078
C4,1000,C4-resources-1000,4,56,389799
C4,1000,C4-resources-1000,4,57,387183
C4,1000,C4-resources-1000,4,58,384387
C4,1000,C4-resources-1000,4,59,389231
C4,1000,C4-resources-1000,4,60,387244
C4,1000,C4-resources-1000,4,61,387888
C4,1000,C4-resources-1000,4,62,382866
C4,1000,C4-resources-1000,4,63,383110
C4,1000,C4-resources-1000,4,64,384998
C4,1000,C4-resources-1000,4,65,381162
C4,1000,C4-resources-1000,4,66,402322
C4,1000,C4-resources-1000,4,67,387932
C4,1000,C4-resources-1000,4,68,385392
C4,1000,C4-resources-1000,4,69,388688
C4,1000,C4-resources-1000,4,70,383567
C4,1000,C4-resources-1000,4,71,390327
C4,1000,C4-resources-1000,4,72,385650
C4,1000,C4-resources-1000,4,73,415719
C4,1000,C4-resources-1000,4,74,414158
C4,1000,C4-resources-1000,4,75,415869
C4,1000,C4-resources-1000,4,76,401029
C4,1000,C4-resources-1000,4,77,390176
C4,1000,C4-resources-1000,4,78,388582
C4,1000,C4-resources-1000,4,79,385142
C4,1000,C4-resources-1000,4,80,381089
C4,1000,C4-resources-1000,4,81,388819
C4,1000,C4-resources-1000,4,82,384249
C4,1000,C4-resources-1000,4,83,383716
C4,1000,C4-resources-1000,4,84,388528
C4,1000,C4-resources-1000,4,85,382616
C4,1000,C4-resources-1000,4,86,410534
C4,1000,C4-resources-1000,4,87,390018
C4,1000,C4-resources-1000,4,88,387432
C4,1000,C4-resources-1000,4,89,387727
C4,1000,C4-resources-1000,4,90,382512
C4,1000,C4-resources-1000,4,91,385236
C4,1000,C4-resources-1000,4,92,383692
C4,1000,C4-resources-1000,4,93,400612
C4,1000,C4-resources-1000,4,94,409339
C4,1000,C4-resources-1000,4,95,385289
C4,1000,C4-resources-1000,4,96,408331
C4,1000,C4-resources-1000,4,97,472474
C4,1000,C4-resources-1000,4,98,386970
C4,1000,C4-resources-1000,4,99,384614
C4,1000,C4-resources-1000,4,100,381497
C4,1000,C4-resources-1000,5,1,393426
C4,1000,C4-resources-1000,5,2,383521
C4,1000,C4-resources-1000,5,3,382733
C4,1000,C4-resources-1000,5,4,388487
C4,1000,C4-resources-1000,5,5,385370
C4,1000,C4-resources-1000,5,6,404095
C4,1000,C4-resources-1000,5,7,380850
C4,1000,C4-resources-1000,5,8,382557
C4,1000,C4-resources-1000,5,9,385589
C4,1000,C4-resources-1000,5,10,390006
C4,1000,C4-resources-1000,5,11,387124
C4,1000,C4-resources-1000,5,12,382848
C4,1000,C4-resources-1000,5,13,383514
C4,1000,C4-resources-1000,5,14,388824
C4,1000,C4-resources-1000,5,15,382839
C4,1000,C4-resources-1000,5,16,448595
C4,1000,C4-resources-1000,5,17,416815
C4,1000,C4-resources-1000,5,18,388688
C4,1000,C4-resources-1000,5,19,414064
C4,1000,C4-resources-1000,5,20,383692
C4,1000,C4-resources-1000,5,21,420615
C4,1000,C4-resources-1000,5,22,432319
C4,1000,C4-resources-1000,5,23,413623
C4,1000,C4-resources-1000,5,24,382550
C4,1000,C4-resources-1000,5,25,384267
C4,1000,C4-resources-1000,5,26,395603
C4,1000,C4-resources-1000,5,27,386558
C4,1000,C4-resources-1000,5,28,385578
C4,1000,C4-resources-1000,5,29,380161
C4,1000,C4-resources-1000,5,30,383543
C4,1000,C4-resources-1000,5,31,391759
C4,1000,C4-resources-1000,5,32,383722
C4,1000,C4-resources-1000,5,33,384194
C4,1000,C4-resources-1000,5,34,389832
C4,1000,C4-resources-1000,5,35,386356
C4,1000,C4-resources-1000,5,36,401844
C4,1000,C4-resources-1000,5,37,382675
C4,1000,C4-resources-1000,5,38,384539
C4,1000,C4-resources-1000,5,39,381208
C4,1000,C4-resources-1000,5,40,382802
C4,1000,C4-resources-1000,5,41,382520
C4,1000,C4-resources-1000,5,42,383081
C4,1000,C4-resources-1000,5,43,389561
C4,1000,C4-resources-1000,5,44,408044
C4,1000,C4-resources-1000,5,45,428462
C4,1000,C4-resources-1000,5,46,454859
C4,1000,C4-resources-1000,5,47,393411
C4,1000,C4-resources-1000,5,48,383884
C4,1000,C4-resources-1000,5,49,382789
C4,1000,C4-resources-1000,5,50,383445
C4,1000,C4-resources-1000,5,51,384788
C4,1000,C4-resources-1000,5,52,380481
C4,1000,C4-resources-1000,5,53,385656
C4,1000,C4-resources-1000,5,54,398187
C4,1000,C4-resources-1000,5,55,380379
C4,1000,C4-resources-1000,5,56,393507
C4,1000,C4-resources-1000,5,57,388738
C4,1000,C4-resources-1000,5,58,394172
C4,1000,C4-resources-1000,5,59,382078
C4,1000,C4-resources-1000,5,60,385883
C4,1000,C4-resources-1000,5,61,381459
C4,1000,C4-resources-1000,5,62,384912
C4,1000,C4-resources-1000,5,63,384990
C4,1000,C4-resources-1000,5,64,383271
C4,1000,C4-resources-1000,5,65,382631
C4,1000,C4-resources-1000,5,66,390497
C4,1000,C4-resources-1000,5,67,398455
C4,1000,C4-resources-1000,5,68,384666
C4,1000,C4-resources-1000,5,69,383396
C4,1000,C4-resources-1000,5,70,426218
C4,1000,C4-resources-1000,5,71,406741
C4,1000,C4-resources-1000,5,72,431850
C4,1000,C4-resources-1000,5,73,388095
C4,1000,C4-resources-1000,5,74,419679
C4,1000,C4-resources-1000,5,75,385013
C4,1000,C4-resources-1000,5,76,391173
C4,1000,C4-resources-1000,5,77,391058
C4,1000,C4-resources-1000,5,78,389224
C4,1000,C4-resources-1000,5,79,381739
C4,1000,C4-resources-1000,5,80,380248
C4,1000,C4-resources-1000,5,81,381418
C4,1000,C4-resources-1000,5,82,381509
C4,1000,C4-resources-1000,5,83,391256
C4,1000,C4-resources-1000,5,84,407880
C4,1000,C4-resources-1000,5,85,392031
C4,1000,C4-resources-1000,5,86,404563
C4,1000,C4-resources-1000,5,87,390341
C4,1000,C4-resources-1000,5,88,386177
C4,1000,C4-resources-1000,5,89,387155
C4,1000,C4-resources-1000,5,90,382952
C4,1000,C4-resources-1000,5,91,384708
C4,1000,C4-resources-1000,5,92,380925
C4,1000,C4-resources-1000,5,93,410372
C4,1000,C4-resources-1000,5,94,412362
C4,1000,C4-resources-1000,5,95,404587
C4,1000,C4-resources-1000,5,96,384877
C4,1000,C4-resources-1000,5,97,386827
C4,1000,C4-resources-1000,5,98,384189
C4,1000,C4-resources-1000,5,99,382915
C4,1000,C4-resources-1000,5,100,384519
C4,1000,C4-resources-1000,6,1,389283
C4,1000,C4-resources-1000,6,2,389257
C4,1000,C4-resources-1000,6,3,405080
C4,1000,C4-resources-1000,6,4,405110
C4,1000,C4-resources-1000,6,5,388634
C4,1000,C4-resources-1000,6,6,439830
C4,1000,C4-resources-1000,6,7,406455
C4,1000,C4-resources-1000,6,8,404247
C4,1000,C4-resources-1000,6,9,403929
C4,1000,C4-resources-1000,6,10,386846
C4,1000,C4-resources-1000,6,11,384511
C4,1000,C4-resources-1000,6,12,384543
C4,1000,C4-resources-1000,6,13,391112
C4,1000,C4-resources-1000,6,14,390033
C4,1000,C4-resources-1000,6,15,384735
C4,1000,C4-resources-1000,6,16,417807
C4,1000,C4-resources-1000,6,17,432820
C4,1000,C4-resources-1000,6,18,414849
C4,1000,C4-resources-1000,6,19,385745
C4,1000,C4-resources-1000,6,20,385249
C4,1000,C4-resources-1000,6,21,389152
C4,1000,C4-resources-1000,6,22,393534
C4,1000,C4-resources-1000,6,23,396188
C4,1000,C4-resources-1000,6,24,406551
C4,1000,C4-resources-1000,6,25,383868
C4,1000,C4-resources-1000,6,26,419261
C4,1000,C4-resources-1000,6,27,392325
C4,1000,C4-resources-1000,6,28,385704
C4,1000,C4-resources-1000,6,29,384709
C4,1000,C4-resources-1000,6,30,385503
C4,1000,C4-resources-1000,6,31,390232
C4,1000,C4-resources-1000,6,32,425669
C4,1000,C4-resources-1000,6,33,398851
C4,1000,C4-resources-1000,6,34,404183
C4,1000,C4-resources-1000,6,35,404621
C4,1000,C4-resources-1000,6,36,435035
C4,1000,C4-resources-1000,6,37,419024
C4,1000,C4-resources-1000,6,38,427782
C4,1000,C4-resources-1000,6,39,438358
C4,1000,C4-resources-1000,6,40,445608
C4,1000,C4-resources-1000,6,41,422226
C4,1000,C4-resources-1000,6,42,398048
C4,1000,C4-resources-1000,6,43,382851
C4,1000,C4-resources-1000,6,44,385419
C4,1000,C4-resources-1000,6,45,384202
C4,1000,C4-resources-1000,6,46,398362
C4,1000,C4-resources-1000,6,47,418871
C4,1000,C4-resources-1000,6,48,409855
C4,1000,C4-resources-1000,6,49,411791
C4,1000,C4-resources-1000,6,50,413807
C4,1000,C4-resources-1000,6,51,406669
C4,1000,C4-resources-1000,6,52,386054
C4,1000,C4-resources-1000,6,53,396304
C4,1000,C4-resources-1000,6,54,398583
C4,1000,C4-resources-1000,6,55,384333
C4,1000,C4-resources-1000,6,56,403027
C4,1000,C4-resources-1000,6,57,391841
C4,1000,C4-resources-1000,6,58,404461
C4,1000,C4-resources-1000,6,59,391197
C4,1000,C4-resources-1000,6,60,384749
C4,1000,C4-resources-1000,6,61,389299
C4,1000,C4-resources-1000,6,62,447500
C4,1000,C4-resources-1000,6,63,421108
C4,1000,C4-resources-1000,6,64,414937
C4,1000,C4-resources-1000,6,65,388356
C4,1000,C4-resources-1000,6,66,415184
C4,1000,C4-resources-1000,6,67,386200
C4,1000,C4-resources-1000,6,68,384123
C4,1000,C4-resources-1000,6,69,404474
C4,1000,C4-resources-1000,6,70,413031
C4,1000,C4-resources-1000,6,71,385903
C4,1000,C4-resources-1000,6,72,386905
C4,1000,C4-resources-1000,6,73,384500
C4,1000,C4-resources-1000,6,74,396222
C4,1000,C4-resources-1000,6,75,385821
C4,1000,C4-resources-1000,6,76,406204
C4,1000,C4-resources-1000,6,77,388988
C4,1000,C4-resources-1000,6,78,385290
C4,1000,C4-resources-1000,6,79,387841
C4,1000,C4-resources-1000,6,80,386707
C4,1000,C4-resources-1000,6,81,391348
C4,1000,C4-resources-1000,6,82,389166
C4,1000,C4-resources-1000,6,83,387109
C4,1000,C4-resources-1000,6,84,393592
C4,1000,C4-resources-1000,6,85,428915
C4,1000,C4-resources-1000,6,86,460077
C4,1000,C4-resources-1000,6,87,448389
C4,1000,C4-resources-1000,6,88,389649
C4,1000,C4-resources-1000,6,89,394443
C4,1000,C4-resources-1000,6,90,385662
C4,1000,C4-resources-1000,6,91,389458
C4,1000,C4-resources-1000,6,92,390515
C4,1000,C4-resources-1000,6,93,393614
C4,1000,C4-resources-1000,6,94,386868
C4,1000,C4-resources-1000,6,95,387416
C4,1000,C4-resources-1000,6,96,403597
C4,1000,C4-resources-1000,6,97,389760
C4,1000,C4-resources-1000,6,98,390696
C4,1000,C4-resources-1000,6,99,395889
C4,1000,C4-resources-1000,6,100,389087
C4,1000,C4-resources-1000,7,1,398548
C4,1000,C4-resources-1000,7,2,385005
C4,1000,C4-resources-1000,7,3,382984
C4,1000,C4-resources-1000,7,4,385510
C4,1000,C4-resources-1000,7,5,386594
C4,1000,C4-resources-1000,7,6,410909
C4,1000,C4-resources-1000,7,7,387563
C4,1000,C4-resources-1000,7,8,418439
C4,1000,C4-resources-1000,7,9,434191
C4,1000,C4-resources-1000,7,10,415810
C4,1000,C4-resources-1000,7,11,401111
C4,1000,C4-resources-1000,7,12,387890
C4,1000,C4-resources-1000,7,13,385789
C4,1000,C4-resources-1000,7,14,382647
C4,1000,C4-resources-1000,7,15,386245
C4,1000,C4-resources-1000,7,16,395423
C4,1000,C4-resources-1000,7,17,386678
C4,1000,C4-resources-1000,7,18,388168
C4,1000,C4-resources-1000,7,19,386896
C4,1000,C4-resources-1000,7,20,387832
C4,1000,C4-resources-1000,7,21,384441
C4,1000,C4-resources-1000,7,22,383831
C4,1000,C4-resources-1000,7,23,382388
C4,1000,C4-resources-1000,7,24,385090
C4,1000,C4-resources-1000,7,25,383264
C4,1000,C4-resources-1000,7,26,401323
C4,1000,C4-resources-1000,7,27,387001
C4,1000,C4-resources-1000,7,28,384230
C4,1000,C4-resources-1000,7,29,386923
C4,1000,C4-resources-1000,7,30,389300
C4,1000,C4-resources-1000,7,31,390907
C4,1000,C4-resources-1000,7,32,416053
C4,1000,C4-resources-1000,7,33,427865
C4,1000,C4-resources-1000,7,34,414143
C4,1000,C4-resources-1000,7,35,389913
C4,1000,C4-resources-1000,7,36,412832
C4,1000,C4-resources-1000,7,37,398832
C4,1000,C4-resources-1000,7,38,393701
C4,1000,C4-resources-1000,7,39,400377
C4,1000,C4-resources-1000,7,40,384655
C4,1000,C4-resources-1000,7,41,384854
C4,1000,C4-resources-1000,7,42,382848
C4,1000,C4-resources-1000,7,43,383666
C4,1000,C4-resources-1000,7,44,385095
C4,1000,C4-resources-1000,7,45,389672
C4,1000,C4-resources-1000,7,46,404191
C4,1000,C4-resources-1000,7,47,397225
C4,1000,C4-resources-1000,7,48,385074
C4,1000,C4-resources-1000,7,49,385741
C4,1000,C4-resources-1000,7,50,386528
C4,1000,C4-resources-1000,7,51,387408
C4,1000,C4-resources-1000,7,52,382075
C4,1000,C4-resources-1000,7,53,383921
C4,1000,C4-resources-1000,7,54,383540
C4,1000,C4-resources-1000,7,55,419163
C4,1000,C4-resources-1000,7,56,441033
C4,1000,C4-resources-1000,7,57,418689
C4,1000,C4-resources-1000,7,58,385927
C4,1000,C4-resources-1000,7,59,386574
C4,1000,C4-resources-1000,7,60,385366
C4,1000,C4-resources-1000,7,61,383209
C4,1000,C4-resources-1000,7,62,385481
C4,1000,C4-resources-1000,7,63,384286
C4,1000,C4-resources-1000,7,64,383118
C4,1000,C4-resources-1000,7,65,383383
C4,1000,C4-resources-1000,7,66,397635
C4,1000,C4-resources-1000,7,67,384646
C4,1000,C4-resources-1000,7,68,382718
C4,1000,C4-resources-1000,7,69,381616
C4,1000,C4-resources-1000,7,70,390369
C4,1000,C4-resources-1000,7,71,386240
C4,1000,C4-resources-1000,7,72,386638
C4,1000,C4-resources-1000,7,73,384766
C4,1000,C4-resources-1000,7,74,388317
C4,1000,C4-resources-1000,7,75,389117
C4,1000,C4-resources-1000,7,76,395490
C4,1000,C4-resources-1000,7,77,401798
C4,1000,C4-resources-1000,7,78,384577
C4,1000,C4-resources-1000,7,79,416174
C4,1000,C4-resources-1000,7,80,420052
C4,1000,C4-resources-1000,7,81,411039
C4,1000,C4-resources-1000,7,82,382854
C4,1000,C4-resources-1000,7,83,384037
C4,1000,C4-resources-1000,7,84,382887
C4,1000,C4-resources-1000,7,85,384404
C4,1000,C4-resources-1000,7,86,393361
C4,1000,C4-resources-1000,7,87,389032
C4,1000,C4-resources-1000,7,88,388583
C4,1000,C4-resources-1000,7,89,387497
C4,1000,C4-resources-1000,7,90,387669
C4,1000,C4-resources-1000,7,91,384485
C4,1000,C4-resources-1000,7,92,382722
C4,1000,C4-resources-1000,7,93,394075
C4,1000,C4-resources-1000,7,94,384534
C4,1000,C4-resources-1000,7,95,388391
C4,1000,C4-resources-1000,7,96,383060
C4,1000,C4-resources-1000,7,97,399119
C4,1000,C4-resources-1000,7,98,381357
C4,1000,C4-resources-1000,7,99,400689
C4,1000,C4-resources-1000,7,100,387161
C4,1000,C4-resources-1000,8,1,406182
C4,1000,C4-resources-1000,8,2,408528
C4,1000,C4-resources-1000,8,3,415558
C4,1000,C4-resources-1000,8,4,400750
C4,1000,C4-resources-1000,8,5,403122
C4,1000,C4-resources-1000,8,6,397630
C4,1000,C4-resources-1000,8,7,402532
C4,1000,C4-resources-1000,8,8,398170
C4,1000,C4-resources-1000,8,9,392018
C4,1000,C4-resources-1000,8,10,396249
C4,1000,C4-resources-1000,8,11,381774
C4,1000,C4-resources-1000,8,12,384158
C4,1000,C4-resources-1000,8,13,384496
C4,1000,C4-resources-1000,8,14,385593
C4,1000,C4-resources-1000,8,15,386893
C4,1000,C4-resources-1000,8,16,387578
C4,1000,C4-resources-1000,8,17,398073
C4,1000,C4-resources-1000,8,18,382588
C4,1000,C4-resources-1000,8,19,386274
C4,1000,C4-resources-1000,8,20,389842
C4,1000,C4-resources-1000,8,21,388168
C4,1000,C4-resources-1000,8,22,385544
C4,1000,C4-resources-1000,8,23,384949
C4,1000,C4-resources-1000,8,24,384723
C4,1000,C4-resources-1000,8,25,385524
C4,1000,C4-resources-1000,8,26,485451
C4,1000,C4-resources-1000,8,27,431268
C4,1000,C4-resources-1000,8,28,389230
C4,1000,C4-resources-1000,8,29,394020
C4,1000,C4-resources-1000,8,30,386544
C4,1000,C4-resources-1000,8,31,384607
C4,1000,C4-resources-1000,8,32,390960
C4,1000,C4-resources-1000,8,33,388263
C4,1000,C4-resources-1000,8,34,384417
C4,1000,C4-resources-1000,8,35,385483
C4,1000,C4-resources-1000,8,36,384698
C4,1000,C4-resources-1000,8,37,399012
C4,1000,C4-resources-1000,8,38,388071
C4,1000,C4-resources-1000,8,39,388472
C4,1000,C4-resources-1000,8,40,396181
C4,1000,C4-resources-1000,8,41,381862
C4,1000,C4-resources-1000,8,42,382741
C4,1000,C4-resources-1000,8,43,383631
C4,1000,C4-resources-1000,8,44,381860
C4,1000,C4-resources-1000,8,45,385649
C4,1000,C4-resources-1000,8,46,386803
C4,1000,C4-resources-1000,8,47,398822
C4,1000,C4-resources-1000,8,48,406151
C4,1000,C4-resources-1000,8,49,416816
C4,1000,C4-resources-1000,8,50,395103
C4,1000,C4-resources-1000,8,51,402178
C4,1000,C4-resources-1000,8,52,384244
C4,1000,C4-resources-1000,8,53,383100
C4,1000,C4-resources-1000,8,54,383786
C4,1000,C4-resources-1000,8,55,388983
C4,1000,C4-resources-1000,8,56,382389
C4,1000,C4-resources-1000,8,57,417875
C4,1000,C4-resources-1000,8,58,391498
C4,1000,C4-resources-1000,8,59,5189877
C4,1000,C4-resources-1000,8,60,579514
C4,1000,C4-resources-1000,8,61,465293
C4,1000,C4-resources-1000,8,62,464186
C4,1000,C4-resources-1000,8,63,393567
C4,1000,C4-resources-1000,8,64,410534
C4,1000,C4-resources-1000,8,65,403401
C4,1000,C4-resources-1000,8,66,391368
C4,1000,C4-resources-1000,8,67,415473
C4,1000,C4-resources-1000,8,68,407852
C4,1000,C4-resources-1000,8,69,387963
C4,1000,C4-resources-1000,8,70,402579
C4,1000,C4-resources-1000,8,71,389770
C4,1000,C4-resources-1000,8,72,387422
C4,1000,C4-resources-1000,8,73,386712
C4,1000,C4-resources-1000,8,74,407389
C4,1000,C4-resources-1000,8,75,402792
C4,1000,C4-resources-1000,8,76,420516
C4,1000,C4-resources-1000,8,77,390851
C4,1000,C4-resources-1000,8,78,404499
C4,1000,C4-resources-1000,8,79,404474
C4,1000,C4-resources-1000,8,80,403525
C4,1000,C4-resources-1000,8,81,395949
C4,1000,C4-resources-1000,8,82,403419
C4,1000,C4-resources-1000,8,83,507782
C4,1000,C4-resources-1000,8,84,477710
C4,1000,C4-resources-1000,8,85,409798
C4,1000,C4-resources-1000,8,86,386283
C4,1000,C4-resources-1000,8,87,384743
C4,1000,C4-resources-1000,8,88,389217
C4,1000,C4-resources-1000,8,89,409409
C4,1000,C4-resources-1000,8,90,387225
C4,1000,C4-resources-1000,8,91,387290
C4,1000,C4-resources-1000,8,92,403355
C4,1000,C4-resources-1000,8,93,418733
C4,1000,C4-resources-1000,8,94,406252
C4,1000,C4-resources-1000,8,95,389099
C4,1000,C4-resources-1000,8,96,389527
C4,1000,C4-resources-1000,8,97,394897
C4,1000,C4-resources-1000,8,98,388309
C4,1000,C4-resources-1000,8,99,388423
C4,1000,C4-resources-1000,8,100,387550
C3,500,C3-resources-0500,1,1,181335
C3,500,C3-resources-0500,1,2,170830
C3,500,C3-resources-0500,1,3,172438
C3,500,C3-resources-0500,1,4,172919
C3,500,C3-resources-0500,1,5,172750
C3,500,C3-resources-0500,1,6,173579
C3,500,C3-resources-0500,1,7,171463
C3,500,C3-resources-0500,1,8,168556
C3,500,C3-resources-0500,1,9,170094
C3,500,C3-resources-0500,1,10,168952
C3,500,C3-resources-0500,1,11,172763
C3,500,C3-resources-0500,1,12,180169
C3,500,C3-resources-0500,1,13,179004
C3,500,C3-resources-0500,1,14,186578
C3,500,C3-resources-0500,1,15,209960
C3,500,C3-resources-0500,1,16,217357
C3,500,C3-resources-0500,1,17,189504
C3,500,C3-resources-0500,1,18,185888
C3,500,C3-resources-0500,1,19,182584
C3,500,C3-resources-0500,1,20,179392
C3,500,C3-resources-0500,1,21,182271
C3,500,C3-resources-0500,1,22,176733
C3,500,C3-resources-0500,1,23,180909
C3,500,C3-resources-0500,1,24,176521
C3,500,C3-resources-0500,1,25,171288
C3,500,C3-resources-0500,1,26,168400
C3,500,C3-resources-0500,1,27,170235
C3,500,C3-resources-0500,1,28,167881
C3,500,C3-resources-0500,1,29,170961
C3,500,C3-resources-0500,1,30,176289
C3,500,C3-resources-0500,1,31,175908
C3,500,C3-resources-0500,1,32,187621
C3,500,C3-resources-0500,1,33,205166
C3,500,C3-resources-0500,1,34,185873
C3,500,C3-resources-0500,1,35,186420
C3,500,C3-resources-0500,1,36,183413
C3,500,C3-resources-0500,1,37,181238
C3,500,C3-resources-0500,1,38,206691
C3,500,C3-resources-0500,1,39,182035
C3,500,C3-resources-0500,1,40,178427
C3,500,C3-resources-0500,1,41,180641
C3,500,C3-resources-0500,1,42,179729
C3,500,C3-resources-0500,1,43,179708
C3,500,C3-resources-0500,1,44,190709
C3,500,C3-resources-0500,1,45,187703
C3,500,C3-resources-0500,1,46,180547
C3,500,C3-resources-0500,1,47,181270
C3,500,C3-resources-0500,1,48,180684
C3,500,C3-resources-0500,1,49,182013
C3,500,C3-resources-0500,1,50,179845
C3,500,C3-resources-0500,1,51,183002
C3,500,C3-resources-0500,1,52,180399
C3,500,C3-resources-0500,1,53,181060
C3,500,C3-resources-0500,1,54,180037
C3,500,C3-resources-0500,1,55,182000
C3,500,C3-resources-0500,1,56,179784
C3,500,C3-resources-0500,1,57,182200
C3,500,C3-resources-0500,1,58,180769
C3,500,C3-resources-0500,1,59,190379
C3,500,C3-resources-0500,1,60,201547
C3,500,C3-resources-0500,1,61,186381
C3,500,C3-resources-0500,1,62,199131
C3,500,C3-resources-0500,1,63,207630
C3,500,C3-resources-0500,1,64,241545
C3,500,C3-resources-0500,1,65,250578
C3,500,C3-resources-0500,1,66,217924
C3,500,C3-resources-0500,1,67,210591
C3,500,C3-resources-0500,1,68,182539
C3,500,C3-resources-0500,1,69,194334
C3,500,C3-resources-0500,1,70,180885
C3,500,C3-resources-0500,1,71,178586
C3,500,C3-resources-0500,1,72,171624
C3,500,C3-resources-0500,1,73,173807
C3,500,C3-resources-0500,1,74,175852
C3,500,C3-resources-0500,1,75,168326
C3,500,C3-resources-0500,1,76,170080
C3,500,C3-resources-0500,1,77,168235
C3,500,C3-resources-0500,1,78,171424
C3,500,C3-resources-0500,1,79,170120
C3,500,C3-resources-0500,1,80,200164
C3,500,C3-resources-0500,1,81,190113
C3,500,C3-resources-0500,1,82,172084
C3,500,C3-resources-0500,1,83,169417
C3,500,C3-resources-0500,1,84,174821
C3,500,C3-resources-0500,1,85,169760
C3,500,C3-resources-0500,1,86,171172
C3,500,C3-resources-0500,1,87,170495
C3,500,C3-resources-0500,1,88,177841
C3,500,C3-resources-0500,1,89,169133
C3,500,C3-resources-0500,1,90,181202
C3,500,C3-resources-0500,1,91,176754
C3,500,C3-resources-0500,1,92,169797
C3,500,C3-resources-0500,1,93,170356
C3,500,C3-resources-0500,1,94,168505
C3,500,C3-resources-0500,1,95,168823
C3,500,C3-resources-0500,1,96,168932
C3,500,C3-resources-0500,1,97,181629
C3,500,C3-resources-0500,1,98,177785
C3,500,C3-resources-0500,1,99,168597
C3,500,C3-resources-0500,1,100,169076
C3,500,C3-resources-0500,2,1,195970
C3,500,C3-resources-0500,2,2,195429
C3,500,C3-resources-0500,2,3,182512
C3,500,C3-resources-0500,2,4,183614
C3,500,C3-resources-0500,2,5,170172
C3,500,C3-resources-0500,2,6,170733
C3,500,C3-resources-0500,2,7,169726
C3,500,C3-resources-0500,2,8,188179
C3,500,C3-resources-0500,2,9,170154
C3,500,C3-resources-0500,2,10,175976
C3,500,C3-resources-0500,2,11,176712
C3,500,C3-resources-0500,2,12,167621
C3,500,C3-resources-0500,2,13,174335
C3,500,C3-resources-0500,2,14,172963
C3,500,C3-resources-0500,2,15,174115
C3,500,C3-resources-0500,2,16,176539
C3,500,C3-resources-0500,2,17,169156
C3,500,C3-resources-0500,2,18,171147
C3,500,C3-resources-0500,2,19,176133
C3,500,C3-resources-0500,2,20,172760
C3,500,C3-resources-0500,2,21,167695
C3,500,C3-resources-0500,2,22,169089
C3,500,C3-resources-0500,2,23,169967
C3,500,C3-resources-0500,2,24,192957
C3,500,C3-resources-0500,2,25,169967
C3,500,C3-resources-0500,2,26,168085
C3,500,C3-resources-0500,2,27,167888
C3,500,C3-resources-0500,2,28,169403
C3,500,C3-resources-0500,2,29,167744
C3,500,C3-resources-0500,2,30,168938
C3,500,C3-resources-0500,2,31,168324
C3,500,C3-resources-0500,2,32,168944
C3,500,C3-resources-0500,2,33,168891
C3,500,C3-resources-0500,2,34,169139
C3,500,C3-resources-0500,2,35,167101
C3,500,C3-resources-0500,2,36,168336
C3,500,C3-resources-0500,2,37,169634
C3,500,C3-resources-0500,2,38,168112
C3,500,C3-resources-0500,2,39,169971
C3,500,C3-resources-0500,2,40,170286
C3,500,C3-resources-0500,2,41,174495
C3,500,C3-resources-0500,2,42,167253
C3,500,C3-resources-0500,2,43,170374
C3,500,C3-resources-0500,2,44,169151
C3,500,C3-resources-0500,2,45,168728
C3,500,C3-resources-0500,2,46,166978
C3,500,C3-resources-0500,2,47,175667
C3,500,C3-resources-0500,2,48,187716
C3,500,C3-resources-0500,2,49,172571
C3,500,C3-resources-0500,2,50,166905
C3,500,C3-resources-0500,2,51,169351
C3,500,C3-resources-0500,2,52,185842
C3,500,C3-resources-0500,2,53,171912
C3,500,C3-resources-0500,2,54,166509
C3,500,C3-resources-0500,2,55,168882
C3,500,C3-resources-0500,2,56,167670
C3,500,C3-resources-0500,2,57,168355
C3,500,C3-resources-0500,2,58,167221
C3,500,C3-resources-0500,2,59,170974
C3,500,C3-resources-0500,2,60,170236
C3,500,C3-resources-0500,2,61,170735
C3,500,C3-resources-0500,2,62,168742
C3,500,C3-resources-0500,2,63,181665
C3,500,C3-resources-0500,2,64,172227
C3,500,C3-resources-0500,2,65,170982
C3,500,C3-resources-0500,2,66,172188
C3,500,C3-resources-0500,2,67,170578
C3,500,C3-resources-0500,2,68,169655
C3,500,C3-resources-0500,2,69,174022
C3,500,C3-resources-0500,2,70,187523
C3,500,C3-resources-0500,2,71,175728
C3,500,C3-resources-0500,2,72,173558
C3,500,C3-resources-0500,2,73,169711
C3,500,C3-resources-0500,2,74,168486
C3,500,C3-resources-0500,2,75,168574
C3,500,C3-resources-0500,2,76,169806
C3,500,C3-resources-0500,2,77,178151
C3,500,C3-resources-0500,2,78,172675
C3,500,C3-resources-0500,2,79,170702
C3,500,C3-resources-0500,2,80,168612
C3,500,C3-resources-0500,2,81,168265
C3,500,C3-resources-0500,2,82,169040
C3,500,C3-resources-0500,2,83,170289
C3,500,C3-resources-0500,2,84,168981
C3,500,C3-resources-0500,2,85,169754
C3,500,C3-resources-0500,2,86,168944
C3,500,C3-resources-0500,2,87,170626
C3,500,C3-resources-0500,2,88,168643
C3,500,C3-resources-0500,2,89,179245
C3,500,C3-resources-0500,2,90,175552
C3,500,C3-resources-0500,2,91,169546
C3,500,C3-resources-0500,2,92,169522
C3,500,C3-resources-0500,2,93,174309
C3,500,C3-resources-0500,2,94,178303
C3,500,C3-resources-0500,2,95,166884
C3,500,C3-resources-0500,2,96,168595
C3,500,C3-resources-0500,2,97,172127
C3,500,C3-resources-0500,2,98,172043
C3,500,C3-resources-0500,2,99,173155
C3,500,C3-resources-0500,2,100,168447
C3,500,C3-resources-0500,3,1,182556
C3,500,C3-resources-0500,3,2,168583
C3,500,C3-resources-0500,3,3,170117
C3,500,C3-resources-0500,3,4,168619
C3,500,C3-resources-0500,3,5,169749
C3,500,C3-resources-0500,3,6,169639
C3,500,C3-resources-0500,3,7,167344
C3,500,C3-resources-0500,3,8,184513
C3,500,C3-resources-0500,3,9,173043
C3,500,C3-resources-0500,3,10,175283
C3,500,C3-resources-0500,3,11,174686
C3,500,C3-resources-0500,3,12,174898
C3,500,C3-resources-0500,3,13,171810
C3,500,C3-resources-0500,3,14,177274
C3,500,C3-resources-0500,3,15,180498
C3,500,C3-resources-0500,3,16,186111
C3,500,C3-resources-0500,3,17,177292
C3,500,C3-resources-0500,3,18,177335
C3,500,C3-resources-0500,3,19,181219
C3,500,C3-resources-0500,3,20,175453
C3,500,C3-resources-0500,3,21,178908
C3,500,C3-resources-0500,3,22,180833
C3,500,C3-resources-0500,3,23,177731
C3,500,C3-resources-0500,3,24,177611
C3,500,C3-resources-0500,3,25,179099
C3,500,C3-resources-0500,3,26,178641
C3,500,C3-resources-0500,3,27,173536
C3,500,C3-resources-0500,3,28,186587
C3,500,C3-resources-0500,3,29,176068
C3,500,C3-resources-0500,3,30,173849
C3,500,C3-resources-0500,3,31,171708
C3,500,C3-resources-0500,3,32,174432
C3,500,C3-resources-0500,3,33,174688
C3,500,C3-resources-0500,3,34,174451
C3,500,C3-resources-0500,3,35,183510
C3,500,C3-resources-0500,3,36,174940
C3,500,C3-resources-0500,3,37,197057
C3,500,C3-resources-0500,3,38,213067
C3,500,C3-resources-0500,3,39,175743
C3,500,C3-resources-0500,3,40,174176
C3,500,C3-resources-0500,3,41,172757
C3,500,C3-resources-0500,3,42,175420
C3,500,C3-resources-0500,3,43,172752
C3,500,C3-resources-0500,3,44,173453
C3,500,C3-resources-0500,3,45,172895
C3,500,C3-resources-0500,3,46,174239
C3,500,C3-resources-0500,3,47,172525
C3,500,C3-resources-0500,3,48,174254
C3,500,C3-resources-0500,3,49,173044
C3,500,C3-resources-0500,3,50,186547
C3,500,C3-resources-0500,3,51,175085
C3,500,C3-resources-0500,3,52,171640
C3,500,C3-resources-0500,3,53,186056
C3,500,C3-resources-0500,3,54,209837
C3,500,C3-resources-0500,3,55,173030
C3,500,C3-resources-0500,3,56,170717
C3,500,C3-resources-0500,3,57,170666
C3,500,C3-resources-0500,3,58,171440
C3,500,C3-resources-0500,3,59,175668
C3,500,C3-resources-0500,3,60,202456
C3,500,C3-resources-0500,3,61,172068
C3,500,C3-resources-0500,3,62,169701
C3,500,C3-resources-0500,3,63,169338
C3,500,C3-resources-0500,3,64,169958
C3,500,C3-resources-0500,3,65,168816
C3,500,C3-resources-0500,3,66,169893
C3,500,C3-resources-0500,3,67,168350
C3,500,C3-resources-0500,3,68,179495
C3,500,C3-resources-0500,3,69,169728
C3,500,C3-resources-0500,3,70,171371
C3,500,C3-resources-0500,3,71,182205
C3,500,C3-resources-0500,3,72,194606
C3,500,C3-resources-0500,3,73,173744
C3,500,C3-resources-0500,3,74,172539
C3,500,C3-resources-0500,3,75,167402
C3,500,C3-resources-0500,3,76,184290
C3,500,C3-resources-0500,3,77,175710
C3,500,C3-resources-0500,3,78,172581
C3,500,C3-resources-0500,3,79,178476
C3,500,C3-resources-0500,3,80,169148
C3,500,C3-resources-0500,3,81,170559
C3,500,C3-resources-0500,3,82,174738
C3,500,C3-resources-0500,3,83,196223
C3,500,C3-resources-0500,3,84,169546
C3,500,C3-resources-0500,3,85,170308
C3,500,C3-resources-0500,3,86,168001
C3,500,C3-resources-0500,3,87,170926
C3,500,C3-resources-0500,3,88,167267
C3,500,C3-resources-0500,3,89,170314
C3,500,C3-resources-0500,3,90,169919
C3,500,C3-resources-0500,3,91,170703
C3,500,C3-resources-0500,3,92,173027
C3,500,C3-resources-0500,3,93,196267
C3,500,C3-resources-0500,3,94,166888
C3,500,C3-resources-0500,3,95,171221
C3,500,C3-resources-0500,3,96,167002
C3,500,C3-resources-0500,3,97,170123
C3,500,C3-resources-0500,3,98,167909
C3,500,C3-resources-0500,3,99,180093
C3,500,C3-resources-0500,3,100,189137
C3,500,C3-resources-0500,4,1,175861
C3,500,C3-resources-0500,4,2,168082
C3,500,C3-resources-0500,4,3,177462
C3,500,C3-resources-0500,4,4,198452
C3,500,C3-resources-0500,4,5,181989
C3,500,C3-resources-0500,4,6,170554
C3,500,C3-resources-0500,4,7,188135
C3,500,C3-resources-0500,4,8,170659
C3,500,C3-resources-0500,4,9,169642
C3,500,C3-resources-0500,4,10,182547
C3,500,C3-resources-0500,4,11,171601
C3,500,C3-resources-0500,4,12,175712
C3,500,C3-resources-0500,4,13,171704
C3,500,C3-resources-0500,4,14,167297
C3,500,C3-resources-0500,4,15,169820
C3,500,C3-resources-0500,4,16,169702
C3,500,C3-resources-0500,4,17,170724
C3,500,C3-resources-0500,4,18,167393
C3,500,C3-resources-0500,4,19,170349
C3,500,C3-resources-0500,4,20,172915
C3,500,C3-resources-0500,4,21,192643
C3,500,C3-resources-0500,4,22,168033
C3,500,C3-resources-0500,4,23,169237
C3,500,C3-resources-0500,4,24,170128
C3,500,C3-resources-0500,4,25,170517
C3,500,C3-resources-0500,4,26,193463
C3,500,C3-resources-0500,4,27,196026
C3,500,C3-resources-0500,4,28,179904
C3,500,C3-resources-0500,4,29,180717
C3,500,C3-resources-0500,4,30,179388
C3,500,C3-resources-0500,4,31,185509
C3,500,C3-resources-0500,4,32,176635
C3,500,C3-resources-0500,4,33,173096
C3,500,C3-resources-0500,4,34,168768
C3,500,C3-resources-0500,4,35,174713
C3,500,C3-resources-0500,4,36,167580
C3,500,C3-resources-0500,4,37,171285
C3,500,C3-resources-0500,4,38,189007
C3,500,C3-resources-0500,4,39,193738
C3,500,C3-resources-0500,4,40,169564
C3,500,C3-resources-0500,4,41,177396
C3,500,C3-resources-0500,4,42,169070
C3,500,C3-resources-0500,4,43,199972
C3,500,C3-resources-0500,4,44,168679
C3,500,C3-resources-0500,4,45,168635
C3,500,C3-resources-0500,4,46,169591
C3,500,C3-resources-0500,4,47,173026
C3,500,C3-resources-0500,4,48,167415
C3,500,C3-resources-0500,4,49,166427
C3,500,C3-resources-0500,4,50,196320
C3,500,C3-resources-0500,4,51,166017
C3,500,C3-resources-0500,4,52,171492
C3,500,C3-resources-0500,4,53,168297
C3,500,C3-resources-0500,4,54,185119
C3,500,C3-resources-0500,4,55,176454
C3,500,C3-resources-0500,4,56,170515
C3,500,C3-resources-0500,4,57,168073
C3,500,C3-resources-0500,4,58,168300
C3,500,C3-resources-0500,4,59,167243
C3,500,C3-resources-0500,4,60,169135
C3,500,C3-resources-0500,4,61,167324
C3,500,C3-resources-0500,4,62,170209
C3,500,C3-resources-0500,4,63,169227
C3,500,C3-resources-0500,4,64,168874
C3,500,C3-resources-0500,4,65,168697
C3,500,C3-resources-0500,4,66,169651
C3,500,C3-resources-0500,4,67,167687
C3,500,C3-resources-0500,4,68,168041
C3,500,C3-resources-0500,4,69,167806
C3,500,C3-resources-0500,4,70,168622
C3,500,C3-resources-0500,4,71,167850
C3,500,C3-resources-0500,4,72,210748
C3,500,C3-resources-0500,4,73,180420
C3,500,C3-resources-0500,4,74,168599
C3,500,C3-resources-0500,4,75,169687
C3,500,C3-resources-0500,4,76,170653
C3,500,C3-resources-0500,4,77,177646
C3,500,C3-resources-0500,4,78,214214
C3,500,C3-resources-0500,4,79,176595
C3,500,C3-resources-0500,4,80,172463
C3,500,C3-resources-0500,4,81,186668
C3,500,C3-resources-0500,4,82,219766
C3,500,C3-resources-0500,4,83,178448
C3,500,C3-resources-0500,4,84,184826
C3,500,C3-resources-0500,4,85,189919
C3,500,C3-resources-0500,4,86,168991
C3,500,C3-resources-0500,4,87,167127
C3,500,C3-resources-0500,4,88,173366
C3,500,C3-resources-0500,4,89,170076
C3,500,C3-resources-0500,4,90,175721
C3,500,C3-resources-0500,4,91,187584
C3,500,C3-resources-0500,4,92,173094
C3,500,C3-resources-0500,4,93,188113
C3,500,C3-resources-0500,4,94,203771
C3,500,C3-resources-0500,4,95,167853
C3,500,C3-resources-0500,4,96,169893
C3,500,C3-resources-0500,4,97,168470
C3,500,C3-resources-0500,4,98,167505
C3,500,C3-resources-0500,4,99,168053
C3,500,C3-resources-0500,4,100,169432
C3,500,C3-resources-0500,5,1,175883
C3,500,C3-resources-0500,5,2,170947
C3,500,C3-resources-0500,5,3,168590
C3,500,C3-resources-0500,5,4,169282
C3,500,C3-resources-0500,5,5,199142
C3,500,C3-resources-0500,5,6,168601
C3,500,C3-resources-0500,5,7,168583
C3,500,C3-resources-0500,5,8,168197
C3,500,C3-resources-0500,5,9,176932
C3,500,C3-resources-0500,5,10,199797
C3,500,C3-resources-0500,5,11,172644
C3,500,C3-resources-0500,5,12,170277
C3,500,C3-resources-0500,5,13,171720
C3,500,C3-resources-0500,5,14,173225
C3,500,C3-resources-0500,5,15,180321
C3,500,C3-resources-0500,5,16,188933
C3,500,C3-resources-0500,5,17,175637
C3,500,C3-resources-0500,5,18,171210
C3,500,C3-resources-0500,5,19,170935
C3,500,C3-resources-0500,5,20,185335
C3,500,C3-resources-0500,5,21,180257
C3,500,C3-resources-0500,5,22,198755
C3,500,C3-resources-0500,5,23,168976
C3,500,C3-resources-0500,5,24,167026
C3,500,C3-resources-0500,5,25,171809
C3,500,C3-resources-0500,5,26,178844
C3,500,C3-resources-0500,5,27,180961
C3,500,C3-resources-0500,5,28,177545
C3,500,C3-resources-0500,5,29,180570
C3,500,C3-resources-0500,5,30,173924
C3,500,C3-resources-0500,5,31,186951
C3,500,C3-resources-0500,5,32,183373
C3,500,C3-resources-0500,5,33,181071
C3,500,C3-resources-0500,5,34,180320
C3,500,C3-resources-0500,5,35,177729
C3,500,C3-resources-0500,5,36,170229
C3,500,C3-resources-0500,5,37,177678
C3,500,C3-resources-0500,5,38,240261
C3,500,C3-resources-0500,5,39,190599
C3,500,C3-resources-0500,5,40,180618
C3,500,C3-resources-0500,5,41,194790
C3,500,C3-resources-0500,5,42,203786
C3,500,C3-resources-0500,5,43,192560
C3,500,C3-resources-0500,5,44,171379
C3,500,C3-resources-0500,5,45,178633
C3,500,C3-resources-0500,5,46,183952
C3,500,C3-resources-0500,5,47,172466
C3,500,C3-resources-0500,5,48,169083
C3,500,C3-resources-0500,5,49,171901
C3,500,C3-resources-0500,5,50,171378
C3,500,C3-resources-0500,5,51,173232
C3,500,C3-resources-0500,5,52,168886
C3,500,C3-resources-0500,5,53,170457
C3,500,C3-resources-0500,5,54,168867
C3,500,C3-resources-0500,5,55,170345
C3,500,C3-resources-0500,5,56,179236
C3,500,C3-resources-0500,5,57,182381
C3,500,C3-resources-0500,5,58,189289
C3,500,C3-resources-0500,5,59,188120
C3,500,C3-resources-0500,5,60,195918
C3,500,C3-resources-0500,5,61,182178
C3,500,C3-resources-0500,5,62,181624
C3,500,C3-resources-0500,5,63,177272
C3,500,C3-resources-0500,5,64,177730
C3,500,C3-resources-0500,5,65,170315
C3,500,C3-resources-0500,5,66,169493
C3,500,C3-resources-0500,5,67,180425
C3,500,C3-resources-0500,5,68,177139
C3,500,C3-resources-0500,5,69,186167
C3,500,C3-resources-0500,5,70,179702
C3,500,C3-resources-0500,5,71,176242
C3,500,C3-resources-0500,5,72,183507
C3,500,C3-resources-0500,5,73,178919
C3,500,C3-resources-0500,5,74,184565
C3,500,C3-resources-0500,5,75,169398
C3,500,C3-resources-0500,5,76,168667
C3,500,C3-resources-0500,5,77,168982
C3,500,C3-resources-0500,5,78,167756
C3,500,C3-resources-0500,5,79,168782
C3,500,C3-resources-0500,5,80,169996
C3,500,C3-resources-0500,5,81,180337
C3,500,C3-resources-0500,5,82,194812
C3,500,C3-resources-0500,5,83,173363
C3,500,C3-resources-0500,5,84,170741
C3,500,C3-resources-0500,5,85,175108
C3,500,C3-resources-0500,5,86,175467
C3,500,C3-resources-0500,5,87,173601
C3,500,C3-resources-0500,5,88,171413
C3,500,C3-resources-0500,5,89,168760
C3,500,C3-resources-0500,5,90,169449
C3,500,C3-resources-0500,5,91,170604
C3,500,C3-resources-0500,5,92,181752
C3,500,C3-resources-0500,5,93,194855
C3,500,C3-resources-0500,5,94,176152
C3,500,C3-resources-0500,5,95,167685
C3,500,C3-resources-0500,5,96,169332
C3,500,C3-resources-0500,5,97,180744
C3,500,C3-resources-0500,5,98,201476
C3,500,C3-resources-0500,5,99,174946
C3,500,C3-resources-0500,5,100,168717
C3,500,C3-resources-0500,6,1,175973
C3,500,C3-resources-0500,6,2,170755
C3,500,C3-resources-0500,6,3,167770
C3,500,C3-resources-0500,6,4,186730
C3,500,C3-resources-0500,6,5,186667
C3,500,C3-resources-0500,6,6,169350
C3,500,C3-resources-0500,6,7,169220
C3,500,C3-resources-0500,6,8,179531
C3,500,C3-resources-0500,6,9,189303
C3,500,C3-resources-0500,6,10,170220
C3,500,C3-resources-0500,6,11,167603
C3,500,C3-resources-0500,6,12,170949
C3,500,C3-resources-0500,6,13,168949
C3,500,C3-resources-0500,6,14,174047
C3,500,C3-resources-0500,6,15,195455
C3,500,C3-resources-0500,6,16,180949
C3,500,C3-resources-0500,6,17,171742
C3,500,C3-resources-0500,6,18,171403
C3,500,C3-resources-0500,6,19,168292
C3,500,C3-resources-0500,6,20,170596
C3,500,C3-resources-0500,6,21,169597
C3,500,C3-resources-0500,6,22,168332
C3,500,C3-resources-0500,6,23,168327
C3,500,C3-resources-0500,6,24,169169
C3,500,C3-resources-0500,6,25,175427
C3,500,C3-resources-0500,6,26,200254
C3,500,C3-resources-0500,6,27,192121
C3,500,C3-resources-0500,6,28,171133
C3,500,C3-resources-0500,6,29,218956
C3,500,C3-resources-0500,6,30,176651
C3,500,C3-resources-0500,6,31,170329
C3,500,C3-resources-0500,6,32,174444
C3,500,C3-resources-0500,6,33,168272
C3,500,C3-resources-0500,6,34,184640
C3,500,C3-resources-0500,6,35,171389
C3,500,C3-resources-0500,6,36,178950
C3,500,C3-resources-0500,6,37,178703
C3,500,C3-resources-0500,6,38,191162
C3,500,C3-resources-0500,6,39,179375
C3,500,C3-resources-0500,6,40,169510
C3,500,C3-resources-0500,6,41,167504
C3,500,C3-resources-0500,6,42,168580
C3,500,C3-resources-0500,6,43,166861
C3,500,C3-resources-0500,6,44,167917
C3,500,C3-resources-0500,6,45,166809
C3,500,C3-resources-0500,6,46,170367
C3,500,C3-resources-0500,6,47,169022
C3,500,C3-resources-0500,6,48,168278
C3,500,C3-resources-0500,6,49,188113
C3,500,C3-resources-0500,6,50,189419
C3,500,C3-resources-0500,6,51,179649
C3,500,C3-resources-0500,6,52,179496
C3,500,C3-resources-0500,6,53,201889
C3,500,C3-resources-0500,6,54,190436
C3,500,C3-resources-0500,6,55,181835
C3,500,C3-resources-0500,6,56,169520
C3,500,C3-resources-0500,6,57,169334
C3,500,C3-resources-0500,6,58,167170
C3,500,C3-resources-0500,6,59,177275
C3,500,C3-resources-0500,6,60,195627
C3,500,C3-resources-0500,6,61,175830
C3,500,C3-resources-0500,6,62,177451
C3,500,C3-resources-0500,6,63,168755
C3,500,C3-resources-0500,6,64,174174
C3,500,C3-resources-0500,6,65,181029
C3,500,C3-resources-0500,6,66,173684
C3,500,C3-resources-0500,6,67,177286
C3,500,C3-resources-0500,6,68,167617
C3,500,C3-resources-0500,6,69,169640
C3,500,C3-resources-0500,6,70,168169
C3,500,C3-resources-0500,6,71,185807
C3,500,C3-resources-0500,6,72,215655
C3,500,C3-resources-0500,6,73,183089
C3,500,C3-resources-0500,6,74,180089
C3,500,C3-resources-0500,6,75,189521
C3,500,C3-resources-0500,6,76,184841
C3,500,C3-resources-0500,6,77,171224
C3,500,C3-resources-0500,6,78,167157
C3,500,C3-resources-0500,6,79,172213
C3,500,C3-resources-0500,6,80,193469
C3,500,C3-resources-0500,6,81,185068
C3,500,C3-resources-0500,6,82,175776
C3,500,C3-resources-0500,6,83,170246
C3,500,C3-resources-0500,6,84,182573
C3,500,C3-resources-0500,6,85,185427
C3,500,C3-resources-0500,6,86,184518
C3,500,C3-resources-0500,6,87,183033
C3,500,C3-resources-0500,6,88,210918
C3,500,C3-resources-0500,6,89,197647
C3,500,C3-resources-0500,6,90,183919
C3,500,C3-resources-0500,6,91,183510
C3,500,C3-resources-0500,6,92,190113
C3,500,C3-resources-0500,6,93,193993
C3,500,C3-resources-0500,6,94,178946
C3,500,C3-resources-0500,6,95,173233
C3,500,C3-resources-0500,6,96,170781
C3,500,C3-resources-0500,6,97,172034
C3,500,C3-resources-0500,6,98,185295
C3,500,C3-resources-0500,6,99,175461
C3,500,C3-resources-0500,6,100,169462
C3,500,C3-resources-0500,7,1,180412
C3,500,C3-resources-0500,7,2,173251
C3,500,C3-resources-0500,7,3,171077
C3,500,C3-resources-0500,7,4,169518
C3,500,C3-resources-0500,7,5,171329
C3,500,C3-resources-0500,7,6,169819
C3,500,C3-resources-0500,7,7,170848
C3,500,C3-resources-0500,7,8,169038
C3,500,C3-resources-0500,7,9,171297
C3,500,C3-resources-0500,7,10,178949
C3,500,C3-resources-0500,7,11,171634
C3,500,C3-resources-0500,7,12,169714
C3,500,C3-resources-0500,7,13,171529
C3,500,C3-resources-0500,7,14,214116
C3,500,C3-resources-0500,7,15,175704
C3,500,C3-resources-0500,7,16,169360
C3,500,C3-resources-0500,7,17,171358
C3,500,C3-resources-0500,7,18,204291
C3,500,C3-resources-0500,7,19,194473
C3,500,C3-resources-0500,7,20,189471
C3,500,C3-resources-0500,7,21,181636
C3,500,C3-resources-0500,7,22,176670
C3,500,C3-resources-0500,7,23,189046
C3,500,C3-resources-0500,7,24,183103
C3,500,C3-resources-0500,7,25,180382
C3,500,C3-resources-0500,7,26,188677
C3,500,C3-resources-0500,7,27,194601
C3,500,C3-resources-0500,7,28,172163
C3,500,C3-resources-0500,7,29,166599
C3,500,C3-resources-0500,7,30,171139
C3,500,C3-resources-0500,7,31,168752
C3,500,C3-resources-0500,7,32,171253
C3,500,C3-resources-0500,7,33,169443
C3,500,C3-resources-0500,7,34,172823
C3,500,C3-resources-0500,7,35,177540
C3,500,C3-resources-0500,7,36,211230
C3,500,C3-resources-0500,7,37,180588
C3,500,C3-resources-0500,7,38,197137
C3,500,C3-resources-0500,7,39,221140
C3,500,C3-resources-0500,7,40,212498
C3,500,C3-resources-0500,7,41,205611
C3,500,C3-resources-0500,7,42,234078
C3,500,C3-resources-0500,7,43,186653
C3,500,C3-resources-0500,7,44,178603
C3,500,C3-resources-0500,7,45,171579
C3,500,C3-resources-0500,7,46,176573
C3,500,C3-resources-0500,7,47,174308
C3,500,C3-resources-0500,7,48,171690
C3,500,C3-resources-0500,7,49,169100
C3,500,C3-resources-0500,7,50,168459
C3,500,C3-resources-0500,7,51,184428
C3,500,C3-resources-0500,7,52,176594
C3,500,C3-resources-0500,7,53,170601
C3,500,C3-resources-0500,7,54,170139
C3,500,C3-resources-0500,7,55,167418
C3,500,C3-resources-0500,7,56,169765
C3,500,C3-resources-0500,7,57,175721
C3,500,C3-resources-0500,7,58,181125
C3,500,C3-resources-0500,7,59,168948
C3,500,C3-resources-0500,7,60,170643
C3,500,C3-resources-0500,7,61,168781
C3,500,C3-resources-0500,7,62,4314152
C3,500,C3-resources-0500,7,63,278755
C3,500,C3-resources-0500,7,64,196660
C3,500,C3-resources-0500,7,65,188681
C3,500,C3-resources-0500,7,66,178366
C3,500,C3-resources-0500,7,67,192177
C3,500,C3-resources-0500,7,68,194946
C3,500,C3-resources-0500,7,69,189796
C3,500,C3-resources-0500,7,70,182740
C3,500,C3-resources-0500,7,71,181827
C3,500,C3-resources-0500,7,72,183462
C3,500,C3-resources-0500,7,73,171478
C3,500,C3-resources-0500,7,74,172417
C3,500,C3-resources-0500,7,75,169446
C3,500,C3-resources-0500,7,76,171563
C3,500,C3-resources-0500,7,77,181780
C3,500,C3-resources-0500,7,78,183890
C3,500,C3-resources-0500,7,79,171252
C3,500,C3-resources-0500,7,80,169854
C3,500,C3-resources-0500,7,81,168243
C3,500,C3-resources-0500,7,82,168629
C3,500,C3-resources-0500,7,83,169008
C3,500,C3-resources-0500,7,84,170592
C3,500,C3-resources-0500,7,85,167891
C3,500,C3-resources-0500,7,86,168364
C3,500,C3-resources-0500,7,87,183384
C3,500,C3-resources-0500,7,88,178128
C3,500,C3-resources-0500,7,89,171476
C3,500,C3-resources-0500,7,90,169145
C3,500,C3-resources-0500,7,91,169468
C3,500,C3-resources-0500,7,92,173831
C3,500,C3-resources-0500,7,93,179945
C3,500,C3-resources-0500,7,94,180921
C3,500,C3-resources-0500,7,95,178816
C3,500,C3-resources-0500,7,96,179399
C3,500,C3-resources-0500,7,97,193909
C3,500,C3-resources-0500,7,98,172403
C3,500,C3-resources-0500,7,99,167729
C3,500,C3-resources-0500,7,100,181910
C3,500,C3-resources-0500,8,1,203253
C3,500,C3-resources-0500,8,2,172549
C3,500,C3-resources-0500,8,3,171299
C3,500,C3-resources-0500,8,4,168614
C3,500,C3-resources-0500,8,5,172725
C3,500,C3-resources-0500,8,6,169354
C3,500,C3-resources-0500,8,7,176544
C3,500,C3-resources-0500,8,8,179051
C3,500,C3-resources-0500,8,9,180838
C3,500,C3-resources-0500,8,10,168998
C3,500,C3-resources-0500,8,11,173288
C3,500,C3-resources-0500,8,12,170063
C3,500,C3-resources-0500,8,13,171601
C3,500,C3-resources-0500,8,14,167445
C3,500,C3-resources-0500,8,15,167752
C3,500,C3-resources-0500,8,16,167051
C3,500,C3-resources-0500,8,17,177952
C3,500,C3-resources-0500,8,18,179653
C3,500,C3-resources-0500,8,19,183114
C3,500,C3-resources-0500,8,20,178041
C3,500,C3-resources-0500,8,21,235267
C3,500,C3-resources-0500,8,22,194402
C3,500,C3-resources-0500,8,23,170469
C3,500,C3-resources-0500,8,24,166635
C3,500,C3-resources-0500,8,25,168667
C3,500,C3-resources-0500,8,26,166264
C3,500,C3-resources-0500,8,27,168363
C3,500,C3-resources-0500,8,28,167032
C3,500,C3-resources-0500,8,29,169110
C3,500,C3-resources-0500,8,30,168407
C3,500,C3-resources-0500,8,31,173581
C3,500,C3-resources-0500,8,32,172906
C3,500,C3-resources-0500,8,33,168579
C3,500,C3-resources-0500,8,34,167218
C3,500,C3-resources-0500,8,35,169108
C3,500,C3-resources-0500,8,36,173567
C3,500,C3-resources-0500,8,37,168684
C3,500,C3-resources-0500,8,38,167721
C3,500,C3-resources-0500,8,39,180532
C3,500,C3-resources-0500,8,40,191966
C3,500,C3-resources-0500,8,41,172825
C3,500,C3-resources-0500,8,42,169519
C3,500,C3-resources-0500,8,43,177508
C3,500,C3-resources-0500,8,44,211246
C3,500,C3-resources-0500,8,45,175652
C3,500,C3-resources-0500,8,46,172996
C3,500,C3-resources-0500,8,47,176409
C3,500,C3-resources-0500,8,48,179146
C3,500,C3-resources-0500,8,49,196235
C3,500,C3-resources-0500,8,50,174548
C3,500,C3-resources-0500,8,51,179531
C3,500,C3-resources-0500,8,52,182331
C3,500,C3-resources-0500,8,53,174482
C3,500,C3-resources-0500,8,54,167449
C3,500,C3-resources-0500,8,55,173463
C3,500,C3-resources-0500,8,56,169084
C3,500,C3-resources-0500,8,57,183330
C3,500,C3-resources-0500,8,58,169982
C3,500,C3-resources-0500,8,59,168098
C3,500,C3-resources-0500,8,60,174695
C3,500,C3-resources-0500,8,61,195043
C3,500,C3-resources-0500,8,62,170154
C3,500,C3-resources-0500,8,63,169884
C3,500,C3-resources-0500,8,64,168442
C3,500,C3-resources-0500,8,65,170975
C3,500,C3-resources-0500,8,66,167336
C3,500,C3-resources-0500,8,67,186247
C3,500,C3-resources-0500,8,68,167504
C3,500,C3-resources-0500,8,69,168510
C3,500,C3-resources-0500,8,70,166291
C3,500,C3-resources-0500,8,71,167800
C3,500,C3-resources-0500,8,72,169979
C3,500,C3-resources-0500,8,73,167751
C3,500,C3-resources-0500,8,74,169813
C3,500,C3-resources-0500,8,75,168399
C3,500,C3-resources-0500,8,76,178091
C3,500,C3-resources-0500,8,77,168967
C3,500,C3-resources-0500,8,78,172127
C3,500,C3-resources-0500,8,79,175205
C3,500,C3-resources-0500,8,80,192811
C3,500,C3-resources-0500,8,81,182084
C3,500,C3-resources-0500,8,82,170785
C3,500,C3-resources-0500,8,83,168783
C3,500,C3-resources-0500,8,84,169345
C3,500,C3-resources-0500,8,85,179381
C3,500,C3-resources-0500,8,86,174286
C3,500,C3-resources-0500,8,87,168359
C3,500,C3-resources-0500,8,88,170194
C3,500,C3-resources-0500,8,89,182820
C3,500,C3-resources-0500,8,90,201851
C3,500,C3-resources-0500,8,91,170217
C3,500,C3-resources-0500,8,92,175493
C3,500,C3-resources-0500,8,93,172171
C3,500,C3-resources-0500,8,94,172067
C3,500,C3-resources-0500,8,95,171404
C3,500,C3-resources-0500,8,96,172893
C3,500,C3-resources-0500,8,97,171407
C3,500,C3-resources-0500,8,98,176778
C3,500,C3-resources-0500,8,99,172774
C3,500,C3-resources-0500,8,100,181596
C6,3000,C6-resources-3000,1,1,3170910
C6,3000,C6-resources-3000,1,2,3077740
C6,3000,C6-resources-3000,1,3,2901257
C6,3000,C6-resources-3000,1,4,2942433
C6,3000,C6-resources-3000,1,5,2932777
C6,3000,C6-resources-3000,1,6,2877380
C6,3000,C6-resources-3000,1,7,2879463
C6,3000,C6-resources-3000,1,8,2924186
C6,3000,C6-resources-3000,1,9,3128225
C6,3000,C6-resources-3000,1,10,3041344
C6,3000,C6-resources-3000,1,11,3086182
C6,3000,C6-resources-3000,1,12,3055615
C6,3000,C6-resources-3000,1,13,2958344
C6,3000,C6-resources-3000,1,14,2978614
C6,3000,C6-resources-3000,1,15,2942550
C6,3000,C6-resources-3000,1,16,2853278
C6,3000,C6-resources-3000,1,17,2943412
C6,3000,C6-resources-3000,1,18,3044071
C6,3000,C6-resources-3000,1,19,2897969
C6,3000,C6-resources-3000,1,20,2922407
C6,3000,C6-resources-3000,1,21,2919588
C6,3000,C6-resources-3000,1,22,2924037
C6,3000,C6-resources-3000,1,23,2938644
C6,3000,C6-resources-3000,1,24,3087778
C6,3000,C6-resources-3000,1,25,3172274
C6,3000,C6-resources-3000,1,26,2991337
C6,3000,C6-resources-3000,1,27,3098668
C6,3000,C6-resources-3000,1,28,2915676
C6,3000,C6-resources-3000,1,29,2935358
C6,3000,C6-resources-3000,1,30,3061613
C6,3000,C6-resources-3000,1,31,3050850
C6,3000,C6-resources-3000,1,32,2972296
C6,3000,C6-resources-3000,1,33,2962660
C6,3000,C6-resources-3000,1,34,3073970
C6,3000,C6-resources-3000,1,35,3149075
C6,3000,C6-resources-3000,1,36,3059477
C6,3000,C6-resources-3000,1,37,3077307
C6,3000,C6-resources-3000,1,38,2933189
C6,3000,C6-resources-3000,1,39,2974876
C6,3000,C6-resources-3000,1,40,2889017
C6,3000,C6-resources-3000,1,41,2829162
C6,3000,C6-resources-3000,1,42,3494456
C6,3000,C6-resources-3000,1,43,3152849
C6,3000,C6-resources-3000,1,44,10794250
C6,3000,C6-resources-3000,1,45,3048554
C6,3000,C6-resources-3000,1,46,2947941
C6,3000,C6-resources-3000,1,47,2883243
C6,3000,C6-resources-3000,1,48,2888801
C6,3000,C6-resources-3000,1,49,2884846
C6,3000,C6-resources-3000,1,50,2907989
C6,3000,C6-resources-3000,1,51,2845149
C6,3000,C6-resources-3000,1,52,3010047
C6,3000,C6-resources-3000,1,53,2926360
C6,3000,C6-resources-3000,1,54,3034027
C6,3000,C6-resources-3000,1,55,3104905
C6,3000,C6-resources-3000,1,56,3051010
C6,3000,C6-resources-3000,1,57,2952535
C6,3000,C6-resources-3000,1,58,2947685
C6,3000,C6-resources-3000,1,59,2899788
C6,3000,C6-resources-3000,1,60,2838114
C6,3000,C6-resources-3000,1,61,2954837
C6,3000,C6-resources-3000,1,62,2964787
C6,3000,C6-resources-3000,1,63,3158629
C6,3000,C6-resources-3000,1,64,2979906
C6,3000,C6-resources-3000,1,65,3096510
C6,3000,C6-resources-3000,1,66,3134002
C6,3000,C6-resources-3000,1,67,2999096
C6,3000,C6-resources-3000,1,68,2897967
C6,3000,C6-resources-3000,1,69,2880648
C6,3000,C6-resources-3000,1,70,2872485
C6,3000,C6-resources-3000,1,71,2898673
C6,3000,C6-resources-3000,1,72,2962391
C6,3000,C6-resources-3000,1,73,3012140
C6,3000,C6-resources-3000,1,74,3166009
C6,3000,C6-resources-3000,1,75,3189571
C6,3000,C6-resources-3000,1,76,3132289
C6,3000,C6-resources-3000,1,77,3179901
C6,3000,C6-resources-3000,1,78,3181891
C6,3000,C6-resources-3000,1,79,3036395
C6,3000,C6-resources-3000,1,80,2884666
C6,3000,C6-resources-3000,1,81,2872996
C6,3000,C6-resources-3000,1,82,2859440
C6,3000,C6-resources-3000,1,83,2977163
C6,3000,C6-resources-3000,1,84,3006708
C6,3000,C6-resources-3000,1,85,3126933
C6,3000,C6-resources-3000,1,86,3152107
C6,3000,C6-resources-3000,1,87,3020922
C6,3000,C6-resources-3000,1,88,3048185
C6,3000,C6-resources-3000,1,89,2834781
C6,3000,C6-resources-3000,1,90,2986447
C6,3000,C6-resources-3000,1,91,2953382
C6,3000,C6-resources-3000,1,92,2859566
C6,3000,C6-resources-3000,1,93,3016620
C6,3000,C6-resources-3000,1,94,3082474
C6,3000,C6-resources-3000,1,95,3030964
C6,3000,C6-resources-3000,1,96,3032118
C6,3000,C6-resources-3000,1,97,2915845
C6,3000,C6-resources-3000,1,98,2954519
C6,3000,C6-resources-3000,1,99,2955368
C6,3000,C6-resources-3000,1,100,2982307
C6,3000,C6-resources-3000,2,1,2940228
C6,3000,C6-resources-3000,2,2,2919695
C6,3000,C6-resources-3000,2,3,2873359
C6,3000,C6-resources-3000,2,4,3029623
C6,3000,C6-resources-3000,2,5,2982628
C6,3000,C6-resources-3000,2,6,3157443
C6,3000,C6-resources-3000,2,7,3063440
C6,3000,C6-resources-3000,2,8,9975703
C6,3000,C6-resources-3000,2,9,3287737
C6,3000,C6-resources-3000,2,10,2968458
C6,3000,C6-resources-3000,2,11,2934152
C6,3000,C6-resources-3000,2,12,3099740
C6,3000,C6-resources-3000,2,13,3148566
C6,3000,C6-resources-3000,2,14,2992777
C6,3000,C6-resources-3000,2,15,2948756
C6,3000,C6-resources-3000,2,16,3035925
C6,3000,C6-resources-3000,2,17,2880081
C6,3000,C6-resources-3000,2,18,2840044
C6,3000,C6-resources-3000,2,19,3059856
C6,3000,C6-resources-3000,2,20,2906807
C6,3000,C6-resources-3000,2,21,2859903
C6,3000,C6-resources-3000,2,22,3070759
C6,3000,C6-resources-3000,2,23,2905068
C6,3000,C6-resources-3000,2,24,2887823
C6,3000,C6-resources-3000,2,25,3055702
C6,3000,C6-resources-3000,2,26,2982196
C6,3000,C6-resources-3000,2,27,2921479
C6,3000,C6-resources-3000,2,28,2966611
C6,3000,C6-resources-3000,2,29,2945048
C6,3000,C6-resources-3000,2,30,2839471
C6,3000,C6-resources-3000,2,31,3020453
C6,3000,C6-resources-3000,2,32,3131355
C6,3000,C6-resources-3000,2,33,3034183
C6,3000,C6-resources-3000,2,34,3059602
C6,3000,C6-resources-3000,2,35,3102388
C6,3000,C6-resources-3000,2,36,2966524
C6,3000,C6-resources-3000,2,37,3043767
C6,3000,C6-resources-3000,2,38,3027531
C6,3000,C6-resources-3000,2,39,2880447
C6,3000,C6-resources-3000,2,40,2897668
C6,3000,C6-resources-3000,2,41,3000306
C6,3000,C6-resources-3000,2,42,2940653
C6,3000,C6-resources-3000,2,43,2940386
C6,3000,C6-resources-3000,2,44,3038451
C6,3000,C6-resources-3000,2,45,2967397
C6,3000,C6-resources-3000,2,46,2990837
C6,3000,C6-resources-3000,2,47,3118692
C6,3000,C6-resources-3000,2,48,2940703
C6,3000,C6-resources-3000,2,49,2876122
C6,3000,C6-resources-3000,2,50,3017066
C6,3000,C6-resources-3000,2,51,2820746
C6,3000,C6-resources-3000,2,52,2841608
C6,3000,C6-resources-3000,2,53,3062684
C6,3000,C6-resources-3000,2,54,2899572
C6,3000,C6-resources-3000,2,55,2850906
C6,3000,C6-resources-3000,2,56,2990041
C6,3000,C6-resources-3000,2,57,3013452
C6,3000,C6-resources-3000,2,58,2967222
C6,3000,C6-resources-3000,2,59,3069307
C6,3000,C6-resources-3000,2,60,3028114
C6,3000,C6-resources-3000,2,61,2963447
C6,3000,C6-resources-3000,2,62,3008818
C6,3000,C6-resources-3000,2,63,3020214
C6,3000,C6-resources-3000,2,64,2997987
C6,3000,C6-resources-3000,2,65,3031708
C6,3000,C6-resources-3000,2,66,3129395
C6,3000,C6-resources-3000,2,67,2934395
C6,3000,C6-resources-3000,2,68,2877120
C6,3000,C6-resources-3000,2,69,3015890
C6,3000,C6-resources-3000,2,70,2853341
C6,3000,C6-resources-3000,2,71,2834452
C6,3000,C6-resources-3000,2,72,9689319
C6,3000,C6-resources-3000,2,73,3280775
C6,3000,C6-resources-3000,2,74,3100182
C6,3000,C6-resources-3000,2,75,3006920
C6,3000,C6-resources-3000,2,76,3119297
C6,3000,C6-resources-3000,2,77,2882010
C6,3000,C6-resources-3000,2,78,8133238
C6,3000,C6-resources-3000,2,79,2932928
C6,3000,C6-resources-3000,2,80,2948623
C6,3000,C6-resources-3000,2,81,3029818
C6,3000,C6-resources-3000,2,82,2961483
C6,3000,C6-resources-3000,2,83,2953260
C6,3000,C6-resources-3000,2,84,3061811
C6,3000,C6-resources-3000,2,85,3041542
C6,3000,C6-resources-3000,2,86,2932538
C6,3000,C6-resources-3000,2,87,2948774
C6,3000,C6-resources-3000,2,88,2920688
C6,3000,C6-resources-3000,2,89,2972956
C6,3000,C6-resources-3000,2,90,2942409
C6,3000,C6-resources-3000,2,91,2947602
C6,3000,C6-resources-3000,2,92,2989044
C6,3000,C6-resources-3000,2,93,3034674
C6,3000,C6-resources-3000,2,94,3081226
C6,3000,C6-resources-3000,2,95,2996964
C6,3000,C6-resources-3000,2,96,2964503
C6,3000,C6-resources-3000,2,97,2967776
C6,3000,C6-resources-3000,2,98,2868292
C6,3000,C6-resources-3000,2,99,2911431
C6,3000,C6-resources-3000,2,100,2981702
C6,3000,C6-resources-3000,3,1,2989475
C6,3000,C6-resources-3000,3,2,3035360
C6,3000,C6-resources-3000,3,3,3030399
C6,3000,C6-resources-3000,3,4,2950049
C6,3000,C6-resources-3000,3,5,2878891
C6,3000,C6-resources-3000,3,6,2992991
C6,3000,C6-resources-3000,3,7,2886212
C6,3000,C6-resources-3000,3,8,2880044
C6,3000,C6-resources-3000,3,9,2960646
C6,3000,C6-resources-3000,3,10,2966081
C6,3000,C6-resources-3000,3,11,2954958
C6,3000,C6-resources-3000,3,12,3042734
C6,3000,C6-resources-3000,3,13,2966813
C6,3000,C6-resources-3000,3,14,2881325
C6,3000,C6-resources-3000,3,15,2943014
C6,3000,C6-resources-3000,3,16,2936283
C6,3000,C6-resources-3000,3,17,2850886
C6,3000,C6-resources-3000,3,18,2897016
C6,3000,C6-resources-3000,3,19,2927924
C6,3000,C6-resources-3000,3,20,2937757
C6,3000,C6-resources-3000,3,21,3048973
C6,3000,C6-resources-3000,3,22,3125351
C6,3000,C6-resources-3000,3,23,3061769
C6,3000,C6-resources-3000,3,24,2979746
C6,3000,C6-resources-3000,3,25,3108803
C6,3000,C6-resources-3000,3,26,2894721
C6,3000,C6-resources-3000,3,27,2920540
C6,3000,C6-resources-3000,3,28,2977210
C6,3000,C6-resources-3000,3,29,2889355
C6,3000,C6-resources-3000,3,30,2893699
C6,3000,C6-resources-3000,3,31,3035336
C6,3000,C6-resources-3000,3,32,3056293
C6,3000,C6-resources-3000,3,33,3013155
C6,3000,C6-resources-3000,3,34,3021208
C6,3000,C6-resources-3000,3,35,2918780
C6,3000,C6-resources-3000,3,36,9653338
C6,3000,C6-resources-3000,3,37,3175419
C6,3000,C6-resources-3000,3,38,2988385
C6,3000,C6-resources-3000,3,39,2960525
C6,3000,C6-resources-3000,3,40,2991652
C6,3000,C6-resources-3000,3,41,2999440
C6,3000,C6-resources-3000,3,42,2892372
C6,3000,C6-resources-3000,3,43,2828434
C6,3000,C6-resources-3000,3,44,3024489
C6,3000,C6-resources-3000,3,45,2902151
C6,3000,C6-resources-3000,3,46,2912013
C6,3000,C6-resources-3000,3,47,3050756
C6,3000,C6-resources-3000,3,48,3017399
C6,3000,C6-resources-3000,3,49,2944679
C6,3000,C6-resources-3000,3,50,3128466
C6,3000,C6-resources-3000,3,51,2992919
C6,3000,C6-resources-3000,3,52,2962284
C6,3000,C6-resources-3000,3,53,2957155
C6,3000,C6-resources-3000,3,54,2878018
C6,3000,C6-resources-3000,3,55,2851029
C6,3000,C6-resources-3000,3,56,2954233
C6,3000,C6-resources-3000,3,57,2851989
C6,3000,C6-resources-3000,3,58,2992326
C6,3000,C6-resources-3000,3,59,3142091
C6,3000,C6-resources-3000,3,60,3122171
C6,3000,C6-resources-3000,3,61,3065097
C6,3000,C6-resources-3000,3,62,3129454
C6,3000,C6-resources-3000,3,63,2933446
C6,3000,C6-resources-3000,3,64,2864378
C6,3000,C6-resources-3000,3,65,2969444
C6,3000,C6-resources-3000,3,66,2861090
C6,3000,C6-resources-3000,3,67,2938815
C6,3000,C6-resources-3000,3,68,2897373
C6,3000,C6-resources-3000,3,69,3081488
C6,3000,C6-resources-3000,3,70,2980498
C6,3000,C6-resources-3000,3,71,3081790
C6,3000,C6-resources-3000,3,72,2929110
C6,3000,C6-resources-3000,3,73,2927778
C6,3000,C6-resources-3000,3,74,2986977
C6,3000,C6-resources-3000,3,75,2853226
C6,3000,C6-resources-3000,3,76,2830163
C6,3000,C6-resources-3000,3,77,2949522
C6,3000,C6-resources-3000,3,78,2920199
C6,3000,C6-resources-3000,3,79,2913022
C6,3000,C6-resources-3000,3,80,2954697
C6,3000,C6-resources-3000,3,81,2991059
C6,3000,C6-resources-3000,3,82,2965879
C6,3000,C6-resources-3000,3,83,3041868
C6,3000,C6-resources-3000,3,84,2948655
C6,3000,C6-resources-3000,3,85,2889934
C6,3000,C6-resources-3000,3,86,2881079
C6,3000,C6-resources-3000,3,87,2933060
C6,3000,C6-resources-3000,3,88,2873742
C6,3000,C6-resources-3000,3,89,2954836
C6,3000,C6-resources-3000,3,90,3036311
C6,3000,C6-resources-3000,3,91,2958982
C6,3000,C6-resources-3000,3,92,2983928
C6,3000,C6-resources-3000,3,93,3080582
C6,3000,C6-resources-3000,3,94,2929320
C6,3000,C6-resources-3000,3,95,2960002
C6,3000,C6-resources-3000,3,96,3022434
C6,3000,C6-resources-3000,3,97,2864423
C6,3000,C6-resources-3000,3,98,2849402
C6,3000,C6-resources-3000,3,99,3089465
C6,3000,C6-resources-3000,3,100,9833061
C6,3000,C6-resources-3000,4,1,3170799
C6,3000,C6-resources-3000,4,2,3074188
C6,3000,C6-resources-3000,4,3,2953662
C6,3000,C6-resources-3000,4,4,2947375
C6,3000,C6-resources-3000,4,5,2876665
C6,3000,C6-resources-3000,4,6,2881839
C6,3000,C6-resources-3000,4,7,3040189
C6,3000,C6-resources-3000,4,8,3015364
C6,3000,C6-resources-3000,4,9,3043037
C6,3000,C6-resources-3000,4,10,2946251
C6,3000,C6-resources-3000,4,11,2953993
C6,3000,C6-resources-3000,4,12,2954137
C6,3000,C6-resources-3000,4,13,2875925
C6,3000,C6-resources-3000,4,14,2856742
C6,3000,C6-resources-3000,4,15,2959970
C6,3000,C6-resources-3000,4,16,2893667
C6,3000,C6-resources-3000,4,17,2908117
C6,3000,C6-resources-3000,4,18,3442491
C6,3000,C6-resources-3000,4,19,2953013
C6,3000,C6-resources-3000,4,20,2974458
C6,3000,C6-resources-3000,4,21,3129438
C6,3000,C6-resources-3000,4,22,2993017
C6,3000,C6-resources-3000,4,23,2981630
C6,3000,C6-resources-3000,4,24,3087316
C6,3000,C6-resources-3000,4,25,2898655
C6,3000,C6-resources-3000,4,26,2879624
C6,3000,C6-resources-3000,4,27,2904170
C6,3000,C6-resources-3000,4,28,2976948
C6,3000,C6-resources-3000,4,29,2910990
C6,3000,C6-resources-3000,4,30,3043687
C6,3000,C6-resources-3000,4,31,3109170
C6,3000,C6-resources-3000,4,32,2965671
C6,3000,C6-resources-3000,4,33,2873221
C6,3000,C6-resources-3000,4,34,2932801
C6,3000,C6-resources-3000,4,35,2955334
C6,3000,C6-resources-3000,4,36,2862014
C6,3000,C6-resources-3000,4,37,2844262
C6,3000,C6-resources-3000,4,38,2956515
C6,3000,C6-resources-3000,4,39,3011497
C6,3000,C6-resources-3000,4,40,3071053
C6,3000,C6-resources-3000,4,41,3085880
C6,3000,C6-resources-3000,4,42,2887191
C6,3000,C6-resources-3000,4,43,2857361
C6,3000,C6-resources-3000,4,44,3009017
C6,3000,C6-resources-3000,4,45,2845475
C6,3000,C6-resources-3000,4,46,2896634
C6,3000,C6-resources-3000,4,47,2921915
C6,3000,C6-resources-3000,4,48,2944531
C6,3000,C6-resources-3000,4,49,2879641
C6,3000,C6-resources-3000,4,50,2984508
C6,3000,C6-resources-3000,4,51,2990285
C6,3000,C6-resources-3000,4,52,2921285
C6,3000,C6-resources-3000,4,53,2898557
C6,3000,C6-resources-3000,4,54,3055833
C6,3000,C6-resources-3000,4,55,3015390
C6,3000,C6-resources-3000,4,56,3028496
C6,3000,C6-resources-3000,4,57,3039829
C6,3000,C6-resources-3000,4,58,3049573
C6,3000,C6-resources-3000,4,59,2879059
C6,3000,C6-resources-3000,4,60,2965146
C6,3000,C6-resources-3000,4,61,2979637
C6,3000,C6-resources-3000,4,62,2889119
C6,3000,C6-resources-3000,4,63,2982240
C6,3000,C6-resources-3000,4,64,9454631
C6,3000,C6-resources-3000,4,65,3167761
C6,3000,C6-resources-3000,4,66,2948313
C6,3000,C6-resources-3000,4,67,2886123
C6,3000,C6-resources-3000,4,68,2883469
C6,3000,C6-resources-3000,4,69,2830983
C6,3000,C6-resources-3000,4,70,2877226
C6,3000,C6-resources-3000,4,71,2891173
C6,3000,C6-resources-3000,4,72,2884478
C6,3000,C6-resources-3000,4,73,2858338
C6,3000,C6-resources-3000,4,74,2853699
C6,3000,C6-resources-3000,4,75,2928604
C6,3000,C6-resources-3000,4,76,2906177
C6,3000,C6-resources-3000,4,77,2869189
C6,3000,C6-resources-3000,4,78,2898408
C6,3000,C6-resources-3000,4,79,2862202
C6,3000,C6-resources-3000,4,80,2891807
C6,3000,C6-resources-3000,4,81,2884428
C6,3000,C6-resources-3000,4,82,2921866
C6,3000,C6-resources-3000,4,83,2969886
C6,3000,C6-resources-3000,4,84,2977136
C6,3000,C6-resources-3000,4,85,2919012
C6,3000,C6-resources-3000,4,86,3097416
C6,3000,C6-resources-3000,4,87,3085256
C6,3000,C6-resources-3000,4,88,3112938
C6,3000,C6-resources-3000,4,89,3013833
C6,3000,C6-resources-3000,4,90,3136446
C6,3000,C6-resources-3000,4,91,3133689
C6,3000,C6-resources-3000,4,92,2910097
C6,3000,C6-resources-3000,4,93,3062675
C6,3000,C6-resources-3000,4,94,3021436
C6,3000,C6-resources-3000,4,95,2953385
C6,3000,C6-resources-3000,4,96,2910328
C6,3000,C6-resources-3000,4,97,2981239
C6,3000,C6-resources-3000,4,98,2889791
C6,3000,C6-resources-3000,4,99,2844661
C6,3000,C6-resources-3000,4,100,2980033
C6,3000,C6-resources-3000,5,1,2985971
C6,3000,C6-resources-3000,5,2,2895175
C6,3000,C6-resources-3000,5,3,2944923
C6,3000,C6-resources-3000,5,4,2924138
C6,3000,C6-resources-3000,5,5,2964644
C6,3000,C6-resources-3000,5,6,2960645
C6,3000,C6-resources-3000,5,7,2877150
C6,3000,C6-resources-3000,5,8,2871679
C6,3000,C6-resources-3000,5,9,2922738
C6,3000,C6-resources-3000,5,10,2969772
C6,3000,C6-resources-3000,5,11,2936360
C6,3000,C6-resources-3000,5,12,2918697
C6,3000,C6-resources-3000,5,13,2863046
C6,3000,C6-resources-3000,5,14,2875925
C6,3000,C6-resources-3000,5,15,2884689
C6,3000,C6-resources-3000,5,16,2942148
C6,3000,C6-resources-3000,5,17,3024079
C6,3000,C6-resources-3000,5,18,2967896
C6,3000,C6-resources-3000,5,19,2986057
C6,3000,C6-resources-3000,5,20,3010139
C6,3000,C6-resources-3000,5,21,3053458
C6,3000,C6-resources-3000,5,22,3068420
C6,3000,C6-resources-3000,5,23,3016442
C6,3000,C6-resources-3000,5,24,3029090
C6,3000,C6-resources-3000,5,25,2908933
C6,3000,C6-resources-3000,5,26,2954022
C6,3000,C6-resources-3000,5,27,2997710
C6,3000,C6-resources-3000,5,28,9456536
C6,3000,C6-resources-3000,5,29,3109622
C6,3000,C6-resources-3000,5,30,2923255
C6,3000,C6-resources-3000,5,31,2887899
C6,3000,C6-resources-3000,5,32,2944512
C6,3000,C6-resources-3000,5,33,2966780
C6,3000,C6-resources-3000,5,34,2945068
C6,3000,C6-resources-3000,5,35,2854558
C6,3000,C6-resources-3000,5,36,2982363
C6,3000,C6-resources-3000,5,37,2910811
C6,3000,C6-resources-3000,5,38,2842964
C6,3000,C6-resources-3000,5,39,2880550
C6,3000,C6-resources-3000,5,40,2913348
C6,3000,C6-resources-3000,5,41,2894632
C6,3000,C6-resources-3000,5,42,2898790
C6,3000,C6-resources-3000,5,43,2953223
C6,3000,C6-resources-3000,5,44,2990923
C6,3000,C6-resources-3000,5,45,2900972
C6,3000,C6-resources-3000,5,46,2840048
C6,3000,C6-resources-3000,5,47,2844482
C6,3000,C6-resources-3000,5,48,2976345
C6,3000,C6-resources-3000,5,49,2992690
C6,3000,C6-resources-3000,5,50,2900878
C6,3000,C6-resources-3000,5,51,2889011
C6,3000,C6-resources-3000,5,52,3100503
C6,3000,C6-resources-3000,5,53,3083295
C6,3000,C6-resources-3000,5,54,2960514
C6,3000,C6-resources-3000,5,55,3014602
C6,3000,C6-resources-3000,5,56,2994673
C6,3000,C6-resources-3000,5,57,2994003
C6,3000,C6-resources-3000,5,58,3071106
C6,3000,C6-resources-3000,5,59,3049463
C6,3000,C6-resources-3000,5,60,2988618
C6,3000,C6-resources-3000,5,61,2994954
C6,3000,C6-resources-3000,5,62,2959416
C6,3000,C6-resources-3000,5,63,2877216
C6,3000,C6-resources-3000,5,64,2912015
C6,3000,C6-resources-3000,5,65,2990568
C6,3000,C6-resources-3000,5,66,2938188
C6,3000,C6-resources-3000,5,67,2921447
C6,3000,C6-resources-3000,5,68,2964498
C6,3000,C6-resources-3000,5,69,2880788
C6,3000,C6-resources-3000,5,70,2872271
C6,3000,C6-resources-3000,5,71,2920714
C6,3000,C6-resources-3000,5,72,2927881
C6,3000,C6-resources-3000,5,73,2936418
C6,3000,C6-resources-3000,5,74,2905682
C6,3000,C6-resources-3000,5,75,2822701
C6,3000,C6-resources-3000,5,76,2868716
C6,3000,C6-resources-3000,5,77,2894499
C6,3000,C6-resources-3000,5,78,2853658
C6,3000,C6-resources-3000,5,79,2841807
C6,3000,C6-resources-3000,5,80,2894610
C6,3000,C6-resources-3000,5,81,2878159
C6,3000,C6-resources-3000,5,82,2973442
C6,3000,C6-resources-3000,5,83,2951980
C6,3000,C6-resources-3000,5,84,2836993
C6,3000,C6-resources-3000,5,85,2790590
C6,3000,C6-resources-3000,5,86,2873996
C6,3000,C6-resources-3000,5,87,2929198
C6,3000,C6-resources-3000,5,88,3036731
C6,3000,C6-resources-3000,5,89,3110214
C6,3000,C6-resources-3000,5,90,2996744
C6,3000,C6-resources-3000,5,91,2914558
C6,3000,C6-resources-3000,5,92,10819666
C6,3000,C6-resources-3000,5,93,3093723
C6,3000,C6-resources-3000,5,94,2950805
C6,3000,C6-resources-3000,5,95,2891611
C6,3000,C6-resources-3000,5,96,2856751
C6,3000,C6-resources-3000,5,97,2888165
C6,3000,C6-resources-3000,5,98,2893265
C6,3000,C6-resources-3000,5,99,2920482
C6,3000,C6-resources-3000,5,100,2964859
C6,3000,C6-resources-3000,6,1,3074412
C6,3000,C6-resources-3000,6,2,3086955
C6,3000,C6-resources-3000,6,3,2977745
C6,3000,C6-resources-3000,6,4,3157942
C6,3000,C6-resources-3000,6,5,2936330
C6,3000,C6-resources-3000,6,6,2876946
C6,3000,C6-resources-3000,6,7,2841463
C6,3000,C6-resources-3000,6,8,2930968
C6,3000,C6-resources-3000,6,9,2906747
C6,3000,C6-resources-3000,6,10,2869241
C6,3000,C6-resources-3000,6,11,2903567
C6,3000,C6-resources-3000,6,12,2894925
C6,3000,C6-resources-3000,6,13,2893780
C6,3000,C6-resources-3000,6,14,2973271
C6,3000,C6-resources-3000,6,15,2939316
C6,3000,C6-resources-3000,6,16,2863962
C6,3000,C6-resources-3000,6,17,2929698
C6,3000,C6-resources-3000,6,18,3035883
C6,3000,C6-resources-3000,6,19,2925627
C6,3000,C6-resources-3000,6,20,2924980
C6,3000,C6-resources-3000,6,21,3107671
C6,3000,C6-resources-3000,6,22,3020730
C6,3000,C6-resources-3000,6,23,3021774
C6,3000,C6-resources-3000,6,24,2901086
C6,3000,C6-resources-3000,6,25,3090939
C6,3000,C6-resources-3000,6,26,3049777
C6,3000,C6-resources-3000,6,27,3037619
C6,3000,C6-resources-3000,6,28,2954877
C6,3000,C6-resources-3000,6,29,2902272
C6,3000,C6-resources-3000,6,30,2919621
C6,3000,C6-resources-3000,6,31,2953497
C6,3000,C6-resources-3000,6,32,2932811
C6,3000,C6-resources-3000,6,33,2964912
C6,3000,C6-resources-3000,6,34,2926916
C6,3000,C6-resources-3000,6,35,2950174
C6,3000,C6-resources-3000,6,36,2969080
C6,3000,C6-resources-3000,6,37,2954972
C6,3000,C6-resources-3000,6,38,2884346
C6,3000,C6-resources-3000,6,39,2936485
C6,3000,C6-resources-3000,6,40,2932861
C6,3000,C6-resources-3000,6,41,2889331
C6,3000,C6-resources-3000,6,42,2946686
C6,3000,C6-resources-3000,6,43,2952655
C6,3000,C6-resources-3000,6,44,2869737
C6,3000,C6-resources-3000,6,45,2837280
C6,3000,C6-resources-3000,6,46,2947609
C6,3000,C6-resources-3000,6,47,2944285
C6,3000,C6-resources-3000,6,48,2979021
C6,3000,C6-resources-3000,6,49,2898763
C6,3000,C6-resources-3000,6,50,2984764
C6,3000,C6-resources-3000,6,51,2922266
C6,3000,C6-resources-3000,6,52,3066200
C6,3000,C6-resources-3000,6,53,2987219
C6,3000,C6-resources-3000,6,54,3096285
C6,3000,C6-resources-3000,6,55,3092620
C6,3000,C6-resources-3000,6,56,10202595
C6,3000,C6-resources-3000,6,57,3276726
C6,3000,C6-resources-3000,6,58,3024335
C6,3000,C6-resources-3000,6,59,2937356
C6,3000,C6-resources-3000,6,60,2862276
C6,3000,C6-resources-3000,6,61,2856986
C6,3000,C6-resources-3000,6,62,2941419
C6,3000,C6-resources-3000,6,63,2905012
C6,3000,C6-resources-3000,6,64,2873478
C6,3000,C6-resources-3000,6,65,3004669
C6,3000,C6-resources-3000,6,66,2921909
C6,3000,C6-resources-3000,6,67,2965455
C6,3000,C6-resources-3000,6,68,2970549
C6,3000,C6-resources-3000,6,69,2906793
C6,3000,C6-resources-3000,6,70,2983728
C6,3000,C6-resources-3000,6,71,2931134
C6,3000,C6-resources-3000,6,72,2917477
C6,3000,C6-resources-3000,6,73,2845420
C6,3000,C6-resources-3000,6,74,2921385
C6,3000,C6-resources-3000,6,75,2846013
C6,3000,C6-resources-3000,6,76,2914359
C6,3000,C6-resources-3000,6,77,2888131
C6,3000,C6-resources-3000,6,78,2951698
C6,3000,C6-resources-3000,6,79,2947738
C6,3000,C6-resources-3000,6,80,2942101
C6,3000,C6-resources-3000,6,81,3007576
C6,3000,C6-resources-3000,6,82,2862957
C6,3000,C6-resources-3000,6,83,2990090
C6,3000,C6-resources-3000,6,84,3123973
C6,3000,C6-resources-3000,6,85,3007580
C6,3000,C6-resources-3000,6,86,3178016
C6,3000,C6-resources-3000,6,87,3057095
C6,3000,C6-resources-3000,6,88,3082942
C6,3000,C6-resources-3000,6,89,2954119
C6,3000,C6-resources-3000,6,90,3116109
C6,3000,C6-resources-3000,6,91,3012024
C6,3000,C6-resources-3000,6,92,3054202
C6,3000,C6-resources-3000,6,93,3001189
C6,3000,C6-resources-3000,6,94,2903737
C6,3000,C6-resources-3000,6,95,2885003
C6,3000,C6-resources-3000,6,96,2871405
C6,3000,C6-resources-3000,6,97,2915824
C6,3000,C6-resources-3000,6,98,2895005
C6,3000,C6-resources-3000,6,99,2926568
C6,3000,C6-resources-3000,6,100,2918893
C6,3000,C6-resources-3000,7,1,2876373
C6,3000,C6-resources-3000,7,2,3011416
C6,3000,C6-resources-3000,7,3,2863726
C6,3000,C6-resources-3000,7,4,2904541
C6,3000,C6-resources-3000,7,5,2895932
C6,3000,C6-resources-3000,7,6,2906268
C6,3000,C6-resources-3000,7,7,2950442
C6,3000,C6-resources-3000,7,8,2886953
C6,3000,C6-resources-3000,7,9,3032066
C6,3000,C6-resources-3000,7,10,2910359
C6,3000,C6-resources-3000,7,11,3003796
C6,3000,C6-resources-3000,7,12,2979117
C6,3000,C6-resources-3000,7,13,2985815
C6,3000,C6-resources-3000,7,14,3037076
C6,3000,C6-resources-3000,7,15,3164801
C6,3000,C6-resources-3000,7,16,3037419
C6,3000,C6-resources-3000,7,17,2912872
C6,3000,C6-resources-3000,7,18,2923377
C6,3000,C6-resources-3000,7,19,2949990
C6,3000,C6-resources-3000,7,20,9648590
C6,3000,C6-resources-3000,7,21,3184554
C6,3000,C6-resources-3000,7,22,3246242
C6,3000,C6-resources-3000,7,23,3040460
C6,3000,C6-resources-3000,7,24,2900809
C6,3000,C6-resources-3000,7,25,2882159
C6,3000,C6-resources-3000,7,26,2902021
C6,3000,C6-resources-3000,7,27,2877344
C6,3000,C6-resources-3000,7,28,2948549
C6,3000,C6-resources-3000,7,29,2878393
C6,3000,C6-resources-3000,7,30,2996694
C6,3000,C6-resources-3000,7,31,2936249
C6,3000,C6-resources-3000,7,32,2942739
C6,3000,C6-resources-3000,7,33,2983245
C6,3000,C6-resources-3000,7,34,2924941
C6,3000,C6-resources-3000,7,35,2928976
C6,3000,C6-resources-3000,7,36,2906417
C6,3000,C6-resources-3000,7,37,2958795
C6,3000,C6-resources-3000,7,38,2926147
C6,3000,C6-resources-3000,7,39,3002351
C6,3000,C6-resources-3000,7,40,2991424
C6,3000,C6-resources-3000,7,41,2955244
C6,3000,C6-resources-3000,7,42,2921572
C6,3000,C6-resources-3000,7,43,2886290
C6,3000,C6-resources-3000,7,44,3006218
C6,3000,C6-resources-3000,7,45,3161685
C6,3000,C6-resources-3000,7,46,3015170
C6,3000,C6-resources-3000,7,47,3021941
C6,3000,C6-resources-3000,7,48,2852909
C6,3000,C6-resources-3000,7,49,2967117
C6,3000,C6-resources-3000,7,50,2941330
C6,3000,C6-resources-3000,7,51,2943362
C6,3000,C6-resources-3000,7,52,2922484
C6,3000,C6-resources-3000,7,53,2999779
C6,3000,C6-resources-3000,7,54,3049910
C6,3000,C6-resources-3000,7,55,3002340
C6,3000,C6-resources-3000,7,56,3059095
C6,3000,C6-resources-3000,7,57,3104292
C6,3000,C6-resources-3000,7,58,2954091
C6,3000,C6-resources-3000,7,59,2901386
C6,3000,C6-resources-3000,7,60,2933506
C6,3000,C6-resources-3000,7,61,2988262
C6,3000,C6-resources-3000,7,62,2923683
C6,3000,C6-resources-3000,7,63,2964698
C6,3000,C6-resources-3000,7,64,2903008
C6,3000,C6-resources-3000,7,65,2919342
C6,3000,C6-resources-3000,7,66,2935057
C6,3000,C6-resources-3000,7,67,2904343
C6,3000,C6-resources-3000,7,68,2928179
C6,3000,C6-resources-3000,7,69,2874916
C6,3000,C6-resources-3000,7,70,2891509
C6,3000,C6-resources-3000,7,71,2871176
C6,3000,C6-resources-3000,7,72,2998857
C6,3000,C6-resources-3000,7,73,3007886
C6,3000,C6-resources-3000,7,74,2918202
C6,3000,C6-resources-3000,7,75,2863235
C6,3000,C6-resources-3000,7,76,2921528
C6,3000,C6-resources-3000,7,77,2904757
C6,3000,C6-resources-3000,7,78,2950333
C6,3000,C6-resources-3000,7,79,3107298
C6,3000,C6-resources-3000,7,80,3059889
C6,3000,C6-resources-3000,7,81,3010235
C6,3000,C6-resources-3000,7,82,3137792
C6,3000,C6-resources-3000,7,83,2833852
C6,3000,C6-resources-3000,7,84,12688970
C6,3000,C6-resources-3000,7,85,3339455
C6,3000,C6-resources-3000,7,86,3067133
C6,3000,C6-resources-3000,7,87,3199993
C6,3000,C6-resources-3000,7,88,2991200
C6,3000,C6-resources-3000,7,89,2836406
C6,3000,C6-resources-3000,7,90,3196311
C6,3000,C6-resources-3000,7,91,2891757
C6,3000,C6-resources-3000,7,92,3065195
C6,3000,C6-resources-3000,7,93,2919829
C6,3000,C6-resources-3000,7,94,3024021
C6,3000,C6-resources-3000,7,95,2888454
C6,3000,C6-resources-3000,7,96,2945422
C6,3000,C6-resources-3000,7,97,2884748
C6,3000,C6-resources-3000,7,98,3010935
C6,3000,C6-resources-3000,7,99,3003576
C6,3000,C6-resources-3000,7,100,2847168
C6,3000,C6-resources-3000,8,1,3076313
C6,3000,C6-resources-3000,8,2,3200756
C6,3000,C6-resources-3000,8,3,2964009
C6,3000,C6-resources-3000,8,4,2956494
C6,3000,C6-resources-3000,8,5,2890842
C6,3000,C6-resources-3000,8,6,2962800
C6,3000,C6-resources-3000,8,7,3068866
C6,3000,C6-resources-3000,8,8,3111373
C6,3000,C6-resources-3000,8,9,3209718
C6,3000,C6-resources-3000,8,10,3161404
C6,3000,C6-resources-3000,8,11,3018219
C6,3000,C6-resources-3000,8,12,2914047
C6,3000,C6-resources-3000,8,13,3054459
C6,3000,C6-resources-3000,8,14,2948408
C6,3000,C6-resources-3000,8,15,3094122
C6,3000,C6-resources-3000,8,16,2930765
C6,3000,C6-resources-3000,8,17,3128475
C6,3000,C6-resources-3000,8,18,3064234
C6,3000,C6-resources-3000,8,19,2985181
C6,3000,C6-resources-3000,8,20,3144042
C6,3000,C6-resources-3000,8,21,3043086
C6,3000,C6-resources-3000,8,22,2954328
C6,3000,C6-resources-3000,8,23,3053084
C6,3000,C6-resources-3000,8,24,2989910
C6,3000,C6-resources-3000,8,25,2948213
C6,3000,C6-resources-3000,8,26,2935409
C6,3000,C6-resources-3000,8,27,2985519
C6,3000,C6-resources-3000,8,28,2948563
C6,3000,C6-resources-3000,8,29,2998894
C6,3000,C6-resources-3000,8,30,2887910
C6,3000,C6-resources-3000,8,31,2940947
C6,3000,C6-resources-3000,8,32,2985252
C6,3000,C6-resources-3000,8,33,2923879
C6,3000,C6-resources-3000,8,34,2949384
C6,3000,C6-resources-3000,8,35,2969242
C6,3000,C6-resources-3000,8,36,3042606
C6,3000,C6-resources-3000,8,37,3012969
C6,3000,C6-resources-3000,8,38,2922404
C6,3000,C6-resources-3000,8,39,2881630
C6,3000,C6-resources-3000,8,40,2891592
C6,3000,C6-resources-3000,8,41,2871531
C6,3000,C6-resources-3000,8,42,2940796
C6,3000,C6-resources-3000,8,43,3085966
C6,3000,C6-resources-3000,8,44,3242888
C6,3000,C6-resources-3000,8,45,3128637
C6,3000,C6-resources-3000,8,46,2931182
C6,3000,C6-resources-3000,8,47,3009922
C6,3000,C6-resources-3000,8,48,2917194
C6,3000,C6-resources-3000,8,49,7755550
C6,3000,C6-resources-3000,8,50,3321433
C6,3000,C6-resources-3000,8,51,3055350
C6,3000,C6-resources-3000,8,52,3075261
C6,3000,C6-resources-3000,8,53,3057290
C6,3000,C6-resources-3000,8,54,2927890
C6,3000,C6-resources-3000,8,55,2954484
C6,3000,C6-resources-3000,8,56,2926322
C6,3000,C6-resources-3000,8,57,2916847
C6,3000,C6-resources-3000,8,58,2988551
C6,3000,C6-resources-3000,8,59,2923639
C6,3000,C6-resources-3000,8,60,2905324
C6,3000,C6-resources-3000,8,61,2929195
C6,3000,C6-resources-3000,8,62,3022020
C6,3000,C6-resources-3000,8,63,2862565
C6,3000,C6-resources-3000,8,64,2989135
C6,3000,C6-resources-3000,8,65,2984464
C6,3000,C6-resources-3000,8,66,2957051
C6,3000,C6-resources-3000,8,67,2890654
C6,3000,C6-resources-3000,8,68,2941138
C6,3000,C6-resources-3000,8,69,2973938
C6,3000,C6-resources-3000,8,70,2826493
C6,3000,C6-resources-3000,8,71,2909783
C6,3000,C6-resources-3000,8,72,3003664
C6,3000,C6-resources-3000,8,73,2913308
C6,3000,C6-resources-3000,8,74,2930381
C6,3000,C6-resources-3000,8,75,2904565
C6,3000,C6-resources-3000,8,76,3061529
C6,3000,C6-resources-3000,8,77,2930801
C6,3000,C6-resources-3000,8,78,2891119
C6,3000,C6-resources-3000,8,79,2928325
C6,3000,C6-resources-3000,8,80,3111190
C6,3000,C6-resources-3000,8,81,3160261
C6,3000,C6-resources-3000,8,82,3092691
C6,3000,C6-resources-3000,8,83,3080515
C6,3000,C6-resources-3000,8,84,3002578
C6,3000,C6-resources-3000,8,85,2941487
C6,3000,C6-resources-3000,8,86,2895314
C6,3000,C6-resources-3000,8,87,2965332
C6,3000,C6-resources-3000,8,88,2947024
C6,3000,C6-resources-3000,8,89,2917681
C6,3000,C6-resources-3000,8,90,2955626
C6,3000,C6-resources-3000,8,91,2935157
C6,3000,C6-resources-3000,8,92,2907326
C6,3000,C6-resources-3000,8,93,2872492
C6,3000,C6-resources-3000,8,94,2899027
C6,3000,C6-resources-3000,8,95,2985895
C6,3000,C6-resources-3000,8,96,2965023
C6,3000,C6-resources-3000,8,97,2949556
C6,3000,C6-resources-3000,8,98,2971723
C6,3000,C6-resources-3000,8,99,3008204
C6,3000,C6-resources-3000,8,100,2950699
C1,50,C1-resources-0050,1,1,41847
C1,50,C1-resources-0050,1,2,44301
C1,50,C1-resources-0050,1,3,41877
C1,50,C1-resources-0050,1,4,45403
C1,50,C1-resources-0050,1,5,43392
C1,50,C1-resources-0050,1,6,43402
C1,50,C1-resources-0050,1,7,46002
C1,50,C1-resources-0050,1,8,41795
C1,50,C1-resources-0050,1,9,42748
C1,50,C1-resources-0050,1,10,46337
C1,50,C1-resources-0050,1,11,44731
C1,50,C1-resources-0050,1,12,44730
C1,50,C1-resources-0050,1,13,44710
C1,50,C1-resources-0050,1,14,37419
C1,50,C1-resources-0050,1,15,36680
C1,50,C1-resources-0050,1,16,43827
C1,50,C1-resources-0050,1,17,35037
C1,50,C1-resources-0050,1,18,35255
C1,50,C1-resources-0050,1,19,33056
C1,50,C1-resources-0050,1,20,32914
C1,50,C1-resources-0050,1,21,34700
C1,50,C1-resources-0050,1,22,34185
C1,50,C1-resources-0050,1,23,33847
C1,50,C1-resources-0050,1,24,298382
C1,50,C1-resources-0050,1,25,48198
C1,50,C1-resources-0050,1,26,32642
C1,50,C1-resources-0050,1,27,32362
C1,50,C1-resources-0050,1,28,32581
C1,50,C1-resources-0050,1,29,33687
C1,50,C1-resources-0050,1,30,30589
C1,50,C1-resources-0050,1,31,31564
C1,50,C1-resources-0050,1,32,32380
C1,50,C1-resources-0050,1,33,32411
C1,50,C1-resources-0050,1,34,46950
C1,50,C1-resources-0050,1,35,33150
C1,50,C1-resources-0050,1,36,29525
C1,50,C1-resources-0050,1,37,30383
C1,50,C1-resources-0050,1,38,35564
C1,50,C1-resources-0050,1,39,29997
C1,50,C1-resources-0050,1,40,28625
C1,50,C1-resources-0050,1,41,29222
C1,50,C1-resources-0050,1,42,28840
C1,50,C1-resources-0050,1,43,41152
C1,50,C1-resources-0050,1,44,29299
C1,50,C1-resources-0050,1,45,28598
C1,50,C1-resources-0050,1,46,28392
C1,50,C1-resources-0050,1,47,30550
C1,50,C1-resources-0050,1,48,29289
C1,50,C1-resources-0050,1,49,30585
C1,50,C1-resources-0050,1,50,29888
C1,50,C1-resources-0050,1,51,29222
C1,50,C1-resources-0050,1,52,29744
C1,50,C1-resources-0050,1,53,28793
C1,50,C1-resources-0050,1,54,51877
C1,50,C1-resources-0050,1,55,30342
C1,50,C1-resources-0050,1,56,39075
C1,50,C1-resources-0050,1,57,46132
C1,50,C1-resources-0050,1,58,28434
C1,50,C1-resources-0050,1,59,45034
C1,50,C1-resources-0050,1,60,34445
C1,50,C1-resources-0050,1,61,32086
C1,50,C1-resources-0050,1,62,29953
C1,50,C1-resources-0050,1,63,28799
C1,50,C1-resources-0050,1,64,29187
C1,50,C1-resources-0050,1,65,28968
C1,50,C1-resources-0050,1,66,29049
C1,50,C1-resources-0050,1,67,29378
C1,50,C1-resources-0050,1,68,28257
C1,50,C1-resources-0050,1,69,30810
C1,50,C1-resources-0050,1,70,28928
C1,50,C1-resources-0050,1,71,27694
C1,50,C1-resources-0050,1,72,29206
C1,50,C1-resources-0050,1,73,28319
C1,50,C1-resources-0050,1,74,28924
C1,50,C1-resources-0050,1,75,28413
C1,50,C1-resources-0050,1,76,27698
C1,50,C1-resources-0050,1,77,27776
C1,50,C1-resources-0050,1,78,28925
C1,50,C1-resources-0050,1,79,27790
C1,50,C1-resources-0050,1,80,27580
C1,50,C1-resources-0050,1,81,27604
C1,50,C1-resources-0050,1,82,27650
C1,50,C1-resources-0050,1,83,29403
C1,50,C1-resources-0050,1,84,25649
C1,50,C1-resources-0050,1,85,26020
C1,50,C1-resources-0050,1,86,25939
C1,50,C1-resources-0050,1,87,26928
C1,50,C1-resources-0050,1,88,25930
C1,50,C1-resources-0050,1,89,26093
C1,50,C1-resources-0050,1,90,29670
C1,50,C1-resources-0050,1,91,383984
C1,50,C1-resources-0050,1,92,38996
C1,50,C1-resources-0050,1,93,29872
C1,50,C1-resources-0050,1,94,27753
C1,50,C1-resources-0050,1,95,28704
C1,50,C1-resources-0050,1,96,28423
C1,50,C1-resources-0050,1,97,27272
C1,50,C1-resources-0050,1,98,27747
C1,50,C1-resources-0050,1,99,27313
C1,50,C1-resources-0050,1,100,27194
C1,50,C1-resources-0050,2,1,95618
C1,50,C1-resources-0050,2,2,37106
C1,50,C1-resources-0050,2,3,29707
C1,50,C1-resources-0050,2,4,27995
C1,50,C1-resources-0050,2,5,28531
C1,50,C1-resources-0050,2,6,27536
C1,50,C1-resources-0050,2,7,27653
C1,50,C1-resources-0050,2,8,27832
C1,50,C1-resources-0050,2,9,27737
C1,50,C1-resources-0050,2,10,28309
C1,50,C1-resources-0050,2,11,29778
C1,50,C1-resources-0050,2,12,28044
C1,50,C1-resources-0050,2,13,30799
C1,50,C1-resources-0050,2,14,26393
C1,50,C1-resources-0050,2,15,26003
C1,50,C1-resources-0050,2,16,25764
C1,50,C1-resources-0050,2,17,27709
C1,50,C1-resources-0050,2,18,27161
C1,50,C1-resources-0050,2,19,26629
C1,50,C1-resources-0050,2,20,27210
C1,50,C1-resources-0050,2,21,27123
C1,50,C1-resources-0050,2,22,26367
C1,50,C1-resources-0050,2,23,27366
C1,50,C1-resources-0050,2,24,26608
C1,50,C1-resources-0050,2,25,25796
C1,50,C1-resources-0050,2,26,27535
C1,50,C1-resources-0050,2,27,26211
C1,50,C1-resources-0050,2,28,28605
C1,50,C1-resources-0050,2,29,26511
C1,50,C1-resources-0050,2,30,25532
C1,50,C1-resources-0050,2,31,25894
C1,50,C1-resources-0050,2,32,26227
C1,50,C1-resources-0050,2,33,25510
C1,50,C1-resources-0050,2,34,26693
C1,50,C1-resources-0050,2,35,26937
C1,50,C1-resources-0050,2,36,26138
C1,50,C1-resources-0050,2,37,25930
C1,50,C1-resources-0050,2,38,28035
C1,50,C1-resources-0050,2,39,26149
C1,50,C1-resources-0050,2,40,26249
C1,50,C1-resources-0050,2,41,26092
C1,50,C1-resources-0050,2,42,26361
C1,50,C1-resources-0050,2,43,26717
C1,50,C1-resources-0050,2,44,25909
C1,50,C1-resources-0050,2,45,25774
C1,50,C1-resources-0050,2,46,26231
C1,50,C1-resources-0050,2,47,25502
C1,50,C1-resources-0050,2,48,25477
C1,50,C1-resources-0050,2,49,26297
C1,50,C1-resources-0050,2,50,25809
C1,50,C1-resources-0050,2,51,26041
C1,50,C1-resources-0050,2,52,25231
C1,50,C1-resources-0050,2,53,25910
C1,50,C1-resources-0050,2,54,25929
C1,50,C1-resources-0050,2,55,26236
C1,50,C1-resources-0050,2,56,25949
C1,50,C1-resources-0050,2,57,26101
C1,50,C1-resources-0050,2,58,25814
C1,50,C1-resources-0050,2,59,27910
C1,50,C1-resources-0050,2,60,26233
C1,50,C1-resources-0050,2,61,25622
C1,50,C1-resources-0050,2,62,44700
C1,50,C1-resources-0050,2,63,32415
C1,50,C1-resources-0050,2,64,29707
C1,50,C1-resources-0050,2,65,29241
C1,50,C1-resources-0050,2,66,30163
C1,50,C1-resources-0050,2,67,28614
C1,50,C1-resources-0050,2,68,28025
C1,50,C1-resources-0050,2,69,28568
C1,50,C1-resources-0050,2,70,27911
C1,50,C1-resources-0050,2,71,28461
C1,50,C1-resources-0050,2,72,28284
C1,50,C1-resources-0050,2,73,28824
C1,50,C1-resources-0050,2,74,28694
C1,50,C1-resources-0050,2,75,30111
C1,50,C1-resources-0050,2,76,32241
C1,50,C1-resources-0050,2,77,30016
C1,50,C1-resources-0050,2,78,28391
C1,50,C1-resources-0050,2,79,28161
C1,50,C1-resources-0050,2,80,28647
C1,50,C1-resources-0050,2,81,28296
C1,50,C1-resources-0050,2,82,27556
C1,50,C1-resources-0050,2,83,29978
C1,50,C1-resources-0050,2,84,28677
C1,50,C1-resources-0050,2,85,29616
C1,50,C1-resources-0050,2,86,29001
C1,50,C1-resources-0050,2,87,30654
C1,50,C1-resources-0050,2,88,30314
C1,50,C1-resources-0050,2,89,29453
C1,50,C1-resources-0050,2,90,28535
C1,50,C1-resources-0050,2,91,28116
C1,50,C1-resources-0050,2,92,29528
C1,50,C1-resources-0050,2,93,28518
C1,50,C1-resources-0050,2,94,28780
C1,50,C1-resources-0050,2,95,27910
C1,50,C1-resources-0050,2,96,36082
C1,50,C1-resources-0050,2,97,35592
C1,50,C1-resources-0050,2,98,36720
C1,50,C1-resources-0050,2,99,37004
C1,50,C1-resources-0050,2,100,36414
C1,50,C1-resources-0050,3,1,53063
C1,50,C1-resources-0050,3,2,28963
C1,50,C1-resources-0050,3,3,29059
C1,50,C1-resources-0050,3,4,27945
C1,50,C1-resources-0050,3,5,27742
C1,50,C1-resources-0050,3,6,26855
C1,50,C1-resources-0050,3,7,35415
C1,50,C1-resources-0050,3,8,32690
C1,50,C1-resources-0050,3,9,33209
C1,50,C1-resources-0050,3,10,54711
C1,50,C1-resources-0050,3,11,31071
C1,50,C1-resources-0050,3,12,29654
C1,50,C1-resources-0050,3,13,23410
C1,50,C1-resources-0050,3,14,23672
C1,50,C1-resources-0050,3,15,23249
C1,50,C1-resources-0050,3,16,23786
C1,50,C1-resources-0050,3,17,23165
C1,50,C1-resources-0050,3,18,23957
C1,50,C1-resources-0050,3,19,23536
C1,50,C1-resources-0050,3,20,34844
C1,50,C1-resources-0050,3,21,30499
C1,50,C1-resources-0050,3,22,28008
C1,50,C1-resources-0050,3,23,28545
C1,50,C1-resources-0050,3,24,27564
C1,50,C1-resources-0050,3,25,26529
C1,50,C1-resources-0050,3,26,28952
C1,50,C1-resources-0050,3,27,26613
C1,50,C1-resources-0050,3,28,29123
C1,50,C1-resources-0050,3,29,28251
C1,50,C1-resources-0050,3,30,24863
C1,50,C1-resources-0050,3,31,26393
C1,50,C1-resources-0050,3,32,29006
C1,50,C1-resources-0050,3,33,24264
C1,50,C1-resources-0050,3,34,29863
C1,50,C1-resources-0050,3,35,26041
C1,50,C1-resources-0050,3,36,28237
C1,50,C1-resources-0050,3,37,23961
C1,50,C1-resources-0050,3,38,28352
C1,50,C1-resources-0050,3,39,25076
C1,50,C1-resources-0050,3,40,23785
C1,50,C1-resources-0050,3,41,23657
C1,50,C1-resources-0050,3,42,24670
C1,50,C1-resources-0050,3,43,23909
C1,50,C1-resources-0050,3,44,25793
C1,50,C1-resources-0050,3,45,23967
C1,50,C1-resources-0050,3,46,26825
C1,50,C1-resources-0050,3,47,22469
C1,50,C1-resources-0050,3,48,22979
C1,50,C1-resources-0050,3,49,22640
C1,50,C1-resources-0050,3,50,22747
C1,50,C1-resources-0050,3,51,22790
C1,50,C1-resources-0050,3,52,22709
C1,50,C1-resources-0050,3,53,22683
C1,50,C1-resources-0050,3,54,24227
C1,50,C1-resources-0050,3,55,22672
C1,50,C1-resources-0050,3,56,26465
C1,50,C1-resources-0050,3,57,23090
C1,50,C1-resources-0050,3,58,22984
C1,50,C1-resources-0050,3,59,23179
C1,50,C1-resources-0050,3,60,32722
C1,50,C1-resources-0050,3,61,23237
C1,50,C1-resources-0050,3,62,27401
C1,50,C1-resources-0050,3,63,38390
C1,50,C1-resources-0050,3,64,25079
C1,50,C1-resources-0050,3,65,22452
C1,50,C1-resources-0050,3,66,31250
C1,50,C1-resources-0050,3,67,27680
C1,50,C1-resources-0050,3,68,25276
C1,50,C1-resources-0050,3,69,23899
C1,50,C1-resources-0050,3,70,25142
C1,50,C1-resources-0050,3,71,23518
C1,50,C1-resources-0050,3,72,23496
C1,50,C1-resources-0050,3,73,23491
C1,50,C1-resources-0050,3,74,23405
C1,50,C1-resources-0050,3,75,25615
C1,50,C1-resources-0050,3,76,24177
C1,50,C1-resources-0050,3,77,23504
C1,50,C1-resources-0050,3,78,25595
C1,50,C1-resources-0050,3,79,23549
C1,50,C1-resources-0050,3,80,23393
C1,50,C1-resources-0050,3,81,23037
C1,50,C1-resources-0050,3,82,23954
C1,50,C1-resources-0050,3,83,23490
C1,50,C1-resources-0050,3,84,24346
C1,50,C1-resources-0050,3,85,23454
C1,50,C1-resources-0050,3,86,23138
C1,50,C1-resources-0050,3,87,23531
C1,50,C1-resources-0050,3,88,23363
C1,50,C1-resources-0050,3,89,23571
C1,50,C1-resources-0050,3,90,23377
C1,50,C1-resources-0050,3,91,23973
C1,50,C1-resources-0050,3,92,23622
C1,50,C1-resources-0050,3,93,34878
C1,50,C1-resources-0050,3,94,28929
C1,50,C1-resources-0050,3,95,34156
C1,50,C1-resources-0050,3,96,28663
C1,50,C1-resources-0050,3,97,24362
C1,50,C1-resources-0050,3,98,25992
C1,50,C1-resources-0050,3,99,22515
C1,50,C1-resources-0050,3,100,22464
C1,50,C1-resources-0050,4,1,26705
C1,50,C1-resources-0050,4,2,22960
C1,50,C1-resources-0050,4,3,22338
C1,50,C1-resources-0050,4,4,23448
C1,50,C1-resources-0050,4,5,22902
C1,50,C1-resources-0050,4,6,22644
C1,50,C1-resources-0050,4,7,22321
C1,50,C1-resources-0050,4,8,22247
C1,50,C1-resources-0050,4,9,23377
C1,50,C1-resources-0050,4,10,22905
C1,50,C1-resources-0050,4,11,22690
C1,50,C1-resources-0050,4,12,22541
C1,50,C1-resources-0050,4,13,23445
C1,50,C1-resources-0050,4,14,22472
C1,50,C1-resources-0050,4,15,24007
C1,50,C1-resources-0050,4,16,22562
C1,50,C1-resources-0050,4,17,22689
C1,50,C1-resources-0050,4,18,23081
C1,50,C1-resources-0050,4,19,22414
C1,50,C1-resources-0050,4,20,22387
C1,50,C1-resources-0050,4,21,21975
C1,50,C1-resources-0050,4,22,21961
C1,50,C1-resources-0050,4,23,22047
C1,50,C1-resources-0050,4,24,21984
C1,50,C1-resources-0050,4,25,21909
C1,50,C1-resources-0050,4,26,22448
C1,50,C1-resources-0050,4,27,22916
C1,50,C1-resources-0050,4,28,22127
C1,50,C1-resources-0050,4,29,22070
C1,50,C1-resources-0050,4,30,25452
C1,50,C1-resources-0050,4,31,22789
C1,50,C1-resources-0050,4,32,22236
C1,50,C1-resources-0050,4,33,22060
C1,50,C1-resources-0050,4,34,22179
C1,50,C1-resources-0050,4,35,22042
C1,50,C1-resources-0050,4,36,22144
C1,50,C1-resources-0050,4,37,22120
C1,50,C1-resources-0050,4,38,22155
C1,50,C1-resources-0050,4,39,22267
C1,50,C1-resources-0050,4,40,22187
C1,50,C1-resources-0050,4,41,26295
C1,50,C1-resources-0050,4,42,22444
C1,50,C1-resources-0050,4,43,22242
C1,50,C1-resources-0050,4,44,22303
C1,50,C1-resources-0050,4,45,34955
C1,50,C1-resources-0050,4,46,23026
C1,50,C1-resources-0050,4,47,22251
C1,50,C1-resources-0050,4,48,32510
C1,50,C1-resources-0050,4,49,23435
C1,50,C1-resources-0050,4,50,26003
C1,50,C1-resources-0050,4,51,22259
C1,50,C1-resources-0050,4,52,22795
C1,50,C1-resources-0050,4,53,22698
C1,50,C1-resources-0050,4,54,22971
C1,50,C1-resources-0050,4,55,22971
C1,50,C1-resources-0050,4,56,22081
C1,50,C1-resources-0050,4,57,21870
C1,50,C1-resources-0050,4,58,22192
C1,50,C1-resources-0050,4,59,22035
C1,50,C1-resources-0050,4,60,22162
C1,50,C1-resources-0050,4,61,21848
C1,50,C1-resources-0050,4,62,22520
C1,50,C1-resources-0050,4,63,22342
C1,50,C1-resources-0050,4,64,21898
C1,50,C1-resources-0050,4,65,24977
C1,50,C1-resources-0050,4,66,22535
C1,50,C1-resources-0050,4,67,22125
C1,50,C1-resources-0050,4,68,21911
C1,50,C1-resources-0050,4,69,22842
C1,50,C1-resources-0050,4,70,22305
C1,50,C1-resources-0050,4,71,22158
C1,50,C1-resources-0050,4,72,22110
C1,50,C1-resources-0050,4,73,22161
C1,50,C1-resources-0050,4,74,22004
C1,50,C1-resources-0050,4,75,22251
C1,50,C1-resources-0050,4,76,21977
C1,50,C1-resources-0050,4,77,22218
C1,50,C1-resources-0050,4,78,22078
C1,50,C1-resources-0050,4,79,22142
C1,50,C1-resources-0050,4,80,22215
C1,50,C1-resources-0050,4,81,22479
C1,50,C1-resources-0050,4,82,22797
C1,50,C1-resources-0050,4,83,22757
C1,50,C1-resources-0050,4,84,22313
C1,50,C1-resources-0050,4,85,28981
C1,50,C1-resources-0050,4,86,26696
C1,50,C1-resources-0050,4,87,23113
C1,50,C1-resources-0050,4,88,24822
C1,50,C1-resources-0050,4,89,22733
C1,50,C1-resources-0050,4,90,22814
C1,50,C1-resources-0050,4,91,23126
C1,50,C1-resources-0050,4,92,22455
C1,50,C1-resources-0050,4,93,22612
C1,50,C1-resources-0050,4,94,22555
C1,50,C1-resources-0050,4,95,23456
C1,50,C1-resources-0050,4,96,23169
C1,50,C1-resources-0050,4,97,22544
C1,50,C1-resources-0050,4,98,23463
C1,50,C1-resources-0050,4,99,22484
C1,50,C1-resources-0050,4,100,22646
C1,50,C1-resources-0050,5,1,26676
C1,50,C1-resources-0050,5,2,23255
C1,50,C1-resources-0050,5,3,22660
C1,50,C1-resources-0050,5,4,22545
C1,50,C1-resources-0050,5,5,22148
C1,50,C1-resources-0050,5,6,22118
C1,50,C1-resources-0050,5,7,21915
C1,50,C1-resources-0050,5,8,21882
C1,50,C1-resources-0050,5,9,22152
C1,50,C1-resources-0050,5,10,22088
C1,50,C1-resources-0050,5,11,21942
C1,50,C1-resources-0050,5,12,22005
C1,50,C1-resources-0050,5,13,22002
C1,50,C1-resources-0050,5,14,22189
C1,50,C1-resources-0050,5,15,22103
C1,50,C1-resources-0050,5,16,22243
C1,50,C1-resources-0050,5,17,22152
C1,50,C1-resources-0050,5,18,22698
C1,50,C1-resources-0050,5,19,22052
C1,50,C1-resources-0050,5,20,21950
C1,50,C1-resources-0050,5,21,22054
C1,50,C1-resources-0050,5,22,22527
C1,50,C1-resources-0050,5,23,22058
C1,50,C1-resources-0050,5,24,22084
C1,50,C1-resources-0050,5,25,22206
C1,50,C1-resources-0050,5,26,21960
C1,50,C1-resources-0050,5,27,21896
C1,50,C1-resources-0050,5,28,21805
C1,50,C1-resources-0050,5,29,22120
C1,50,C1-resources-0050,5,30,22281
C1,50,C1-resources-0050,5,31,22068
C1,50,C1-resources-0050,5,32,23247
C1,50,C1-resources-0050,5,33,22682
C1,50,C1-resources-0050,5,34,23046
C1,50,C1-resources-0050,5,35,22686
C1,50,C1-resources-0050,5,36,25609
C1,50,C1-resources-0050,5,37,22519
C1,50,C1-resources-0050,5,38,22590
C1,50,C1-resources-0050,5,39,23217
C1,50,C1-resources-0050,5,40,22687
C1,50,C1-resources-0050,5,41,22622
C1,50,C1-resources-0050,5,42,22750
C1,50,C1-resources-0050,5,43,23450
C1,50,C1-resources-0050,5,44,22695
C1,50,C1-resources-0050,5,45,22592
C1,50,C1-resources-0050,5,46,23389
C1,50,C1-resources-0050,5,47,22102
C1,50,C1-resources-0050,5,48,29152
C1,50,C1-resources-0050,5,49,22483
C1,50,C1-resources-0050,5,50,22853
C1,50,C1-resources-0050,5,51,24852
C1,50,C1-resources-0050,5,52,27779
C1,50,C1-resources-0050,5,53,24395
C1,50,C1-resources-0050,5,54,22471
C1,50,C1-resources-0050,5,55,22072
C1,50,C1-resources-0050,5,56,22473
C1,50,C1-resources-0050,5,57,22104
C1,50,C1-resources-0050,5,58,21819
C1,50,C1-resources-0050,5,59,22059
C1,50,C1-resources-0050,5,60,22481
C1,50,C1-resources-0050,5,61,22268
C1,50,C1-resources-0050,5,62,21886
C1,50,C1-resources-0050,5,63,22523
C1,50,C1-resources-0050,5,64,22053
C1,50,C1-resources-0050,5,65,21871
C1,50,C1-resources-0050,5,66,22114
C1,50,C1-resources-0050,5,67,22266
C1,50,C1-resources-0050,5,68,22350
C1,50,C1-resources-0050,5,69,21870
C1,50,C1-resources-0050,5,70,22588
C1,50,C1-resources-0050,5,71,31991
C1,50,C1-resources-0050,5,72,22782
C1,50,C1-resources-0050,5,73,22138
C1,50,C1-resources-0050,5,74,22119
C1,50,C1-resources-0050,5,75,22066
C1,50,C1-resources-0050,5,76,23021
C1,50,C1-resources-0050,5,77,22085
C1,50,C1-resources-0050,5,78,21956
C1,50,C1-resources-0050,5,79,22098
C1,50,C1-resources-0050,5,80,22980
C1,50,C1-resources-0050,5,81,22375
C1,50,C1-resources-0050,5,82,22515
C1,50,C1-resources-0050,5,83,22339
C1,50,C1-resources-0050,5,84,22050
C1,50,C1-resources-0050,5,85,22259
C1,50,C1-resources-0050,5,86,22443
C1,50,C1-resources-0050,5,87,22284
C1,50,C1-resources-0050,5,88,22638
C1,50,C1-resources-0050,5,89,22150
C1,50,C1-resources-0050,5,90,22273
C1,50,C1-resources-0050,5,91,22993
C1,50,C1-resources-0050,5,92,22417
C1,50,C1-resources-0050,5,93,21959
C1,50,C1-resources-0050,5,94,21874
C1,50,C1-resources-0050,5,95,22003
C1,50,C1-resources-0050,5,96,22121
C1,50,C1-resources-0050,5,97,22068
C1,50,C1-resources-0050,5,98,22034
C1,50,C1-resources-0050,5,99,22485
C1,50,C1-resources-0050,5,100,22052
C1,50,C1-resources-0050,6,1,27862
C1,50,C1-resources-0050,6,2,22535
C1,50,C1-resources-0050,6,3,22667
C1,50,C1-resources-0050,6,4,22091
C1,50,C1-resources-0050,6,5,22078
C1,50,C1-resources-0050,6,6,25330
C1,50,C1-resources-0050,6,7,22415
C1,50,C1-resources-0050,6,8,21950
C1,50,C1-resources-0050,6,9,22223
C1,50,C1-resources-0050,6,10,22628
C1,50,C1-resources-0050,6,11,23093
C1,50,C1-resources-0050,6,12,22092
C1,50,C1-resources-0050,6,13,22110
C1,50,C1-resources-0050,6,14,21925
C1,50,C1-resources-0050,6,15,22152
C1,50,C1-resources-0050,6,16,22450
C1,50,C1-resources-0050,6,17,22587
C1,50,C1-resources-0050,6,18,23822
C1,50,C1-resources-0050,6,19,22517
C1,50,C1-resources-0050,6,20,22298
C1,50,C1-resources-0050,6,21,22258
C1,50,C1-resources-0050,6,22,22883
C1,50,C1-resources-0050,6,23,23167
C1,50,C1-resources-0050,6,24,22676
C1,50,C1-resources-0050,6,25,22010
C1,50,C1-resources-0050,6,26,23249
C1,50,C1-resources-0050,6,27,22659
C1,50,C1-resources-0050,6,28,23090
C1,50,C1-resources-0050,6,29,22872
C1,50,C1-resources-0050,6,30,22586
C1,50,C1-resources-0050,6,31,22318
C1,50,C1-resources-0050,6,32,22076
C1,50,C1-resources-0050,6,33,22382
C1,50,C1-resources-0050,6,34,28079
C1,50,C1-resources-0050,6,35,35202
C1,50,C1-resources-0050,6,36,23704
C1,50,C1-resources-0050,6,37,22602
C1,50,C1-resources-0050,6,38,22095
C1,50,C1-resources-0050,6,39,22386
C1,50,C1-resources-0050,6,40,22140
C1,50,C1-resources-0050,6,41,26082
C1,50,C1-resources-0050,6,42,22111
C1,50,C1-resources-0050,6,43,22419
C1,50,C1-resources-0050,6,44,22451
C1,50,C1-resources-0050,6,45,22431
C1,50,C1-resources-0050,6,46,22153
C1,50,C1-resources-0050,6,47,22126
C1,50,C1-resources-0050,6,48,22210
C1,50,C1-resources-0050,6,49,22350
C1,50,C1-resources-0050,6,50,22745
C1,50,C1-resources-0050,6,51,22301
C1,50,C1-resources-0050,6,52,22054
C1,50,C1-resources-0050,6,53,22356
C1,50,C1-resources-0050,6,54,22100
C1,50,C1-resources-0050,6,55,21944
C1,50,C1-resources-0050,6,56,21869
C1,50,C1-resources-0050,6,57,22016
C1,50,C1-resources-0050,6,58,22819
C1,50,C1-resources-0050,6,59,22180
C1,50,C1-resources-0050,6,60,49484
C1,50,C1-resources-0050,6,61,24067
C1,50,C1-resources-0050,6,62,22178
C1,50,C1-resources-0050,6,63,22600
C1,50,C1-resources-0050,6,64,22194
C1,50,C1-resources-0050,6,65,22091
C1,50,C1-resources-0050,6,66,30807
C1,50,C1-resources-0050,6,67,24079
C1,50,C1-resources-0050,6,68,26096
C1,50,C1-resources-0050,6,69,22993
C1,50,C1-resources-0050,6,70,22761
C1,50,C1-resources-0050,6,71,30586
C1,50,C1-resources-0050,6,72,23315
C1,50,C1-resources-0050,6,73,23005
C1,50,C1-resources-0050,6,74,22602
C1,50,C1-resources-0050,6,75,27460
C1,50,C1-resources-0050,6,76,27402
C1,50,C1-resources-0050,6,77,23539
C1,50,C1-resources-0050,6,78,25534
C1,50,C1-resources-0050,6,79,24100
C1,50,C1-resources-0050,6,80,23060
C1,50,C1-resources-0050,6,81,28074
C1,50,C1-resources-0050,6,82,29099
C1,50,C1-resources-0050,6,83,24492
C1,50,C1-resources-0050,6,84,24587
C1,50,C1-resources-0050,6,85,24231
C1,50,C1-resources-0050,6,86,24142
C1,50,C1-resources-0050,6,87,24308
C1,50,C1-resources-0050,6,88,24434
C1,50,C1-resources-0050,6,89,24250
C1,50,C1-resources-0050,6,90,24396
C1,50,C1-resources-0050,6,91,24478
C1,50,C1-resources-0050,6,92,24454
C1,50,C1-resources-0050,6,93,24534
C1,50,C1-resources-0050,6,94,25623
C1,50,C1-resources-0050,6,95,26304
C1,50,C1-resources-0050,6,96,23867
C1,50,C1-resources-0050,6,97,24273
C1,50,C1-resources-0050,6,98,24575
C1,50,C1-resources-0050,6,99,32888
C1,50,C1-resources-0050,6,100,28525
C1,50,C1-resources-0050,7,1,29073
C1,50,C1-resources-0050,7,2,22523
C1,50,C1-resources-0050,7,3,22320
C1,50,C1-resources-0050,7,4,22894
C1,50,C1-resources-0050,7,5,21941
C1,50,C1-resources-0050,7,6,22367
C1,50,C1-resources-0050,7,7,21901
C1,50,C1-resources-0050,7,8,23022
C1,50,C1-resources-0050,7,9,21929
C1,50,C1-resources-0050,7,10,22279
C1,50,C1-resources-0050,7,11,26500
C1,50,C1-resources-0050,7,12,22560
C1,50,C1-resources-0050,7,13,21989
C1,50,C1-resources-0050,7,14,22089
C1,50,C1-resources-0050,7,15,22316
C1,50,C1-resources-0050,7,16,22152
C1,50,C1-resources-0050,7,17,23247
C1,50,C1-resources-0050,7,18,21988
C1,50,C1-resources-0050,7,19,21786
C1,50,C1-resources-0050,7,20,22138
C1,50,C1-resources-0050,7,21,22361
C1,50,C1-resources-0050,7,22,21845
C1,50,C1-resources-0050,7,23,22053
C1,50,C1-resources-0050,7,24,22105
C1,50,C1-resources-0050,7,25,22057
C1,50,C1-resources-0050,7,26,22383
C1,50,C1-resources-0050,7,27,22087
C1,50,C1-resources-0050,7,28,22003
C1,50,C1-resources-0050,7,29,22857
C1,50,C1-resources-0050,7,30,22130
C1,50,C1-resources-0050,7,31,21909
C1,50,C1-resources-0050,7,32,21853
C1,50,C1-resources-0050,7,33,22113
C1,50,C1-resources-0050,7,34,22162
C1,50,C1-resources-0050,7,35,22082
C1,50,C1-resources-0050,7,36,22056
C1,50,C1-resources-0050,7,37,21964
C1,50,C1-resources-0050,7,38,29650
C1,50,C1-resources-0050,7,39,22783
C1,50,C1-resources-0050,7,40,21930
C1,50,C1-resources-0050,7,41,22104
C1,50,C1-resources-0050,7,42,21957
C1,50,C1-resources-0050,7,43,22003
C1,50,C1-resources-0050,7,44,22077
C1,50,C1-resources-0050,7,45,21926
C1,50,C1-resources-0050,7,46,25786
C1,50,C1-resources-0050,7,47,22828
C1,50,C1-resources-0050,7,48,22721
C1,50,C1-resources-0050,7,49,22388
C1,50,C1-resources-0050,7,50,28680
C1,50,C1-resources-0050,7,51,38940
C1,50,C1-resources-0050,7,52,22864
C1,50,C1-resources-0050,7,53,22090
C1,50,C1-resources-0050,7,54,22619
C1,50,C1-resources-0050,7,55,22243
C1,50,C1-resources-0050,7,56,22145
C1,50,C1-resources-0050,7,57,22374
C1,50,C1-resources-0050,7,58,22095
C1,50,C1-resources-0050,7,59,22062
C1,50,C1-resources-0050,7,60,22025
C1,50,C1-resources-0050,7,61,22213
C1,50,C1-resources-0050,7,62,21936
C1,50,C1-resources-0050,7,63,22056
C1,50,C1-resources-0050,7,64,22984
C1,50,C1-resources-0050,7,65,22097
C1,50,C1-resources-0050,7,66,22577
C1,50,C1-resources-0050,7,67,22261
C1,50,C1-resources-0050,7,68,22098
C1,50,C1-resources-0050,7,69,22031
C1,50,C1-resources-0050,7,70,22530
C1,50,C1-resources-0050,7,71,22095
C1,50,C1-resources-0050,7,72,22229
C1,50,C1-resources-0050,7,73,21725
C1,50,C1-resources-0050,7,74,22081
C1,50,C1-resources-0050,7,75,21990
C1,50,C1-resources-0050,7,76,22084
C1,50,C1-resources-0050,7,77,22146
C1,50,C1-resources-0050,7,78,23875
C1,50,C1-resources-0050,7,79,22209
C1,50,C1-resources-0050,7,80,22049
C1,50,C1-resources-0050,7,81,24846
C1,50,C1-resources-0050,7,82,25485
C1,50,C1-resources-0050,7,83,22273
C1,50,C1-resources-0050,7,84,21801
C1,50,C1-resources-0050,7,85,22000
C1,50,C1-resources-0050,7,86,21871
C1,50,C1-resources-0050,7,87,21912
C1,50,C1-resources-0050,7,88,22713
C1,50,C1-resources-0050,7,89,22653
C1,50,C1-resources-0050,7,90,22344
C1,50,C1-resources-0050,7,91,22327
C1,50,C1-resources-0050,7,92,22195
C1,50,C1-resources-0050,7,93,22040
C1,50,C1-resources-0050,7,94,22386
C1,50,C1-resources-0050,7,95,22465
C1,50,C1-resources-0050,7,96,23590
C1,50,C1-resources-0050,7,97,22159
C1,50,C1-resources-0050,7,98,21982
C1,50,C1-resources-0050,7,99,24025
C1,50,C1-resources-0050,7,100,22136
C1,50,C1-resources-0050,8,1,26192
C1,50,C1-resources-0050,8,2,22673
C1,50,C1-resources-0050,8,3,26697
C1,50,C1-resources-0050,8,4,22488
C1,50,C1-resources-0050,8,5,25441
C1,50,C1-resources-0050,8,6,22306
C1,50,C1-resources-0050,8,7,22516
C1,50,C1-resources-0050,8,8,23006
C1,50,C1-resources-0050,8,9,22927
C1,50,C1-resources-0050,8,10,23485
C1,50,C1-resources-0050,8,11,27988
C1,50,C1-resources-0050,8,12,23285
C1,50,C1-resources-0050,8,13,26209
C1,50,C1-resources-0050,8,14,22778
C1,50,C1-resources-0050,8,15,27018
C1,50,C1-resources-0050,8,16,29895
C1,50,C1-resources-0050,8,17,23883
C1,50,C1-resources-0050,8,18,26480
C1,50,C1-resources-0050,8,19,22671
C1,50,C1-resources-0050,8,20,23308
C1,50,C1-resources-0050,8,21,52770
C1,50,C1-resources-0050,8,22,22902
C1,50,C1-resources-0050,8,23,22046
C1,50,C1-resources-0050,8,24,26091
C1,50,C1-resources-0050,8,25,22881
C1,50,C1-resources-0050,8,26,21405
C1,50,C1-resources-0050,8,27,21580
C1,50,C1-resources-0050,8,28,21414
C1,50,C1-resources-0050,8,29,22358
C1,50,C1-resources-0050,8,30,21274
C1,50,C1-resources-0050,8,31,21552
C1,50,C1-resources-0050,8,32,22124
C1,50,C1-resources-0050,8,33,21341
C1,50,C1-resources-0050,8,34,27021
C1,50,C1-resources-0050,8,35,21973
C1,50,C1-resources-0050,8,36,22199
C1,50,C1-resources-0050,8,37,21445
C1,50,C1-resources-0050,8,38,21427
C1,50,C1-resources-0050,8,39,21299
C1,50,C1-resources-0050,8,40,21244
C1,50,C1-resources-0050,8,41,21613
C1,50,C1-resources-0050,8,42,21398
C1,50,C1-resources-0050,8,43,21232
C1,50,C1-resources-0050,8,44,21312
C1,50,C1-resources-0050,8,45,21283
C1,50,C1-resources-0050,8,46,29490
C1,50,C1-resources-0050,8,47,21384
C1,50,C1-resources-0050,8,48,21431
C1,50,C1-resources-0050,8,49,21532
C1,50,C1-resources-0050,8,50,21372
C1,50,C1-resources-0050,8,51,31716
C1,50,C1-resources-0050,8,52,22318
C1,50,C1-resources-0050,8,53,29707
C1,50,C1-resources-0050,8,54,26165
C1,50,C1-resources-0050,8,55,22960
C1,50,C1-resources-0050,8,56,26397
C1,50,C1-resources-0050,8,57,21509
C1,50,C1-resources-0050,8,58,21332
C1,50,C1-resources-0050,8,59,21149
C1,50,C1-resources-0050,8,60,21330
C1,50,C1-resources-0050,8,61,21344
C1,50,C1-resources-0050,8,62,21469
C1,50,C1-resources-0050,8,63,21294
C1,50,C1-resources-0050,8,64,21493
C1,50,C1-resources-0050,8,65,21182
C1,50,C1-resources-0050,8,66,22109
C1,50,C1-resources-0050,8,67,21150
C1,50,C1-resources-0050,8,68,21331
C1,50,C1-resources-0050,8,69,21926
C1,50,C1-resources-0050,8,70,21571
C1,50,C1-resources-0050,8,71,21257
C1,50,C1-resources-0050,8,72,21172
C1,50,C1-resources-0050,8,73,21459
C1,50,C1-resources-0050,8,74,21846
C1,50,C1-resources-0050,8,75,22708
C1,50,C1-resources-0050,8,76,21395
C1,50,C1-resources-0050,8,77,21392
C1,50,C1-resources-0050,8,78,21232
C1,50,C1-resources-0050,8,79,21532
C1,50,C1-resources-0050,8,80,21255
C1,50,C1-resources-0050,8,81,21296
C1,50,C1-resources-0050,8,82,31129
C1,50,C1-resources-0050,8,83,22306
C1,50,C1-resources-0050,8,84,21292
C1,50,C1-resources-0050,8,85,21489
C1,50,C1-resources-0050,8,86,21220
C1,50,C1-resources-0050,8,87,24726
C1,50,C1-resources-0050,8,88,21581
C1,50,C1-resources-0050,8,89,21292
C1,50,C1-resources-0050,8,90,21390
C1,50,C1-resources-0050,8,91,21430
C1,50,C1-resources-0050,8,92,21493
C1,50,C1-resources-0050,8,93,21341
C1,50,C1-resources-0050,8,94,21347
C1,50,C1-resources-0050,8,95,21274
C1,50,C1-resources-0050,8,96,21345
C1,50,C1-resources-0050,8,97,21378
C1,50,C1-resources-0050,8,98,21147
C1,50,C1-resources-0050,8,99,21406
C1,50,C1-resources-0050,8,100,21421
C3,50,C3-resources-0050,1,1,191509
C3,50,C3-resources-0050,1,2,174987
C3,50,C3-resources-0050,1,3,173272
C3,50,C3-resources-0050,1,4,181228
C3,50,C3-resources-0050,1,5,170439
C3,50,C3-resources-0050,1,6,173321
C3,50,C3-resources-0050,1,7,177389
C3,50,C3-resources-0050,1,8,181784
C3,50,C3-resources-0050,1,9,183536
C3,50,C3-resources-0050,1,10,181919
C3,50,C3-resources-0050,1,11,186784
C3,50,C3-resources-0050,1,12,183525
C3,50,C3-resources-0050,1,13,175163
C3,50,C3-resources-0050,1,14,176199
C3,50,C3-resources-0050,1,15,173726
C3,50,C3-resources-0050,1,16,172103
C3,50,C3-resources-0050,1,17,184445
C3,50,C3-resources-0050,1,18,175833
C3,50,C3-resources-0050,1,19,185653
C3,50,C3-resources-0050,1,20,182715
C3,50,C3-resources-0050,1,21,195453
C3,50,C3-resources-0050,1,22,204511
C3,50,C3-resources-0050,1,23,172819
C3,50,C3-resources-0050,1,24,170980
C3,50,C3-resources-0050,1,25,173164
C3,50,C3-resources-0050,1,26,172870
C3,50,C3-resources-0050,1,27,172512
C3,50,C3-resources-0050,1,28,170281
C3,50,C3-resources-0050,1,29,171675
C3,50,C3-resources-0050,1,30,171085
C3,50,C3-resources-0050,1,31,170395
C3,50,C3-resources-0050,1,32,169765
C3,50,C3-resources-0050,1,33,174155
C3,50,C3-resources-0050,1,34,171133
C3,50,C3-resources-0050,1,35,181496
C3,50,C3-resources-0050,1,36,170218
C3,50,C3-resources-0050,1,37,170672
C3,50,C3-resources-0050,1,38,169556
C3,50,C3-resources-0050,1,39,168805
C3,50,C3-resources-0050,1,40,171202
C3,50,C3-resources-0050,1,41,170361
C3,50,C3-resources-0050,1,42,172718
C3,50,C3-resources-0050,1,43,171534
C3,50,C3-resources-0050,1,44,179269
C3,50,C3-resources-0050,1,45,191324
C3,50,C3-resources-0050,1,46,183392
C3,50,C3-resources-0050,1,47,182396
C3,50,C3-resources-0050,1,48,185237
C3,50,C3-resources-0050,1,49,185504
C3,50,C3-resources-0050,1,50,177490
C3,50,C3-resources-0050,1,51,171140
C3,50,C3-resources-0050,1,52,172802
C3,50,C3-resources-0050,1,53,170317
C3,50,C3-resources-0050,1,54,172876
C3,50,C3-resources-0050,1,55,172965
C3,50,C3-resources-0050,1,56,175010
C3,50,C3-resources-0050,1,57,171870
C3,50,C3-resources-0050,1,58,173194
C3,50,C3-resources-0050,1,59,172124
C3,50,C3-resources-0050,1,60,172738
C3,50,C3-resources-0050,1,61,170461
C3,50,C3-resources-0050,1,62,173337
C3,50,C3-resources-0050,1,63,170836
C3,50,C3-resources-0050,1,64,172603
C3,50,C3-resources-0050,1,65,186932
C3,50,C3-resources-0050,1,66,191970
C3,50,C3-resources-0050,1,67,204639
C3,50,C3-resources-0050,1,68,186974
C3,50,C3-resources-0050,1,69,182914
C3,50,C3-resources-0050,1,70,194033
C3,50,C3-resources-0050,1,71,204030
C3,50,C3-resources-0050,1,72,177969
C3,50,C3-resources-0050,1,73,181823
C3,50,C3-resources-0050,1,74,175791
C3,50,C3-resources-0050,1,75,171870
C3,50,C3-resources-0050,1,76,171077
C3,50,C3-resources-0050,1,77,172576
C3,50,C3-resources-0050,1,78,171245
C3,50,C3-resources-0050,1,79,171693
C3,50,C3-resources-0050,1,80,169702
C3,50,C3-resources-0050,1,81,173182
C3,50,C3-resources-0050,1,82,178907
C3,50,C3-resources-0050,1,83,175013
C3,50,C3-resources-0050,1,84,171819
C3,50,C3-resources-0050,1,85,177851
C3,50,C3-resources-0050,1,86,182456
C3,50,C3-resources-0050,1,87,182727
C3,50,C3-resources-0050,1,88,189169
C3,50,C3-resources-0050,1,89,199178
C3,50,C3-resources-0050,1,90,184975
C3,50,C3-resources-0050,1,91,214538
C3,50,C3-resources-0050,1,92,192540
C3,50,C3-resources-0050,1,93,185490
C3,50,C3-resources-0050,1,94,182548
C3,50,C3-resources-0050,1,95,183563
C3,50,C3-resources-0050,1,96,175639
C3,50,C3-resources-0050,1,97,172292
C3,50,C3-resources-0050,1,98,174363
C3,50,C3-resources-0050,1,99,178221
C3,50,C3-resources-0050,1,100,170775
C3,50,C3-resources-0050,2,1,190925
C3,50,C3-resources-0050,2,2,178761
C3,50,C3-resources-0050,2,3,172482
C3,50,C3-resources-0050,2,4,176282
C3,50,C3-resources-0050,2,5,170746
C3,50,C3-resources-0050,2,6,173803
C3,50,C3-resources-0050,2,7,171949
C3,50,C3-resources-0050,2,8,175617
C3,50,C3-resources-0050,2,9,172729
C3,50,C3-resources-0050,2,10,191633
C3,50,C3-resources-0050,2,11,175557
C3,50,C3-resources-0050,2,12,176048
C3,50,C3-resources-0050,2,13,173012
C3,50,C3-resources-0050,2,14,173396
C3,50,C3-resources-0050,2,15,171400
C3,50,C3-resources-0050,2,16,173881
C3,50,C3-resources-0050,2,17,174445
C3,50,C3-resources-0050,2,18,173867
C3,50,C3-resources-0050,2,19,171710
C3,50,C3-resources-0050,2,20,176435
C3,50,C3-resources-0050,2,21,185757
C3,50,C3-resources-0050,2,22,180551
C3,50,C3-resources-0050,2,23,177807
C3,50,C3-resources-0050,2,24,186821
C3,50,C3-resources-0050,2,25,185790
C3,50,C3-resources-0050,2,26,179708
C3,50,C3-resources-0050,2,27,171661
C3,50,C3-resources-0050,2,28,171447
C3,50,C3-resources-0050,2,29,170012
C3,50,C3-resources-0050,2,30,172094
C3,50,C3-resources-0050,2,31,170745
C3,50,C3-resources-0050,2,32,179732
C3,50,C3-resources-0050,2,33,204580
C3,50,C3-resources-0050,2,34,174860
C3,50,C3-resources-0050,2,35,175698
C3,50,C3-resources-0050,2,36,174050
C3,50,C3-resources-0050,2,37,171961
C3,50,C3-resources-0050,2,38,168776
C3,50,C3-resources-0050,2,39,171416
C3,50,C3-resources-0050,2,40,170946
C3,50,C3-resources-0050,2,41,172193
C3,50,C3-resources-0050,2,42,175714
C3,50,C3-resources-0050,2,43,171991
C3,50,C3-resources-0050,2,44,183501
C3,50,C3-resources-0050,2,45,214659
C3,50,C3-resources-0050,2,46,177323
C3,50,C3-resources-0050,2,47,177548
C3,50,C3-resources-0050,2,48,170442
C3,50,C3-resources-0050,2,49,172379
C3,50,C3-resources-0050,2,50,173467
C3,50,C3-resources-0050,2,51,173180
C3,50,C3-resources-0050,2,52,170596
C3,50,C3-resources-0050,2,53,172565
C3,50,C3-resources-0050,2,54,177887
C3,50,C3-resources-0050,2,55,184590
C3,50,C3-resources-0050,2,56,173251
C3,50,C3-resources-0050,2,57,173810
C3,50,C3-resources-0050,2,58,182092
C3,50,C3-resources-0050,2,59,176088
C3,50,C3-resources-0050,2,60,170539
C3,50,C3-resources-0050,2,61,171372
C3,50,C3-resources-0050,2,62,169282
C3,50,C3-resources-0050,2,63,177432
C3,50,C3-resources-0050,2,64,183997
C3,50,C3-resources-0050,2,65,183556
C3,50,C3-resources-0050,2,66,191000
C3,50,C3-resources-0050,2,67,191130
C3,50,C3-resources-0050,2,68,176882
C3,50,C3-resources-0050,2,69,170479
C3,50,C3-resources-0050,2,70,171642
C3,50,C3-resources-0050,2,71,170985
C3,50,C3-resources-0050,2,72,175010
C3,50,C3-resources-0050,2,73,174014
C3,50,C3-resources-0050,2,74,184436
C3,50,C3-resources-0050,2,75,176839
C3,50,C3-resources-0050,2,76,198803
C3,50,C3-resources-0050,2,77,196633
C3,50,C3-resources-0050,2,78,196223
C3,50,C3-resources-0050,2,79,183557
C3,50,C3-resources-0050,2,80,184514
C3,50,C3-resources-0050,2,81,182588
C3,50,C3-resources-0050,2,82,187191
C3,50,C3-resources-0050,2,83,182304
C3,50,C3-resources-0050,2,84,184145
C3,50,C3-resources-0050,2,85,183779
C3,50,C3-resources-0050,2,86,187594
C3,50,C3-resources-0050,2,87,173439
C3,50,C3-resources-0050,2,88,176297
C3,50,C3-resources-0050,2,89,177351
C3,50,C3-resources-0050,2,90,172279
C3,50,C3-resources-0050,2,91,170677
C3,50,C3-resources-0050,2,92,172649
C3,50,C3-resources-0050,2,93,169589
C3,50,C3-resources-0050,2,94,171366
C3,50,C3-resources-0050,2,95,170656
C3,50,C3-resources-0050,2,96,169939
C3,50,C3-resources-0050,2,97,173527
C3,50,C3-resources-0050,2,98,175691
C3,50,C3-resources-0050,2,99,182727
C3,50,C3-resources-0050,2,100,181253
C3,50,C3-resources-0050,3,1,195876
C3,50,C3-resources-0050,3,2,184388
C3,50,C3-resources-0050,3,3,174776
C3,50,C3-resources-0050,3,4,173182
C3,50,C3-resources-0050,3,5,176825
C3,50,C3-resources-0050,3,6,173155
C3,50,C3-resources-0050,3,7,174182
C3,50,C3-resources-0050,3,8,169674
C3,50,C3-resources-0050,3,9,171260
C3,50,C3-resources-0050,3,10,171604
C3,50,C3-resources-0050,3,11,173392
C3,50,C3-resources-0050,3,12,174346
C3,50,C3-resources-0050,3,13,172916
C3,50,C3-resources-0050,3,14,170829
C3,50,C3-resources-0050,3,15,172293
C3,50,C3-resources-0050,3,16,173971
C3,50,C3-resources-0050,3,17,171457
C3,50,C3-resources-0050,3,18,170797
C3,50,C3-resources-0050,3,19,171532
C3,50,C3-resources-0050,3,20,195157
C3,50,C3-resources-0050,3,21,191206
C3,50,C3-resources-0050,3,22,171057
C3,50,C3-resources-0050,3,23,176204
C3,50,C3-resources-0050,3,24,170144
C3,50,C3-resources-0050,3,25,170009
C3,50,C3-resources-0050,3,26,185683
C3,50,C3-resources-0050,3,27,176925
C3,50,C3-resources-0050,3,28,177138
C3,50,C3-resources-0050,3,29,183603
C3,50,C3-resources-0050,3,30,188162
C3,50,C3-resources-0050,3,31,178631
C3,50,C3-resources-0050,3,32,195343
C3,50,C3-resources-0050,3,33,171142
C3,50,C3-resources-0050,3,34,175609
C3,50,C3-resources-0050,3,35,170109
C3,50,C3-resources-0050,3,36,171637
C3,50,C3-resources-0050,3,37,170736
C3,50,C3-resources-0050,3,38,171861
C3,50,C3-resources-0050,3,39,170425
C3,50,C3-resources-0050,3,40,170946
C3,50,C3-resources-0050,3,41,169023
C3,50,C3-resources-0050,3,42,182288
C3,50,C3-resources-0050,3,43,188171
C3,50,C3-resources-0050,3,44,176866
C3,50,C3-resources-0050,3,45,170792
C3,50,C3-resources-0050,3,46,170835
C3,50,C3-resources-0050,3,47,169460
C3,50,C3-resources-0050,3,48,171011
C3,50,C3-resources-0050,3,49,170853
C3,50,C3-resources-0050,3,50,184361
C3,50,C3-resources-0050,3,51,175132
C3,50,C3-resources-0050,3,52,180072
C3,50,C3-resources-0050,3,53,179224
C3,50,C3-resources-0050,3,54,171273
C3,50,C3-resources-0050,3,55,169902
C3,50,C3-resources-0050,3,56,171084
C3,50,C3-resources-0050,3,57,170978
C3,50,C3-resources-0050,3,58,169299
C3,50,C3-resources-0050,3,59,173857
C3,50,C3-resources-0050,3,60,176012
C3,50,C3-resources-0050,3,61,172746
C3,50,C3-resources-0050,3,62,170079
C3,50,C3-resources-0050,3,63,172219
C3,50,C3-resources-0050,3,64,170114
C3,50,C3-resources-0050,3,65,172775
C3,50,C3-resources-0050,3,66,193716
C3,50,C3-resources-0050,3,67,179672
C3,50,C3-resources-0050,3,68,170854
C3,50,C3-resources-0050,3,69,172601
C3,50,C3-resources-0050,3,70,171306
C3,50,C3-resources-0050,3,71,172294
C3,50,C3-resources-0050,3,72,170166
C3,50,C3-resources-0050,3,73,175319
C3,50,C3-resources-0050,3,74,170463
C3,50,C3-resources-0050,3,75,186837
C3,50,C3-resources-0050,3,76,187245
C3,50,C3-resources-0050,3,77,178913
C3,50,C3-resources-0050,3,78,171279
C3,50,C3-resources-0050,3,79,182891
C3,50,C3-resources-0050,3,80,175994
C3,50,C3-resources-0050,3,81,181435
C3,50,C3-resources-0050,3,82,210743
C3,50,C3-resources-0050,3,83,179234
C3,50,C3-resources-0050,3,84,170006
C3,50,C3-resources-0050,3,85,173040
C3,50,C3-resources-0050,3,86,180551
C3,50,C3-resources-0050,3,87,203161
C3,50,C3-resources-0050,3,88,203652
C3,50,C3-resources-0050,3,89,172390
C3,50,C3-resources-0050,3,90,243723
C3,50,C3-resources-0050,3,91,177232
C3,50,C3-resources-0050,3,92,177393
C3,50,C3-resources-0050,3,93,172845
C3,50,C3-resources-0050,3,94,179187
C3,50,C3-resources-0050,3,95,169939
C3,50,C3-resources-0050,3,96,171134
C3,50,C3-resources-0050,3,97,171216
C3,50,C3-resources-0050,3,98,171209
C3,50,C3-resources-0050,3,99,170814
C3,50,C3-resources-0050,3,100,170945
C3,50,C3-resources-0050,4,1,179347
C3,50,C3-resources-0050,4,2,173794
C3,50,C3-resources-0050,4,3,200227
C3,50,C3-resources-0050,4,4,172142
C3,50,C3-resources-0050,4,5,169701
C3,50,C3-resources-0050,4,6,170815
C3,50,C3-resources-0050,4,7,170744
C3,50,C3-resources-0050,4,8,171219
C3,50,C3-resources-0050,4,9,175664
C3,50,C3-resources-0050,4,10,196162
C3,50,C3-resources-0050,4,11,169074
C3,50,C3-resources-0050,4,12,170215
C3,50,C3-resources-0050,4,13,170634
C3,50,C3-resources-0050,4,14,183237
C3,50,C3-resources-0050,4,15,193327
C3,50,C3-resources-0050,4,16,173356
C3,50,C3-resources-0050,4,17,171125
C3,50,C3-resources-0050,4,18,170411
C3,50,C3-resources-0050,4,19,173884
C3,50,C3-resources-0050,4,20,173270
C3,50,C3-resources-0050,4,21,174302
C3,50,C3-resources-0050,4,22,171619
C3,50,C3-resources-0050,4,23,172328
C3,50,C3-resources-0050,4,24,170045
C3,50,C3-resources-0050,4,25,187840
C3,50,C3-resources-0050,4,26,174784
C3,50,C3-resources-0050,4,27,173664
C3,50,C3-resources-0050,4,28,171288
C3,50,C3-resources-0050,4,29,173213
C3,50,C3-resources-0050,4,30,181321
C3,50,C3-resources-0050,4,31,184074
C3,50,C3-resources-0050,4,32,190885
C3,50,C3-resources-0050,4,33,185633
C3,50,C3-resources-0050,4,34,178174
C3,50,C3-resources-0050,4,35,173018
C3,50,C3-resources-0050,4,36,169567
C3,50,C3-resources-0050,4,37,184318
C3,50,C3-resources-0050,4,38,171913
C3,50,C3-resources-0050,4,39,170390
C3,50,C3-resources-0050,4,40,169053
C3,50,C3-resources-0050,4,41,173060
C3,50,C3-resources-0050,4,42,181149
C3,50,C3-resources-0050,4,43,191435
C3,50,C3-resources-0050,4,44,169463
C3,50,C3-resources-0050,4,45,175925
C3,50,C3-resources-0050,4,46,181433
C3,50,C3-resources-0050,4,47,183033
C3,50,C3-resources-0050,4,48,189083
C3,50,C3-resources-0050,4,49,211040
C3,50,C3-resources-0050,4,50,197511
C3,50,C3-resources-0050,4,51,182964
C3,50,C3-resources-0050,4,52,184512
C3,50,C3-resources-0050,4,53,182126
C3,50,C3-resources-0050,4,54,202890
C3,50,C3-resources-0050,4,55,183995
C3,50,C3-resources-0050,4,56,187288
C3,50,C3-resources-0050,4,57,173407
C3,50,C3-resources-0050,4,58,172964
C3,50,C3-resources-0050,4,59,170991
C3,50,C3-resources-0050,4,60,173208
C3,50,C3-resources-0050,4,61,170597
C3,50,C3-resources-0050,4,62,170766
C3,50,C3-resources-0050,4,63,169924
C3,50,C3-resources-0050,4,64,251719
C3,50,C3-resources-0050,4,65,177977
C3,50,C3-resources-0050,4,66,173246
C3,50,C3-resources-0050,4,67,170755
C3,50,C3-resources-0050,4,68,172209
C3,50,C3-resources-0050,4,69,170838
C3,50,C3-resources-0050,4,70,173015
C3,50,C3-resources-0050,4,71,180158
C3,50,C3-resources-0050,4,72,175048
C3,50,C3-resources-0050,4,73,169758
C3,50,C3-resources-0050,4,74,170293
C3,50,C3-resources-0050,4,75,171166
C3,50,C3-resources-0050,4,76,207199
C3,50,C3-resources-0050,4,77,177281
C3,50,C3-resources-0050,4,78,171773
C3,50,C3-resources-0050,4,79,170433
C3,50,C3-resources-0050,4,80,169480
C3,50,C3-resources-0050,4,81,176656
C3,50,C3-resources-0050,4,82,177839
C3,50,C3-resources-0050,4,83,174884
C3,50,C3-resources-0050,4,84,178233
C3,50,C3-resources-0050,4,85,186874
C3,50,C3-resources-0050,4,86,176123
C3,50,C3-resources-0050,4,87,173581
C3,50,C3-resources-0050,4,88,169179
C3,50,C3-resources-0050,4,89,172085
C3,50,C3-resources-0050,4,90,169812
C3,50,C3-resources-0050,4,91,171832
C3,50,C3-resources-0050,4,92,170834
C3,50,C3-resources-0050,4,93,174806
C3,50,C3-resources-0050,4,94,182344
C3,50,C3-resources-0050,4,95,183653
C3,50,C3-resources-0050,4,96,181679
C3,50,C3-resources-0050,4,97,183231
C3,50,C3-resources-0050,4,98,189974
C3,50,C3-resources-0050,4,99,177853
C3,50,C3-resources-0050,4,100,169066
C3,50,C3-resources-0050,5,1,197442
C3,50,C3-resources-0050,5,2,191436
C3,50,C3-resources-0050,5,3,208042
C3,50,C3-resources-0050,5,4,184522
C3,50,C3-resources-0050,5,5,184431
C3,50,C3-resources-0050,5,6,182489
C3,50,C3-resources-0050,5,7,185356
C3,50,C3-resources-0050,5,8,184288
C3,50,C3-resources-0050,5,9,173503
C3,50,C3-resources-0050,5,10,174344
C3,50,C3-resources-0050,5,11,170942
C3,50,C3-resources-0050,5,12,172436
C3,50,C3-resources-0050,5,13,170424
C3,50,C3-resources-0050,5,14,172134
C3,50,C3-resources-0050,5,15,170670
C3,50,C3-resources-0050,5,16,172396
C3,50,C3-resources-0050,5,17,168773
C3,50,C3-resources-0050,5,18,187491
C3,50,C3-resources-0050,5,19,214581
C3,50,C3-resources-0050,5,20,176227
C3,50,C3-resources-0050,5,21,171896
C3,50,C3-resources-0050,5,22,172536
C3,50,C3-resources-0050,5,23,169366
C3,50,C3-resources-0050,5,24,188053
C3,50,C3-resources-0050,5,25,183693
C3,50,C3-resources-0050,5,26,182555
C3,50,C3-resources-0050,5,27,178510
C3,50,C3-resources-0050,5,28,174084
C3,50,C3-resources-0050,5,29,180409
C3,50,C3-resources-0050,5,30,178317
C3,50,C3-resources-0050,5,31,169509
C3,50,C3-resources-0050,5,32,180137
C3,50,C3-resources-0050,5,33,180044
C3,50,C3-resources-0050,5,34,182077
C3,50,C3-resources-0050,5,35,173872
C3,50,C3-resources-0050,5,36,182223
C3,50,C3-resources-0050,5,37,188947
C3,50,C3-resources-0050,5,38,184937
C3,50,C3-resources-0050,5,39,170104
C3,50,C3-resources-0050,5,40,169333
C3,50,C3-resources-0050,5,41,177436
C3,50,C3-resources-0050,5,42,203718
C3,50,C3-resources-0050,5,43,172440
C3,50,C3-resources-0050,5,44,170647
C3,50,C3-resources-0050,5,45,172989
C3,50,C3-resources-0050,5,46,171281
C3,50,C3-resources-0050,5,47,173358
C3,50,C3-resources-0050,5,48,169823
C3,50,C3-resources-0050,5,49,173276
C3,50,C3-resources-0050,5,50,171154
C3,50,C3-resources-0050,5,51,182493
C3,50,C3-resources-0050,5,52,193635
C3,50,C3-resources-0050,5,53,172691
C3,50,C3-resources-0050,5,54,169567
C3,50,C3-resources-0050,5,55,172795
C3,50,C3-resources-0050,5,56,170757
C3,50,C3-resources-0050,5,57,179049
C3,50,C3-resources-0050,5,58,197491
C3,50,C3-resources-0050,5,59,185318
C3,50,C3-resources-0050,5,60,183896
C3,50,C3-resources-0050,5,61,185341
C3,50,C3-resources-0050,5,62,183593
C3,50,C3-resources-0050,5,63,190741
C3,50,C3-resources-0050,5,64,198141
C3,50,C3-resources-0050,5,65,182704
C3,50,C3-resources-0050,5,66,174254
C3,50,C3-resources-0050,5,67,171827
C3,50,C3-resources-0050,5,68,179407
C3,50,C3-resources-0050,5,69,180811
C3,50,C3-resources-0050,5,70,171484
C3,50,C3-resources-0050,5,71,182771
C3,50,C3-resources-0050,5,72,186874
C3,50,C3-resources-0050,5,73,176553
C3,50,C3-resources-0050,5,74,174906
C3,50,C3-resources-0050,5,75,172548
C3,50,C3-resources-0050,5,76,173719
C3,50,C3-resources-0050,5,77,171573
C3,50,C3-resources-0050,5,78,179321
C3,50,C3-resources-0050,5,79,182242
C3,50,C3-resources-0050,5,80,171738
C3,50,C3-resources-0050,5,81,168685
C3,50,C3-resources-0050,5,82,173774
C3,50,C3-resources-0050,5,83,176734
C3,50,C3-resources-0050,5,84,171938
C3,50,C3-resources-0050,5,85,173321
C3,50,C3-resources-0050,5,86,191515
C3,50,C3-resources-0050,5,87,175701
C3,50,C3-resources-0050,5,88,175811
C3,50,C3-resources-0050,5,89,180935
C3,50,C3-resources-0050,5,90,180927
C3,50,C3-resources-0050,5,91,174198
C3,50,C3-resources-0050,5,92,211321
C3,50,C3-resources-0050,5,93,181116
C3,50,C3-resources-0050,5,94,183407
C3,50,C3-resources-0050,5,95,182593
C3,50,C3-resources-0050,5,96,181380
C3,50,C3-resources-0050,5,97,180577
C3,50,C3-resources-0050,5,98,183011
C3,50,C3-resources-0050,5,99,181286
C3,50,C3-resources-0050,5,100,183640
C3,50,C3-resources-0050,6,1,183386
C3,50,C3-resources-0050,6,2,171386
C3,50,C3-resources-0050,6,3,174232
C3,50,C3-resources-0050,6,4,170405
C3,50,C3-resources-0050,6,5,172670
C3,50,C3-resources-0050,6,6,182884
C3,50,C3-resources-0050,6,7,218043
C3,50,C3-resources-0050,6,8,181737
C3,50,C3-resources-0050,6,9,184007
C3,50,C3-resources-0050,6,10,181095
C3,50,C3-resources-0050,6,11,194421
C3,50,C3-resources-0050,6,12,197361
C3,50,C3-resources-0050,6,13,172927
C3,50,C3-resources-0050,6,14,169518
C3,50,C3-resources-0050,6,15,171150
C3,50,C3-resources-0050,6,16,176525
C3,50,C3-resources-0050,6,17,180122
C3,50,C3-resources-0050,6,18,170803
C3,50,C3-resources-0050,6,19,171715
C3,50,C3-resources-0050,6,20,171288
C3,50,C3-resources-0050,6,21,172776
C3,50,C3-resources-0050,6,22,171831
C3,50,C3-resources-0050,6,23,171101
C3,50,C3-resources-0050,6,24,170670
C3,50,C3-resources-0050,6,25,171398
C3,50,C3-resources-0050,6,26,169369
C3,50,C3-resources-0050,6,27,170644
C3,50,C3-resources-0050,6,28,178886
C3,50,C3-resources-0050,6,29,223659
C3,50,C3-resources-0050,6,30,181918
C3,50,C3-resources-0050,6,31,183002
C3,50,C3-resources-0050,6,32,181418
C3,50,C3-resources-0050,6,33,192937
C3,50,C3-resources-0050,6,34,198059
C3,50,C3-resources-0050,6,35,184750
C3,50,C3-resources-0050,6,36,192234
C3,50,C3-resources-0050,6,37,175628
C3,50,C3-resources-0050,6,38,180371
C3,50,C3-resources-0050,6,39,169816
C3,50,C3-resources-0050,6,40,172943
C3,50,C3-resources-0050,6,41,172113
C3,50,C3-resources-0050,6,42,171428
C3,50,C3-resources-0050,6,43,170807
C3,50,C3-resources-0050,6,44,180271
C3,50,C3-resources-0050,6,45,200392
C3,50,C3-resources-0050,6,46,172031
C3,50,C3-resources-0050,6,47,183343
C3,50,C3-resources-0050,6,48,180663
C3,50,C3-resources-0050,6,49,181221
C3,50,C3-resources-0050,6,50,182750
C3,50,C3-resources-0050,6,51,189095
C3,50,C3-resources-0050,6,52,177170
C3,50,C3-resources-0050,6,53,169388
C3,50,C3-resources-0050,6,54,173400
C3,50,C3-resources-0050,6,55,171609
C3,50,C3-resources-0050,6,56,182369
C3,50,C3-resources-0050,6,57,169077
C3,50,C3-resources-0050,6,58,171843
C3,50,C3-resources-0050,6,59,170051
C3,50,C3-resources-0050,6,60,171555
C3,50,C3-resources-0050,6,61,171275
C3,50,C3-resources-0050,6,62,170408
C3,50,C3-resources-0050,6,63,170322
C3,50,C3-resources-0050,6,64,173981
C3,50,C3-resources-0050,6,65,177436
C3,50,C3-resources-0050,6,66,171114
C3,50,C3-resources-0050,6,67,179149
C3,50,C3-resources-0050,6,68,175102
C3,50,C3-resources-0050,6,69,173104
C3,50,C3-resources-0050,6,70,170795
C3,50,C3-resources-0050,6,71,171387
C3,50,C3-resources-0050,6,72,171115
C3,50,C3-resources-0050,6,73,171022
C3,50,C3-resources-0050,6,74,181308
C3,50,C3-resources-0050,6,75,178950
C3,50,C3-resources-0050,6,76,169958
C3,50,C3-resources-0050,6,77,171390
C3,50,C3-resources-0050,6,78,169166
C3,50,C3-resources-0050,6,79,174568
C3,50,C3-resources-0050,6,80,170752
C3,50,C3-resources-0050,6,81,175044
C3,50,C3-resources-0050,6,82,175141
C3,50,C3-resources-0050,6,83,184202
C3,50,C3-resources-0050,6,84,182573
C3,50,C3-resources-0050,6,85,182910
C3,50,C3-resources-0050,6,86,178697
C3,50,C3-resources-0050,6,87,176754
C3,50,C3-resources-0050,6,88,181227
C3,50,C3-resources-0050,6,89,353645
C3,50,C3-resources-0050,6,90,182121
C3,50,C3-resources-0050,6,91,190410
C3,50,C3-resources-0050,6,92,182580
C3,50,C3-resources-0050,6,93,189271
C3,50,C3-resources-0050,6,94,217126
C3,50,C3-resources-0050,6,95,209642
C3,50,C3-resources-0050,6,96,176169
C3,50,C3-resources-0050,6,97,169946
C3,50,C3-resources-0050,6,98,174173
C3,50,C3-resources-0050,6,99,169954
C3,50,C3-resources-0050,6,100,171479
C3,50,C3-resources-0050,7,1,183343
C3,50,C3-resources-0050,7,2,174760
C3,50,C3-resources-0050,7,3,171223
C3,50,C3-resources-0050,7,4,174236
C3,50,C3-resources-0050,7,5,169593
C3,50,C3-resources-0050,7,6,171812
C3,50,C3-resources-0050,7,7,170939
C3,50,C3-resources-0050,7,8,171684
C3,50,C3-resources-0050,7,9,169553
C3,50,C3-resources-0050,7,10,171826
C3,50,C3-resources-0050,7,11,168497
C3,50,C3-resources-0050,7,12,172390
C3,50,C3-resources-0050,7,13,176668
C3,50,C3-resources-0050,7,14,171173
C3,50,C3-resources-0050,7,15,170773
C3,50,C3-resources-0050,7,16,200014
C3,50,C3-resources-0050,7,17,230905
C3,50,C3-resources-0050,7,18,179992
C3,50,C3-resources-0050,7,19,172915
C3,50,C3-resources-0050,7,20,174306
C3,50,C3-resources-0050,7,21,170957
C3,50,C3-resources-0050,7,22,176954
C3,50,C3-resources-0050,7,23,182962
C3,50,C3-resources-0050,7,24,170020
C3,50,C3-resources-0050,7,25,168217
C3,50,C3-resources-0050,7,26,171443
C3,50,C3-resources-0050,7,27,170226
C3,50,C3-resources-0050,7,28,194780
C3,50,C3-resources-0050,7,29,177405
C3,50,C3-resources-0050,7,30,171394
C3,50,C3-resources-0050,7,31,179830
C3,50,C3-resources-0050,7,32,168610
C3,50,C3-resources-0050,7,33,170998
C3,50,C3-resources-0050,7,34,170238
C3,50,C3-resources-0050,7,35,172333
C3,50,C3-resources-0050,7,36,170457
C3,50,C3-resources-0050,7,37,179050
C3,50,C3-resources-0050,7,38,185720
C3,50,C3-resources-0050,7,39,213855
C3,50,C3-resources-0050,7,40,168203
C3,50,C3-resources-0050,7,41,170142
C3,50,C3-resources-0050,7,42,170099
C3,50,C3-resources-0050,7,43,170513
C3,50,C3-resources-0050,7,44,169334
C3,50,C3-resources-0050,7,45,170911
C3,50,C3-resources-0050,7,46,168945
C3,50,C3-resources-0050,7,47,171741
C3,50,C3-resources-0050,7,48,167923
C3,50,C3-resources-0050,7,49,172922
C3,50,C3-resources-0050,7,50,168076
C3,50,C3-resources-0050,7,51,171616
C3,50,C3-resources-0050,7,52,168947
C3,50,C3-resources-0050,7,53,169563
C3,50,C3-resources-0050,7,54,167222
C3,50,C3-resources-0050,7,55,167621
C3,50,C3-resources-0050,7,56,166153
C3,50,C3-resources-0050,7,57,167739
C3,50,C3-resources-0050,7,58,170102
C3,50,C3-resources-0050,7,59,171484
C3,50,C3-resources-0050,7,60,170962
C3,50,C3-resources-0050,7,61,170807
C3,50,C3-resources-0050,7,62,184722
C3,50,C3-resources-0050,7,63,173430
C3,50,C3-resources-0050,7,64,170406
C3,50,C3-resources-0050,7,65,169265
C3,50,C3-resources-0050,7,66,170299
C3,50,C3-resources-0050,7,67,167522
C3,50,C3-resources-0050,7,68,171547
C3,50,C3-resources-0050,7,69,169770
C3,50,C3-resources-0050,7,70,170132
C3,50,C3-resources-0050,7,71,173975
C3,50,C3-resources-0050,7,72,171240
C3,50,C3-resources-0050,7,73,182353
C3,50,C3-resources-0050,7,74,170012
C3,50,C3-resources-0050,7,75,167591
C3,50,C3-resources-0050,7,76,169663
C3,50,C3-resources-0050,7,77,168310
C3,50,C3-resources-0050,7,78,174170
C3,50,C3-resources-0050,7,79,175188
C3,50,C3-resources-0050,7,80,168377
C3,50,C3-resources-0050,7,81,169581
C3,50,C3-resources-0050,7,82,168528
C3,50,C3-resources-0050,7,83,167662
C3,50,C3-resources-0050,7,84,178051
C3,50,C3-resources-0050,7,85,209276
C3,50,C3-resources-0050,7,86,172630
C3,50,C3-resources-0050,7,87,173039
C3,50,C3-resources-0050,7,88,172752
C3,50,C3-resources-0050,7,89,170961
C3,50,C3-resources-0050,7,90,170595
C3,50,C3-resources-0050,7,91,170118
C3,50,C3-resources-0050,7,92,169684
C3,50,C3-resources-0050,7,93,170863
C3,50,C3-resources-0050,7,94,169293
C3,50,C3-resources-0050,7,95,170625
C3,50,C3-resources-0050,7,96,174391
C3,50,C3-resources-0050,7,97,169620
C3,50,C3-resources-0050,7,98,168309
C3,50,C3-resources-0050,7,99,177821
C3,50,C3-resources-0050,7,100,173270
C3,50,C3-resources-0050,8,1,198332
C3,50,C3-resources-0050,8,2,171324
C3,50,C3-resources-0050,8,3,169284
C3,50,C3-resources-0050,8,4,167579
C3,50,C3-resources-0050,8,5,169865
C3,50,C3-resources-0050,8,6,168174
C3,50,C3-resources-0050,8,7,170079
C3,50,C3-resources-0050,8,8,177440
C3,50,C3-resources-0050,8,9,171435
C3,50,C3-resources-0050,8,10,169468
C3,50,C3-resources-0050,8,11,176279
C3,50,C3-resources-0050,8,12,191360
C3,50,C3-resources-0050,8,13,169144
C3,50,C3-resources-0050,8,14,168948
C3,50,C3-resources-0050,8,15,170454
C3,50,C3-resources-0050,8,16,167272
C3,50,C3-resources-0050,8,17,170273
C3,50,C3-resources-0050,8,18,178138
C3,50,C3-resources-0050,8,19,178460
C3,50,C3-resources-0050,8,20,179197
C3,50,C3-resources-0050,8,21,175663
C3,50,C3-resources-0050,8,22,177456
C3,50,C3-resources-0050,8,23,169065
C3,50,C3-resources-0050,8,24,178407
C3,50,C3-resources-0050,8,25,171109
C3,50,C3-resources-0050,8,26,169677
C3,50,C3-resources-0050,8,27,168587
C3,50,C3-resources-0050,8,28,167644
C3,50,C3-resources-0050,8,29,163881
C3,50,C3-resources-0050,8,30,170069
C3,50,C3-resources-0050,8,31,187716
C3,50,C3-resources-0050,8,32,166598
C3,50,C3-resources-0050,8,33,163977
C3,50,C3-resources-0050,8,34,165382
C3,50,C3-resources-0050,8,35,173217
C3,50,C3-resources-0050,8,36,192797
C3,50,C3-resources-0050,8,37,167200
C3,50,C3-resources-0050,8,38,167042
C3,50,C3-resources-0050,8,39,169268
C3,50,C3-resources-0050,8,40,169939
C3,50,C3-resources-0050,8,41,168155
C3,50,C3-resources-0050,8,42,175584
C3,50,C3-resources-0050,8,43,170795
C3,50,C3-resources-0050,8,44,173722
C3,50,C3-resources-0050,8,45,170676
C3,50,C3-resources-0050,8,46,172751
C3,50,C3-resources-0050,8,47,169147
C3,50,C3-resources-0050,8,48,169168
C3,50,C3-resources-0050,8,49,175338
C3,50,C3-resources-0050,8,50,169444
C3,50,C3-resources-0050,8,51,171061
C3,50,C3-resources-0050,8,52,168600
C3,50,C3-resources-0050,8,53,171122
C3,50,C3-resources-0050,8,54,186801
C3,50,C3-resources-0050,8,55,170212
C3,50,C3-resources-0050,8,56,168262
C3,50,C3-resources-0050,8,57,168968
C3,50,C3-resources-0050,8,58,168635
C3,50,C3-resources-0050,8,59,169474
C3,50,C3-resources-0050,8,60,166269
C3,50,C3-resources-0050,8,61,170361
C3,50,C3-resources-0050,8,62,168349
C3,50,C3-resources-0050,8,63,174772
C3,50,C3-resources-0050,8,64,177922
C3,50,C3-resources-0050,8,65,179191
C3,50,C3-resources-0050,8,66,171202
C3,50,C3-resources-0050,8,67,170503
C3,50,C3-resources-0050,8,68,168806
C3,50,C3-resources-0050,8,69,169693
C3,50,C3-resources-0050,8,70,170422
C3,50,C3-resources-0050,8,71,170419
C3,50,C3-resources-0050,8,72,168041
C3,50,C3-resources-0050,8,73,169863
C3,50,C3-resources-0050,8,74,169100
C3,50,C3-resources-0050,8,75,170152
C3,50,C3-resources-0050,8,76,167140
C3,50,C3-resources-0050,8,77,186403
C3,50,C3-resources-0050,8,78,174561
C3,50,C3-resources-0050,8,79,168263
C3,50,C3-resources-0050,8,80,169585
C3,50,C3-resources-0050,8,81,168846
C3,50,C3-resources-0050,8,82,171382
C3,50,C3-resources-0050,8,83,174427
C3,50,C3-resources-0050,8,84,173083
C3,50,C3-resources-0050,8,85,167926
C3,50,C3-resources-0050,8,86,170837
C3,50,C3-resources-0050,8,87,167422
C3,50,C3-resources-0050,8,88,170687
C3,50,C3-resources-0050,8,89,169402
C3,50,C3-resources-0050,8,90,170681
C3,50,C3-resources-0050,8,91,170355
C3,50,C3-resources-0050,8,92,180482
C3,50,C3-resources-0050,8,93,183901
C3,50,C3-resources-0050,8,94,169332
C3,50,C3-resources-0050,8,95,168545
C3,50,C3-resources-0050,8,96,168410
C3,50,C3-resources-0050,8,97,170828
C3,50,C3-resources-0050,8,98,169355
C3,50,C3-resources-0050,8,99,175507
C3,50,C3-resources-0050,8,100,187674
C6,4000,C6-resources-4000,1,1,2886513
C6,4000,C6-resources-4000,1,2,2989538
C6,4000,C6-resources-4000,1,3,2979126
C6,4000,C6-resources-4000,1,4,2915433
C6,4000,C6-resources-4000,1,5,2858600
C6,4000,C6-resources-4000,1,6,2883625
C6,4000,C6-resources-4000,1,7,2812996
C6,4000,C6-resources-4000,1,8,2820064
C6,4000,C6-resources-4000,1,9,2871164
C6,4000,C6-resources-4000,1,10,2822520
C6,4000,C6-resources-4000,1,11,2883045
C6,4000,C6-resources-4000,1,12,2867836
C6,4000,C6-resources-4000,1,13,3024713
C6,4000,C6-resources-4000,1,14,2884756
C6,4000,C6-resources-4000,1,15,2876652
C6,4000,C6-resources-4000,1,16,2910859
C6,4000,C6-resources-4000,1,17,2775760
C6,4000,C6-resources-4000,1,18,2793360
C6,4000,C6-resources-4000,1,19,2860461
C6,4000,C6-resources-4000,1,20,2762723
C6,4000,C6-resources-4000,1,21,2848406
C6,4000,C6-resources-4000,1,22,2903632
C6,4000,C6-resources-4000,1,23,2868339
C6,4000,C6-resources-4000,1,24,2890961
C6,4000,C6-resources-4000,1,25,2962765
C6,4000,C6-resources-4000,1,26,2962937
C6,4000,C6-resources-4000,1,27,2848837
C6,4000,C6-resources-4000,1,28,2795232
C6,4000,C6-resources-4000,1,29,2883712
C6,4000,C6-resources-4000,1,30,2773777
C6,4000,C6-resources-4000,1,31,2799791
C6,4000,C6-resources-4000,1,32,3037853
C6,4000,C6-resources-4000,1,33,2969448
C6,4000,C6-resources-4000,1,34,2944637
C6,4000,C6-resources-4000,1,35,2963905
C6,4000,C6-resources-4000,1,36,3100454
C6,4000,C6-resources-4000,1,37,2910414
C6,4000,C6-resources-4000,1,38,2873581
C6,4000,C6-resources-4000,1,39,2870767
C6,4000,C6-resources-4000,1,40,2822472
C6,4000,C6-resources-4000,1,41,2809032
C6,4000,C6-resources-4000,1,42,2926783
C6,4000,C6-resources-4000,1,43,2971985
C6,4000,C6-resources-4000,1,44,2922341
C6,4000,C6-resources-4000,1,45,2984896
C6,4000,C6-resources-4000,1,46,9656860
C6,4000,C6-resources-4000,1,47,2911247
C6,4000,C6-resources-4000,1,48,2916051
C6,4000,C6-resources-4000,1,49,2948767
C6,4000,C6-resources-4000,1,50,2885624
C6,4000,C6-resources-4000,1,51,2864385
C6,4000,C6-resources-4000,1,52,3012889
C6,4000,C6-resources-4000,1,53,2852644
C6,4000,C6-resources-4000,1,54,2873318
C6,4000,C6-resources-4000,1,55,3025499
C6,4000,C6-resources-4000,1,56,2801057
C6,4000,C6-resources-4000,1,57,2883472
C6,4000,C6-resources-4000,1,58,3015356
C6,4000,C6-resources-4000,1,59,2862146
C6,4000,C6-resources-4000,1,60,2778521
C6,4000,C6-resources-4000,1,61,2885862
C6,4000,C6-resources-4000,1,62,3059772
C6,4000,C6-resources-4000,1,63,2870416
C6,4000,C6-resources-4000,1,64,2946710
C6,4000,C6-resources-4000,1,65,3054244
C6,4000,C6-resources-4000,1,66,2851677
C6,4000,C6-resources-4000,1,67,2851131
C6,4000,C6-resources-4000,1,68,2940590
C6,4000,C6-resources-4000,1,69,2855650
C6,4000,C6-resources-4000,1,70,2839877
C6,4000,C6-resources-4000,1,71,3039400
C6,4000,C6-resources-4000,1,72,2868851
C6,4000,C6-resources-4000,1,73,2831302
C6,4000,C6-resources-4000,1,74,3097566
C6,4000,C6-resources-4000,1,75,2953658
C6,4000,C6-resources-4000,1,76,2912900
C6,4000,C6-resources-4000,1,77,2850130
C6,4000,C6-resources-4000,1,78,2978000
C6,4000,C6-resources-4000,1,79,2854894
C6,4000,C6-resources-4000,1,80,2800709
C6,4000,C6-resources-4000,1,81,3044370
C6,4000,C6-resources-4000,1,82,2834573
C6,4000,C6-resources-4000,1,83,2862327
C6,4000,C6-resources-4000,1,84,2945848
C6,4000,C6-resources-4000,1,85,2815331
C6,4000,C6-resources-4000,1,86,2798900
C6,4000,C6-resources-4000,1,87,2902670
C6,4000,C6-resources-4000,1,88,2889776
C6,4000,C6-resources-4000,1,89,2773151
C6,4000,C6-resources-4000,1,90,2772198
C6,4000,C6-resources-4000,1,91,2952066
C6,4000,C6-resources-4000,1,92,2832442
C6,4000,C6-resources-4000,1,93,2825551
C6,4000,C6-resources-4000,1,94,2936787
C6,4000,C6-resources-4000,1,95,2806791
C6,4000,C6-resources-4000,1,96,2839542
C6,4000,C6-resources-4000,1,97,3051225
C6,4000,C6-resources-4000,1,98,2934998
C6,4000,C6-resources-4000,1,99,2925055
C6,4000,C6-resources-4000,1,100,3060099
C6,4000,C6-resources-4000,2,1,9285726
C6,4000,C6-resources-4000,2,2,3063751
C6,4000,C6-resources-4000,2,3,2920782
C6,4000,C6-resources-4000,2,4,2896678
C6,4000,C6-resources-4000,2,5,2971943
C6,4000,C6-resources-4000,2,6,2788104
C6,4000,C6-resources-4000,2,7,2793006
C6,4000,C6-resources-4000,2,8,2982286
C6,4000,C6-resources-4000,2,9,2761539
C6,4000,C6-resources-4000,2,10,2790380
C6,4000,C6-resources-4000,2,11,2950863
C6,4000,C6-resources-4000,2,12,2796771
C6,4000,C6-resources-4000,2,13,2817979
C6,4000,C6-resources-4000,2,14,2894019
C6,4000,C6-resources-4000,2,15,2908176
C6,4000,C6-resources-4000,2,16,2789479
C6,4000,C6-resources-4000,2,17,2799828
C6,4000,C6-resources-4000,2,18,2935733
C6,4000,C6-resources-4000,2,19,2838582
C6,4000,C6-resources-4000,2,20,2783512
C6,4000,C6-resources-4000,2,21,2951877
C6,4000,C6-resources-4000,2,22,2798019
C6,4000,C6-resources-4000,2,23,2776446
C6,4000,C6-resources-4000,2,24,2947568
C6,4000,C6-resources-4000,2,25,2897702
C6,4000,C6-resources-4000,2,26,2809439
C6,4000,C6-resources-4000,2,27,2762073
C6,4000,C6-resources-4000,2,28,2942741
C6,4000,C6-resources-4000,2,29,2958747
C6,4000,C6-resources-4000,2,30,2855803
C6,4000,C6-resources-4000,2,31,3045439
C6,4000,C6-resources-4000,2,32,2928100
C6,4000,C6-resources-4000,2,33,2913988
C6,4000,C6-resources-4000,2,34,3009766
C6,4000,C6-resources-4000,2,35,2833561
C6,4000,C6-resources-4000,2,36,2870230
C6,4000,C6-resources-4000,2,37,2979042
C6,4000,C6-resources-4000,2,38,2834163
C6,4000,C6-resources-4000,2,39,2825091
C6,4000,C6-resources-4000,2,40,2851829
C6,4000,C6-resources-4000,2,41,3016568
C6,4000,C6-resources-4000,2,42,2789013
C6,4000,C6-resources-4000,2,43,2772389
C6,4000,C6-resources-4000,2,44,2945892
C6,4000,C6-resources-4000,2,45,2770419
C6,4000,C6-resources-4000,2,46,2803194
C6,4000,C6-resources-4000,2,47,2925204
C6,4000,C6-resources-4000,2,48,2860529
C6,4000,C6-resources-4000,2,49,2808150
C6,4000,C6-resources-4000,2,50,2813088
C6,4000,C6-resources-4000,2,51,2960118
C6,4000,C6-resources-4000,2,52,2786945
C6,4000,C6-resources-4000,2,53,2854105
C6,4000,C6-resources-4000,2,54,2981752
C6,4000,C6-resources-4000,2,55,2781577
C6,4000,C6-resources-4000,2,56,2786425
C6,4000,C6-resources-4000,2,57,9115852
C6,4000,C6-resources-4000,2,58,2973358
C6,4000,C6-resources-4000,2,59,3083254
C6,4000,C6-resources-4000,2,60,2815094
C6,4000,C6-resources-4000,2,61,2923525
C6,4000,C6-resources-4000,2,62,3018816
C6,4000,C6-resources-4000,2,63,2999784
C6,4000,C6-resources-4000,2,64,2925960
C6,4000,C6-resources-4000,2,65,3067385
C6,4000,C6-resources-4000,2,66,2839472
C6,4000,C6-resources-4000,2,67,2804439
C6,4000,C6-resources-4000,2,68,2914214
C6,4000,C6-resources-4000,2,69,2977850
C6,4000,C6-resources-4000,2,70,2860068
C6,4000,C6-resources-4000,2,71,2873565
C6,4000,C6-resources-4000,2,72,2825269
C6,4000,C6-resources-4000,2,73,2798810
C6,4000,C6-resources-4000,2,74,2789473
C6,4000,C6-resources-4000,2,75,2964730
C6,4000,C6-resources-4000,2,76,2784682
C6,4000,C6-resources-4000,2,77,2780837
C6,4000,C6-resources-4000,2,78,2924564
C6,4000,C6-resources-4000,2,79,2743145
C6,4000,C6-resources-4000,2,80,2796890
C6,4000,C6-resources-4000,2,81,2844179
C6,4000,C6-resources-4000,2,82,2898901
C6,4000,C6-resources-4000,2,83,2757791
C6,4000,C6-resources-4000,2,84,2781840
C6,4000,C6-resources-4000,2,85,2997125
C6,4000,C6-resources-4000,2,86,2773199
C6,4000,C6-resources-4000,2,87,2818507
C6,4000,C6-resources-4000,2,88,2935629
C6,4000,C6-resources-4000,2,89,2795992
C6,4000,C6-resources-4000,2,90,2785912
C6,4000,C6-resources-4000,2,91,2920236
C6,4000,C6-resources-4000,2,92,2837312
C6,4000,C6-resources-4000,2,93,2774940
C6,4000,C6-resources-4000,2,94,2943980
C6,4000,C6-resources-4000,2,95,2864573
C6,4000,C6-resources-4000,2,96,2840649
C6,4000,C6-resources-4000,2,97,2878480
C6,4000,C6-resources-4000,2,98,2955587
C6,4000,C6-resources-4000,2,99,2861289
C6,4000,C6-resources-4000,2,100,2859193
C6,4000,C6-resources-4000,3,1,3048215
C6,4000,C6-resources-4000,3,2,3002553
C6,4000,C6-resources-4000,3,3,2865271
C6,4000,C6-resources-4000,3,4,3101027
C6,4000,C6-resources-4000,3,5,2906251
C6,4000,C6-resources-4000,3,6,2888891
C6,4000,C6-resources-4000,3,7,3004169
C6,4000,C6-resources-4000,3,8,2804804
C6,4000,C6-resources-4000,3,9,2806881
C6,4000,C6-resources-4000,3,10,2965201
C6,4000,C6-resources-4000,3,11,2802151
C6,4000,C6-resources-4000,3,12,2760404
C6,4000,C6-resources-4000,3,13,8938285
C6,4000,C6-resources-4000,3,14,3151401
C6,4000,C6-resources-4000,3,15,3077033
C6,4000,C6-resources-4000,3,16,2860771
C6,4000,C6-resources-4000,3,17,2803391
C6,4000,C6-resources-4000,3,18,2967475
C6,4000,C6-resources-4000,3,19,2838793
C6,4000,C6-resources-4000,3,20,2790014
C6,4000,C6-resources-4000,3,21,2964542
C6,4000,C6-resources-4000,3,22,2801670
C6,4000,C6-resources-4000,3,23,2819993
C6,4000,C6-resources-4000,3,24,2942447
C6,4000,C6-resources-4000,3,25,2782505
C6,4000,C6-resources-4000,3,26,2867926
C6,4000,C6-resources-4000,3,27,2847621
C6,4000,C6-resources-4000,3,28,2902341
C6,4000,C6-resources-4000,3,29,2942399
C6,4000,C6-resources-4000,3,30,3058254
C6,4000,C6-resources-4000,3,31,3134815
C6,4000,C6-resources-4000,3,32,2951853
C6,4000,C6-resources-4000,3,33,2936185
C6,4000,C6-resources-4000,3,34,3055390
C6,4000,C6-resources-4000,3,35,2965056
C6,4000,C6-resources-4000,3,36,3012802
C6,4000,C6-resources-4000,3,37,3106516
C6,4000,C6-resources-4000,3,38,2882897
C6,4000,C6-resources-4000,3,39,2801406
C6,4000,C6-resources-4000,3,40,2970226
C6,4000,C6-resources-4000,3,41,2782250
C6,4000,C6-resources-4000,3,42,2780113
C6,4000,C6-resources-4000,3,43,2956102
C6,4000,C6-resources-4000,3,44,2785506
C6,4000,C6-resources-4000,3,45,2844637
C6,4000,C6-resources-4000,3,46,2944239
C6,4000,C6-resources-4000,3,47,2906322
C6,4000,C6-resources-4000,3,48,2930524
C6,4000,C6-resources-4000,3,49,3005350
C6,4000,C6-resources-4000,3,50,2997962
C6,4000,C6-resources-4000,3,51,2779023
C6,4000,C6-resources-4000,3,52,2808728
C6,4000,C6-resources-4000,3,53,2957032
C6,4000,C6-resources-4000,3,54,2774375
C6,4000,C6-resources-4000,3,55,2792830
C6,4000,C6-resources-4000,3,56,2939438
C6,4000,C6-resources-4000,3,57,2837393
C6,4000,C6-resources-4000,3,58,2767634
C6,4000,C6-resources-4000,3,59,2967903
C6,4000,C6-resources-4000,3,60,2834956
C6,4000,C6-resources-4000,3,61,2807995
C6,4000,C6-resources-4000,3,62,2916672
C6,4000,C6-resources-4000,3,63,2833452
C6,4000,C6-resources-4000,3,64,2821795
C6,4000,C6-resources-4000,3,65,2887039
C6,4000,C6-resources-4000,3,66,3087578
C6,4000,C6-resources-4000,3,67,2956738
C6,4000,C6-resources-4000,3,68,2921301
C6,4000,C6-resources-4000,3,69,9332786
C6,4000,C6-resources-4000,3,70,3402749
C6,4000,C6-resources-4000,3,71,2916791
C6,4000,C6-resources-4000,3,72,2866426
C6,4000,C6-resources-4000,3,73,2954394
C6,4000,C6-resources-4000,3,74,2830432
C6,4000,C6-resources-4000,3,75,2762906
C6,4000,C6-resources-4000,3,76,2962437
C6,4000,C6-resources-4000,3,77,3026126
C6,4000,C6-resources-4000,3,78,2788286
C6,4000,C6-resources-4000,3,79,2779659
C6,4000,C6-resources-4000,3,80,2963265
C6,4000,C6-resources-4000,3,81,2803159
C6,4000,C6-resources-4000,3,82,2815714
C6,4000,C6-resources-4000,3,83,2963385
C6,4000,C6-resources-4000,3,84,2788956
C6,4000,C6-resources-4000,3,85,3019424
C6,4000,C6-resources-4000,3,86,2930748
C6,4000,C6-resources-4000,3,87,2825049
C6,4000,C6-resources-4000,3,88,2768228
C6,4000,C6-resources-4000,3,89,2791393
C6,4000,C6-resources-4000,3,90,2923030
C6,4000,C6-resources-4000,3,91,2892943
C6,4000,C6-resources-4000,3,92,2868233
C6,4000,C6-resources-4000,3,93,3044012
C6,4000,C6-resources-4000,3,94,2989964
C6,4000,C6-resources-4000,3,95,2857672
C6,4000,C6-resources-4000,3,96,2978968
C6,4000,C6-resources-4000,3,97,2769684
C6,4000,C6-resources-4000,3,98,2779909
C6,4000,C6-resources-4000,3,99,2875701
C6,4000,C6-resources-4000,3,100,2830504
C6,4000,C6-resources-4000,4,1,3558565
C6,4000,C6-resources-4000,4,2,3215283
C6,4000,C6-resources-4000,4,3,3143356
C6,4000,C6-resources-4000,4,4,3010444
C6,4000,C6-resources-4000,4,5,2872666
C6,4000,C6-resources-4000,4,6,2973952
C6,4000,C6-resources-4000,4,7,2819921
C6,4000,C6-resources-4000,4,8,3047124
C6,4000,C6-resources-4000,4,9,2986615
C6,4000,C6-resources-4000,4,10,2837832
C6,4000,C6-resources-4000,4,11,2780442
C6,4000,C6-resources-4000,4,12,2909854
C6,4000,C6-resources-4000,4,13,2779829
C6,4000,C6-resources-4000,4,14,2786666
C6,4000,C6-resources-4000,4,15,2883682
C6,4000,C6-resources-4000,4,16,2944355
C6,4000,C6-resources-4000,4,17,2897946
C6,4000,C6-resources-4000,4,18,2936547
C6,4000,C6-resources-4000,4,19,2794919
C6,4000,C6-resources-4000,4,20,2954693
C6,4000,C6-resources-4000,4,21,3050152
C6,4000,C6-resources-4000,4,22,3118717
C6,4000,C6-resources-4000,4,23,3026893
C6,4000,C6-resources-4000,4,24,9223536
C6,4000,C6-resources-4000,4,25,3252628
C6,4000,C6-resources-4000,4,26,3078331
C6,4000,C6-resources-4000,4,27,2873980
C6,4000,C6-resources-4000,4,28,2788393
C6,4000,C6-resources-4000,4,29,2908351
C6,4000,C6-resources-4000,4,30,2795421
C6,4000,C6-resources-4000,4,31,2776349
C6,4000,C6-resources-4000,4,32,2882214
C6,4000,C6-resources-4000,4,33,2782848
C6,4000,C6-resources-4000,4,34,2822852
C6,4000,C6-resources-4000,4,35,2880189
C6,4000,C6-resources-4000,4,36,2803989
C6,4000,C6-resources-4000,4,37,2801223
C6,4000,C6-resources-4000,4,38,2901841
C6,4000,C6-resources-4000,4,39,2822729
C6,4000,C6-resources-4000,4,40,2746471
C6,4000,C6-resources-4000,4,41,2807308
C6,4000,C6-resources-4000,4,42,2915837
C6,4000,C6-resources-4000,4,43,2786435
C6,4000,C6-resources-4000,4,44,2795817
C6,4000,C6-resources-4000,4,45,2784543
C6,4000,C6-resources-4000,4,46,2884478
C6,4000,C6-resources-4000,4,47,2763723
C6,4000,C6-resources-4000,4,48,2798900
C6,4000,C6-resources-4000,4,49,2962542
C6,4000,C6-resources-4000,4,50,2803152
C6,4000,C6-resources-4000,4,51,2819809
C6,4000,C6-resources-4000,4,52,2861216
C6,4000,C6-resources-4000,4,53,2813035
C6,4000,C6-resources-4000,4,54,2883700
C6,4000,C6-resources-4000,4,55,2970504
C6,4000,C6-resources-4000,4,56,2947136
C6,4000,C6-resources-4000,4,57,2864610
C6,4000,C6-resources-4000,4,58,2829389
C6,4000,C6-resources-4000,4,59,2951252
C6,4000,C6-resources-4000,4,60,2857695
C6,4000,C6-resources-4000,4,61,2971764
C6,4000,C6-resources-4000,4,62,2975334
C6,4000,C6-resources-4000,4,63,2835432
C6,4000,C6-resources-4000,4,64,2763001
C6,4000,C6-resources-4000,4,65,2928983
C6,4000,C6-resources-4000,4,66,2840210
C6,4000,C6-resources-4000,4,67,2815875
C6,4000,C6-resources-4000,4,68,2994464
C6,4000,C6-resources-4000,4,69,2827011
C6,4000,C6-resources-4000,4,70,2844691
C6,4000,C6-resources-4000,4,71,2920053
C6,4000,C6-resources-4000,4,72,2841958
C6,4000,C6-resources-4000,4,73,2855934
C6,4000,C6-resources-4000,4,74,2809742
C6,4000,C6-resources-4000,4,75,2907103
C6,4000,C6-resources-4000,4,76,2841780
C6,4000,C6-resources-4000,4,77,2844379
C6,4000,C6-resources-4000,4,78,2998064
C6,4000,C6-resources-4000,4,79,2848084
C6,4000,C6-resources-4000,4,80,8778592
C6,4000,C6-resources-4000,4,81,3024035
C6,4000,C6-resources-4000,4,82,3060083
C6,4000,C6-resources-4000,4,83,2852187
C6,4000,C6-resources-4000,4,84,2830693
C6,4000,C6-resources-4000,4,85,2876233
C6,4000,C6-resources-4000,4,86,2935129
C6,4000,C6-resources-4000,4,87,2926607
C6,4000,C6-resources-4000,4,88,2953748
C6,4000,C6-resources-4000,4,89,2989401
C6,4000,C6-resources-4000,4,90,2833994
C6,4000,C6-resources-4000,4,91,2829628
C6,4000,C6-resources-4000,4,92,3014863
C6,4000,C6-resources-4000,4,93,2860769
C6,4000,C6-resources-4000,4,94,2917063
C6,4000,C6-resources-4000,4,95,3034393
C6,4000,C6-resources-4000,4,96,2893419
C6,4000,C6-resources-4000,4,97,2852603
C6,4000,C6-resources-4000,4,98,2894015
C6,4000,C6-resources-4000,4,99,2841842
C6,4000,C6-resources-4000,4,100,2785665
C6,4000,C6-resources-4000,5,1,2826307
C6,4000,C6-resources-4000,5,2,2947670
C6,4000,C6-resources-4000,5,3,2861646
C6,4000,C6-resources-4000,5,4,2900110
C6,4000,C6-resources-4000,5,5,3018683
C6,4000,C6-resources-4000,5,6,2868375
C6,4000,C6-resources-4000,5,7,2831594
C6,4000,C6-resources-4000,5,8,3032833
C6,4000,C6-resources-4000,5,9,2859674
C6,4000,C6-resources-4000,5,10,2782277
C6,4000,C6-resources-4000,5,11,3220604
C6,4000,C6-resources-4000,5,12,2823691
C6,4000,C6-resources-4000,5,13,3129058
C6,4000,C6-resources-4000,5,14,2956424
C6,4000,C6-resources-4000,5,15,2893069
C6,4000,C6-resources-4000,5,16,2865847
C6,4000,C6-resources-4000,5,17,2889438
C6,4000,C6-resources-4000,5,18,2984845
C6,4000,C6-resources-4000,5,19,2808197
C6,4000,C6-resources-4000,5,20,3031120
C6,4000,C6-resources-4000,5,21,3024000
C6,4000,C6-resources-4000,5,22,2971909
C6,4000,C6-resources-4000,5,23,2890163
C6,4000,C6-resources-4000,5,24,3048344
C6,4000,C6-resources-4000,5,25,2981625
C6,4000,C6-resources-4000,5,26,2859962
C6,4000,C6-resources-4000,5,27,3052022
C6,4000,C6-resources-4000,5,28,2983244
C6,4000,C6-resources-4000,5,29,2851680
C6,4000,C6-resources-4000,5,30,2959478
C6,4000,C6-resources-4000,5,31,2862229
C6,4000,C6-resources-4000,5,32,2852645
C6,4000,C6-resources-4000,5,33,2895889
C6,4000,C6-resources-4000,5,34,2817647
C6,4000,C6-resources-4000,5,35,2835030
C6,4000,C6-resources-4000,5,36,8655724
C6,4000,C6-resources-4000,5,37,3082951
C6,4000,C6-resources-4000,5,38,3026002
C6,4000,C6-resources-4000,5,39,2862361
C6,4000,C6-resources-4000,5,40,2817514
C6,4000,C6-resources-4000,5,41,2964259
C6,4000,C6-resources-4000,5,42,2833184
C6,4000,C6-resources-4000,5,43,2790046
C6,4000,C6-resources-4000,5,44,2916289
C6,4000,C6-resources-4000,5,45,2807297
C6,4000,C6-resources-4000,5,46,2797739
C6,4000,C6-resources-4000,5,47,3034810
C6,4000,C6-resources-4000,5,48,2919523
C6,4000,C6-resources-4000,5,49,2979101
C6,4000,C6-resources-4000,5,50,2997065
C6,4000,C6-resources-4000,5,51,3065932
C6,4000,C6-resources-4000,5,52,2853410
C6,4000,C6-resources-4000,5,53,2779234
C6,4000,C6-resources-4000,5,54,2967357
C6,4000,C6-resources-4000,5,55,2802988
C6,4000,C6-resources-4000,5,56,2761414
C6,4000,C6-resources-4000,5,57,3149550
C6,4000,C6-resources-4000,5,58,3054407
C6,4000,C6-resources-4000,5,59,3099338
C6,4000,C6-resources-4000,5,60,3153599
C6,4000,C6-resources-4000,5,61,2932239
C6,4000,C6-resources-4000,5,62,2823920
C6,4000,C6-resources-4000,5,63,3050227
C6,4000,C6-resources-4000,5,64,2824360
C6,4000,C6-resources-4000,5,65,3037802
C6,4000,C6-resources-4000,5,66,3302437
C6,4000,C6-resources-4000,5,67,2854056
C6,4000,C6-resources-4000,5,68,2875253
C6,4000,C6-resources-4000,5,69,2907915
C6,4000,C6-resources-4000,5,70,2953181
C6,4000,C6-resources-4000,5,71,2841965
C6,4000,C6-resources-4000,5,72,2859793
C6,4000,C6-resources-4000,5,73,3024702
C6,4000,C6-resources-4000,5,74,2877043
C6,4000,C6-resources-4000,5,75,2789312
C6,4000,C6-resources-4000,5,76,2969374
C6,4000,C6-resources-4000,5,77,2821748
C6,4000,C6-resources-4000,5,78,2812325
C6,4000,C6-resources-4000,5,79,2912017
C6,4000,C6-resources-4000,5,80,2830698
C6,4000,C6-resources-4000,5,81,2858018
C6,4000,C6-resources-4000,5,82,3037405
C6,4000,C6-resources-4000,5,83,2901515
C6,4000,C6-resources-4000,5,84,2958718
C6,4000,C6-resources-4000,5,85,2966103
C6,4000,C6-resources-4000,5,86,2866118
C6,4000,C6-resources-4000,5,87,2769559
C6,4000,C6-resources-4000,5,88,2801088
C6,4000,C6-resources-4000,5,89,2912269
C6,4000,C6-resources-4000,5,90,2770684
C6,4000,C6-resources-4000,5,91,2800330
C6,4000,C6-resources-4000,5,92,9483867
C6,4000,C6-resources-4000,5,93,3365789
C6,4000,C6-resources-4000,5,94,2959274
C6,4000,C6-resources-4000,5,95,2866566
C6,4000,C6-resources-4000,5,96,2922662
C6,4000,C6-resources-4000,5,97,2831008
C6,4000,C6-resources-4000,5,98,2788657
C6,4000,C6-resources-4000,5,99,3017418
C6,4000,C6-resources-4000,5,100,2824997
C6,4000,C6-resources-4000,6,1,2849918
C6,4000,C6-resources-4000,6,2,2980962
C6,4000,C6-resources-4000,6,3,2792932
C6,4000,C6-resources-4000,6,4,2810311
C6,4000,C6-resources-4000,6,5,2891255
C6,4000,C6-resources-4000,6,6,2897987
C6,4000,C6-resources-4000,6,7,2810250
C6,4000,C6-resources-4000,6,8,2782022
C6,4000,C6-resources-4000,6,9,2984638
C6,4000,C6-resources-4000,6,10,2792064
C6,4000,C6-resources-4000,6,11,2776782
C6,4000,C6-resources-4000,6,12,2932059
C6,4000,C6-resources-4000,6,13,2826654
C6,4000,C6-resources-4000,6,14,2868036
C6,4000,C6-resources-4000,6,15,2856420
C6,4000,C6-resources-4000,6,16,2929181
C6,4000,C6-resources-4000,6,17,2825351
C6,4000,C6-resources-4000,6,18,2782775
C6,4000,C6-resources-4000,6,19,2906204
C6,4000,C6-resources-4000,6,20,2816337
C6,4000,C6-resources-4000,6,21,2831972
C6,4000,C6-resources-4000,6,22,2977297
C6,4000,C6-resources-4000,6,23,2845568
C6,4000,C6-resources-4000,6,24,2875423
C6,4000,C6-resources-4000,6,25,2966943
C6,4000,C6-resources-4000,6,26,2819079
C6,4000,C6-resources-4000,6,27,2841998
C6,4000,C6-resources-4000,6,28,3023675
C6,4000,C6-resources-4000,6,29,2828925
C6,4000,C6-resources-4000,6,30,2816427
C6,4000,C6-resources-4000,6,31,2924189
C6,4000,C6-resources-4000,6,32,2815501
C6,4000,C6-resources-4000,6,33,2848116
C6,4000,C6-resources-4000,6,34,2968423
C6,4000,C6-resources-4000,6,35,2841000
C6,4000,C6-resources-4000,6,36,2824821
C6,4000,C6-resources-4000,6,37,2977190
C6,4000,C6-resources-4000,6,38,2781194
C6,4000,C6-resources-4000,6,39,2771696
C6,4000,C6-resources-4000,6,40,2987460
C6,4000,C6-resources-4000,6,41,2821955
C6,4000,C6-resources-4000,6,42,2798721
C6,4000,C6-resources-4000,6,43,3021199
C6,4000,C6-resources-4000,6,44,2850366
C6,4000,C6-resources-4000,6,45,2816623
C6,4000,C6-resources-4000,6,46,2853242
C6,4000,C6-resources-4000,6,47,2852833
C6,4000,C6-resources-4000,6,48,10170641
C6,4000,C6-resources-4000,6,49,2943510
C6,4000,C6-resources-4000,6,50,3031478
C6,4000,C6-resources-4000,6,51,2826911
C6,4000,C6-resources-4000,6,52,2829807
C6,4000,C6-resources-4000,6,53,2972958
C6,4000,C6-resources-4000,6,54,2917792
C6,4000,C6-resources-4000,6,55,2903388
C6,4000,C6-resources-4000,6,56,2974932
C6,4000,C6-resources-4000,6,57,2922092
C6,4000,C6-resources-4000,6,58,2791624
C6,4000,C6-resources-4000,6,59,2818504
C6,4000,C6-resources-4000,6,60,2936545
C6,4000,C6-resources-4000,6,61,2837984
C6,4000,C6-resources-4000,6,62,2819838
C6,4000,C6-resources-4000,6,63,2906548
C6,4000,C6-resources-4000,6,64,2812653
C6,4000,C6-resources-4000,6,65,2815240
C6,4000,C6-resources-4000,6,66,2946689
C6,4000,C6-resources-4000,6,67,2858313
C6,4000,C6-resources-4000,6,68,2788473
C6,4000,C6-resources-4000,6,69,2843245
C6,4000,C6-resources-4000,6,70,2897976
C6,4000,C6-resources-4000,6,71,2804674
C6,4000,C6-resources-4000,6,72,2837517
C6,4000,C6-resources-4000,6,73,2939196
C6,4000,C6-resources-4000,6,74,2802299
C6,4000,C6-resources-4000,6,75,2789901
C6,4000,C6-resources-4000,6,76,2968266
C6,4000,C6-resources-4000,6,77,2809330
C6,4000,C6-resources-4000,6,78,2782296
C6,4000,C6-resources-4000,6,79,2978697
C6,4000,C6-resources-4000,6,80,2833234
C6,4000,C6-resources-4000,6,81,2817183
C6,4000,C6-resources-4000,6,82,2978185
C6,4000,C6-resources-4000,6,83,2869920
C6,4000,C6-resources-4000,6,84,2932753
C6,4000,C6-resources-4000,6,85,3105296
C6,4000,C6-resources-4000,6,86,2855702
C6,4000,C6-resources-4000,6,87,2832485
C6,4000,C6-resources-4000,6,88,2879953
C6,4000,C6-resources-4000,6,89,2831222
C6,4000,C6-resources-4000,6,90,2822197
C6,4000,C6-resources-4000,6,91,2895502
C6,4000,C6-resources-4000,6,92,2837738
C6,4000,C6-resources-4000,6,93,2876014
C6,4000,C6-resources-4000,6,94,2882364
C6,4000,C6-resources-4000,6,95,2989404
C6,4000,C6-resources-4000,6,96,2907366
C6,4000,C6-resources-4000,6,97,2999729
C6,4000,C6-resources-4000,6,98,2947071
C6,4000,C6-resources-4000,6,99,2843134
C6,4000,C6-resources-4000,6,100,2849093
C6,4000,C6-resources-4000,7,1,3059796
C6,4000,C6-resources-4000,7,2,2859257
C6,4000,C6-resources-4000,7,3,2794860
C6,4000,C6-resources-4000,7,4,7587224
C6,4000,C6-resources-4000,7,5,3187448
C6,4000,C6-resources-4000,7,6,2981504
C6,4000,C6-resources-4000,7,7,2825708
C6,4000,C6-resources-4000,7,8,2797570
C6,4000,C6-resources-4000,7,9,2990881
C6,4000,C6-resources-4000,7,10,2806312
C6,4000,C6-resources-4000,7,11,2774078
C6,4000,C6-resources-4000,7,12,2960731
C6,4000,C6-resources-4000,7,13,2796494
C6,4000,C6-resources-4000,7,14,2766934
C6,4000,C6-resources-4000,7,15,2862661
C6,4000,C6-resources-4000,7,16,2856432
C6,4000,C6-resources-4000,7,17,2879861
C6,4000,C6-resources-4000,7,18,2844037
C6,4000,C6-resources-4000,7,19,2982383
C6,4000,C6-resources-4000,7,20,2813723
C6,4000,C6-resources-4000,7,21,2839507
C6,4000,C6-resources-4000,7,22,3009695
C6,4000,C6-resources-4000,7,23,2885198
C6,4000,C6-resources-4000,7,24,2901273
C6,4000,C6-resources-4000,7,25,2994900
C6,4000,C6-resources-4000,7,26,2861901
C6,4000,C6-resources-4000,7,27,2801267
C6,4000,C6-resources-4000,7,28,2916651
C6,4000,C6-resources-4000,7,29,2869354
C6,4000,C6-resources-4000,7,30,2831577
C6,4000,C6-resources-4000,7,31,2793817
C6,4000,C6-resources-4000,7,32,2985767
C6,4000,C6-resources-4000,7,33,2822860
C6,4000,C6-resources-4000,7,34,2812605
C6,4000,C6-resources-4000,7,35,3044480
C6,4000,C6-resources-4000,7,36,2807157
C6,4000,C6-resources-4000,7,37,2820359
C6,4000,C6-resources-4000,7,38,2891904
C6,4000,C6-resources-4000,7,39,2864028
C6,4000,C6-resources-4000,7,40,2810169
C6,4000,C6-resources-4000,7,41,2819424
C6,4000,C6-resources-4000,7,42,2963949
C6,4000,C6-resources-4000,7,43,2817453
C6,4000,C6-resources-4000,7,44,2802250
C6,4000,C6-resources-4000,7,45,3000826
C6,4000,C6-resources-4000,7,46,2812332
C6,4000,C6-resources-4000,7,47,2806607
C6,4000,C6-resources-4000,7,48,2940904
C6,4000,C6-resources-4000,7,49,2817033
C6,4000,C6-resources-4000,7,50,2784536
C6,4000,C6-resources-4000,7,51,2958419
C6,4000,C6-resources-4000,7,52,2901054
C6,4000,C6-resources-4000,7,53,2867413
C6,4000,C6-resources-4000,7,54,2779243
C6,4000,C6-resources-4000,7,55,2967907
C6,4000,C6-resources-4000,7,56,2898044
C6,4000,C6-resources-4000,7,57,2823736
C6,4000,C6-resources-4000,7,58,3008174
C6,4000,C6-resources-4000,7,59,2888502
C6,4000,C6-resources-4000,7,60,2888810
C6,4000,C6-resources-4000,7,61,3014274
C6,4000,C6-resources-4000,7,62,2843506
C6,4000,C6-resources-4000,7,63,6187870
C6,4000,C6-resources-4000,7,64,2908226
C6,4000,C6-resources-4000,7,65,2815023
C6,4000,C6-resources-4000,7,66,2785656
C6,4000,C6-resources-4000,7,67,2969185
C6,4000,C6-resources-4000,7,68,2873771
C6,4000,C6-resources-4000,7,69,2804053
C6,4000,C6-resources-4000,7,70,2780069
C6,4000,C6-resources-4000,7,71,2775183
C6,4000,C6-resources-4000,7,72,2935531
C6,4000,C6-resources-4000,7,73,2795846
C6,4000,C6-resources-4000,7,74,3210605
C6,4000,C6-resources-4000,7,75,2970574
C6,4000,C6-resources-4000,7,76,2791447
C6,4000,C6-resources-4000,7,77,2799290
C6,4000,C6-resources-4000,7,78,2827712
C6,4000,C6-resources-4000,7,79,2890762
C6,4000,C6-resources-4000,7,80,2778387
C6,4000,C6-resources-4000,7,81,2779585
C6,4000,C6-resources-4000,7,82,2905769
C6,4000,C6-resources-4000,7,83,2766927
C6,4000,C6-resources-4000,7,84,2779455
C6,4000,C6-resources-4000,7,85,3470385
C6,4000,C6-resources-4000,7,86,2880976
C6,4000,C6-resources-4000,7,87,2827672
C6,4000,C6-resources-4000,7,88,2990244
C6,4000,C6-resources-4000,7,89,2830203
C6,4000,C6-resources-4000,7,90,2820479
C6,4000,C6-resources-4000,7,91,3003384
C6,4000,C6-resources-4000,7,92,2855961
C6,4000,C6-resources-4000,7,93,2834420
C6,4000,C6-resources-4000,7,94,2939485
C6,4000,C6-resources-4000,7,95,2876560
C6,4000,C6-resources-4000,7,96,2807718
C6,4000,C6-resources-4000,7,97,3361323
C6,4000,C6-resources-4000,7,98,2900704
C6,4000,C6-resources-4000,7,99,2822140
C6,4000,C6-resources-4000,7,100,2740452
C6,4000,C6-resources-4000,8,1,2975964
C6,4000,C6-resources-4000,8,2,2782151
C6,4000,C6-resources-4000,8,3,2880981
C6,4000,C6-resources-4000,8,4,2961691
C6,4000,C6-resources-4000,8,5,2911067
C6,4000,C6-resources-4000,8,6,2798163
C6,4000,C6-resources-4000,8,7,2887652
C6,4000,C6-resources-4000,8,8,3315565
C6,4000,C6-resources-4000,8,9,2827824
C6,4000,C6-resources-4000,8,10,2871844
C6,4000,C6-resources-4000,8,11,2868554
C6,4000,C6-resources-4000,8,12,2790860
C6,4000,C6-resources-4000,8,13,2802836
C6,4000,C6-resources-4000,8,14,2933915
C6,4000,C6-resources-4000,8,15,2789221
C6,4000,C6-resources-4000,8,16,2777880
C6,4000,C6-resources-4000,8,17,2886059
C6,4000,C6-resources-4000,8,18,2812486
C6,4000,C6-resources-4000,8,19,2830994
C6,4000,C6-resources-4000,8,20,3335881
C6,4000,C6-resources-4000,8,21,4292971
C6,4000,C6-resources-4000,8,22,2888059
C6,4000,C6-resources-4000,8,23,3082513
C6,4000,C6-resources-4000,8,24,2932224
C6,4000,C6-resources-4000,8,25,3041704
C6,4000,C6-resources-4000,8,26,2977747
C6,4000,C6-resources-4000,8,27,2884828
C6,4000,C6-resources-4000,8,28,2790654
C6,4000,C6-resources-4000,8,29,2901570
C6,4000,C6-resources-4000,8,30,3046866
C6,4000,C6-resources-4000,8,31,2783288
C6,4000,C6-resources-4000,8,32,2813736
C6,4000,C6-resources-4000,8,33,2947139
C6,4000,C6-resources-4000,8,34,2793254
C6,4000,C6-resources-4000,8,35,2771326
C6,4000,C6-resources-4000,8,36,2897423
C6,4000,C6-resources-4000,8,37,2786795
C6,4000,C6-resources-4000,8,38,2932661
C6,4000,C6-resources-4000,8,39,2802126
C6,4000,C6-resources-4000,8,40,2776230
C6,4000,C6-resources-4000,8,41,2761692
C6,4000,C6-resources-4000,8,42,2852357
C6,4000,C6-resources-4000,8,43,2779209
C6,4000,C6-resources-4000,8,44,2767081
C6,4000,C6-resources-4000,8,45,4166216
C6,4000,C6-resources-4000,8,46,2846612
C6,4000,C6-resources-4000,8,47,2817105
C6,4000,C6-resources-4000,8,48,2923095
C6,4000,C6-resources-4000,8,49,2772481
C6,4000,C6-resources-4000,8,50,2811321
C6,4000,C6-resources-4000,8,51,2898650
C6,4000,C6-resources-4000,8,52,2803029
C6,4000,C6-resources-4000,8,53,2751164
C6,4000,C6-resources-4000,8,54,2841953
C6,4000,C6-resources-4000,8,55,2829307
C6,4000,C6-resources-4000,8,56,2794219
C6,4000,C6-resources-4000,8,57,2787620
C6,4000,C6-resources-4000,8,58,2960095
C6,4000,C6-resources-4000,8,59,2846450
C6,4000,C6-resources-4000,8,60,2814751
C6,4000,C6-resources-4000,8,61,3001405
C6,4000,C6-resources-4000,8,62,2874460
C6,4000,C6-resources-4000,8,63,2813275
C6,4000,C6-resources-4000,8,64,2905431
C6,4000,C6-resources-4000,8,65,2811801
C6,4000,C6-resources-4000,8,66,2773734
C6,4000,C6-resources-4000,8,67,2840766
C6,4000,C6-resources-4000,8,68,2801091
C6,4000,C6-resources-4000,8,69,2775807
C6,4000,C6-resources-4000,8,70,2765794
C6,4000,C6-resources-4000,8,71,2859822
C6,4000,C6-resources-4000,8,72,2791007
C6,4000,C6-resources-4000,8,73,2799210
C6,4000,C6-resources-4000,8,74,2967530
C6,4000,C6-resources-4000,8,75,2840003
C6,4000,C6-resources-4000,8,76,2762092
C6,4000,C6-resources-4000,8,77,2922499
C6,4000,C6-resources-4000,8,78,2872700
C6,4000,C6-resources-4000,8,79,4129698
C6,4000,C6-resources-4000,8,80,3131260
C6,4000,C6-resources-4000,8,81,2871035
C6,4000,C6-resources-4000,8,82,2795307
C6,4000,C6-resources-4000,8,83,2877741
C6,4000,C6-resources-4000,8,84,2853773
C6,4000,C6-resources-4000,8,85,2750403
C6,4000,C6-resources-4000,8,86,2738996
C6,4000,C6-resources-4000,8,87,2939638
C6,4000,C6-resources-4000,8,88,2771468
C6,4000,C6-resources-4000,8,89,2791791
C6,4000,C6-resources-4000,8,90,2935203
C6,4000,C6-resources-4000,8,91,2798516
C6,4000,C6-resources-4000,8,92,2756259
C6,4000,C6-resources-4000,8,93,3085166
C6,4000,C6-resources-4000,8,94,2882647
C6,4000,C6-resources-4000,8,95,2850206
C6,4000,C6-resources-4000,8,96,2922213
C6,4000,C6-resources-4000,8,97,2975525
C6,4000,C6-resources-4000,8,98,2844930
C6,4000,C6-resources-4000,8,99,2845000
C6,4000,C6-resources-4000,8,100,2933841
C4,500,C4-resources-0500,1,1,381112
C4,500,C4-resources-0500,1,2,377931
C4,500,C4-resources-0500,1,3,377740
C4,500,C4-resources-0500,1,4,392743
C4,500,C4-resources-0500,1,5,378853
C4,500,C4-resources-0500,1,6,425032
C4,500,C4-resources-0500,1,7,404101
C4,500,C4-resources-0500,1,8,376462
C4,500,C4-resources-0500,1,9,395846
C4,500,C4-resources-0500,1,10,381030
C4,500,C4-resources-0500,1,11,379269
C4,500,C4-resources-0500,1,12,380583
C4,500,C4-resources-0500,1,13,377425
C4,500,C4-resources-0500,1,14,453823
C4,500,C4-resources-0500,1,15,395231
C4,500,C4-resources-0500,1,16,445683
C4,500,C4-resources-0500,1,17,418012
C4,500,C4-resources-0500,1,18,382339
C4,500,C4-resources-0500,1,19,388330
C4,500,C4-resources-0500,1,20,380269
C4,500,C4-resources-0500,1,21,383465
C4,500,C4-resources-0500,1,22,383773
C4,500,C4-resources-0500,1,23,384564
C4,500,C4-resources-0500,1,24,387819
C4,500,C4-resources-0500,1,25,384844
C4,500,C4-resources-0500,1,26,379709
C4,500,C4-resources-0500,1,27,432764
C4,500,C4-resources-0500,1,28,381628
C4,500,C4-resources-0500,1,29,378667
C4,500,C4-resources-0500,1,30,378328
C4,500,C4-resources-0500,1,31,382433
C4,500,C4-resources-0500,1,32,399892
C4,500,C4-resources-0500,1,33,379375
C4,500,C4-resources-0500,1,34,377895
C4,500,C4-resources-0500,1,35,378307
C4,500,C4-resources-0500,1,36,382335
C4,500,C4-resources-0500,1,37,491412
C4,500,C4-resources-0500,1,38,392912
C4,500,C4-resources-0500,1,39,437632
C4,500,C4-resources-0500,1,40,378155
C4,500,C4-resources-0500,1,41,378793
C4,500,C4-resources-0500,1,42,379995
C4,500,C4-resources-0500,1,43,378975
C4,500,C4-resources-0500,1,44,392587
C4,500,C4-resources-0500,1,45,389434
C4,500,C4-resources-0500,1,46,375596
C4,500,C4-resources-0500,1,47,428209
C4,500,C4-resources-0500,1,48,379845
C4,500,C4-resources-0500,1,49,379452
C4,500,C4-resources-0500,1,50,380483
C4,500,C4-resources-0500,1,51,383466
C4,500,C4-resources-0500,1,52,396769
C4,500,C4-resources-0500,1,53,383995
C4,500,C4-resources-0500,1,54,384273
C4,500,C4-resources-0500,1,55,386154
C4,500,C4-resources-0500,1,56,383366
C4,500,C4-resources-0500,1,57,406048
C4,500,C4-resources-0500,1,58,395340
C4,500,C4-resources-0500,1,59,379907
C4,500,C4-resources-0500,1,60,2109564
C4,500,C4-resources-0500,1,61,453008
C4,500,C4-resources-0500,1,62,400304
C4,500,C4-resources-0500,1,63,405114
C4,500,C4-resources-0500,1,64,400573
C4,500,C4-resources-0500,1,65,383575
C4,500,C4-resources-0500,1,66,382151
C4,500,C4-resources-0500,1,67,380786
C4,500,C4-resources-0500,1,68,382525
C4,500,C4-resources-0500,1,69,380748
C4,500,C4-resources-0500,1,70,384145
C4,500,C4-resources-0500,1,71,380987
C4,500,C4-resources-0500,1,72,382333
C4,500,C4-resources-0500,1,73,376913
C4,500,C4-resources-0500,1,74,401943
C4,500,C4-resources-0500,1,75,382515
C4,500,C4-resources-0500,1,76,378805
C4,500,C4-resources-0500,1,77,383249
C4,500,C4-resources-0500,1,78,377277
C4,500,C4-resources-0500,1,79,386498
C4,500,C4-resources-0500,1,80,387717
C4,500,C4-resources-0500,1,81,377055
C4,500,C4-resources-0500,1,82,502605
C4,500,C4-resources-0500,1,83,465320
C4,500,C4-resources-0500,1,84,388744
C4,500,C4-resources-0500,1,85,380481
C4,500,C4-resources-0500,1,86,378115
C4,500,C4-resources-0500,1,87,381894
C4,500,C4-resources-0500,1,88,382393
C4,500,C4-resources-0500,1,89,376958
C4,500,C4-resources-0500,1,90,379321
C4,500,C4-resources-0500,1,91,382712
C4,500,C4-resources-0500,1,92,377232
C4,500,C4-resources-0500,1,93,381847
C4,500,C4-resources-0500,1,94,400980
C4,500,C4-resources-0500,1,95,378973
C4,500,C4-resources-0500,1,96,378920
C4,500,C4-resources-0500,1,97,378347
C4,500,C4-resources-0500,1,98,378240
C4,500,C4-resources-0500,1,99,380645
C4,500,C4-resources-0500,1,100,374827
C4,500,C4-resources-0500,2,1,397628
C4,500,C4-resources-0500,2,2,412664
C4,500,C4-resources-0500,2,3,404412
C4,500,C4-resources-0500,2,4,428006
C4,500,C4-resources-0500,2,5,377565
C4,500,C4-resources-0500,2,6,380321
C4,500,C4-resources-0500,2,7,444629
C4,500,C4-resources-0500,2,8,409196
C4,500,C4-resources-0500,2,9,392073
C4,500,C4-resources-0500,2,10,435988
C4,500,C4-resources-0500,2,11,409223
C4,500,C4-resources-0500,2,12,376241
C4,500,C4-resources-0500,2,13,416461
C4,500,C4-resources-0500,2,14,397045
C4,500,C4-resources-0500,2,15,409420
C4,500,C4-resources-0500,2,16,384530
C4,500,C4-resources-0500,2,17,387114
C4,500,C4-resources-0500,2,18,375398
C4,500,C4-resources-0500,2,19,380564
C4,500,C4-resources-0500,2,20,376855
C4,500,C4-resources-0500,2,21,375689
C4,500,C4-resources-0500,2,22,382207
C4,500,C4-resources-0500,2,23,378669
C4,500,C4-resources-0500,2,24,409801
C4,500,C4-resources-0500,2,25,380562
C4,500,C4-resources-0500,2,26,385981
C4,500,C4-resources-0500,2,27,378010
C4,500,C4-resources-0500,2,28,472712
C4,500,C4-resources-0500,2,29,379211
C4,500,C4-resources-0500,2,30,379324
C4,500,C4-resources-0500,2,31,450471
C4,500,C4-resources-0500,2,32,428729
C4,500,C4-resources-0500,2,33,510634
C4,500,C4-resources-0500,2,34,390671
C4,500,C4-resources-0500,2,35,381564
C4,500,C4-resources-0500,2,36,382075
C4,500,C4-resources-0500,2,37,385263
C4,500,C4-resources-0500,2,38,378087
C4,500,C4-resources-0500,2,39,380528
C4,500,C4-resources-0500,2,40,381691
C4,500,C4-resources-0500,2,41,376570
C4,500,C4-resources-0500,2,42,381066
C4,500,C4-resources-0500,2,43,376907
C4,500,C4-resources-0500,2,44,404867
C4,500,C4-resources-0500,2,45,374626
C4,500,C4-resources-0500,2,46,377427
C4,500,C4-resources-0500,2,47,375215
C4,500,C4-resources-0500,2,48,378304
C4,500,C4-resources-0500,2,49,379410
C4,500,C4-resources-0500,2,50,379310
C4,500,C4-resources-0500,2,51,410335
C4,500,C4-resources-0500,2,52,379596
C4,500,C4-resources-0500,2,53,386877
C4,500,C4-resources-0500,2,54,503372
C4,500,C4-resources-0500,2,55,430913
C4,500,C4-resources-0500,2,56,449039
C4,500,C4-resources-0500,2,57,381960
C4,500,C4-resources-0500,2,58,378729
C4,500,C4-resources-0500,2,59,378934
C4,500,C4-resources-0500,2,60,383811
C4,500,C4-resources-0500,2,61,404265
C4,500,C4-resources-0500,2,62,377752
C4,500,C4-resources-0500,2,63,409986
C4,500,C4-resources-0500,2,64,402892
C4,500,C4-resources-0500,2,65,379469
C4,500,C4-resources-0500,2,66,381866
C4,500,C4-resources-0500,2,67,381404
C4,500,C4-resources-0500,2,68,378714
C4,500,C4-resources-0500,2,69,390672
C4,500,C4-resources-0500,2,70,380636
C4,500,C4-resources-0500,2,71,376928
C4,500,C4-resources-0500,2,72,380399
C4,500,C4-resources-0500,2,73,378327
C4,500,C4-resources-0500,2,74,388685
C4,500,C4-resources-0500,2,75,401604
C4,500,C4-resources-0500,2,76,376281
C4,500,C4-resources-0500,2,77,376540
C4,500,C4-resources-0500,2,78,391281
C4,500,C4-resources-0500,2,79,379745
C4,500,C4-resources-0500,2,80,465400
C4,500,C4-resources-0500,2,81,387188
C4,500,C4-resources-0500,2,82,424126
C4,500,C4-resources-0500,2,83,377334
C4,500,C4-resources-0500,2,84,428511
C4,500,C4-resources-0500,2,85,379355
C4,500,C4-resources-0500,2,86,378952
C4,500,C4-resources-0500,2,87,379537
C4,500,C4-resources-0500,2,88,373869
C4,500,C4-resources-0500,2,89,375591
C4,500,C4-resources-0500,2,90,377975
C4,500,C4-resources-0500,2,91,389755
C4,500,C4-resources-0500,2,92,394238
C4,500,C4-resources-0500,2,93,376658
C4,500,C4-resources-0500,2,94,426561
C4,500,C4-resources-0500,2,95,398445
C4,500,C4-resources-0500,2,96,376730
C4,500,C4-resources-0500,2,97,380547
C4,500,C4-resources-0500,2,98,378540
C4,500,C4-resources-0500,2,99,409651
C4,500,C4-resources-0500,2,100,373748
C4,500,C4-resources-0500,3,1,392896
C4,500,C4-resources-0500,3,2,379394
C4,500,C4-resources-0500,3,3,434205
C4,500,C4-resources-0500,3,4,417912
C4,500,C4-resources-0500,3,5,458578
C4,500,C4-resources-0500,3,6,378062
C4,500,C4-resources-0500,3,7,381145
C4,500,C4-resources-0500,3,8,375936
C4,500,C4-resources-0500,3,9,374533
C4,500,C4-resources-0500,3,10,385356
C4,500,C4-resources-0500,3,11,382604
C4,500,C4-resources-0500,3,12,408908
C4,500,C4-resources-0500,3,13,377686
C4,500,C4-resources-0500,3,14,454975
C4,500,C4-resources-0500,3,15,377508
C4,500,C4-resources-0500,3,16,377099
C4,500,C4-resources-0500,3,17,375522
C4,500,C4-resources-0500,3,18,381476
C4,500,C4-resources-0500,3,19,377761
C4,500,C4-resources-0500,3,20,375523
C4,500,C4-resources-0500,3,21,373761
C4,500,C4-resources-0500,3,22,399760
C4,500,C4-resources-0500,3,23,374275
C4,500,C4-resources-0500,3,24,442960
C4,500,C4-resources-0500,3,25,410171
C4,500,C4-resources-0500,3,26,373180
C4,500,C4-resources-0500,3,27,442719
C4,500,C4-resources-0500,3,28,418548
C4,500,C4-resources-0500,3,29,420613
C4,500,C4-resources-0500,3,30,377561
C4,500,C4-resources-0500,3,31,379577
C4,500,C4-resources-0500,3,32,378022
C4,500,C4-resources-0500,3,33,376627
C4,500,C4-resources-0500,3,34,375473
C4,500,C4-resources-0500,3,35,411338
C4,500,C4-resources-0500,3,36,383187
C4,500,C4-resources-0500,3,37,397941
C4,500,C4-resources-0500,3,38,374995
C4,500,C4-resources-0500,3,39,375077
C4,500,C4-resources-0500,3,40,378637
C4,500,C4-resources-0500,3,41,377648
C4,500,C4-resources-0500,3,42,381798
C4,500,C4-resources-0500,3,43,376940
C4,500,C4-resources-0500,3,44,376249
C4,500,C4-resources-0500,3,45,391898
C4,500,C4-resources-0500,3,46,382539
C4,500,C4-resources-0500,3,47,371505
C4,500,C4-resources-0500,3,48,379709
C4,500,C4-resources-0500,3,49,376400
C4,500,C4-resources-0500,3,50,378904
C4,500,C4-resources-0500,3,51,417095
C4,500,C4-resources-0500,3,52,401303
C4,500,C4-resources-0500,3,53,449554
C4,500,C4-resources-0500,3,54,382124
C4,500,C4-resources-0500,3,55,455453
C4,500,C4-resources-0500,3,56,380161
C4,500,C4-resources-0500,3,57,377492
C4,500,C4-resources-0500,3,58,375085
C4,500,C4-resources-0500,3,59,374864
C4,500,C4-resources-0500,3,60,405173
C4,500,C4-resources-0500,3,61,378246
C4,500,C4-resources-0500,3,62,376231
C4,500,C4-resources-0500,3,63,376087
C4,500,C4-resources-0500,3,64,374839
C4,500,C4-resources-0500,3,65,373846
C4,500,C4-resources-0500,3,66,393618
C4,500,C4-resources-0500,3,67,386649
C4,500,C4-resources-0500,3,68,398556
C4,500,C4-resources-0500,3,69,373201
C4,500,C4-resources-0500,3,70,408575
C4,500,C4-resources-0500,3,71,376467
C4,500,C4-resources-0500,3,72,377596
C4,500,C4-resources-0500,3,73,413779
C4,500,C4-resources-0500,3,74,376956
C4,500,C4-resources-0500,3,75,494379
C4,500,C4-resources-0500,3,76,398108
C4,500,C4-resources-0500,3,77,431538
C4,500,C4-resources-0500,3,78,411236
C4,500,C4-resources-0500,3,79,393733
C4,500,C4-resources-0500,3,80,374950
C4,500,C4-resources-0500,3,81,381578
C4,500,C4-resources-0500,3,82,398669
C4,500,C4-resources-0500,3,83,385995
C4,500,C4-resources-0500,3,84,382023
C4,500,C4-resources-0500,3,85,433937
C4,500,C4-resources-0500,3,86,377573
C4,500,C4-resources-0500,3,87,376294
C4,500,C4-resources-0500,3,88,376817
C4,500,C4-resources-0500,3,89,377397
C4,500,C4-resources-0500,3,90,389762
C4,500,C4-resources-0500,3,91,393566
C4,500,C4-resources-0500,3,92,385953
C4,500,C4-resources-0500,3,93,405660
C4,500,C4-resources-0500,3,94,383277
C4,500,C4-resources-0500,3,95,410823
C4,500,C4-resources-0500,3,96,407253
C4,500,C4-resources-0500,3,97,396776
C4,500,C4-resources-0500,3,98,485150
C4,500,C4-resources-0500,3,99,413281
C4,500,C4-resources-0500,3,100,458955
C4,500,C4-resources-0500,4,1,390089
C4,500,C4-resources-0500,4,2,392300
C4,500,C4-resources-0500,4,3,382565
C4,500,C4-resources-0500,4,4,379270
C4,500,C4-resources-0500,4,5,393415
C4,500,C4-resources-0500,4,6,396701
C4,500,C4-resources-0500,4,7,379052
C4,500,C4-resources-0500,4,8,378290
C4,500,C4-resources-0500,4,9,379826
C4,500,C4-resources-0500,4,10,385507
C4,500,C4-resources-0500,4,11,400950
C4,500,C4-resources-0500,4,12,379468
C4,500,C4-resources-0500,4,13,378268
C4,500,C4-resources-0500,4,14,379211
C4,500,C4-resources-0500,4,15,427487
C4,500,C4-resources-0500,4,16,387950
C4,500,C4-resources-0500,4,17,382000
C4,500,C4-resources-0500,4,18,402114
C4,500,C4-resources-0500,4,19,379168
C4,500,C4-resources-0500,4,20,374156
C4,500,C4-resources-0500,4,21,427391
C4,500,C4-resources-0500,4,22,410288
C4,500,C4-resources-0500,4,23,385890
C4,500,C4-resources-0500,4,24,429912
C4,500,C4-resources-0500,4,25,385771
C4,500,C4-resources-0500,4,26,404294
C4,500,C4-resources-0500,4,27,379894
C4,500,C4-resources-0500,4,28,375460
C4,500,C4-resources-0500,4,29,379650
C4,500,C4-resources-0500,4,30,378879
C4,500,C4-resources-0500,4,31,377392
C4,500,C4-resources-0500,4,32,378765
C4,500,C4-resources-0500,4,33,380796
C4,500,C4-resources-0500,4,34,375904
C4,500,C4-resources-0500,4,35,376501
C4,500,C4-resources-0500,4,36,408688
C4,500,C4-resources-0500,4,37,377775
C4,500,C4-resources-0500,4,38,383916
C4,500,C4-resources-0500,4,39,374211
C4,500,C4-resources-0500,4,40,380008
C4,500,C4-resources-0500,4,41,379958
C4,500,C4-resources-0500,4,42,376897
C4,500,C4-resources-0500,4,43,379019
C4,500,C4-resources-0500,4,44,376289
C4,500,C4-resources-0500,4,45,379352
C4,500,C4-resources-0500,4,46,479900
C4,500,C4-resources-0500,4,47,443259
C4,500,C4-resources-0500,4,48,381012
C4,500,C4-resources-0500,4,49,383490
C4,500,C4-resources-0500,4,50,379321
C4,500,C4-resources-0500,4,51,380160
C4,500,C4-resources-0500,4,52,387533
C4,500,C4-resources-0500,4,53,410132
C4,500,C4-resources-0500,4,54,401398
C4,500,C4-resources-0500,4,55,378732
C4,500,C4-resources-0500,4,56,385307
C4,500,C4-resources-0500,4,57,393219
C4,500,C4-resources-0500,4,58,394823
C4,500,C4-resources-0500,4,59,411857
C4,500,C4-resources-0500,4,60,408549
C4,500,C4-resources-0500,4,61,396614
C4,500,C4-resources-0500,4,62,379997
C4,500,C4-resources-0500,4,63,391146
C4,500,C4-resources-0500,4,64,406704
C4,500,C4-resources-0500,4,65,421105
C4,500,C4-resources-0500,4,66,458605
C4,500,C4-resources-0500,4,67,407046
C4,500,C4-resources-0500,4,68,467710
C4,500,C4-resources-0500,4,69,442250
C4,500,C4-resources-0500,4,70,456252
C4,500,C4-resources-0500,4,71,407522
C4,500,C4-resources-0500,4,72,398502
C4,500,C4-resources-0500,4,73,403995
C4,500,C4-resources-0500,4,74,404111
C4,500,C4-resources-0500,4,75,410442
C4,500,C4-resources-0500,4,76,393374
C4,500,C4-resources-0500,4,77,377250
C4,500,C4-resources-0500,4,78,380205
C4,500,C4-resources-0500,4,79,376946
C4,500,C4-resources-0500,4,80,398352
C4,500,C4-resources-0500,4,81,390139
C4,500,C4-resources-0500,4,82,404273
C4,500,C4-resources-0500,4,83,378088
C4,500,C4-resources-0500,4,84,376705
C4,500,C4-resources-0500,4,85,389837
C4,500,C4-resources-0500,4,86,416373
C4,500,C4-resources-0500,4,87,381320
C4,500,C4-resources-0500,4,88,407841
C4,500,C4-resources-0500,4,89,379640
C4,500,C4-resources-0500,4,90,384445
C4,500,C4-resources-0500,4,91,404720
C4,500,C4-resources-0500,4,92,465695
C4,500,C4-resources-0500,4,93,412759
C4,500,C4-resources-0500,4,94,432220
C4,500,C4-resources-0500,4,95,381343
C4,500,C4-resources-0500,4,96,409847
C4,500,C4-resources-0500,4,97,379887
C4,500,C4-resources-0500,4,98,387330
C4,500,C4-resources-0500,4,99,375939
C4,500,C4-resources-0500,4,100,376906
C4,500,C4-resources-0500,5,1,381670
C4,500,C4-resources-0500,5,2,381679
C4,500,C4-resources-0500,5,3,383820
C4,500,C4-resources-0500,5,4,381231
C4,500,C4-resources-0500,5,5,403939
C4,500,C4-resources-0500,5,6,393525
C4,500,C4-resources-0500,5,7,376121
C4,500,C4-resources-0500,5,8,380600
C4,500,C4-resources-0500,5,9,382528
C4,500,C4-resources-0500,5,10,376954
C4,500,C4-resources-0500,5,11,380190
C4,500,C4-resources-0500,5,12,376819
C4,500,C4-resources-0500,5,13,376916
C4,500,C4-resources-0500,5,14,378872
C4,500,C4-resources-0500,5,15,497543
C4,500,C4-resources-0500,5,16,431377
C4,500,C4-resources-0500,5,17,427619
C4,500,C4-resources-0500,5,18,401268
C4,500,C4-resources-0500,5,19,382070
C4,500,C4-resources-0500,5,20,386366
C4,500,C4-resources-0500,5,21,386624
C4,500,C4-resources-0500,5,22,384518
C4,500,C4-resources-0500,5,23,386358
C4,500,C4-resources-0500,5,24,378393
C4,500,C4-resources-0500,5,25,382805
C4,500,C4-resources-0500,5,26,410545
C4,500,C4-resources-0500,5,27,376595
C4,500,C4-resources-0500,5,28,406601
C4,500,C4-resources-0500,5,29,377590
C4,500,C4-resources-0500,5,30,402494
C4,500,C4-resources-0500,5,31,380487
C4,500,C4-resources-0500,5,32,375859
C4,500,C4-resources-0500,5,33,399451
C4,500,C4-resources-0500,5,34,402902
C4,500,C4-resources-0500,5,35,411689
C4,500,C4-resources-0500,5,36,405964
C4,500,C4-resources-0500,5,37,379572
C4,500,C4-resources-0500,5,38,444811
C4,500,C4-resources-0500,5,39,413908
C4,500,C4-resources-0500,5,40,435947
C4,500,C4-resources-0500,5,41,395142
C4,500,C4-resources-0500,5,42,381558
C4,500,C4-resources-0500,5,43,407288
C4,500,C4-resources-0500,5,44,378167
C4,500,C4-resources-0500,5,45,381020
C4,500,C4-resources-0500,5,46,395738
C4,500,C4-resources-0500,5,47,380854
C4,500,C4-resources-0500,5,48,378836
C4,500,C4-resources-0500,5,49,378275
C4,500,C4-resources-0500,5,50,377151
C4,500,C4-resources-0500,5,51,375895
C4,500,C4-resources-0500,5,52,381517
C4,500,C4-resources-0500,5,53,390066
C4,500,C4-resources-0500,5,54,378523
C4,500,C4-resources-0500,5,55,379045
C4,500,C4-resources-0500,5,56,406373
C4,500,C4-resources-0500,5,57,382270
C4,500,C4-resources-0500,5,58,378767
C4,500,C4-resources-0500,5,59,375786
C4,500,C4-resources-0500,5,60,385538
C4,500,C4-resources-0500,5,61,398842
C4,500,C4-resources-0500,5,62,460827
C4,500,C4-resources-0500,5,63,405549
C4,500,C4-resources-0500,5,64,404863
C4,500,C4-resources-0500,5,65,404849
C4,500,C4-resources-0500,5,66,437711
C4,500,C4-resources-0500,5,67,409320
C4,500,C4-resources-0500,5,68,423663
C4,500,C4-resources-0500,5,69,398760
C4,500,C4-resources-0500,5,70,380704
C4,500,C4-resources-0500,5,71,394591
C4,500,C4-resources-0500,5,72,378791
C4,500,C4-resources-0500,5,73,375882
C4,500,C4-resources-0500,5,74,374239
C4,500,C4-resources-0500,5,75,375691
C4,500,C4-resources-0500,5,76,400610
C4,500,C4-resources-0500,5,77,375079
C4,500,C4-resources-0500,5,78,380288
C4,500,C4-resources-0500,5,79,381337
C4,500,C4-resources-0500,5,80,376888
C4,500,C4-resources-0500,5,81,410472
C4,500,C4-resources-0500,5,82,375686
C4,500,C4-resources-0500,5,83,381744
C4,500,C4-resources-0500,5,84,386477
C4,500,C4-resources-0500,5,85,443174
C4,500,C4-resources-0500,5,86,405366
C4,500,C4-resources-0500,5,87,424125
C4,500,C4-resources-0500,5,88,373640
C4,500,C4-resources-0500,5,89,381548
C4,500,C4-resources-0500,5,90,383414
C4,500,C4-resources-0500,5,91,377076
C4,500,C4-resources-0500,5,92,376819
C4,500,C4-resources-0500,5,93,379094
C4,500,C4-resources-0500,5,94,375750
C4,500,C4-resources-0500,5,95,376576
C4,500,C4-resources-0500,5,96,375928
C4,500,C4-resources-0500,5,97,416223
C4,500,C4-resources-0500,5,98,375854
C4,500,C4-resources-0500,5,99,375103
C4,500,C4-resources-0500,5,100,375716
C4,500,C4-resources-0500,6,1,385295
C4,500,C4-resources-0500,6,2,376797
C4,500,C4-resources-0500,6,3,378036
C4,500,C4-resources-0500,6,4,399245
C4,500,C4-resources-0500,6,5,376961
C4,500,C4-resources-0500,6,6,375499
C4,500,C4-resources-0500,6,7,412572
C4,500,C4-resources-0500,6,8,384495
C4,500,C4-resources-0500,6,9,482148
C4,500,C4-resources-0500,6,10,384884
C4,500,C4-resources-0500,6,11,439924
C4,500,C4-resources-0500,6,12,379987
C4,500,C4-resources-0500,6,13,381958
C4,500,C4-resources-0500,6,14,402132
C4,500,C4-resources-0500,6,15,379606
C4,500,C4-resources-0500,6,16,377563
C4,500,C4-resources-0500,6,17,389675
C4,500,C4-resources-0500,6,18,380534
C4,500,C4-resources-0500,6,19,387712
C4,500,C4-resources-0500,6,20,373604
C4,500,C4-resources-0500,6,21,388376
C4,500,C4-resources-0500,6,22,409649
C4,500,C4-resources-0500,6,23,1545117
C4,500,C4-resources-0500,6,24,427314
C4,500,C4-resources-0500,6,25,384769
C4,500,C4-resources-0500,6,26,379522
C4,500,C4-resources-0500,6,27,379061
C4,500,C4-resources-0500,6,28,378370
C4,500,C4-resources-0500,6,29,440289
C4,500,C4-resources-0500,6,30,411401
C4,500,C4-resources-0500,6,31,383037
C4,500,C4-resources-0500,6,32,427732
C4,500,C4-resources-0500,6,33,376900
C4,500,C4-resources-0500,6,34,392303
C4,500,C4-resources-0500,6,35,375605
C4,500,C4-resources-0500,6,36,381205
C4,500,C4-resources-0500,6,37,377316
C4,500,C4-resources-0500,6,38,375813
C4,500,C4-resources-0500,6,39,378993
C4,500,C4-resources-0500,6,40,379821
C4,500,C4-resources-0500,6,41,379819
C4,500,C4-resources-0500,6,42,377081
C4,500,C4-resources-0500,6,43,376849
C4,500,C4-resources-0500,6,44,382556
C4,500,C4-resources-0500,6,45,401886
C4,500,C4-resources-0500,6,46,377019
C4,500,C4-resources-0500,6,47,376139
C4,500,C4-resources-0500,6,48,379070
C4,500,C4-resources-0500,6,49,380694
C4,500,C4-resources-0500,6,50,388300
C4,500,C4-resources-0500,6,51,381088
C4,500,C4-resources-0500,6,52,375893
C4,500,C4-resources-0500,6,53,380302
C4,500,C4-resources-0500,6,54,467546
C4,500,C4-resources-0500,6,55,411094
C4,500,C4-resources-0500,6,56,426422
C4,500,C4-resources-0500,6,57,375768
C4,500,C4-resources-0500,6,58,378300
C4,500,C4-resources-0500,6,59,375053
C4,500,C4-resources-0500,6,60,380460
C4,500,C4-resources-0500,6,61,375405
C4,500,C4-resources-0500,6,62,405242
C4,500,C4-resources-0500,6,63,378351
C4,500,C4-resources-0500,6,64,380028
C4,500,C4-resources-0500,6,65,431078
C4,500,C4-resources-0500,6,66,376592
C4,500,C4-resources-0500,6,67,374158
C4,500,C4-resources-0500,6,68,374970
C4,500,C4-resources-0500,6,69,375560
C4,500,C4-resources-0500,6,70,377542
C4,500,C4-resources-0500,6,71,377800
C4,500,C4-resources-0500,6,72,387564
C4,500,C4-resources-0500,6,73,380382
C4,500,C4-resources-0500,6,74,375389
C4,500,C4-resources-0500,6,75,436739
C4,500,C4-resources-0500,6,76,394861
C4,500,C4-resources-0500,6,77,458723
C4,500,C4-resources-0500,6,78,448100
C4,500,C4-resources-0500,6,79,480819
C4,500,C4-resources-0500,6,80,412497
C4,500,C4-resources-0500,6,81,447095
C4,500,C4-resources-0500,6,82,470284
C4,500,C4-resources-0500,6,83,407557
C4,500,C4-resources-0500,6,84,469609
C4,500,C4-resources-0500,6,85,405346
C4,500,C4-resources-0500,6,86,387769
C4,500,C4-resources-0500,6,87,385295
C4,500,C4-resources-0500,6,88,408183
C4,500,C4-resources-0500,6,89,374783
C4,500,C4-resources-0500,6,90,376797
C4,500,C4-resources-0500,6,91,377255
C4,500,C4-resources-0500,6,92,384575
C4,500,C4-resources-0500,6,93,382401
C4,500,C4-resources-0500,6,94,390753
C4,500,C4-resources-0500,6,95,399957
C4,500,C4-resources-0500,6,96,389823
C4,500,C4-resources-0500,6,97,390411
C4,500,C4-resources-0500,6,98,377595
C4,500,C4-resources-0500,6,99,379593
C4,500,C4-resources-0500,6,100,462273
C4,500,C4-resources-0500,7,1,423461
C4,500,C4-resources-0500,7,2,451081
C4,500,C4-resources-0500,7,3,379688
C4,500,C4-resources-0500,7,4,412999
C4,500,C4-resources-0500,7,5,397141
C4,500,C4-resources-0500,7,6,375618
C4,500,C4-resources-0500,7,7,375117
C4,500,C4-resources-0500,7,8,376314
C4,500,C4-resources-0500,7,9,381419
C4,500,C4-resources-0500,7,10,378969
C4,500,C4-resources-0500,7,11,408590
C4,500,C4-resources-0500,7,12,382970
C4,500,C4-resources-0500,7,13,377739
C4,500,C4-resources-0500,7,14,399814
C4,500,C4-resources-0500,7,15,381955
C4,500,C4-resources-0500,7,16,386303
C4,500,C4-resources-0500,7,17,383120
C4,500,C4-resources-0500,7,18,376027
C4,500,C4-resources-0500,7,19,397335
C4,500,C4-resources-0500,7,20,376529
C4,500,C4-resources-0500,7,21,393524
C4,500,C4-resources-0500,7,22,377914
C4,500,C4-resources-0500,7,23,454172
C4,500,C4-resources-0500,7,24,513035
C4,500,C4-resources-0500,7,25,380526
C4,500,C4-resources-0500,7,26,380809
C4,500,C4-resources-0500,7,27,377185
C4,500,C4-resources-0500,7,28,388337
C4,500,C4-resources-0500,7,29,384004
C4,500,C4-resources-0500,7,30,383982
C4,500,C4-resources-0500,7,31,406775
C4,500,C4-resources-0500,7,32,409128
C4,500,C4-resources-0500,7,33,388977
C4,500,C4-resources-0500,7,34,392221
C4,500,C4-resources-0500,7,35,400351
C4,500,C4-resources-0500,7,36,375123
C4,500,C4-resources-0500,7,37,379763
C4,500,C4-resources-0500,7,38,378829
C4,500,C4-resources-0500,7,39,377063
C4,500,C4-resources-0500,7,40,398989
C4,500,C4-resources-0500,7,41,392180
C4,500,C4-resources-0500,7,42,380266
C4,500,C4-resources-0500,7,43,375353
C4,500,C4-resources-0500,7,44,374712
C4,500,C4-resources-0500,7,45,399057
C4,500,C4-resources-0500,7,46,376066
C4,500,C4-resources-0500,7,47,377421
C4,500,C4-resources-0500,7,48,441966
C4,500,C4-resources-0500,7,49,422029
C4,500,C4-resources-0500,7,50,441877
C4,500,C4-resources-0500,7,51,379822
C4,500,C4-resources-0500,7,52,379939
C4,500,C4-resources-0500,7,53,377252
C4,500,C4-resources-0500,7,54,384180
C4,500,C4-resources-0500,7,55,401684
C4,500,C4-resources-0500,7,56,380165
C4,500,C4-resources-0500,7,57,386526
C4,500,C4-resources-0500,7,58,377771
C4,500,C4-resources-0500,7,59,395138
C4,500,C4-resources-0500,7,60,376272
C4,500,C4-resources-0500,7,61,383183
C4,500,C4-resources-0500,7,62,392245
C4,500,C4-resources-0500,7,63,378864
C4,500,C4-resources-0500,7,64,379236
C4,500,C4-resources-0500,7,65,406065
C4,500,C4-resources-0500,7,66,377776
C4,500,C4-resources-0500,7,67,392708
C4,500,C4-resources-0500,7,68,379600
C4,500,C4-resources-0500,7,69,393861
C4,500,C4-resources-0500,7,70,397865
C4,500,C4-resources-0500,7,71,439376
C4,500,C4-resources-0500,7,72,418021
C4,500,C4-resources-0500,7,73,398110
C4,500,C4-resources-0500,7,74,454001
C4,500,C4-resources-0500,7,75,392592
C4,500,C4-resources-0500,7,76,377840
C4,500,C4-resources-0500,7,77,390388
C4,500,C4-resources-0500,7,78,380730
C4,500,C4-resources-0500,7,79,391073
C4,500,C4-resources-0500,7,80,381998
C4,500,C4-resources-0500,7,81,377203
C4,500,C4-resources-0500,7,82,377163
C4,500,C4-resources-0500,7,83,375658
C4,500,C4-resources-0500,7,84,376627
C4,500,C4-resources-0500,7,85,404361
C4,500,C4-resources-0500,7,86,380410
C4,500,C4-resources-0500,7,87,409255
C4,500,C4-resources-0500,7,88,374721
C4,500,C4-resources-0500,7,89,385947
C4,500,C4-resources-0500,7,90,384307
C4,500,C4-resources-0500,7,91,382837
C4,500,C4-resources-0500,7,92,397561
C4,500,C4-resources-0500,7,93,377657
C4,500,C4-resources-0500,7,94,374678
C4,500,C4-resources-0500,7,95,451552
C4,500,C4-resources-0500,7,96,413699
C4,500,C4-resources-0500,7,97,450705
C4,500,C4-resources-0500,7,98,373971
C4,500,C4-resources-0500,7,99,375747
C4,500,C4-resources-0500,7,100,379374
C4,500,C4-resources-0500,8,1,382783
C4,500,C4-resources-0500,8,2,377041
C4,500,C4-resources-0500,8,3,375170
C4,500,C4-resources-0500,8,4,377951
C4,500,C4-resources-0500,8,5,451480
C4,500,C4-resources-0500,8,6,375320
C4,500,C4-resources-0500,8,7,374711
C4,500,C4-resources-0500,8,8,380960
C4,500,C4-resources-0500,8,9,382313
C4,500,C4-resources-0500,8,10,408264
C4,500,C4-resources-0500,8,11,377310
C4,500,C4-resources-0500,8,12,409723
C4,500,C4-resources-0500,8,13,377058
C4,500,C4-resources-0500,8,14,374579
C4,500,C4-resources-0500,8,15,387908
C4,500,C4-resources-0500,8,16,398633
C4,500,C4-resources-0500,8,17,387346
C4,500,C4-resources-0500,8,18,442859
C4,500,C4-resources-0500,8,19,416101
C4,500,C4-resources-0500,8,20,420521
C4,500,C4-resources-0500,8,21,405930
C4,500,C4-resources-0500,8,22,389420
C4,500,C4-resources-0500,8,23,402897
C4,500,C4-resources-0500,8,24,378642
C4,500,C4-resources-0500,8,25,384585
C4,500,C4-resources-0500,8,26,381386
C4,500,C4-resources-0500,8,27,391577
C4,500,C4-resources-0500,8,28,387178
C4,500,C4-resources-0500,8,29,384131
C4,500,C4-resources-0500,8,30,387957
C4,500,C4-resources-0500,8,31,379153
C4,500,C4-resources-0500,8,32,380392
C4,500,C4-resources-0500,8,33,373949
C4,500,C4-resources-0500,8,34,377638
C4,500,C4-resources-0500,8,35,378173
C4,500,C4-resources-0500,8,36,391253
C4,500,C4-resources-0500,8,37,375020
C4,500,C4-resources-0500,8,38,381029
C4,500,C4-resources-0500,8,39,378288
C4,500,C4-resources-0500,8,40,378401
C4,500,C4-resources-0500,8,41,376334
C4,500,C4-resources-0500,8,42,436084
C4,500,C4-resources-0500,8,43,404563
C4,500,C4-resources-0500,8,44,407179
C4,500,C4-resources-0500,8,45,392032
C4,500,C4-resources-0500,8,46,451237
C4,500,C4-resources-0500,8,47,374904
C4,500,C4-resources-0500,8,48,374123
C4,500,C4-resources-0500,8,49,376305
C4,500,C4-resources-0500,8,50,383661
C4,500,C4-resources-0500,8,51,378975
C4,500,C4-resources-0500,8,52,376200
C4,500,C4-resources-0500,8,53,374206
C4,500,C4-resources-0500,8,54,374344
C4,500,C4-resources-0500,8,55,381267
C4,500,C4-resources-0500,8,56,445239
C4,500,C4-resources-0500,8,57,380241
C4,500,C4-resources-0500,8,58,403041
C4,500,C4-resources-0500,8,59,376620
C4,500,C4-resources-0500,8,60,384976
C4,500,C4-resources-0500,8,61,405129
C4,500,C4-resources-0500,8,62,378819
C4,500,C4-resources-0500,8,63,408208
C4,500,C4-resources-0500,8,64,383143
C4,500,C4-resources-0500,8,65,380813
C4,500,C4-resources-0500,8,66,544383
C4,500,C4-resources-0500,8,67,432400
C4,500,C4-resources-0500,8,68,375230
C4,500,C4-resources-0500,8,69,378626
C4,500,C4-resources-0500,8,70,375577
C4,500,C4-resources-0500,8,71,379349
C4,500,C4-resources-0500,8,72,377232
C4,500,C4-resources-0500,8,73,378762
C4,500,C4-resources-0500,8,74,374677
C4,500,C4-resources-0500,8,75,376813
C4,500,C4-resources-0500,8,76,425320
C4,500,C4-resources-0500,8,77,376722
C4,500,C4-resources-0500,8,78,390564
C4,500,C4-resources-0500,8,79,391518
C4,500,C4-resources-0500,8,80,374372
C4,500,C4-resources-0500,8,81,374947
C4,500,C4-resources-0500,8,82,382706
C4,500,C4-resources-0500,8,83,386446
C4,500,C4-resources-0500,8,84,389972
C4,500,C4-resources-0500,8,85,377943
C4,500,C4-resources-0500,8,86,386873
C4,500,C4-resources-0500,8,87,400747
C4,500,C4-resources-0500,8,88,373769
C4,500,C4-resources-0500,8,89,456353
C4,500,C4-resources-0500,8,90,384464
C4,500,C4-resources-0500,8,91,429426
C4,500,C4-resources-0500,8,92,375690
C4,500,C4-resources-0500,8,93,402357
C4,500,C4-resources-0500,8,94,379621
C4,500,C4-resources-0500,8,95,380111
C4,500,C4-resources-0500,8,96,405542
C4,500,C4-resources-0500,8,97,392949
C4,500,C4-resources-0500,8,98,373860
C4,500,C4-resources-0500,8,99,373996
C4,500,C4-resources-0500,8,100,387934
C6,5000,C6-resources-5000,1,1,2897234
C6,5000,C6-resources-5000,1,2,2904601
C6,5000,C6-resources-5000,1,3,2910109
C6,5000,C6-resources-5000,1,4,2914055
C6,5000,C6-resources-5000,1,5,2905487
C6,5000,C6-resources-5000,1,6,2910561
C6,5000,C6-resources-5000,1,7,2899300
C6,5000,C6-resources-5000,1,8,2918861
C6,5000,C6-resources-5000,1,9,2935032
C6,5000,C6-resources-5000,1,10,2875940
C6,5000,C6-resources-5000,1,11,2933805
C6,5000,C6-resources-5000,1,12,3459764
C6,5000,C6-resources-5000,1,13,3059750
C6,5000,C6-resources-5000,1,14,3007616
C6,5000,C6-resources-5000,1,15,3020727
C6,5000,C6-resources-5000,1,16,2974505
C6,5000,C6-resources-5000,1,17,2902834
C6,5000,C6-resources-5000,1,18,3093927
C6,5000,C6-resources-5000,1,19,3406899
C6,5000,C6-resources-5000,1,20,2957138
C6,5000,C6-resources-5000,1,21,2926466
C6,5000,C6-resources-5000,1,22,2932357
C6,5000,C6-resources-5000,1,23,9958246
C6,5000,C6-resources-5000,1,24,3026035
C6,5000,C6-resources-5000,1,25,2877500
C6,5000,C6-resources-5000,1,26,2955356
C6,5000,C6-resources-5000,1,27,2860010
C6,5000,C6-resources-5000,1,28,2887581
C6,5000,C6-resources-5000,1,29,2953516
C6,5000,C6-resources-5000,1,30,2847270
C6,5000,C6-resources-5000,1,31,2835145
C6,5000,C6-resources-5000,1,32,2938273
C6,5000,C6-resources-5000,1,33,2856576
C6,5000,C6-resources-5000,1,34,2866570
C6,5000,C6-resources-5000,1,35,2815673
C6,5000,C6-resources-5000,1,36,2850762
C6,5000,C6-resources-5000,1,37,2828525
C6,5000,C6-resources-5000,1,38,2851817
C6,5000,C6-resources-5000,1,39,2847217
C6,5000,C6-resources-5000,1,40,2953772
C6,5000,C6-resources-5000,1,41,2911119
C6,5000,C6-resources-5000,1,42,2874494
C6,5000,C6-resources-5000,1,43,2931006
C6,5000,C6-resources-5000,1,44,2876301
C6,5000,C6-resources-5000,1,45,2948666
C6,5000,C6-resources-5000,1,46,2942006
C6,5000,C6-resources-5000,1,47,2890904
C6,5000,C6-resources-5000,1,48,2954875
C6,5000,C6-resources-5000,1,49,2931337
C6,5000,C6-resources-5000,1,50,2922989
C6,5000,C6-resources-5000,1,51,3097742
C6,5000,C6-resources-5000,1,52,2932695
C6,5000,C6-resources-5000,1,53,2951694
C6,5000,C6-resources-5000,1,54,2978864
C6,5000,C6-resources-5000,1,55,2859235
C6,5000,C6-resources-5000,1,56,2883883
C6,5000,C6-resources-5000,1,57,2895486
C6,5000,C6-resources-5000,1,58,2870552
C6,5000,C6-resources-5000,1,59,2900566
C6,5000,C6-resources-5000,1,60,2987658
C6,5000,C6-resources-5000,1,61,2927918
C6,5000,C6-resources-5000,1,62,2820659
C6,5000,C6-resources-5000,1,63,2929460
C6,5000,C6-resources-5000,1,64,2809002
C6,5000,C6-resources-5000,1,65,2839554
C6,5000,C6-resources-5000,1,66,2887816
C6,5000,C6-resources-5000,1,67,2908105
C6,5000,C6-resources-5000,1,68,2851929
C6,5000,C6-resources-5000,1,69,2880044
C6,5000,C6-resources-5000,1,70,2909910
C6,5000,C6-resources-5000,1,71,2828682
C6,5000,C6-resources-5000,1,72,2812362
C6,5000,C6-resources-5000,1,73,2842864
C6,5000,C6-resources-5000,1,74,2891651
C6,5000,C6-resources-5000,1,75,2914559
C6,5000,C6-resources-5000,1,76,2897571
C6,5000,C6-resources-5000,1,77,2873452
C6,5000,C6-resources-5000,1,78,2828054
C6,5000,C6-resources-5000,1,79,10443674
C6,5000,C6-resources-5000,1,80,3136860
C6,5000,C6-resources-5000,1,81,3154755
C6,5000,C6-resources-5000,1,82,2875505
C6,5000,C6-resources-5000,1,83,2994261
C6,5000,C6-resources-5000,1,84,3009750
C6,5000,C6-resources-5000,1,85,2944750
C6,5000,C6-resources-5000,1,86,2854229
C6,5000,C6-resources-5000,1,87,2849221
C6,5000,C6-resources-5000,1,88,2909099
C6,5000,C6-resources-5000,1,89,2828933
C6,5000,C6-resources-5000,1,90,2888331
C6,5000,C6-resources-5000,1,91,2937575
C6,5000,C6-resources-5000,1,92,2893702
C6,5000,C6-resources-5000,1,93,2909984
C6,5000,C6-resources-5000,1,94,2895873
C6,5000,C6-resources-5000,1,95,2868569
C6,5000,C6-resources-5000,1,96,2837937
C6,5000,C6-resources-5000,1,97,2872071
C6,5000,C6-resources-5000,1,98,2867683
C6,5000,C6-resources-5000,1,99,2948431
C6,5000,C6-resources-5000,1,100,2943831
C6,5000,C6-resources-5000,2,1,2845041
C6,5000,C6-resources-5000,2,2,2798886
C6,5000,C6-resources-5000,2,3,2918636
C6,5000,C6-resources-5000,2,4,3049812
C6,5000,C6-resources-5000,2,5,3066326
C6,5000,C6-resources-5000,2,6,3025252
C6,5000,C6-resources-5000,2,7,2972114
C6,5000,C6-resources-5000,2,8,2873182
C6,5000,C6-resources-5000,2,9,2812913
C6,5000,C6-resources-5000,2,10,2873110
C6,5000,C6-resources-5000,2,11,2853486
C6,5000,C6-resources-5000,2,12,2827579
C6,5000,C6-resources-5000,2,13,2939329
C6,5000,C6-resources-5000,2,14,2889699
C6,5000,C6-resources-5000,2,15,3417152
C6,5000,C6-resources-5000,2,16,3065018
C6,5000,C6-resources-5000,2,17,3100343
C6,5000,C6-resources-5000,2,18,3024591
C6,5000,C6-resources-5000,2,19,2918528
C6,5000,C6-resources-5000,2,20,2850097
C6,5000,C6-resources-5000,2,21,2780842
C6,5000,C6-resources-5000,2,22,2936006
C6,5000,C6-resources-5000,2,23,2851365
C6,5000,C6-resources-5000,2,24,2904782
C6,5000,C6-resources-5000,2,25,2893541
C6,5000,C6-resources-5000,2,26,2899625
C6,5000,C6-resources-5000,2,27,2862162
C6,5000,C6-resources-5000,2,28,2783077
C6,5000,C6-resources-5000,2,29,2877454
C6,5000,C6-resources-5000,2,30,2916514
C6,5000,C6-resources-5000,2,31,2874905
C6,5000,C6-resources-5000,2,32,2847711
C6,5000,C6-resources-5000,2,33,2940031
C6,5000,C6-resources-5000,2,34,2877403
C6,5000,C6-resources-5000,2,35,2824704
C6,5000,C6-resources-5000,2,36,10016241
C6,5000,C6-resources-5000,2,37,3121969
C6,5000,C6-resources-5000,2,38,2995266
C6,5000,C6-resources-5000,2,39,3062801
C6,5000,C6-resources-5000,2,40,2910734
C6,5000,C6-resources-5000,2,41,2880040
C6,5000,C6-resources-5000,2,42,2891887
C6,5000,C6-resources-5000,2,43,2878547
C6,5000,C6-resources-5000,2,44,2782512
C6,5000,C6-resources-5000,2,45,2958923
C6,5000,C6-resources-5000,2,46,2930758
C6,5000,C6-resources-5000,2,47,3413151
C6,5000,C6-resources-5000,2,48,3009051
C6,5000,C6-resources-5000,2,49,2976391
C6,5000,C6-resources-5000,2,50,3103587
C6,5000,C6-resources-5000,2,51,2984370
C6,5000,C6-resources-5000,2,52,3058075
C6,5000,C6-resources-5000,2,53,2855355
C6,5000,C6-resources-5000,2,54,2923522
C6,5000,C6-resources-5000,2,55,2918209
C6,5000,C6-resources-5000,2,56,2871239
C6,5000,C6-resources-5000,2,57,2948843
C6,5000,C6-resources-5000,2,58,2871902
C6,5000,C6-resources-5000,2,59,2928755
C6,5000,C6-resources-5000,2,60,2859236
C6,5000,C6-resources-5000,2,61,2985255
C6,5000,C6-resources-5000,2,62,2969972
C6,5000,C6-resources-5000,2,63,2927123
C6,5000,C6-resources-5000,2,64,2920680
C6,5000,C6-resources-5000,2,65,2976948
C6,5000,C6-resources-5000,2,66,2930400
C6,5000,C6-resources-5000,2,67,2830854
C6,5000,C6-resources-5000,2,68,2960387
C6,5000,C6-resources-5000,2,69,2933560
C6,5000,C6-resources-5000,2,70,3041101
C6,5000,C6-resources-5000,2,71,3276177
C6,5000,C6-resources-5000,2,72,2906785
C6,5000,C6-resources-5000,2,73,3006763
C6,5000,C6-resources-5000,2,74,2971674
C6,5000,C6-resources-5000,2,75,2855915
C6,5000,C6-resources-5000,2,76,2855941
C6,5000,C6-resources-5000,2,77,2881303
C6,5000,C6-resources-5000,2,78,2890017
C6,5000,C6-resources-5000,2,79,2820084
C6,5000,C6-resources-5000,2,80,2869516
C6,5000,C6-resources-5000,2,81,3421578
C6,5000,C6-resources-5000,2,82,2944879
C6,5000,C6-resources-5000,2,83,3024527
C6,5000,C6-resources-5000,2,84,3321795
C6,5000,C6-resources-5000,2,85,2966551
C6,5000,C6-resources-5000,2,86,2854525
C6,5000,C6-resources-5000,2,87,2891175
C6,5000,C6-resources-5000,2,88,3002964
C6,5000,C6-resources-5000,2,89,2927977
C6,5000,C6-resources-5000,2,90,2909303
C6,5000,C6-resources-5000,2,91,2855716
C6,5000,C6-resources-5000,2,92,2948277
C6,5000,C6-resources-5000,2,93,10143238
C6,5000,C6-resources-5000,2,94,3017688
C6,5000,C6-resources-5000,2,95,2885001
C6,5000,C6-resources-5000,2,96,2828435
C6,5000,C6-resources-5000,2,97,2882135
C6,5000,C6-resources-5000,2,98,2857182
C6,5000,C6-resources-5000,2,99,2874352
C6,5000,C6-resources-5000,2,100,2817806
C6,5000,C6-resources-5000,3,1,2882007
C6,5000,C6-resources-5000,3,2,2868074
C6,5000,C6-resources-5000,3,3,2816552
C6,5000,C6-resources-5000,3,4,2900416
C6,5000,C6-resources-5000,3,5,2918107
C6,5000,C6-resources-5000,3,6,2859129
C6,5000,C6-resources-5000,3,7,2830406
C6,5000,C6-resources-5000,3,8,2814121
C6,5000,C6-resources-5000,3,9,3327155
C6,5000,C6-resources-5000,3,10,3076804
C6,5000,C6-resources-5000,3,11,3113290
C6,5000,C6-resources-5000,3,12,3020522
C6,5000,C6-resources-5000,3,13,2909164
C6,5000,C6-resources-5000,3,14,2856259
C6,5000,C6-resources-5000,3,15,2940253
C6,5000,C6-resources-5000,3,16,2933588
C6,5000,C6-resources-5000,3,17,2894139
C6,5000,C6-resources-5000,3,18,2919720
C6,5000,C6-resources-5000,3,19,2884370
C6,5000,C6-resources-5000,3,20,2935525
C6,5000,C6-resources-5000,3,21,2884400
C6,5000,C6-resources-5000,3,22,2944134
C6,5000,C6-resources-5000,3,23,2996589
C6,5000,C6-resources-5000,3,24,2811783
C6,5000,C6-resources-5000,3,25,2853363
C6,5000,C6-resources-5000,3,26,2949293
C6,5000,C6-resources-5000,3,27,2946649
C6,5000,C6-resources-5000,3,28,2919779
C6,5000,C6-resources-5000,3,29,2924240
C6,5000,C6-resources-5000,3,30,2912045
C6,5000,C6-resources-5000,3,31,2825173
C6,5000,C6-resources-5000,3,32,2905576
C6,5000,C6-resources-5000,3,33,2862597
C6,5000,C6-resources-5000,3,34,2838930
C6,5000,C6-resources-5000,3,35,2830074
C6,5000,C6-resources-5000,3,36,2846095
C6,5000,C6-resources-5000,3,37,2882836
C6,5000,C6-resources-5000,3,38,2904643
C6,5000,C6-resources-5000,3,39,2921819
C6,5000,C6-resources-5000,3,40,2929227
C6,5000,C6-resources-5000,3,41,2908198
C6,5000,C6-resources-5000,3,42,2877529
C6,5000,C6-resources-5000,3,43,3401328
C6,5000,C6-resources-5000,3,44,3068777
C6,5000,C6-resources-5000,3,45,3058924
C6,5000,C6-resources-5000,3,46,3024537
C6,5000,C6-resources-5000,3,47,2938208
C6,5000,C6-resources-5000,3,48,2842203
C6,5000,C6-resources-5000,3,49,10076643
C6,5000,C6-resources-5000,3,50,2985622
C6,5000,C6-resources-5000,3,51,2880854
C6,5000,C6-resources-5000,3,52,2961666
C6,5000,C6-resources-5000,3,53,2836733
C6,5000,C6-resources-5000,3,54,2831912
C6,5000,C6-resources-5000,3,55,2888773
C6,5000,C6-resources-5000,3,56,2934559
C6,5000,C6-resources-5000,3,57,3034398
C6,5000,C6-resources-5000,3,58,3154206
C6,5000,C6-resources-5000,3,59,3008144
C6,5000,C6-resources-5000,3,60,2899160
C6,5000,C6-resources-5000,3,61,2969785
C6,5000,C6-resources-5000,3,62,2884969
C6,5000,C6-resources-5000,3,63,2920205
C6,5000,C6-resources-5000,3,64,2921611
C6,5000,C6-resources-5000,3,65,2876055
C6,5000,C6-resources-5000,3,66,2884313
C6,5000,C6-resources-5000,3,67,2879794
C6,5000,C6-resources-5000,3,68,2901860
C6,5000,C6-resources-5000,3,69,2896630
C6,5000,C6-resources-5000,3,70,2832169
C6,5000,C6-resources-5000,3,71,2922943
C6,5000,C6-resources-5000,3,72,2898648
C6,5000,C6-resources-5000,3,73,2902924
C6,5000,C6-resources-5000,3,74,2860988
C6,5000,C6-resources-5000,3,75,3431109
C6,5000,C6-resources-5000,3,76,2907207
C6,5000,C6-resources-5000,3,77,3061668
C6,5000,C6-resources-5000,3,78,3038938
C6,5000,C6-resources-5000,3,79,3057908
C6,5000,C6-resources-5000,3,80,2863735
C6,5000,C6-resources-5000,3,81,2862867
C6,5000,C6-resources-5000,3,82,2900040
C6,5000,C6-resources-5000,3,83,2765372
C6,5000,C6-resources-5000,3,84,2865659
C6,5000,C6-resources-5000,3,85,2911871
C6,5000,C6-resources-5000,3,86,2932839
C6,5000,C6-resources-5000,3,87,2860425
C6,5000,C6-resources-5000,3,88,2922173
C6,5000,C6-resources-5000,3,89,2919214
C6,5000,C6-resources-5000,3,90,2817136
C6,5000,C6-resources-5000,3,91,2889407
C6,5000,C6-resources-5000,3,92,2896251
C6,5000,C6-resources-5000,3,93,2876614
C6,5000,C6-resources-5000,3,94,2826570
C6,5000,C6-resources-5000,3,95,2893085
C6,5000,C6-resources-5000,3,96,2895717
C6,5000,C6-resources-5000,3,97,2914714
C6,5000,C6-resources-5000,3,98,2878996
C6,5000,C6-resources-5000,3,99,2909775
C6,5000,C6-resources-5000,3,100,2882022
C6,5000,C6-resources-5000,4,1,2930634
C6,5000,C6-resources-5000,4,2,2859964
C6,5000,C6-resources-5000,4,3,2864656
C6,5000,C6-resources-5000,4,4,2880965
C6,5000,C6-resources-5000,4,5,2844626
C6,5000,C6-resources-5000,4,6,9736400
C6,5000,C6-resources-5000,4,7,3379995
C6,5000,C6-resources-5000,4,8,2960228
C6,5000,C6-resources-5000,4,9,2922671
C6,5000,C6-resources-5000,4,10,2918621
C6,5000,C6-resources-5000,4,11,2922178
C6,5000,C6-resources-5000,4,12,2862424
C6,5000,C6-resources-5000,4,13,2936321
C6,5000,C6-resources-5000,4,14,2868186
C6,5000,C6-resources-5000,4,15,3039678
C6,5000,C6-resources-5000,4,16,2829895
C6,5000,C6-resources-5000,4,17,2782066
C6,5000,C6-resources-5000,4,18,2869887
C6,5000,C6-resources-5000,4,19,2876416
C6,5000,C6-resources-5000,4,20,2876164
C6,5000,C6-resources-5000,4,21,2897601
C6,5000,C6-resources-5000,4,22,2904704
C6,5000,C6-resources-5000,4,23,2899276
C6,5000,C6-resources-5000,4,24,2908015
C6,5000,C6-resources-5000,4,25,2950151
C6,5000,C6-resources-5000,4,26,2866097
C6,5000,C6-resources-5000,4,27,2890164
C6,5000,C6-resources-5000,4,28,2872096
C6,5000,C6-resources-5000,4,29,2870689
C6,5000,C6-resources-5000,4,30,2874253
C6,5000,C6-resources-5000,4,31,2905700
C6,5000,C6-resources-5000,4,32,2928592
C6,5000,C6-resources-5000,4,33,2902793
C6,5000,C6-resources-5000,4,34,2846591
C6,5000,C6-resources-5000,4,35,2923709
C6,5000,C6-resources-5000,4,36,2858509
C6,5000,C6-resources-5000,4,37,2806731
C6,5000,C6-resources-5000,4,38,2949710
C6,5000,C6-resources-5000,4,39,2912073
C6,5000,C6-resources-5000,4,40,2861526
C6,5000,C6-resources-5000,4,41,2926387
C6,5000,C6-resources-5000,4,42,2977136
C6,5000,C6-resources-5000,4,43,2913877
C6,5000,C6-resources-5000,4,44,2952489
C6,5000,C6-resources-5000,4,45,2929884
C6,5000,C6-resources-5000,4,46,2852589
C6,5000,C6-resources-5000,4,47,2851636
C6,5000,C6-resources-5000,4,48,2834022
C6,5000,C6-resources-5000,4,49,2895482
C6,5000,C6-resources-5000,4,50,2945292
C6,5000,C6-resources-5000,4,51,2911422
C6,5000,C6-resources-5000,4,52,2811896
C6,5000,C6-resources-5000,4,53,2870776
C6,5000,C6-resources-5000,4,54,2960426
C6,5000,C6-resources-5000,4,55,2838676
C6,5000,C6-resources-5000,4,56,2877484
C6,5000,C6-resources-5000,4,57,2869963
C6,5000,C6-resources-5000,4,58,2856282
C6,5000,C6-resources-5000,4,59,2859948
C6,5000,C6-resources-5000,4,60,2893710
C6,5000,C6-resources-5000,4,61,2953060
C6,5000,C6-resources-5000,4,62,2902547
C6,5000,C6-resources-5000,4,63,10043306
C6,5000,C6-resources-5000,4,64,2987772
C6,5000,C6-resources-5000,4,65,2871356
C6,5000,C6-resources-5000,4,66,2815826
C6,5000,C6-resources-5000,4,67,2883906
C6,5000,C6-resources-5000,4,68,2913123
C6,5000,C6-resources-5000,4,69,2786856
C6,5000,C6-resources-5000,4,70,2869009
C6,5000,C6-resources-5000,4,71,2849035
C6,5000,C6-resources-5000,4,72,2921082
C6,5000,C6-resources-5000,4,73,2868575
C6,5000,C6-resources-5000,4,74,3000282
C6,5000,C6-resources-5000,4,75,3002776
C6,5000,C6-resources-5000,4,76,2851298
C6,5000,C6-resources-5000,4,77,2911002
C6,5000,C6-resources-5000,4,78,2976552
C6,5000,C6-resources-5000,4,79,2923336
C6,5000,C6-resources-5000,4,80,2915970
C6,5000,C6-resources-5000,4,81,2905590
C6,5000,C6-resources-5000,4,82,2956688
C6,5000,C6-resources-5000,4,83,2958702
C6,5000,C6-resources-5000,4,84,2858161
C6,5000,C6-resources-5000,4,85,2898830
C6,5000,C6-resources-5000,4,86,2869134
C6,5000,C6-resources-5000,4,87,2943323
C6,5000,C6-resources-5000,4,88,2891261
C6,5000,C6-resources-5000,4,89,2877262
C6,5000,C6-resources-5000,4,90,2934528
C6,5000,C6-resources-5000,4,91,2921000
C6,5000,C6-resources-5000,4,92,2864673
C6,5000,C6-resources-5000,4,93,2932419
C6,5000,C6-resources-5000,4,94,2998954
C6,5000,C6-resources-5000,4,95,2899074
C6,5000,C6-resources-5000,4,96,2946943
C6,5000,C6-resources-5000,4,97,2962683
C6,5000,C6-resources-5000,4,98,2899119
C6,5000,C6-resources-5000,4,99,2854753
C6,5000,C6-resources-5000,4,100,2931525
C6,5000,C6-resources-5000,5,1,2883697
C6,5000,C6-resources-5000,5,2,2846596
C6,5000,C6-resources-5000,5,3,2876366
C6,5000,C6-resources-5000,5,4,2858144
C6,5000,C6-resources-5000,5,5,2893312
C6,5000,C6-resources-5000,5,6,2937112
C6,5000,C6-resources-5000,5,7,2948279
C6,5000,C6-resources-5000,5,8,2911742
C6,5000,C6-resources-5000,5,9,3030831
C6,5000,C6-resources-5000,5,10,3028539
C6,5000,C6-resources-5000,5,11,2973217
C6,5000,C6-resources-5000,5,12,2963604
C6,5000,C6-resources-5000,5,13,2898377
C6,5000,C6-resources-5000,5,14,2920389
C6,5000,C6-resources-5000,5,15,2939634
C6,5000,C6-resources-5000,5,16,3011937
C6,5000,C6-resources-5000,5,17,2894166
C6,5000,C6-resources-5000,5,18,2895993
C6,5000,C6-resources-5000,5,19,10255016
C6,5000,C6-resources-5000,5,20,3148220
C6,5000,C6-resources-5000,5,21,2885801
C6,5000,C6-resources-5000,5,22,2848429
C6,5000,C6-resources-5000,5,23,2865518
C6,5000,C6-resources-5000,5,24,2894608
C6,5000,C6-resources-5000,5,25,2837446
C6,5000,C6-resources-5000,5,26,2886958
C6,5000,C6-resources-5000,5,27,2926599
C6,5000,C6-resources-5000,5,28,2883004
C6,5000,C6-resources-5000,5,29,2963350
C6,5000,C6-resources-5000,5,30,2910315
C6,5000,C6-resources-5000,5,31,2884781
C6,5000,C6-resources-5000,5,32,2838784
C6,5000,C6-resources-5000,5,33,2896894
C6,5000,C6-resources-5000,5,34,2909763
C6,5000,C6-resources-5000,5,35,2811081
C6,5000,C6-resources-5000,5,36,2860899
C6,5000,C6-resources-5000,5,37,2901001
C6,5000,C6-resources-5000,5,38,2913567
C6,5000,C6-resources-5000,5,39,2858101
C6,5000,C6-resources-5000,5,40,2873293
C6,5000,C6-resources-5000,5,41,2930699
C6,5000,C6-resources-5000,5,42,3027270
C6,5000,C6-resources-5000,5,43,3031284
C6,5000,C6-resources-5000,5,44,3028755
C6,5000,C6-resources-5000,5,45,2958833
C6,5000,C6-resources-5000,5,46,2984408
C6,5000,C6-resources-5000,5,47,2878614
C6,5000,C6-resources-5000,5,48,2967612
C6,5000,C6-resources-5000,5,49,2966331
C6,5000,C6-resources-5000,5,50,2796464
C6,5000,C6-resources-5000,5,51,2888321
C6,5000,C6-resources-5000,5,52,2877191
C6,5000,C6-resources-5000,5,53,2969051
C6,5000,C6-resources-5000,5,54,2858409
C6,5000,C6-resources-5000,5,55,2926616
C6,5000,C6-resources-5000,5,56,2938286
C6,5000,C6-resources-5000,5,57,2788474
C6,5000,C6-resources-5000,5,58,2898008
C6,5000,C6-resources-5000,5,59,2884895
C6,5000,C6-resources-5000,5,60,2872934
C6,5000,C6-resources-5000,5,61,2936237
C6,5000,C6-resources-5000,5,62,2849748
C6,5000,C6-resources-5000,5,63,2884433
C6,5000,C6-resources-5000,5,64,2906502
C6,5000,C6-resources-5000,5,65,2884547
C6,5000,C6-resources-5000,5,66,2891480
C6,5000,C6-resources-5000,5,67,2835676
C6,5000,C6-resources-5000,5,68,2841582
C6,5000,C6-resources-5000,5,69,2937962
C6,5000,C6-resources-5000,5,70,2906516
C6,5000,C6-resources-5000,5,71,2884376
C6,5000,C6-resources-5000,5,72,2918635
C6,5000,C6-resources-5000,5,73,2853837
C6,5000,C6-resources-5000,5,74,2832167
C6,5000,C6-resources-5000,5,75,2851848
C6,5000,C6-resources-5000,5,76,11246491
C6,5000,C6-resources-5000,5,77,3115860
C6,5000,C6-resources-5000,5,78,3048445
C6,5000,C6-resources-5000,5,79,2892206
C6,5000,C6-resources-5000,5,80,2823699
C6,5000,C6-resources-5000,5,81,2859060
C6,5000,C6-resources-5000,5,82,2824820
C6,5000,C6-resources-5000,5,83,2867564
C6,5000,C6-resources-5000,5,84,2889756
C6,5000,C6-resources-5000,5,85,2916043
C6,5000,C6-resources-5000,5,86,2856097
C6,5000,C6-resources-5000,5,87,2873946
C6,5000,C6-resources-5000,5,88,2876792
C6,5000,C6-resources-5000,5,89,2899997
C6,5000,C6-resources-5000,5,90,2814335
C6,5000,C6-resources-5000,5,91,2835831
C6,5000,C6-resources-5000,5,92,2895316
C6,5000,C6-resources-5000,5,93,2878029
C6,5000,C6-resources-5000,5,94,2920757
C6,5000,C6-resources-5000,5,95,2884070
C6,5000,C6-resources-5000,5,96,2895693
C6,5000,C6-resources-5000,5,97,2868317
C6,5000,C6-resources-5000,5,98,2894855
C6,5000,C6-resources-5000,5,99,2882714
C6,5000,C6-resources-5000,5,100,2840228
C6,5000,C6-resources-5000,6,1,2865476
C6,5000,C6-resources-5000,6,2,2903136
C6,5000,C6-resources-5000,6,3,2866421
C6,5000,C6-resources-5000,6,4,2922405
C6,5000,C6-resources-5000,6,5,2918911
C6,5000,C6-resources-5000,6,6,2864830
C6,5000,C6-resources-5000,6,7,2906252
C6,5000,C6-resources-5000,6,8,3000708
C6,5000,C6-resources-5000,6,9,2954399
C6,5000,C6-resources-5000,6,10,2983136
C6,5000,C6-resources-5000,6,11,3099091
C6,5000,C6-resources-5000,6,12,2864151
C6,5000,C6-resources-5000,6,13,2877680
C6,5000,C6-resources-5000,6,14,2862115
C6,5000,C6-resources-5000,6,15,2918494
C6,5000,C6-resources-5000,6,16,2954073
C6,5000,C6-resources-5000,6,17,2902785
C6,5000,C6-resources-5000,6,18,2859308
C6,5000,C6-resources-5000,6,19,2885106
C6,5000,C6-resources-5000,6,20,2861684
C6,5000,C6-resources-5000,6,21,2862967
C6,5000,C6-resources-5000,6,22,2860771
C6,5000,C6-resources-5000,6,23,2860761
C6,5000,C6-resources-5000,6,24,2889114
C6,5000,C6-resources-5000,6,25,2878521
C6,5000,C6-resources-5000,6,26,2926180
C6,5000,C6-resources-5000,6,27,2927719
C6,5000,C6-resources-5000,6,28,2898944
C6,5000,C6-resources-5000,6,29,2893276
C6,5000,C6-resources-5000,6,30,2891382
C6,5000,C6-resources-5000,6,31,2867597
C6,5000,C6-resources-5000,6,32,2860036
C6,5000,C6-resources-5000,6,33,10621735
C6,5000,C6-resources-5000,6,34,2875379
C6,5000,C6-resources-5000,6,35,2823173
C6,5000,C6-resources-5000,6,36,2871453
C6,5000,C6-resources-5000,6,37,2779511
C6,5000,C6-resources-5000,6,38,2907896
C6,5000,C6-resources-5000,6,39,2853777
C6,5000,C6-resources-5000,6,40,2810974
C6,5000,C6-resources-5000,6,41,2868239
C6,5000,C6-resources-5000,6,42,2922977
C6,5000,C6-resources-5000,6,43,2911692
C6,5000,C6-resources-5000,6,44,2857923
C6,5000,C6-resources-5000,6,45,2932225
C6,5000,C6-resources-5000,6,46,2944141
C6,5000,C6-resources-5000,6,47,2937211
C6,5000,C6-resources-5000,6,48,2949640
C6,5000,C6-resources-5000,6,49,2952932
C6,5000,C6-resources-5000,6,50,3001145
C6,5000,C6-resources-5000,6,51,2968825
C6,5000,C6-resources-5000,6,52,2944557
C6,5000,C6-resources-5000,6,53,2924333
C6,5000,C6-resources-5000,6,54,2994355
C6,5000,C6-resources-5000,6,55,2904243
C6,5000,C6-resources-5000,6,56,2841230
C6,5000,C6-resources-5000,6,57,2841195
C6,5000,C6-resources-5000,6,58,2862761
C6,5000,C6-resources-5000,6,59,2857168
C6,5000,C6-resources-5000,6,60,2942522
C6,5000,C6-resources-5000,6,61,2957526
C6,5000,C6-resources-5000,6,62,2920003
C6,5000,C6-resources-5000,6,63,2900347
C6,5000,C6-resources-5000,6,64,2870620
C6,5000,C6-resources-5000,6,65,2905941
C6,5000,C6-resources-5000,6,66,2871271
C6,5000,C6-resources-5000,6,67,2819624
C6,5000,C6-resources-5000,6,68,2875292
C6,5000,C6-resources-5000,6,69,2845709
C6,5000,C6-resources-5000,6,70,2884501
C6,5000,C6-resources-5000,6,71,2890884
C6,5000,C6-resources-5000,6,72,2863585
C6,5000,C6-resources-5000,6,73,2867278
C6,5000,C6-resources-5000,6,74,2899138
C6,5000,C6-resources-5000,6,75,2921747
C6,5000,C6-resources-5000,6,76,2980284
C6,5000,C6-resources-5000,6,77,3044755
C6,5000,C6-resources-5000,6,78,2919900
C6,5000,C6-resources-5000,6,79,2942124
C6,5000,C6-resources-5000,6,80,3034542
C6,5000,C6-resources-5000,6,81,2888200
C6,5000,C6-resources-5000,6,82,3126088
C6,5000,C6-resources-5000,6,83,3027458
C6,5000,C6-resources-5000,6,84,3005144
C6,5000,C6-resources-5000,6,85,2818510
C6,5000,C6-resources-5000,6,86,2852514
C6,5000,C6-resources-5000,6,87,2886069
C6,5000,C6-resources-5000,6,88,2968849
C6,5000,C6-resources-5000,6,89,2881705
C6,5000,C6-resources-5000,6,90,8954728
C6,5000,C6-resources-5000,6,91,3039681
C6,5000,C6-resources-5000,6,92,3039684
C6,5000,C6-resources-5000,6,93,3026973
C6,5000,C6-resources-5000,6,94,2928359
C6,5000,C6-resources-5000,6,95,2870806
C6,5000,C6-resources-5000,6,96,2868185
C6,5000,C6-resources-5000,6,97,2890031
C6,5000,C6-resources-5000,6,98,2818302
C6,5000,C6-resources-5000,6,99,2884101
C6,5000,C6-resources-5000,6,100,2874293
C6,5000,C6-resources-5000,7,1,2888238
C6,5000,C6-resources-5000,7,2,2896521
C6,5000,C6-resources-5000,7,3,2956285
C6,5000,C6-resources-5000,7,4,2943327
C6,5000,C6-resources-5000,7,5,2957323
C6,5000,C6-resources-5000,7,6,2911171
C6,5000,C6-resources-5000,7,7,3000140
C6,5000,C6-resources-5000,7,8,3003889
C6,5000,C6-resources-5000,7,9,3168732
C6,5000,C6-resources-5000,7,10,2905029
C6,5000,C6-resources-5000,7,11,2893997
C6,5000,C6-resources-5000,7,12,3188718
C6,5000,C6-resources-5000,7,13,3050452
C6,5000,C6-resources-5000,7,14,2972616
C6,5000,C6-resources-5000,7,15,3028317
C6,5000,C6-resources-5000,7,16,2864419
C6,5000,C6-resources-5000,7,17,2888680
C6,5000,C6-resources-5000,7,18,2886954
C6,5000,C6-resources-5000,7,19,2905608
C6,5000,C6-resources-5000,7,20,2935317
C6,5000,C6-resources-5000,7,21,2920726
C6,5000,C6-resources-5000,7,22,2904613
C6,5000,C6-resources-5000,7,23,2938196
C6,5000,C6-resources-5000,7,24,2912549
C6,5000,C6-resources-5000,7,25,2908003
C6,5000,C6-resources-5000,7,26,3135152
C6,5000,C6-resources-5000,7,27,2961694
C6,5000,C6-resources-5000,7,28,2951343
C6,5000,C6-resources-5000,7,29,2976283
C6,5000,C6-resources-5000,7,30,2902738
C6,5000,C6-resources-5000,7,31,2904036
C6,5000,C6-resources-5000,7,32,2949833
C6,5000,C6-resources-5000,7,33,2927964
C6,5000,C6-resources-5000,7,34,2883250
C6,5000,C6-resources-5000,7,35,2996957
C6,5000,C6-resources-5000,7,36,2998256
C6,5000,C6-resources-5000,7,37,3077866
C6,5000,C6-resources-5000,7,38,3244879
C6,5000,C6-resources-5000,7,39,2993795
C6,5000,C6-resources-5000,7,40,2834299
C6,5000,C6-resources-5000,7,41,2864251
C6,5000,C6-resources-5000,7,42,2898690
C6,5000,C6-resources-5000,7,43,2855075
C6,5000,C6-resources-5000,7,44,2956661
C6,5000,C6-resources-5000,7,45,2992584
C6,5000,C6-resources-5000,7,46,2998212
C6,5000,C6-resources-5000,7,47,3026392
C6,5000,C6-resources-5000,7,48,3100559
C6,5000,C6-resources-5000,7,49,7575492
C6,5000,C6-resources-5000,7,50,2995969
C6,5000,C6-resources-5000,7,51,2890698
C6,5000,C6-resources-5000,7,52,2872922
C6,5000,C6-resources-5000,7,53,2855757
C6,5000,C6-resources-5000,7,54,2789119
C6,5000,C6-resources-5000,7,55,2929193
C6,5000,C6-resources-5000,7,56,2884708
C6,5000,C6-resources-5000,7,57,2806886
C6,5000,C6-resources-5000,7,58,2862366
C6,5000,C6-resources-5000,7,59,2983249
C6,5000,C6-resources-5000,7,60,2808178
C6,5000,C6-resources-5000,7,61,2853362
C6,5000,C6-resources-5000,7,62,2837158
C6,5000,C6-resources-5000,7,63,2866562
C6,5000,C6-resources-5000,7,64,2877300
C6,5000,C6-resources-5000,7,65,2831603
C6,5000,C6-resources-5000,7,66,2876205
C6,5000,C6-resources-5000,7,67,2823119
C6,5000,C6-resources-5000,7,68,2870486
C6,5000,C6-resources-5000,7,69,2951113
C6,5000,C6-resources-5000,7,70,3016487
C6,5000,C6-resources-5000,7,71,3030518
C6,5000,C6-resources-5000,7,72,2941494
C6,5000,C6-resources-5000,7,73,2891960
C6,5000,C6-resources-5000,7,74,2864348
C6,5000,C6-resources-5000,7,75,2809478
C6,5000,C6-resources-5000,7,76,2864084
C6,5000,C6-resources-5000,7,77,2803629
C6,5000,C6-resources-5000,7,78,2813145
C6,5000,C6-resources-5000,7,79,2986137
C6,5000,C6-resources-5000,7,80,3020028
C6,5000,C6-resources-5000,7,81,3139285
C6,5000,C6-resources-5000,7,82,2915758
C6,5000,C6-resources-5000,7,83,2847548
C6,5000,C6-resources-5000,7,84,2841329
C6,5000,C6-resources-5000,7,85,2921909
C6,5000,C6-resources-5000,7,86,2833722
C6,5000,C6-resources-5000,7,87,2863137
C6,5000,C6-resources-5000,7,88,2932523
C6,5000,C6-resources-5000,7,89,2832652
C6,5000,C6-resources-5000,7,90,2830454
C6,5000,C6-resources-5000,7,91,2894465
C6,5000,C6-resources-5000,7,92,2847668
C6,5000,C6-resources-5000,7,93,2858662
C6,5000,C6-resources-5000,7,94,2905551
C6,5000,C6-resources-5000,7,95,2951555
C6,5000,C6-resources-5000,7,96,2862861
C6,5000,C6-resources-5000,7,97,2944996
C6,5000,C6-resources-5000,7,98,3007617
C6,5000,C6-resources-5000,7,99,2864930
C6,5000,C6-resources-5000,7,100,2866797
C6,5000,C6-resources-5000,8,1,2977276
C6,5000,C6-resources-5000,8,2,2920232
C6,5000,C6-resources-5000,8,3,3031347
C6,5000,C6-resources-5000,8,4,3041300
C6,5000,C6-resources-5000,8,5,3014045
C6,5000,C6-resources-5000,8,6,2977201
C6,5000,C6-resources-5000,8,7,2811156
C6,5000,C6-resources-5000,8,8,2808482
C6,5000,C6-resources-5000,8,9,12678576
C6,5000,C6-resources-5000,8,10,3044677
C6,5000,C6-resources-5000,8,11,3024610
C6,5000,C6-resources-5000,8,12,2986215
C6,5000,C6-resources-5000,8,13,3212961
C6,5000,C6-resources-5000,8,14,2945670
C6,5000,C6-resources-5000,8,15,2991485
C6,5000,C6-resources-5000,8,16,3174748
C6,5000,C6-resources-5000,8,17,3097118
C6,5000,C6-resources-5000,8,18,2815263
C6,5000,C6-resources-5000,8,19,3013769
C6,5000,C6-resources-5000,8,20,2934167
C6,5000,C6-resources-5000,8,21,2944238
C6,5000,C6-resources-5000,8,22,2902536
C6,5000,C6-resources-5000,8,23,2931777
C6,5000,C6-resources-5000,8,24,2974322
C6,5000,C6-resources-5000,8,25,2928185
C6,5000,C6-resources-5000,8,26,2871632
C6,5000,C6-resources-5000,8,27,2866384
C6,5000,C6-resources-5000,8,28,2984831
C6,5000,C6-resources-5000,8,29,2871468
C6,5000,C6-resources-5000,8,30,2869119
C6,5000,C6-resources-5000,8,31,2945274
C6,5000,C6-resources-5000,8,32,2917937
C6,5000,C6-resources-5000,8,33,2955943
C6,5000,C6-resources-5000,8,34,2861893
C6,5000,C6-resources-5000,8,35,3122175
C6,5000,C6-resources-5000,8,36,3025668
C6,5000,C6-resources-5000,8,37,3008324
C6,5000,C6-resources-5000,8,38,2958125
C6,5000,C6-resources-5000,8,39,2887759
C6,5000,C6-resources-5000,8,40,2842646
C6,5000,C6-resources-5000,8,41,2894280
C6,5000,C6-resources-5000,8,42,2929394
C6,5000,C6-resources-5000,8,43,2857998
C6,5000,C6-resources-5000,8,44,2904051
C6,5000,C6-resources-5000,8,45,2996883
C6,5000,C6-resources-5000,8,46,2891984
C6,5000,C6-resources-5000,8,47,2994899
C6,5000,C6-resources-5000,8,48,3070617
C6,5000,C6-resources-5000,8,49,3050264
C6,5000,C6-resources-5000,8,50,2923987
C6,5000,C6-resources-5000,8,51,2930585
C6,5000,C6-resources-5000,8,52,2939985
C6,5000,C6-resources-5000,8,53,2911660
C6,5000,C6-resources-5000,8,54,2936107
C6,5000,C6-resources-5000,8,55,2900890
C6,5000,C6-resources-5000,8,56,2822603
C6,5000,C6-resources-5000,8,57,2982269
C6,5000,C6-resources-5000,8,58,3113877
C6,5000,C6-resources-5000,8,59,2910717
C6,5000,C6-resources-5000,8,60,2852645
C6,5000,C6-resources-5000,8,61,2879438
C6,5000,C6-resources-5000,8,62,2846696
C6,5000,C6-resources-5000,8,63,3098517
C6,5000,C6-resources-5000,8,64,2912244
C6,5000,C6-resources-5000,8,65,2919942
C6,5000,C6-resources-5000,8,66,2939434
C6,5000,C6-resources-5000,8,67,3127774
C6,5000,C6-resources-5000,8,68,4417255
C6,5000,C6-resources-5000,8,69,3065740
C6,5000,C6-resources-5000,8,70,3023130
C6,5000,C6-resources-5000,8,71,2907103
C6,5000,C6-resources-5000,8,72,2914421
C6,5000,C6-resources-5000,8,73,2825770
C6,5000,C6-resources-5000,8,74,2890247
C6,5000,C6-resources-5000,8,75,2833124
C6,5000,C6-resources-5000,8,76,2884707
C6,5000,C6-resources-5000,8,77,2891947
C6,5000,C6-resources-5000,8,78,2940756
C6,5000,C6-resources-5000,8,79,2941764
C6,5000,C6-resources-5000,8,80,2885692
C6,5000,C6-resources-5000,8,81,2902313
C6,5000,C6-resources-5000,8,82,2931063
C6,5000,C6-resources-5000,8,83,2850044
C6,5000,C6-resources-5000,8,84,2906877
C6,5000,C6-resources-5000,8,85,2899279
C6,5000,C6-resources-5000,8,86,2949767
C6,5000,C6-resources-5000,8,87,2865655
C6,5000,C6-resources-5000,8,88,2851622
C6,5000,C6-resources-5000,8,89,2890074
C6,5000,C6-resources-5000,8,90,2957850
C6,5000,C6-resources-5000,8,91,2953911
C6,5000,C6-resources-5000,8,92,3057106
C6,5000,C6-resources-5000,8,93,3096628
C6,5000,C6-resources-5000,8,94,2913496
C6,5000,C6-resources-5000,8,95,2970743
C6,5000,C6-resources-5000,8,96,2881168
C6,5000,C6-resources-5000,8,97,2915614
C6,5000,C6-resources-5000,8,98,2881729
C6,5000,C6-resources-5000,8,99,2909946
C6,5000,C6-resources-5000,8,100,2866904
C1,20,C1-resources-0020,1,1,18740
C1,20,C1-resources-0020,1,2,23466
C1,20,C1-resources-0020,1,3,19166
C1,20,C1-resources-0020,1,4,18904
C1,20,C1-resources-0020,1,5,20292
C1,20,C1-resources-0020,1,6,18816
C1,20,C1-resources-0020,1,7,18855
C1,20,C1-resources-0020,1,8,19219
C1,20,C1-resources-0020,1,9,19247
C1,20,C1-resources-0020,1,10,18693
C1,20,C1-resources-0020,1,11,19056
C1,20,C1-resources-0020,1,12,19065
C1,20,C1-resources-0020,1,13,22301
C1,20,C1-resources-0020,1,14,18409
C1,20,C1-resources-0020,1,15,19555
C1,20,C1-resources-0020,1,16,18053
C1,20,C1-resources-0020,1,17,17969
C1,20,C1-resources-0020,1,18,18525
C1,20,C1-resources-0020,1,19,18175
C1,20,C1-resources-0020,1,20,17785
C1,20,C1-resources-0020,1,21,17559
C1,20,C1-resources-0020,1,22,17863
C1,20,C1-resources-0020,1,23,18142
C1,20,C1-resources-0020,1,24,18472
C1,20,C1-resources-0020,1,25,17409
C1,20,C1-resources-0020,1,26,17986
C1,20,C1-resources-0020,1,27,18491
C1,20,C1-resources-0020,1,28,18531
C1,20,C1-resources-0020,1,29,17770
C1,20,C1-resources-0020,1,30,18289
C1,20,C1-resources-0020,1,31,17896
C1,20,C1-resources-0020,1,32,17738
C1,20,C1-resources-0020,1,33,22213
C1,20,C1-resources-0020,1,34,17548
C1,20,C1-resources-0020,1,35,17913
C1,20,C1-resources-0020,1,36,17692
C1,20,C1-resources-0020,1,37,17334
C1,20,C1-resources-0020,1,38,17388
C1,20,C1-resources-0020,1,39,17368
C1,20,C1-resources-0020,1,40,17773
C1,20,C1-resources-0020,1,41,17360
C1,20,C1-resources-0020,1,42,17493
C1,20,C1-resources-0020,1,43,17796
C1,20,C1-resources-0020,1,44,17782
C1,20,C1-resources-0020,1,45,17662
C1,20,C1-resources-0020,1,46,17513
C1,20,C1-resources-0020,1,47,17886
C1,20,C1-resources-0020,1,48,17560
C1,20,C1-resources-0020,1,49,17375
C1,20,C1-resources-0020,1,50,17507
C1,20,C1-resources-0020,1,51,21024
C1,20,C1-resources-0020,1,52,17828
C1,20,C1-resources-0020,1,53,17490
C1,20,C1-resources-0020,1,54,17544
C1,20,C1-resources-0020,1,55,17402
C1,20,C1-resources-0020,1,56,17360
C1,20,C1-resources-0020,1,57,17805
C1,20,C1-resources-0020,1,58,17613
C1,20,C1-resources-0020,1,59,17417
C1,20,C1-resources-0020,1,60,17419
C1,20,C1-resources-0020,1,61,17968
C1,20,C1-resources-0020,1,62,17373
C1,20,C1-resources-0020,1,63,17568
C1,20,C1-resources-0020,1,64,17447
C1,20,C1-resources-0020,1,65,17589
C1,20,C1-resources-0020,1,66,17548
C1,20,C1-resources-0020,1,67,17586
C1,20,C1-resources-0020,1,68,18099
C1,20,C1-resources-0020,1,69,18293
C1,20,C1-resources-0020,1,70,17778
C1,20,C1-resources-0020,1,71,17582
C1,20,C1-resources-0020,1,72,17551
C1,20,C1-resources-0020,1,73,17431
C1,20,C1-resources-0020,1,74,17901
C1,20,C1-resources-0020,1,75,17887
C1,20,C1-resources-0020,1,76,17350
C1,20,C1-resources-0020,1,77,18092
C1,20,C1-resources-0020,1,78,18168
C1,20,C1-resources-0020,1,79,18183
C1,20,C1-resources-0020,1,80,17339
C1,20,C1-resources-0020,1,81,17951
C1,20,C1-resources-0020,1,82,18626
C1,20,C1-resources-0020,1,83,17851
C1,20,C1-resources-0020,1,84,17745
C1,20,C1-resources-0020,1,85,17702
C1,20,C1-resources-0020,1,86,17454
C1,20,C1-resources-0020,1,87,18596
C1,20,C1-resources-0020,1,88,17913
C1,20,C1-resources-0020,1,89,17956
C1,20,C1-resources-0020,1,90,17564
C1,20,C1-resources-0020,1,91,17555
C1,20,C1-resources-0020,1,92,17690
C1,20,C1-resources-0020,1,93,17870
C1,20,C1-resources-0020,1,94,17769
C1,20,C1-resources-0020,1,95,18217
C1,20,C1-resources-0020,1,96,17646
C1,20,C1-resources-0020,1,97,18511
C1,20,C1-resources-0020,1,98,17634
C1,20,C1-resources-0020,1,99,17728
C1,20,C1-resources-0020,1,100,17451
C1,20,C1-resources-0020,2,1,23917
C1,20,C1-resources-0020,2,2,18070
C1,20,C1-resources-0020,2,3,17907
C1,20,C1-resources-0020,2,4,17803
C1,20,C1-resources-0020,2,5,18321
C1,20,C1-resources-0020,2,6,17531
C1,20,C1-resources-0020,2,7,17735
C1,20,C1-resources-0020,2,8,17772
C1,20,C1-resources-0020,2,9,17589
C1,20,C1-resources-0020,2,10,17550
C1,20,C1-resources-0020,2,11,17649
C1,20,C1-resources-0020,2,12,17544
C1,20,C1-resources-0020,2,13,17483
C1,20,C1-resources-0020,2,14,17711
C1,20,C1-resources-0020,2,15,17574
C1,20,C1-resources-0020,2,16,17453
C1,20,C1-resources-0020,2,17,17345
C1,20,C1-resources-0020,2,18,17525
C1,20,C1-resources-0020,2,19,17552
C1,20,C1-resources-0020,2,20,17558
C1,20,C1-resources-0020,2,21,17775
C1,20,C1-resources-0020,2,22,21230
C1,20,C1-resources-0020,2,23,17621
C1,20,C1-resources-0020,2,24,17422
C1,20,C1-resources-0020,2,25,17580
C1,20,C1-resources-0020,2,26,17467
C1,20,C1-resources-0020,2,27,17881
C1,20,C1-resources-0020,2,28,17872
C1,20,C1-resources-0020,2,29,17799
C1,20,C1-resources-0020,2,30,17778
C1,20,C1-resources-0020,2,31,17841
C1,20,C1-resources-0020,2,32,17407
C1,20,C1-resources-0020,2,33,17350
C1,20,C1-resources-0020,2,34,17821
C1,20,C1-resources-0020,2,35,17800
C1,20,C1-resources-0020,2,36,17734
C1,20,C1-resources-0020,2,37,21590
C1,20,C1-resources-0020,2,38,47812
C1,20,C1-resources-0020,2,39,46866
C1,20,C1-resources-0020,2,40,29308
C1,20,C1-resources-0020,2,41,17865
C1,20,C1-resources-0020,2,42,17551
C1,20,C1-resources-0020,2,43,17848
C1,20,C1-resources-0020,2,44,17822
C1,20,C1-resources-0020,2,45,17714
C1,20,C1-resources-0020,2,46,17308
C1,20,C1-resources-0020,2,47,17860
C1,20,C1-resources-0020,2,48,54229
C1,20,C1-resources-0020,2,49,25967
C1,20,C1-resources-0020,2,50,17763
C1,20,C1-resources-0020,2,51,18020
C1,20,C1-resources-0020,2,52,35052
C1,20,C1-resources-0020,2,53,17980
C1,20,C1-resources-0020,2,54,17738
C1,20,C1-resources-0020,2,55,18173
C1,20,C1-resources-0020,2,56,17553
C1,20,C1-resources-0020,2,57,20647
C1,20,C1-resources-0020,2,58,17819
C1,20,C1-resources-0020,2,59,17591
C1,20,C1-resources-0020,2,60,17496
C1,20,C1-resources-0020,2,61,17545
C1,20,C1-resources-0020,2,62,17581
C1,20,C1-resources-0020,2,63,17724
C1,20,C1-resources-0020,2,64,17608
C1,20,C1-resources-0020,2,65,18142
C1,20,C1-resources-0020,2,66,22413
C1,20,C1-resources-0020,2,67,18948
C1,20,C1-resources-0020,2,68,23556
C1,20,C1-resources-0020,2,69,49901
C1,20,C1-resources-0020,2,70,18315
C1,20,C1-resources-0020,2,71,18363
C1,20,C1-resources-0020,2,72,18258
C1,20,C1-resources-0020,2,73,18399
C1,20,C1-resources-0020,2,74,18241
C1,20,C1-resources-0020,2,75,20027
C1,20,C1-resources-0020,2,76,18677
C1,20,C1-resources-0020,2,77,17582
C1,20,C1-resources-0020,2,78,17886
C1,20,C1-resources-0020,2,79,17729
C1,20,C1-resources-0020,2,80,18449
C1,20,C1-resources-0020,2,81,19019
C1,20,C1-resources-0020,2,82,18334
C1,20,C1-resources-0020,2,83,18198
C1,20,C1-resources-0020,2,84,17747
C1,20,C1-resources-0020,2,85,17616
C1,20,C1-resources-0020,2,86,25842
C1,20,C1-resources-0020,2,87,17993
C1,20,C1-resources-0020,2,88,17828
C1,20,C1-resources-0020,2,89,17802
C1,20,C1-resources-0020,2,90,22531
C1,20,C1-resources-0020,2,91,18819
C1,20,C1-resources-0020,2,92,26374
C1,20,C1-resources-0020,2,93,19670
C1,20,C1-resources-0020,2,94,17645
C1,20,C1-resources-0020,2,95,17626
C1,20,C1-resources-0020,2,96,18117
C1,20,C1-resources-0020,2,97,17812
C1,20,C1-resources-0020,2,98,17417
C1,20,C1-resources-0020,2,99,18159
C1,20,C1-resources-0020,2,100,18326
C1,20,C1-resources-0020,3,1,22898
C1,20,C1-resources-0020,3,2,23896
C1,20,C1-resources-0020,3,3,19045
C1,20,C1-resources-0020,3,4,18189
C1,20,C1-resources-0020,3,5,18973
C1,20,C1-resources-0020,3,6,24539
C1,20,C1-resources-0020,3,7,22758
C1,20,C1-resources-0020,3,8,19169
C1,20,C1-resources-0020,3,9,17723
C1,20,C1-resources-0020,3,10,18093
C1,20,C1-resources-0020,3,11,17867
C1,20,C1-resources-0020,3,12,17582
C1,20,C1-resources-0020,3,13,18188
C1,20,C1-resources-0020,3,14,17611
C1,20,C1-resources-0020,3,15,17724
C1,20,C1-resources-0020,3,16,17418
C1,20,C1-resources-0020,3,17,17574
C1,20,C1-resources-0020,3,18,17541
C1,20,C1-resources-0020,3,19,17515
C1,20,C1-resources-0020,3,20,17392
C1,20,C1-resources-0020,3,21,17498
C1,20,C1-resources-0020,3,22,17532
C1,20,C1-resources-0020,3,23,17353
C1,20,C1-resources-0020,3,24,17670
C1,20,C1-resources-0020,3,25,17497
C1,20,C1-resources-0020,3,26,20822
C1,20,C1-resources-0020,3,27,17579
C1,20,C1-resources-0020,3,28,17712
C1,20,C1-resources-0020,3,29,17615
C1,20,C1-resources-0020,3,30,17485
C1,20,C1-resources-0020,3,31,17861
C1,20,C1-resources-0020,3,32,17362
C1,20,C1-resources-0020,3,33,17447
C1,20,C1-resources-0020,3,34,17374
C1,20,C1-resources-0020,3,35,17530
C1,20,C1-resources-0020,3,36,18024
C1,20,C1-resources-0020,3,37,17521
C1,20,C1-resources-0020,3,38,17671
C1,20,C1-resources-0020,3,39,17540
C1,20,C1-resources-0020,3,40,17407
C1,20,C1-resources-0020,3,41,17362
C1,20,C1-resources-0020,3,42,17575
C1,20,C1-resources-0020,3,43,17608
C1,20,C1-resources-0020,3,44,17980
C1,20,C1-resources-0020,3,45,17664
C1,20,C1-resources-0020,3,46,18085
C1,20,C1-resources-0020,3,47,17423
C1,20,C1-resources-0020,3,48,17686
C1,20,C1-resources-0020,3,49,17707
C1,20,C1-resources-0020,3,50,17433
C1,20,C1-resources-0020,3,51,17739
C1,20,C1-resources-0020,3,52,17812
C1,20,C1-resources-0020,3,53,17597
C1,20,C1-resources-0020,3,54,17436
C1,20,C1-resources-0020,3,55,17344
C1,20,C1-resources-0020,3,56,17522
C1,20,C1-resources-0020,3,57,17509
C1,20,C1-resources-0020,3,58,17495
C1,20,C1-resources-0020,3,59,17350
C1,20,C1-resources-0020,3,60,18801
C1,20,C1-resources-0020,3,61,17771
C1,20,C1-resources-0020,3,62,17417
C1,20,C1-resources-0020,3,63,17536
C1,20,C1-resources-0020,3,64,17564
C1,20,C1-resources-0020,3,65,17728
C1,20,C1-resources-0020,3,66,17428
C1,20,C1-resources-0020,3,67,17534
C1,20,C1-resources-0020,3,68,17971
C1,20,C1-resources-0020,3,69,17875
C1,20,C1-resources-0020,3,70,17594
C1,20,C1-resources-0020,3,71,17577
C1,20,C1-resources-0020,3,72,17468
C1,20,C1-resources-0020,3,73,17467
C1,20,C1-resources-0020,3,74,17550
C1,20,C1-resources-0020,3,75,17711
C1,20,C1-resources-0020,3,76,17869
C1,20,C1-resources-0020,3,77,18031
C1,20,C1-resources-0020,3,78,18196
C1,20,C1-resources-0020,3,79,17667
C1,20,C1-resources-0020,3,80,17567
C1,20,C1-resources-0020,3,81,17542
C1,20,C1-resources-0020,3,82,17557
C1,20,C1-resources-0020,3,83,17572
C1,20,C1-resources-0020,3,84,17578
C1,20,C1-resources-0020,3,85,17464
C1,20,C1-resources-0020,3,86,17548
C1,20,C1-resources-0020,3,87,17707
C1,20,C1-resources-0020,3,88,17636
C1,20,C1-resources-0020,3,89,17905
C1,20,C1-resources-0020,3,90,17398
C1,20,C1-resources-0020,3,91,17504
C1,20,C1-resources-0020,3,92,17539
C1,20,C1-resources-0020,3,93,17606
C1,20,C1-resources-0020,3,94,17491
C1,20,C1-resources-0020,3,95,19510
C1,20,C1-resources-0020,3,96,18019
C1,20,C1-resources-0020,3,97,17691
C1,20,C1-resources-0020,3,98,17819
C1,20,C1-resources-0020,3,99,17444
C1,20,C1-resources-0020,3,100,17517
C1,20,C1-resources-0020,4,1,19440
C1,20,C1-resources-0020,4,2,17683
C1,20,C1-resources-0020,4,3,17650
C1,20,C1-resources-0020,4,4,17545
C1,20,C1-resources-0020,4,5,17639
C1,20,C1-resources-0020,4,6,17455
C1,20,C1-resources-0020,4,7,18023
C1,20,C1-resources-0020,4,8,17433
C1,20,C1-resources-0020,4,9,17576
C1,20,C1-resources-0020,4,10,17529
C1,20,C1-resources-0020,4,11,17472
C1,20,C1-resources-0020,4,12,18319
C1,20,C1-resources-0020,4,13,28039
C1,20,C1-resources-0020,4,14,18233
C1,20,C1-resources-0020,4,15,17683
C1,20,C1-resources-0020,4,16,17302
C1,20,C1-resources-0020,4,17,17596
C1,20,C1-resources-0020,4,18,17423
C1,20,C1-resources-0020,4,19,17662
C1,20,C1-resources-0020,4,20,17630
C1,20,C1-resources-0020,4,21,17788
C1,20,C1-resources-0020,4,22,17312
C1,20,C1-resources-0020,4,23,17802
C1,20,C1-resources-0020,4,24,17597
C1,20,C1-resources-0020,4,25,17726
C1,20,C1-resources-0020,4,26,18111
C1,20,C1-resources-0020,4,27,17730
C1,20,C1-resources-0020,4,28,18105
C1,20,C1-resources-0020,4,29,17746
C1,20,C1-resources-0020,4,30,17582
C1,20,C1-resources-0020,4,31,19318
C1,20,C1-resources-0020,4,32,18030
C1,20,C1-resources-0020,4,33,17534
C1,20,C1-resources-0020,4,34,17846
C1,20,C1-resources-0020,4,35,17652
C1,20,C1-resources-0020,4,36,17524
C1,20,C1-resources-0020,4,37,17581
C1,20,C1-resources-0020,4,38,17407
C1,20,C1-resources-0020,4,39,17471
C1,20,C1-resources-0020,4,40,17395
C1,20,C1-resources-0020,4,41,17493
C1,20,C1-resources-0020,4,42,17435
C1,20,C1-resources-0020,4,43,18155
C1,20,C1-resources-0020,4,44,17574
C1,20,C1-resources-0020,4,45,17502
C1,20,C1-resources-0020,4,46,17649
C1,20,C1-resources-0020,4,47,17358
C1,20,C1-resources-0020,4,48,17584
C1,20,C1-resources-0020,4,49,18423
C1,20,C1-resources-0020,4,50,17613
C1,20,C1-resources-0020,4,51,18148
C1,20,C1-resources-0020,4,52,19006
C1,20,C1-resources-0020,4,53,17650
C1,20,C1-resources-0020,4,54,17827
C1,20,C1-resources-0020,4,55,17388
C1,20,C1-resources-0020,4,56,17538
C1,20,C1-resources-0020,4,57,17556
C1,20,C1-resources-0020,4,58,17464
C1,20,C1-resources-0020,4,59,17331
C1,20,C1-resources-0020,4,60,17398
C1,20,C1-resources-0020,4,61,17489
C1,20,C1-resources-0020,4,62,17483
C1,20,C1-resources-0020,4,63,17333
C1,20,C1-resources-0020,4,64,17408
C1,20,C1-resources-0020,4,65,17332
C1,20,C1-resources-0020,4,66,17454
C1,20,C1-resources-0020,4,67,17423
C1,20,C1-resources-0020,4,68,17447
C1,20,C1-resources-0020,4,69,17408
C1,20,C1-resources-0020,4,70,18076
C1,20,C1-resources-0020,4,71,17540
C1,20,C1-resources-0020,4,72,17468
C1,20,C1-resources-0020,4,73,17615
C1,20,C1-resources-0020,4,74,17363
C1,20,C1-resources-0020,4,75,17516
C1,20,C1-resources-0020,4,76,17347
C1,20,C1-resources-0020,4,77,17361
C1,20,C1-resources-0020,4,78,17486
C1,20,C1-resources-0020,4,79,17347
C1,20,C1-resources-0020,4,80,17368
C1,20,C1-resources-0020,4,81,17603
C1,20,C1-resources-0020,4,82,17385
C1,20,C1-resources-0020,4,83,17389
C1,20,C1-resources-0020,4,84,17712
C1,20,C1-resources-0020,4,85,17446
C1,20,C1-resources-0020,4,86,22454
C1,20,C1-resources-0020,4,87,18057
C1,20,C1-resources-0020,4,88,26378
C1,20,C1-resources-0020,4,89,19874
C1,20,C1-resources-0020,4,90,23443
C1,20,C1-resources-0020,4,91,19105
C1,20,C1-resources-0020,4,92,21974
C1,20,C1-resources-0020,4,93,18781
C1,20,C1-resources-0020,4,94,17469
C1,20,C1-resources-0020,4,95,17504
C1,20,C1-resources-0020,4,96,17338
C1,20,C1-resources-0020,4,97,17395
C1,20,C1-resources-0020,4,98,17531
C1,20,C1-resources-0020,4,99,17612
C1,20,C1-resources-0020,4,100,17608
C1,20,C1-resources-0020,5,1,20184
C1,20,C1-resources-0020,5,2,17812
C1,20,C1-resources-0020,5,3,18754
C1,20,C1-resources-0020,5,4,17733
C1,20,C1-resources-0020,5,5,17590
C1,20,C1-resources-0020,5,6,17475
C1,20,C1-resources-0020,5,7,17381
C1,20,C1-resources-0020,5,8,17461
C1,20,C1-resources-0020,5,9,17413
C1,20,C1-resources-0020,5,10,17462
C1,20,C1-resources-0020,5,11,17474
C1,20,C1-resources-0020,5,12,17372
C1,20,C1-resources-0020,5,13,17507
C1,20,C1-resources-0020,5,14,17339
C1,20,C1-resources-0020,5,15,18272
C1,20,C1-resources-0020,5,16,17711
C1,20,C1-resources-0020,5,17,17343
C1,20,C1-resources-0020,5,18,17395
C1,20,C1-resources-0020,5,19,18884
C1,20,C1-resources-0020,5,20,17701
C1,20,C1-resources-0020,5,21,17318
C1,20,C1-resources-0020,5,22,17393
C1,20,C1-resources-0020,5,23,17633
C1,20,C1-resources-0020,5,24,17681
C1,20,C1-resources-0020,5,25,18099
C1,20,C1-resources-0020,5,26,17868
C1,20,C1-resources-0020,5,27,17753
C1,20,C1-resources-0020,5,28,18942
C1,20,C1-resources-0020,5,29,17304
C1,20,C1-resources-0020,5,30,17374
C1,20,C1-resources-0020,5,31,17854
C1,20,C1-resources-0020,5,32,17418
C1,20,C1-resources-0020,5,33,17511
C1,20,C1-resources-0020,5,34,17395
C1,20,C1-resources-0020,5,35,17612
C1,20,C1-resources-0020,5,36,17363
C1,20,C1-resources-0020,5,37,19371
C1,20,C1-resources-0020,5,38,20739
C1,20,C1-resources-0020,5,39,17354
C1,20,C1-resources-0020,5,40,17395
C1,20,C1-resources-0020,5,41,17451
C1,20,C1-resources-0020,5,42,17352
C1,20,C1-resources-0020,5,43,17567
C1,20,C1-resources-0020,5,44,17537
C1,20,C1-resources-0020,5,45,17343
C1,20,C1-resources-0020,5,46,17320
C1,20,C1-resources-0020,5,47,17647
C1,20,C1-resources-0020,5,48,17283
C1,20,C1-resources-0020,5,49,17592
C1,20,C1-resources-0020,5,50,17539
C1,20,C1-resources-0020,5,51,17455
C1,20,C1-resources-0020,5,52,17735
C1,20,C1-resources-0020,5,53,19033
C1,20,C1-resources-0020,5,54,17674
C1,20,C1-resources-0020,5,55,17805
C1,20,C1-resources-0020,5,56,17710
C1,20,C1-resources-0020,5,57,17468
C1,20,C1-resources-0020,5,58,17751
C1,20,C1-resources-0020,5,59,17524
C1,20,C1-resources-0020,5,60,17472
C1,20,C1-resources-0020,5,61,17508
C1,20,C1-resources-0020,5,62,17542
C1,20,C1-resources-0020,5,63,17395
C1,20,C1-resources-0020,5,64,17469
C1,20,C1-resources-0020,5,65,17501
C1,20,C1-resources-0020,5,66,17497
C1,20,C1-resources-0020,5,67,17521
C1,20,C1-resources-0020,5,68,17429
C1,20,C1-resources-0020,5,69,17727
C1,20,C1-resources-0020,5,70,17704
C1,20,C1-resources-0020,5,71,23260
C1,20,C1-resources-0020,5,72,17863
C1,20,C1-resources-0020,5,73,17709
C1,20,C1-resources-0020,5,74,18056
C1,20,C1-resources-0020,5,75,17582
C1,20,C1-resources-0020,5,76,17721
C1,20,C1-resources-0020,5,77,17431
C1,20,C1-resources-0020,5,78,17752
C1,20,C1-resources-0020,5,79,17921
C1,20,C1-resources-0020,5,80,17263
C1,20,C1-resources-0020,5,81,17366
C1,20,C1-resources-0020,5,82,17363
C1,20,C1-resources-0020,5,83,17471
C1,20,C1-resources-0020,5,84,17339
C1,20,C1-resources-0020,5,85,17639
C1,20,C1-resources-0020,5,86,17504
C1,20,C1-resources-0020,5,87,18378
C1,20,C1-resources-0020,5,88,17821
C1,20,C1-resources-0020,5,89,17610
C1,20,C1-resources-0020,5,90,17457
C1,20,C1-resources-0020,5,91,17510
C1,20,C1-resources-0020,5,92,17455
C1,20,C1-resources-0020,5,93,17303
C1,20,C1-resources-0020,5,94,17848
C1,20,C1-resources-0020,5,95,17529
C1,20,C1-resources-0020,5,96,17585
C1,20,C1-resources-0020,5,97,17632
C1,20,C1-resources-0020,5,98,17681
C1,20,C1-resources-0020,5,99,17612
C1,20,C1-resources-0020,5,100,17599
C1,20,C1-resources-0020,6,1,19241
C1,20,C1-resources-0020,6,2,17852
C1,20,C1-resources-0020,6,3,17728
C1,20,C1-resources-0020,6,4,17603
C1,20,C1-resources-0020,6,5,239549
C1,20,C1-resources-0020,6,6,26178
C1,20,C1-resources-0020,6,7,18568
C1,20,C1-resources-0020,6,8,18372
C1,20,C1-resources-0020,6,9,17781
C1,20,C1-resources-0020,6,10,17585
C1,20,C1-resources-0020,6,11,17574
C1,20,C1-resources-0020,6,12,17558
C1,20,C1-resources-0020,6,13,17566
C1,20,C1-resources-0020,6,14,17357
C1,20,C1-resources-0020,6,15,17599
C1,20,C1-resources-0020,6,16,17646
C1,20,C1-resources-0020,6,17,17520
C1,20,C1-resources-0020,6,18,17629
C1,20,C1-resources-0020,6,19,486446
C1,20,C1-resources-0020,6,20,33334
C1,20,C1-resources-0020,6,21,21786
C1,20,C1-resources-0020,6,22,23843
C1,20,C1-resources-0020,6,23,19161
C1,20,C1-resources-0020,6,24,19192
C1,20,C1-resources-0020,6,25,21957
C1,20,C1-resources-0020,6,26,18174
C1,20,C1-resources-0020,6,27,17983
C1,20,C1-resources-0020,6,28,18027
C1,20,C1-resources-0020,6,29,18082
C1,20,C1-resources-0020,6,30,17972
C1,20,C1-resources-0020,6,31,18206
C1,20,C1-resources-0020,6,32,18306
C1,20,C1-resources-0020,6,33,18541
C1,20,C1-resources-0020,6,34,19074
C1,20,C1-resources-0020,6,35,17796
C1,20,C1-resources-0020,6,36,17802
C1,20,C1-resources-0020,6,37,17683
C1,20,C1-resources-0020,6,38,17406
C1,20,C1-resources-0020,6,39,19109
C1,20,C1-resources-0020,6,40,17516
C1,20,C1-resources-0020,6,41,17655
C1,20,C1-resources-0020,6,42,17648
C1,20,C1-resources-0020,6,43,18034
C1,20,C1-resources-0020,6,44,18287
C1,20,C1-resources-0020,6,45,18127
C1,20,C1-resources-0020,6,46,17756
C1,20,C1-resources-0020,6,47,28712
C1,20,C1-resources-0020,6,48,21345
C1,20,C1-resources-0020,6,49,33015
C1,20,C1-resources-0020,6,50,27090
C1,20,C1-resources-0020,6,51,52955
C1,20,C1-resources-0020,6,52,20072
C1,20,C1-resources-0020,6,53,20031
C1,20,C1-resources-0020,6,54,19323
C1,20,C1-resources-0020,6,55,21814
C1,20,C1-resources-0020,6,56,17917
C1,20,C1-resources-0020,6,57,44223
C1,20,C1-resources-0020,6,58,22336
C1,20,C1-resources-0020,6,59,49217
C1,20,C1-resources-0020,6,60,19229
C1,20,C1-resources-0020,6,61,23177
C1,20,C1-resources-0020,6,62,19521
C1,20,C1-resources-0020,6,63,19704
C1,20,C1-resources-0020,6,64,19775
C1,20,C1-resources-0020,6,65,21553
C1,20,C1-resources-0020,6,66,19763
C1,20,C1-resources-0020,6,67,22360
C1,20,C1-resources-0020,6,68,25862
C1,20,C1-resources-0020,6,69,19912
C1,20,C1-resources-0020,6,70,22355
C1,20,C1-resources-0020,6,71,18364
C1,20,C1-resources-0020,6,72,19192
C1,20,C1-resources-0020,6,73,31252
C1,20,C1-resources-0020,6,74,19177
C1,20,C1-resources-0020,6,75,75016
C1,20,C1-resources-0020,6,76,18551
C1,20,C1-resources-0020,6,77,18088
C1,20,C1-resources-0020,6,78,19130
C1,20,C1-resources-0020,6,79,18038
C1,20,C1-resources-0020,6,80,17590
C1,20,C1-resources-0020,6,81,17839
C1,20,C1-resources-0020,6,82,17529
C1,20,C1-resources-0020,6,83,17661
C1,20,C1-resources-0020,6,84,17472
C1,20,C1-resources-0020,6,85,17593
C1,20,C1-resources-0020,6,86,17926
C1,20,C1-resources-0020,6,87,17523
C1,20,C1-resources-0020,6,88,17610
C1,20,C1-resources-0020,6,89,17500
C1,20,C1-resources-0020,6,90,17664
C1,20,C1-resources-0020,6,91,17546
C1,20,C1-resources-0020,6,92,17757
C1,20,C1-resources-0020,6,93,17734
C1,20,C1-resources-0020,6,94,17459
C1,20,C1-resources-0020,6,95,17666
C1,20,C1-resources-0020,6,96,19219
C1,20,C1-resources-0020,6,97,18170
C1,20,C1-resources-0020,6,98,18198
C1,20,C1-resources-0020,6,99,17567
C1,20,C1-resources-0020,6,100,17881
C1,20,C1-resources-0020,7,1,21179
C1,20,C1-resources-0020,7,2,18840
C1,20,C1-resources-0020,7,3,17846
C1,20,C1-resources-0020,7,4,17817
C1,20,C1-resources-0020,7,5,17921
C1,20,C1-resources-0020,7,6,17743
C1,20,C1-resources-0020,7,7,17746
C1,20,C1-resources-0020,7,8,17712
C1,20,C1-resources-0020,7,9,17954
C1,20,C1-resources-0020,7,10,17962
C1,20,C1-resources-0020,7,11,22913
C1,20,C1-resources-0020,7,12,19006
C1,20,C1-resources-0020,7,13,18521
C1,20,C1-resources-0020,7,14,18427
C1,20,C1-resources-0020,7,15,17986
C1,20,C1-resources-0020,7,16,18294
C1,20,C1-resources-0020,7,17,24471
C1,20,C1-resources-0020,7,18,24226
C1,20,C1-resources-0020,7,19,20608
C1,20,C1-resources-0020,7,20,24654
C1,20,C1-resources-0020,7,21,20661
C1,20,C1-resources-0020,7,22,25026
C1,20,C1-resources-0020,7,23,19115
C1,20,C1-resources-0020,7,24,18959
C1,20,C1-resources-0020,7,25,22872
C1,20,C1-resources-0020,7,26,18653
C1,20,C1-resources-0020,7,27,18988
C1,20,C1-resources-0020,7,28,18970
C1,20,C1-resources-0020,7,29,21058
C1,20,C1-resources-0020,7,30,18812
C1,20,C1-resources-0020,7,31,18803
C1,20,C1-resources-0020,7,32,24784
C1,20,C1-resources-0020,7,33,21363
C1,20,C1-resources-0020,7,34,21194
C1,20,C1-resources-0020,7,35,24959
C1,20,C1-resources-0020,7,36,24038
C1,20,C1-resources-0020,7,37,22770
C1,20,C1-resources-0020,7,38,18942
C1,20,C1-resources-0020,7,39,27102
C1,20,C1-resources-0020,7,40,24105
C1,20,C1-resources-0020,7,41,18038
C1,20,C1-resources-0020,7,42,18386
C1,20,C1-resources-0020,7,43,17554
C1,20,C1-resources-0020,7,44,17574
C1,20,C1-resources-0020,7,45,17647
C1,20,C1-resources-0020,7,46,20940
C1,20,C1-resources-0020,7,47,18093
C1,20,C1-resources-0020,7,48,17597
C1,20,C1-resources-0020,7,49,17419
C1,20,C1-resources-0020,7,50,17635
C1,20,C1-resources-0020,7,51,17968
C1,20,C1-resources-0020,7,52,18318
C1,20,C1-resources-0020,7,53,18278
C1,20,C1-resources-0020,7,54,17624
C1,20,C1-resources-0020,7,55,17840
C1,20,C1-resources-0020,7,56,20520
C1,20,C1-resources-0020,7,57,19136
C1,20,C1-resources-0020,7,58,22929
C1,20,C1-resources-0020,7,59,18541
C1,20,C1-resources-0020,7,60,17732
C1,20,C1-resources-0020,7,61,17599
C1,20,C1-resources-0020,7,62,17619
C1,20,C1-resources-0020,7,63,17626
C1,20,C1-resources-0020,7,64,19037
C1,20,C1-resources-0020,7,65,17477
C1,20,C1-resources-0020,7,66,17544
C1,20,C1-resources-0020,7,67,17523
C1,20,C1-resources-0020,7,68,17640
C1,20,C1-resources-0020,7,69,17538
C1,20,C1-resources-0020,7,70,17705
C1,20,C1-resources-0020,7,71,17659
C1,20,C1-resources-0020,7,72,18024
C1,20,C1-resources-0020,7,73,17513
C1,20,C1-resources-0020,7,74,17644
C1,20,C1-resources-0020,7,75,17711
C1,20,C1-resources-0020,7,76,18118
C1,20,C1-resources-0020,7,77,18828
C1,20,C1-resources-0020,7,78,17714
C1,20,C1-resources-0020,7,79,17669
C1,20,C1-resources-0020,7,80,17969
C1,20,C1-resources-0020,7,81,18217
C1,20,C1-resources-0020,7,82,18648
C1,20,C1-resources-0020,7,83,17667
C1,20,C1-resources-0020,7,84,17735
C1,20,C1-resources-0020,7,85,17732
C1,20,C1-resources-0020,7,86,17566
C1,20,C1-resources-0020,7,87,17679
C1,20,C1-resources-0020,7,88,17581
C1,20,C1-resources-0020,7,89,18139
C1,20,C1-resources-0020,7,90,17758
C1,20,C1-resources-0020,7,91,17717
C1,20,C1-resources-0020,7,92,17478
C1,20,C1-resources-0020,7,93,17923
C1,20,C1-resources-0020,7,94,17347
C1,20,C1-resources-0020,7,95,17505
C1,20,C1-resources-0020,7,96,17544
C1,20,C1-resources-0020,7,97,17483
C1,20,C1-resources-0020,7,98,18069
C1,20,C1-resources-0020,7,99,18017
C1,20,C1-resources-0020,7,100,18362
C1,20,C1-resources-0020,8,1,19575
C1,20,C1-resources-0020,8,2,18035
C1,20,C1-resources-0020,8,3,17501
C1,20,C1-resources-0020,8,4,17964
C1,20,C1-resources-0020,8,5,20467
C1,20,C1-resources-0020,8,6,17793
C1,20,C1-resources-0020,8,7,18158
C1,20,C1-resources-0020,8,8,17865
C1,20,C1-resources-0020,8,9,17644
C1,20,C1-resources-0020,8,10,17963
C1,20,C1-resources-0020,8,11,17710
C1,20,C1-resources-0020,8,12,17575
C1,20,C1-resources-0020,8,13,17797
C1,20,C1-resources-0020,8,14,17623
C1,20,C1-resources-0020,8,15,17639
C1,20,C1-resources-0020,8,16,17773
C1,20,C1-resources-0020,8,17,20865
C1,20,C1-resources-0020,8,18,17637
C1,20,C1-resources-0020,8,19,17708
C1,20,C1-resources-0020,8,20,17562
C1,20,C1-resources-0020,8,21,17666
C1,20,C1-resources-0020,8,22,17591
C1,20,C1-resources-0020,8,23,17745
C1,20,C1-resources-0020,8,24,18350
C1,20,C1-resources-0020,8,25,17759
C1,20,C1-resources-0020,8,26,23997
C1,20,C1-resources-0020,8,27,17769
C1,20,C1-resources-0020,8,28,17516
C1,20,C1-resources-0020,8,29,17716
C1,20,C1-resources-0020,8,30,17525
C1,20,C1-resources-0020,8,31,17526
C1,20,C1-resources-0020,8,32,25991
C1,20,C1-resources-0020,8,33,19122
C1,20,C1-resources-0020,8,34,23791
C1,20,C1-resources-0020,8,35,19842
C1,20,C1-resources-0020,8,36,22986
C1,20,C1-resources-0020,8,37,18136
C1,20,C1-resources-0020,8,38,18443
C1,20,C1-resources-0020,8,39,18227
C1,20,C1-resources-0020,8,40,18795
C1,20,C1-resources-0020,8,41,17471
C1,20,C1-resources-0020,8,42,17665
C1,20,C1-resources-0020,8,43,18698
C1,20,C1-resources-0020,8,44,20966
C1,20,C1-resources-0020,8,45,17534
C1,20,C1-resources-0020,8,46,17621
C1,20,C1-resources-0020,8,47,17511
C1,20,C1-resources-0020,8,48,17523
C1,20,C1-resources-0020,8,49,18037
C1,20,C1-resources-0020,8,50,17575
C1,20,C1-resources-0020,8,51,17656
C1,20,C1-resources-0020,8,52,20457
C1,20,C1-resources-0020,8,53,17613
C1,20,C1-resources-0020,8,54,17779
C1,20,C1-resources-0020,8,55,18264
C1,20,C1-resources-0020,8,56,17979
C1,20,C1-resources-0020,8,57,19069
C1,20,C1-resources-0020,8,58,17638
C1,20,C1-resources-0020,8,59,17419
C1,20,C1-resources-0020,8,60,17856
C1,20,C1-resources-0020,8,61,17520
C1,20,C1-resources-0020,8,62,17529
C1,20,C1-resources-0020,8,63,17726
C1,20,C1-resources-0020,8,64,17907
C1,20,C1-resources-0020,8,65,17528
C1,20,C1-resources-0020,8,66,17504
C1,20,C1-resources-0020,8,67,17908
C1,20,C1-resources-0020,8,68,17539
C1,20,C1-resources-0020,8,69,17554
C1,20,C1-resources-0020,8,70,19601
C1,20,C1-resources-0020,8,71,17557
C1,20,C1-resources-0020,8,72,17584
C1,20,C1-resources-0020,8,73,17789
C1,20,C1-resources-0020,8,74,17735
C1,20,C1-resources-0020,8,75,17806
C1,20,C1-resources-0020,8,76,17471
C1,20,C1-resources-0020,8,77,17448
C1,20,C1-resources-0020,8,78,17485
C1,20,C1-resources-0020,8,79,17666
C1,20,C1-resources-0020,8,80,17780
C1,20,C1-resources-0020,8,81,17578
C1,20,C1-resources-0020,8,82,17844
C1,20,C1-resources-0020,8,83,17723
C1,20,C1-resources-0020,8,84,17563
C1,20,C1-resources-0020,8,85,17368
C1,20,C1-resources-0020,8,86,17518
C1,20,C1-resources-0020,8,87,17776
C1,20,C1-resources-0020,8,88,20259
C1,20,C1-resources-0020,8,89,17471
C1,20,C1-resources-0020,8,90,17463
C1,20,C1-resources-0020,8,91,17534
C1,20,C1-resources-0020,8,92,17690
C1,20,C1-resources-0020,8,93,17766
C1,20,C1-resources-0020,8,94,17557
C1,20,C1-resources-0020,8,95,17396
C1,20,C1-resources-0020,8,96,17452
C1,20,C1-resources-0020,8,97,17565
C1,20,C1-resources-0020,8,98,17690
C1,20,C1-resources-0020,8,99,17551
C1,20,C1-resources-0020,8,100,17483
C6,1000,C6-resources-1000,1,1,2899715
C6,1000,C6-resources-1000,1,2,2823635
C6,1000,C6-resources-1000,1,3,2819958
C6,1000,C6-resources-1000,1,4,2885441
C6,1000,C6-resources-1000,1,5,2849387
C6,1000,C6-resources-1000,1,6,2904445
C6,1000,C6-resources-1000,1,7,2851114
C6,1000,C6-resources-1000,1,8,2848140
C6,1000,C6-resources-1000,1,9,2859623
C6,1000,C6-resources-1000,1,10,2856345
C6,1000,C6-resources-1000,1,11,2842633
C6,1000,C6-resources-1000,1,12,2829050
C6,1000,C6-resources-1000,1,13,2887314
C6,1000,C6-resources-1000,1,14,2823708
C6,1000,C6-resources-1000,1,15,2810546
C6,1000,C6-resources-1000,1,16,2933759
C6,1000,C6-resources-1000,1,17,2826101
C6,1000,C6-resources-1000,1,18,2854966
C6,1000,C6-resources-1000,1,19,2837100
C6,1000,C6-resources-1000,1,20,2980546
C6,1000,C6-resources-1000,1,21,2987066
C6,1000,C6-resources-1000,1,22,2982449
C6,1000,C6-resources-1000,1,23,2969764
C6,1000,C6-resources-1000,1,24,2827913
C6,1000,C6-resources-1000,1,25,2814714
C6,1000,C6-resources-1000,1,26,2848855
C6,1000,C6-resources-1000,1,27,2872783
C6,1000,C6-resources-1000,1,28,2843972
C6,1000,C6-resources-1000,1,29,2855545
C6,1000,C6-resources-1000,1,30,2952575
C6,1000,C6-resources-1000,1,31,2979868
C6,1000,C6-resources-1000,1,32,2975994
C6,1000,C6-resources-1000,1,33,2958559
C6,1000,C6-resources-1000,1,34,3774157
C6,1000,C6-resources-1000,1,35,3070487
C6,1000,C6-resources-1000,1,36,2912315
C6,1000,C6-resources-1000,1,37,2848164
C6,1000,C6-resources-1000,1,38,2854205
C6,1000,C6-resources-1000,1,39,2908990
C6,1000,C6-resources-1000,1,40,2816499
C6,1000,C6-resources-1000,1,41,2789381
C6,1000,C6-resources-1000,1,42,2894658
C6,1000,C6-resources-1000,1,43,2819561
C6,1000,C6-resources-1000,1,44,2835832
C6,1000,C6-resources-1000,1,45,2921337
C6,1000,C6-resources-1000,1,46,2832196
C6,1000,C6-resources-1000,1,47,2808298
C6,1000,C6-resources-1000,1,48,2802025
C6,1000,C6-resources-1000,1,49,2890641
C6,1000,C6-resources-1000,1,50,2869434
C6,1000,C6-resources-1000,1,51,2828347
C6,1000,C6-resources-1000,1,52,2869246
C6,1000,C6-resources-1000,1,53,2854432
C6,1000,C6-resources-1000,1,54,2857765
C6,1000,C6-resources-1000,1,55,2911881
C6,1000,C6-resources-1000,1,56,2871106
C6,1000,C6-resources-1000,1,57,2903152
C6,1000,C6-resources-1000,1,58,2899128
C6,1000,C6-resources-1000,1,59,2910367
C6,1000,C6-resources-1000,1,60,2837333
C6,1000,C6-resources-1000,1,61,2872405
C6,1000,C6-resources-1000,1,62,2890903
C6,1000,C6-resources-1000,1,63,2842856
C6,1000,C6-resources-1000,1,64,2802614
C6,1000,C6-resources-1000,1,65,2855278
C6,1000,C6-resources-1000,1,66,2887772
C6,1000,C6-resources-1000,1,67,2814052
C6,1000,C6-resources-1000,1,68,2865612
C6,1000,C6-resources-1000,1,69,2842030
C6,1000,C6-resources-1000,1,70,2828854
C6,1000,C6-resources-1000,1,71,2912509
C6,1000,C6-resources-1000,1,72,2810276
C6,1000,C6-resources-1000,1,73,2924041
C6,1000,C6-resources-1000,1,74,3043088
C6,1000,C6-resources-1000,1,75,2925573
C6,1000,C6-resources-1000,1,76,2849083
C6,1000,C6-resources-1000,1,77,2831809
C6,1000,C6-resources-1000,1,78,2927120
C6,1000,C6-resources-1000,1,79,2859061
C6,1000,C6-resources-1000,1,80,2819505
C6,1000,C6-resources-1000,1,81,2836052
C6,1000,C6-resources-1000,1,82,2843062
C6,1000,C6-resources-1000,1,83,2807640
C6,1000,C6-resources-1000,1,84,2884311
C6,1000,C6-resources-1000,1,85,2874368
C6,1000,C6-resources-1000,1,86,2818553
C6,1000,C6-resources-1000,1,87,2818684
C6,1000,C6-resources-1000,1,88,2936760
C6,1000,C6-resources-1000,1,89,2916616
C6,1000,C6-resources-1000,1,90,2879843
C6,1000,C6-resources-1000,1,91,3034066
C6,1000,C6-resources-1000,1,92,2962311
C6,1000,C6-resources-1000,1,93,2840692
C6,1000,C6-resources-1000,1,94,2843963
C6,1000,C6-resources-1000,1,95,2866838
C6,1000,C6-resources-1000,1,96,3993366
C6,1000,C6-resources-1000,1,97,3037770
C6,1000,C6-resources-1000,1,98,2884464
C6,1000,C6-resources-1000,1,99,2908505
C6,1000,C6-resources-1000,1,100,2844214
C6,1000,C6-resources-1000,2,1,2913479
C6,1000,C6-resources-1000,2,2,2858066
C6,1000,C6-resources-1000,2,3,2826376
C6,1000,C6-resources-1000,2,4,2919924
C6,1000,C6-resources-1000,2,5,2845253
C6,1000,C6-resources-1000,2,6,2856827
C6,1000,C6-resources-1000,2,7,3132444
C6,1000,C6-resources-1000,2,8,3018769
C6,1000,C6-resources-1000,2,9,2877876
C6,1000,C6-resources-1000,2,10,2838595
C6,1000,C6-resources-1000,2,11,2841837
C6,1000,C6-resources-1000,2,12,2874633
C6,1000,C6-resources-1000,2,13,2868770
C6,1000,C6-resources-1000,2,14,2852549
C6,1000,C6-resources-1000,2,15,2969295
C6,1000,C6-resources-1000,2,16,2895556
C6,1000,C6-resources-1000,2,17,3054200
C6,1000,C6-resources-1000,2,18,2875997
C6,1000,C6-resources-1000,2,19,2900910
C6,1000,C6-resources-1000,2,20,2837161
C6,1000,C6-resources-1000,2,21,2909798
C6,1000,C6-resources-1000,2,22,2823244
C6,1000,C6-resources-1000,2,23,2855737
C6,1000,C6-resources-1000,2,24,2834093
C6,1000,C6-resources-1000,2,25,2781585
C6,1000,C6-resources-1000,2,26,2916824
C6,1000,C6-resources-1000,2,27,2896805
C6,1000,C6-resources-1000,2,28,3012107
C6,1000,C6-resources-1000,2,29,3072508
C6,1000,C6-resources-1000,2,30,2944491
C6,1000,C6-resources-1000,2,31,2883748
C6,1000,C6-resources-1000,2,32,2883735
C6,1000,C6-resources-1000,2,33,2820822
C6,1000,C6-resources-1000,2,34,2816445
C6,1000,C6-resources-1000,2,35,2812593
C6,1000,C6-resources-1000,2,36,2910216
C6,1000,C6-resources-1000,2,37,2864885
C6,1000,C6-resources-1000,2,38,2829379
C6,1000,C6-resources-1000,2,39,2778081
C6,1000,C6-resources-1000,2,40,2814744
C6,1000,C6-resources-1000,2,41,2868497
C6,1000,C6-resources-1000,2,42,2808581
C6,1000,C6-resources-1000,2,43,2852692
C6,1000,C6-resources-1000,2,44,2822577
C6,1000,C6-resources-1000,2,45,2796782
C6,1000,C6-resources-1000,2,46,2860617
C6,1000,C6-resources-1000,2,47,2882135
C6,1000,C6-resources-1000,2,48,2855732
C6,1000,C6-resources-1000,2,49,2834580
C6,1000,C6-resources-1000,2,50,2826532
C6,1000,C6-resources-1000,2,51,2838506
C6,1000,C6-resources-1000,2,52,2815737
C6,1000,C6-resources-1000,2,53,2888288
C6,1000,C6-resources-1000,2,54,2832797
C6,1000,C6-resources-1000,2,55,2897902
C6,1000,C6-resources-1000,2,56,2869461
C6,1000,C6-resources-1000,2,57,2808892
C6,1000,C6-resources-1000,2,58,2912747
C6,1000,C6-resources-1000,2,59,4187686
C6,1000,C6-resources-1000,2,60,3351405
C6,1000,C6-resources-1000,2,61,2994238
C6,1000,C6-resources-1000,2,62,3025920
C6,1000,C6-resources-1000,2,63,2973657
C6,1000,C6-resources-1000,2,64,3024735
C6,1000,C6-resources-1000,2,65,3014276
C6,1000,C6-resources-1000,2,66,2935426
C6,1000,C6-resources-1000,2,67,2881537
C6,1000,C6-resources-1000,2,68,2847765
C6,1000,C6-resources-1000,2,69,2835159
C6,1000,C6-resources-1000,2,70,2876691
C6,1000,C6-resources-1000,2,71,2881725
C6,1000,C6-resources-1000,2,72,2800698
C6,1000,C6-resources-1000,2,73,2831088
C6,1000,C6-resources-1000,2,74,2866713
C6,1000,C6-resources-1000,2,75,2818297
C6,1000,C6-resources-1000,2,76,2809701
C6,1000,C6-resources-1000,2,77,2921364
C6,1000,C6-resources-1000,2,78,2861309
C6,1000,C6-resources-1000,2,79,2823672
C6,1000,C6-resources-1000,2,80,2848533
C6,1000,C6-resources-1000,2,81,2925245
C6,1000,C6-resources-1000,2,82,2822614
C6,1000,C6-resources-1000,2,83,2824718
C6,1000,C6-resources-1000,2,84,2903497
C6,1000,C6-resources-1000,2,85,2897126
C6,1000,C6-resources-1000,2,86,2803689
C6,1000,C6-resources-1000,2,87,2836924
C6,1000,C6-resources-1000,2,88,2831068
C6,1000,C6-resources-1000,2,89,2839016
C6,1000,C6-resources-1000,2,90,2861565
C6,1000,C6-resources-1000,2,91,2870032
C6,1000,C6-resources-1000,2,92,2861175
C6,1000,C6-resources-1000,2,93,2903091
C6,1000,C6-resources-1000,2,94,2961375
C6,1000,C6-resources-1000,2,95,2906403
C6,1000,C6-resources-1000,2,96,2959261
C6,1000,C6-resources-1000,2,97,2892487
C6,1000,C6-resources-1000,2,98,2956843
C6,1000,C6-resources-1000,2,99,2870679
C6,1000,C6-resources-1000,2,100,2963648
C6,1000,C6-resources-1000,3,1,3013369
C6,1000,C6-resources-1000,3,2,2890352
C6,1000,C6-resources-1000,3,3,2868196
C6,1000,C6-resources-1000,3,4,2832345
C6,1000,C6-resources-1000,3,5,2815651
C6,1000,C6-resources-1000,3,6,2799504
C6,1000,C6-resources-1000,3,7,2845603
C6,1000,C6-resources-1000,3,8,2826187
C6,1000,C6-resources-1000,3,9,2816213
C6,1000,C6-resources-1000,3,10,2878369
C6,1000,C6-resources-1000,3,11,2853431
C6,1000,C6-resources-1000,3,12,2862621
C6,1000,C6-resources-1000,3,13,2867992
C6,1000,C6-resources-1000,3,14,2911596
C6,1000,C6-resources-1000,3,15,2848247
C6,1000,C6-resources-1000,3,16,2935640
C6,1000,C6-resources-1000,3,17,2925712
C6,1000,C6-resources-1000,3,18,2832020
C6,1000,C6-resources-1000,3,19,2894419
C6,1000,C6-resources-1000,3,20,2914145
C6,1000,C6-resources-1000,3,21,2844015
C6,1000,C6-resources-1000,3,22,2881843
C6,1000,C6-resources-1000,3,23,4494966
C6,1000,C6-resources-1000,3,24,2947600
C6,1000,C6-resources-1000,3,25,2847910
C6,1000,C6-resources-1000,3,26,2883469
C6,1000,C6-resources-1000,3,27,2896352
C6,1000,C6-resources-1000,3,28,2933013
C6,1000,C6-resources-1000,3,29,2884547
C6,1000,C6-resources-1000,3,30,2964700
C6,1000,C6-resources-1000,3,31,2914047
C6,1000,C6-resources-1000,3,32,2975589
C6,1000,C6-resources-1000,3,33,3009809
C6,1000,C6-resources-1000,3,34,2923539
C6,1000,C6-resources-1000,3,35,2930672
C6,1000,C6-resources-1000,3,36,3002464
C6,1000,C6-resources-1000,3,37,2898616
C6,1000,C6-resources-1000,3,38,2907734
C6,1000,C6-resources-1000,3,39,2856565
C6,1000,C6-resources-1000,3,40,2830635
C6,1000,C6-resources-1000,3,41,2876973
C6,1000,C6-resources-1000,3,42,2901404
C6,1000,C6-resources-1000,3,43,2865280
C6,1000,C6-resources-1000,3,44,2859338
C6,1000,C6-resources-1000,3,45,2847912
C6,1000,C6-resources-1000,3,46,2878733
C6,1000,C6-resources-1000,3,47,2844561
C6,1000,C6-resources-1000,3,48,2889163
C6,1000,C6-resources-1000,3,49,2826431
C6,1000,C6-resources-1000,3,50,2921929
C6,1000,C6-resources-1000,3,51,2863878
C6,1000,C6-resources-1000,3,52,2876931
C6,1000,C6-resources-1000,3,53,2802818
C6,1000,C6-resources-1000,3,54,2866983
C6,1000,C6-resources-1000,3,55,2890705
C6,1000,C6-resources-1000,3,56,2863018
C6,1000,C6-resources-1000,3,57,2893356
C6,1000,C6-resources-1000,3,58,2960194
C6,1000,C6-resources-1000,3,59,2916834
C6,1000,C6-resources-1000,3,60,2844970
C6,1000,C6-resources-1000,3,61,2845787
C6,1000,C6-resources-1000,3,62,3033233
C6,1000,C6-resources-1000,3,63,2878535
C6,1000,C6-resources-1000,3,64,2937140
C6,1000,C6-resources-1000,3,65,2962019
C6,1000,C6-resources-1000,3,66,2915512
C6,1000,C6-resources-1000,3,67,2863896
C6,1000,C6-resources-1000,3,68,2971017
C6,1000,C6-resources-1000,3,69,2930409
C6,1000,C6-resources-1000,3,70,2942417
C6,1000,C6-resources-1000,3,71,2990801
C6,1000,C6-resources-1000,3,72,2905809
C6,1000,C6-resources-1000,3,73,2851579
C6,1000,C6-resources-1000,3,74,2902258
C6,1000,C6-resources-1000,3,75,2837967
C6,1000,C6-resources-1000,3,76,2827761
C6,1000,C6-resources-1000,3,77,2814361
C6,1000,C6-resources-1000,3,78,2847328
C6,1000,C6-resources-1000,3,79,2832643
C6,1000,C6-resources-1000,3,80,2796545
C6,1000,C6-resources-1000,3,81,2892065
C6,1000,C6-resources-1000,3,82,2882130
C6,1000,C6-resources-1000,3,83,2836844
C6,1000,C6-resources-1000,3,84,2903417
C6,1000,C6-resources-1000,3,85,2855069
C6,1000,C6-resources-1000,3,86,4318605
C6,1000,C6-resources-1000,3,87,3020072
C6,1000,C6-resources-1000,3,88,2921507
C6,1000,C6-resources-1000,3,89,2832474
C6,1000,C6-resources-1000,3,90,2825343
C6,1000,C6-resources-1000,3,91,2819016
C6,1000,C6-resources-1000,3,92,2908324
C6,1000,C6-resources-1000,3,93,2837979
C6,1000,C6-resources-1000,3,94,2857178
C6,1000,C6-resources-1000,3,95,2814543
C6,1000,C6-resources-1000,3,96,2880499
C6,1000,C6-resources-1000,3,97,2965735
C6,1000,C6-resources-1000,3,98,2874067
C6,1000,C6-resources-1000,3,99,2849827
C6,1000,C6-resources-1000,3,100,2916038
C6,1000,C6-resources-1000,4,1,2895653
C6,1000,C6-resources-1000,4,2,2919753
C6,1000,C6-resources-1000,4,3,2934231
C6,1000,C6-resources-1000,4,4,3094172
C6,1000,C6-resources-1000,4,5,2925648
C6,1000,C6-resources-1000,4,6,2905637
C6,1000,C6-resources-1000,4,7,2952667
C6,1000,C6-resources-1000,4,8,2849996
C6,1000,C6-resources-1000,4,9,2800340
C6,1000,C6-resources-1000,4,10,2917384
C6,1000,C6-resources-1000,4,11,2828596
C6,1000,C6-resources-1000,4,12,2818853
C6,1000,C6-resources-1000,4,13,2877628
C6,1000,C6-resources-1000,4,14,2874462
C6,1000,C6-resources-1000,4,15,2845321
C6,1000,C6-resources-1000,4,16,2830411
C6,1000,C6-resources-1000,4,17,2917809
C6,1000,C6-resources-1000,4,18,2812447
C6,1000,C6-resources-1000,4,19,2874069
C6,1000,C6-resources-1000,4,20,2923615
C6,1000,C6-resources-1000,4,21,2871969
C6,1000,C6-resources-1000,4,22,2874499
C6,1000,C6-resources-1000,4,23,2849203
C6,1000,C6-resources-1000,4,24,2896392
C6,1000,C6-resources-1000,4,25,2873519
C6,1000,C6-resources-1000,4,26,2982799
C6,1000,C6-resources-1000,4,27,3005558
C6,1000,C6-resources-1000,4,28,2910562
C6,1000,C6-resources-1000,4,29,2929868
C6,1000,C6-resources-1000,4,30,2824891
C6,1000,C6-resources-1000,4,31,2844221
C6,1000,C6-resources-1000,4,32,2804834
C6,1000,C6-resources-1000,4,33,2850624
C6,1000,C6-resources-1000,4,34,2936834
C6,1000,C6-resources-1000,4,35,2882673
C6,1000,C6-resources-1000,4,36,3040118
C6,1000,C6-resources-1000,4,37,2958209
C6,1000,C6-resources-1000,4,38,2936906
C6,1000,C6-resources-1000,4,39,3076024
C6,1000,C6-resources-1000,4,40,2962027
C6,1000,C6-resources-1000,4,41,2832516
C6,1000,C6-resources-1000,4,42,2900356
C6,1000,C6-resources-1000,4,43,2866105
C6,1000,C6-resources-1000,4,44,2807413
C6,1000,C6-resources-1000,4,45,2847559
C6,1000,C6-resources-1000,4,46,2865701
C6,1000,C6-resources-1000,4,47,2908486
C6,1000,C6-resources-1000,4,48,2790706
C6,1000,C6-resources-1000,4,49,4319645
C6,1000,C6-resources-1000,4,50,3044733
C6,1000,C6-resources-1000,4,51,2894147
C6,1000,C6-resources-1000,4,52,2890307
C6,1000,C6-resources-1000,4,53,2836467
C6,1000,C6-resources-1000,4,54,2878000
C6,1000,C6-resources-1000,4,55,2925003
C6,1000,C6-resources-1000,4,56,2828689
C6,1000,C6-resources-1000,4,57,2843070
C6,1000,C6-resources-1000,4,58,2873780
C6,1000,C6-resources-1000,4,59,2877903
C6,1000,C6-resources-1000,4,60,2844132
C6,1000,C6-resources-1000,4,61,2864242
C6,1000,C6-resources-1000,4,62,3038417
C6,1000,C6-resources-1000,4,63,2928487
C6,1000,C6-resources-1000,4,64,2845320
C6,1000,C6-resources-1000,4,65,2861574
C6,1000,C6-resources-1000,4,66,2858490
C6,1000,C6-resources-1000,4,67,2828500
C6,1000,C6-resources-1000,4,68,2859525
C6,1000,C6-resources-1000,4,69,2852961
C6,1000,C6-resources-1000,4,70,2963334
C6,1000,C6-resources-1000,4,71,2906924
C6,1000,C6-resources-1000,4,72,2891918
C6,1000,C6-resources-1000,4,73,2971000
C6,1000,C6-resources-1000,4,74,2960200
C6,1000,C6-resources-1000,4,75,3001379
C6,1000,C6-resources-1000,4,76,2865392
C6,1000,C6-resources-1000,4,77,2853530
C6,1000,C6-resources-1000,4,78,2899806
C6,1000,C6-resources-1000,4,79,2854057
C6,1000,C6-resources-1000,4,80,2837927
C6,1000,C6-resources-1000,4,81,2895405
C6,1000,C6-resources-1000,4,82,2807397
C6,1000,C6-resources-1000,4,83,2910385
C6,1000,C6-resources-1000,4,84,2879080
C6,1000,C6-resources-1000,4,85,2850257
C6,1000,C6-resources-1000,4,86,2825750
C6,1000,C6-resources-1000,4,87,2844702
C6,1000,C6-resources-1000,4,88,2896459
C6,1000,C6-resources-1000,4,89,2861670
C6,1000,C6-resources-1000,4,90,2917389
C6,1000,C6-resources-1000,4,91,2881808
C6,1000,C6-resources-1000,4,92,2828812
C6,1000,C6-resources-1000,4,93,2839546
C6,1000,C6-resources-1000,4,94,2836353
C6,1000,C6-resources-1000,4,95,2775050
C6,1000,C6-resources-1000,4,96,2811095
C6,1000,C6-resources-1000,4,97,2941555
C6,1000,C6-resources-1000,4,98,2830208
C6,1000,C6-resources-1000,4,99,2780241
C6,1000,C6-resources-1000,4,100,2821844
C6,1000,C6-resources-1000,5,1,2986009
C6,1000,C6-resources-1000,5,2,2999993
C6,1000,C6-resources-1000,5,3,2869300
C6,1000,C6-resources-1000,5,4,3099206
C6,1000,C6-resources-1000,5,5,2871583
C6,1000,C6-resources-1000,5,6,2819782
C6,1000,C6-resources-1000,5,7,2848155
C6,1000,C6-resources-1000,5,8,2903639
C6,1000,C6-resources-1000,5,9,2888310
C6,1000,C6-resources-1000,5,10,2852923
C6,1000,C6-resources-1000,5,11,2844964
C6,1000,C6-resources-1000,5,12,2910987
C6,1000,C6-resources-1000,5,13,4185725
C6,1000,C6-resources-1000,5,14,3050276
C6,1000,C6-resources-1000,5,15,2889112
C6,1000,C6-resources-1000,5,16,2861587
C6,1000,C6-resources-1000,5,17,2869107
C6,1000,C6-resources-1000,5,18,2817034
C6,1000,C6-resources-1000,5,19,2814457
C6,1000,C6-resources-1000,5,20,2924406
C6,1000,C6-resources-1000,5,21,2860779
C6,1000,C6-resources-1000,5,22,2844397
C6,1000,C6-resources-1000,5,23,2877982
C6,1000,C6-resources-1000,5,24,2935643
C6,1000,C6-resources-1000,5,25,2833902
C6,1000,C6-resources-1000,5,26,2833999
C6,1000,C6-resources-1000,5,27,2850731
C6,1000,C6-resources-1000,5,28,2889172
C6,1000,C6-resources-1000,5,29,2832653
C6,1000,C6-resources-1000,5,30,2884635
C6,1000,C6-resources-1000,5,31,2898551
C6,1000,C6-resources-1000,5,32,2869489
C6,1000,C6-resources-1000,5,33,2841049
C6,1000,C6-resources-1000,5,34,2831471
C6,1000,C6-resources-1000,5,35,2932392
C6,1000,C6-resources-1000,5,36,3005032
C6,1000,C6-resources-1000,5,37,2869262
C6,1000,C6-resources-1000,5,38,2895622
C6,1000,C6-resources-1000,5,39,2910768
C6,1000,C6-resources-1000,5,40,2927851
C6,1000,C6-resources-1000,5,41,2870620
C6,1000,C6-resources-1000,5,42,2892269
C6,1000,C6-resources-1000,5,43,2917749
C6,1000,C6-resources-1000,5,44,2901462
C6,1000,C6-resources-1000,5,45,2877047
C6,1000,C6-resources-1000,5,46,2823646
C6,1000,C6-resources-1000,5,47,2893801
C6,1000,C6-resources-1000,5,48,2846416
C6,1000,C6-resources-1000,5,49,2860779
C6,1000,C6-resources-1000,5,50,2867465
C6,1000,C6-resources-1000,5,51,2843794
C6,1000,C6-resources-1000,5,52,2825565
C6,1000,C6-resources-1000,5,53,2817606
C6,1000,C6-resources-1000,5,54,2849771
C6,1000,C6-resources-1000,5,55,2859612
C6,1000,C6-resources-1000,5,56,2847235
C6,1000,C6-resources-1000,5,57,2855237
C6,1000,C6-resources-1000,5,58,2835413
C6,1000,C6-resources-1000,5,59,2946785
C6,1000,C6-resources-1000,5,60,2854232
C6,1000,C6-resources-1000,5,61,2784094
C6,1000,C6-resources-1000,5,62,2838190
C6,1000,C6-resources-1000,5,63,2874140
C6,1000,C6-resources-1000,5,64,2824733
C6,1000,C6-resources-1000,5,65,2900413
C6,1000,C6-resources-1000,5,66,2886735
C6,1000,C6-resources-1000,5,67,3038697
C6,1000,C6-resources-1000,5,68,2911362
C6,1000,C6-resources-1000,5,69,2869686
C6,1000,C6-resources-1000,5,70,2953933
C6,1000,C6-resources-1000,5,71,2816353
C6,1000,C6-resources-1000,5,72,2859547
C6,1000,C6-resources-1000,5,73,2859043
C6,1000,C6-resources-1000,5,74,2784763
C6,1000,C6-resources-1000,5,75,2976830
C6,1000,C6-resources-1000,5,76,2910735
C6,1000,C6-resources-1000,5,77,3930109
C6,1000,C6-resources-1000,5,78,3259167
C6,1000,C6-resources-1000,5,79,2913304
C6,1000,C6-resources-1000,5,80,2881209
C6,1000,C6-resources-1000,5,81,2904902
C6,1000,C6-resources-1000,5,82,2833133
C6,1000,C6-resources-1000,5,83,2813937
C6,1000,C6-resources-1000,5,84,2884556
C6,1000,C6-resources-1000,5,85,2908874
C6,1000,C6-resources-1000,5,86,2869144
C6,1000,C6-resources-1000,5,87,2833395
C6,1000,C6-resources-1000,5,88,2812301
C6,1000,C6-resources-1000,5,89,2909453
C6,1000,C6-resources-1000,5,90,2876832
C6,1000,C6-resources-1000,5,91,2855319
C6,1000,C6-resources-1000,5,92,2856935
C6,1000,C6-resources-1000,5,93,2890739
C6,1000,C6-resources-1000,5,94,2904358
C6,1000,C6-resources-1000,5,95,2862465
C6,1000,C6-resources-1000,5,96,2897760
C6,1000,C6-resources-1000,5,97,2863730
C6,1000,C6-resources-1000,5,98,2829703
C6,1000,C6-resources-1000,5,99,2793239
C6,1000,C6-resources-1000,5,100,2801711
C6,1000,C6-resources-1000,6,1,2908809
C6,1000,C6-resources-1000,6,2,2812060
C6,1000,C6-resources-1000,6,3,2805853
C6,1000,C6-resources-1000,6,4,2866757
C6,1000,C6-resources-1000,6,5,2916522
C6,1000,C6-resources-1000,6,6,2870846
C6,1000,C6-resources-1000,6,7,2950319
C6,1000,C6-resources-1000,6,8,2895155
C6,1000,C6-resources-1000,6,9,2874447
C6,1000,C6-resources-1000,6,10,2982943
C6,1000,C6-resources-1000,6,11,2830401
C6,1000,C6-resources-1000,6,12,2877420
C6,1000,C6-resources-1000,6,13,2916917
C6,1000,C6-resources-1000,6,14,2904940
C6,1000,C6-resources-1000,6,15,2835812
C6,1000,C6-resources-1000,6,16,2820533
C6,1000,C6-resources-1000,6,17,2895209
C6,1000,C6-resources-1000,6,18,2862671
C6,1000,C6-resources-1000,6,19,2833302
C6,1000,C6-resources-1000,6,20,2822738
C6,1000,C6-resources-1000,6,21,2833019
C6,1000,C6-resources-1000,6,22,2803865
C6,1000,C6-resources-1000,6,23,2787099
C6,1000,C6-resources-1000,6,24,2862632
C6,1000,C6-resources-1000,6,25,2956143
C6,1000,C6-resources-1000,6,26,2890359
C6,1000,C6-resources-1000,6,27,2862116
C6,1000,C6-resources-1000,6,28,2890048
C6,1000,C6-resources-1000,6,29,2845829
C6,1000,C6-resources-1000,6,30,2840794
C6,1000,C6-resources-1000,6,31,2877727
C6,1000,C6-resources-1000,6,32,2895431
C6,1000,C6-resources-1000,6,33,2812629
C6,1000,C6-resources-1000,6,34,2880547
C6,1000,C6-resources-1000,6,35,2841435
C6,1000,C6-resources-1000,6,36,2840960
C6,1000,C6-resources-1000,6,37,2881773
C6,1000,C6-resources-1000,6,38,2816776
C6,1000,C6-resources-1000,6,39,2782009
C6,1000,C6-resources-1000,6,40,2900957
C6,1000,C6-resources-1000,6,41,4177906
C6,1000,C6-resources-1000,6,42,2962782
C6,1000,C6-resources-1000,6,43,3157846
C6,1000,C6-resources-1000,6,44,3034545
C6,1000,C6-resources-1000,6,45,3062956
C6,1000,C6-resources-1000,6,46,2922003
C6,1000,C6-resources-1000,6,47,2881790
C6,1000,C6-resources-1000,6,48,2870381
C6,1000,C6-resources-1000,6,49,2889128
C6,1000,C6-resources-1000,6,50,2834991
C6,1000,C6-resources-1000,6,51,2835267
C6,1000,C6-resources-1000,6,52,2924262
C6,1000,C6-resources-1000,6,53,2892576
C6,1000,C6-resources-1000,6,54,2820614
C6,1000,C6-resources-1000,6,55,2824011
C6,1000,C6-resources-1000,6,56,2864559
C6,1000,C6-resources-1000,6,57,2783208
C6,1000,C6-resources-1000,6,58,2837706
C6,1000,C6-resources-1000,6,59,2890948
C6,1000,C6-resources-1000,6,60,2887251
C6,1000,C6-resources-1000,6,61,2894964
C6,1000,C6-resources-1000,6,62,2933222
C6,1000,C6-resources-1000,6,63,2843680
C6,1000,C6-resources-1000,6,64,2806156
C6,1000,C6-resources-1000,6,65,2994685
C6,1000,C6-resources-1000,6,66,2907721
C6,1000,C6-resources-1000,6,67,2830432
C6,1000,C6-resources-1000,6,68,2867936
C6,1000,C6-resources-1000,6,69,2844126
C6,1000,C6-resources-1000,6,70,2854455
C6,1000,C6-resources-1000,6,71,2837372
C6,1000,C6-resources-1000,6,72,2927312
C6,1000,C6-resources-1000,6,73,2817541
C6,1000,C6-resources-1000,6,74,2875936
C6,1000,C6-resources-1000,6,75,2954421
C6,1000,C6-resources-1000,6,76,2969325
C6,1000,C6-resources-1000,6,77,2900298
C6,1000,C6-resources-1000,6,78,2968055
C6,1000,C6-resources-1000,6,79,2901733
C6,1000,C6-resources-1000,6,80,2888802
C6,1000,C6-resources-1000,6,81,2880444
C6,1000,C6-resources-1000,6,82,2896915
C6,1000,C6-resources-1000,6,83,2905259
C6,1000,C6-resources-1000,6,84,2802680
C6,1000,C6-resources-1000,6,85,2894399
C6,1000,C6-resources-1000,6,86,2858735
C6,1000,C6-resources-1000,6,87,2823220
C6,1000,C6-resources-1000,6,88,2824491
C6,1000,C6-resources-1000,6,89,2805318
C6,1000,C6-resources-1000,6,90,2866288
C6,1000,C6-resources-1000,6,91,2861123
C6,1000,C6-resources-1000,6,92,2859092
C6,1000,C6-resources-1000,6,93,2808806
C6,1000,C6-resources-1000,6,94,2899480
C6,1000,C6-resources-1000,6,95,2913041
C6,1000,C6-resources-1000,6,96,2808242
C6,1000,C6-resources-1000,6,97,2852687
C6,1000,C6-resources-1000,6,98,2864920
C6,1000,C6-resources-1000,6,99,2878076
C6,1000,C6-resources-1000,6,100,2816807
C6,1000,C6-resources-1000,7,1,2876532
C6,1000,C6-resources-1000,7,2,2837574
C6,1000,C6-resources-1000,7,3,2806015
C6,1000,C6-resources-1000,7,4,2779278
C6,1000,C6-resources-1000,7,5,3880288
C6,1000,C6-resources-1000,7,6,3026314
C6,1000,C6-resources-1000,7,7,2919634
C6,1000,C6-resources-1000,7,8,2833270
C6,1000,C6-resources-1000,7,9,2823853
C6,1000,C6-resources-1000,7,10,2880842
C6,1000,C6-resources-1000,7,11,2962509
C6,1000,C6-resources-1000,7,12,2877998
C6,1000,C6-resources-1000,7,13,3035214
C6,1000,C6-resources-1000,7,14,2998474
C6,1000,C6-resources-1000,7,15,2902185
C6,1000,C6-resources-1000,7,16,2841840
C6,1000,C6-resources-1000,7,17,2872459
C6,1000,C6-resources-1000,7,18,2866358
C6,1000,C6-resources-1000,7,19,2799802
C6,1000,C6-resources-1000,7,20,2832188
C6,1000,C6-resources-1000,7,21,2869484
C6,1000,C6-resources-1000,7,22,2836027
C6,1000,C6-resources-1000,7,23,2852671
C6,1000,C6-resources-1000,7,24,2803806
C6,1000,C6-resources-1000,7,25,2854558
C6,1000,C6-resources-1000,7,26,2805517
C6,1000,C6-resources-1000,7,27,2805225
C6,1000,C6-resources-1000,7,28,2827967
C6,1000,C6-resources-1000,7,29,2794872
C6,1000,C6-resources-1000,7,30,2960440
C6,1000,C6-resources-1000,7,31,2869830
C6,1000,C6-resources-1000,7,32,2870687
C6,1000,C6-resources-1000,7,33,2842914
C6,1000,C6-resources-1000,7,34,2842306
C6,1000,C6-resources-1000,7,35,2804593
C6,1000,C6-resources-1000,7,36,2792154
C6,1000,C6-resources-1000,7,37,2844702
C6,1000,C6-resources-1000,7,38,2838508
C6,1000,C6-resources-1000,7,39,2776264
C6,1000,C6-resources-1000,7,40,2788304
C6,1000,C6-resources-1000,7,41,2930708
C6,1000,C6-resources-1000,7,42,2836805
C6,1000,C6-resources-1000,7,43,2801208
C6,1000,C6-resources-1000,7,44,2863764
C6,1000,C6-resources-1000,7,45,2840334
C6,1000,C6-resources-1000,7,46,2948652
C6,1000,C6-resources-1000,7,47,2949874
C6,1000,C6-resources-1000,7,48,3002545
C6,1000,C6-resources-1000,7,49,2904010
C6,1000,C6-resources-1000,7,50,2933577
C6,1000,C6-resources-1000,7,51,2857085
C6,1000,C6-resources-1000,7,52,2841990
C6,1000,C6-resources-1000,7,53,3009102
C6,1000,C6-resources-1000,7,54,2845460
C6,1000,C6-resources-1000,7,55,2803272
C6,1000,C6-resources-1000,7,56,2931635
C6,1000,C6-resources-1000,7,57,2877289
C6,1000,C6-resources-1000,7,58,2858944
C6,1000,C6-resources-1000,7,59,2942355
C6,1000,C6-resources-1000,7,60,2874905
C6,1000,C6-resources-1000,7,61,2852249
C6,1000,C6-resources-1000,7,62,2859980
C6,1000,C6-resources-1000,7,63,2881273
C6,1000,C6-resources-1000,7,64,2867250
C6,1000,C6-resources-1000,7,65,2868258
C6,1000,C6-resources-1000,7,66,2977036
C6,1000,C6-resources-1000,7,67,2835227
C6,1000,C6-resources-1000,7,68,2856984
C6,1000,C6-resources-1000,7,69,3793601
C6,1000,C6-resources-1000,7,70,3063555
C6,1000,C6-resources-1000,7,71,2898602
C6,1000,C6-resources-1000,7,72,2871167
C6,1000,C6-resources-1000,7,73,2823139
C6,1000,C6-resources-1000,7,74,2816174
C6,1000,C6-resources-1000,7,75,2828750
C6,1000,C6-resources-1000,7,76,2866088
C6,1000,C6-resources-1000,7,77,2961752
C6,1000,C6-resources-1000,7,78,2872107
C6,1000,C6-resources-1000,7,79,2846238
C6,1000,C6-resources-1000,7,80,2895514
C6,1000,C6-resources-1000,7,81,2916268
C6,1000,C6-resources-1000,7,82,2955620
C6,1000,C6-resources-1000,7,83,3047531
C6,1000,C6-resources-1000,7,84,2911556
C6,1000,C6-resources-1000,7,85,2879925
C6,1000,C6-resources-1000,7,86,2849122
C6,1000,C6-resources-1000,7,87,2822844
C6,1000,C6-resources-1000,7,88,2881975
C6,1000,C6-resources-1000,7,89,2899392
C6,1000,C6-resources-1000,7,90,2910847
C6,1000,C6-resources-1000,7,91,2860010
C6,1000,C6-resources-1000,7,92,2862499
C6,1000,C6-resources-1000,7,93,2852901
C6,1000,C6-resources-1000,7,94,2843995
C6,1000,C6-resources-1000,7,95,2913369
C6,1000,C6-resources-1000,7,96,2846269
C6,1000,C6-resources-1000,7,97,2858012
C6,1000,C6-resources-1000,7,98,2831747
C6,1000,C6-resources-1000,7,99,2928510
C6,1000,C6-resources-1000,7,100,2898366
C6,1000,C6-resources-1000,8,1,2938247
C6,1000,C6-resources-1000,8,2,2863907
C6,1000,C6-resources-1000,8,3,2815733
C6,1000,C6-resources-1000,8,4,2873108
C6,1000,C6-resources-1000,8,5,2912919
C6,1000,C6-resources-1000,8,6,2902917
C6,1000,C6-resources-1000,8,7,2849168
C6,1000,C6-resources-1000,8,8,2963636
C6,1000,C6-resources-1000,8,9,2866480
C6,1000,C6-resources-1000,8,10,2813203
C6,1000,C6-resources-1000,8,11,2928965
C6,1000,C6-resources-1000,8,12,2834705
C6,1000,C6-resources-1000,8,13,2803733
C6,1000,C6-resources-1000,8,14,2847372
C6,1000,C6-resources-1000,8,15,2942703
C6,1000,C6-resources-1000,8,16,2973978
C6,1000,C6-resources-1000,8,17,3099130
C6,1000,C6-resources-1000,8,18,2972380
C6,1000,C6-resources-1000,8,19,2962053
C6,1000,C6-resources-1000,8,20,2809209
C6,1000,C6-resources-1000,8,21,2917133
C6,1000,C6-resources-1000,8,22,2975247
C6,1000,C6-resources-1000,8,23,2869483
C6,1000,C6-resources-1000,8,24,2856379
C6,1000,C6-resources-1000,8,25,2823068
C6,1000,C6-resources-1000,8,26,2879962
C6,1000,C6-resources-1000,8,27,2891184
C6,1000,C6-resources-1000,8,28,2859752
C6,1000,C6-resources-1000,8,29,2875191
C6,1000,C6-resources-1000,8,30,2785365
C6,1000,C6-resources-1000,8,31,2857536
C6,1000,C6-resources-1000,8,32,2820482
C6,1000,C6-resources-1000,8,33,4168512
C6,1000,C6-resources-1000,8,34,3150577
C6,1000,C6-resources-1000,8,35,2969780
C6,1000,C6-resources-1000,8,36,2858058
C6,1000,C6-resources-1000,8,37,2902159
C6,1000,C6-resources-1000,8,38,2857004
C6,1000,C6-resources-1000,8,39,2799056
C6,1000,C6-resources-1000,8,40,2870976
C6,1000,C6-resources-1000,8,41,2852640
C6,1000,C6-resources-1000,8,42,2809343
C6,1000,C6-resources-1000,8,43,2827780
C6,1000,C6-resources-1000,8,44,2882331
C6,1000,C6-resources-1000,8,45,2870763
C6,1000,C6-resources-1000,8,46,2866258
C6,1000,C6-resources-1000,8,47,2843830
C6,1000,C6-resources-1000,8,48,2854953
C6,1000,C6-resources-1000,8,49,2881951
C6,1000,C6-resources-1000,8,50,3017050
C6,1000,C6-resources-1000,8,51,3018024
C6,1000,C6-resources-1000,8,52,2946521
C6,1000,C6-resources-1000,8,53,2978307
C6,1000,C6-resources-1000,8,54,2893154
C6,1000,C6-resources-1000,8,55,2857902
C6,1000,C6-resources-1000,8,56,2859128
C6,1000,C6-resources-1000,8,57,3109660
C6,1000,C6-resources-1000,8,58,2942615
C6,1000,C6-resources-1000,8,59,2861132
C6,1000,C6-resources-1000,8,60,2851040
C6,1000,C6-resources-1000,8,61,2800058
C6,1000,C6-resources-1000,8,62,2893165
C6,1000,C6-resources-1000,8,63,2864468
C6,1000,C6-resources-1000,8,64,2856282
C6,1000,C6-resources-1000,8,65,2873329
C6,1000,C6-resources-1000,8,66,2888123
C6,1000,C6-resources-1000,8,67,2814080
C6,1000,C6-resources-1000,8,68,2913165
C6,1000,C6-resources-1000,8,69,2916096
C6,1000,C6-resources-1000,8,70,2856036
C6,1000,C6-resources-1000,8,71,2947442
C6,1000,C6-resources-1000,8,72,2852418
C6,1000,C6-resources-1000,8,73,2847839
C6,1000,C6-resources-1000,8,74,2856454
C6,1000,C6-resources-1000,8,75,2933981
C6,1000,C6-resources-1000,8,76,2821973
C6,1000,C6-resources-1000,8,77,2888994
C6,1000,C6-resources-1000,8,78,2849578
C6,1000,C6-resources-1000,8,79,2855930
C6,1000,C6-resources-1000,8,80,2904440
C6,1000,C6-resources-1000,8,81,2914176
C6,1000,C6-resources-1000,8,82,2871670
C6,1000,C6-resources-1000,8,83,2873461
C6,1000,C6-resources-1000,8,84,3009631
C6,1000,C6-resources-1000,8,85,3146685
C6,1000,C6-resources-1000,8,86,3092521
C6,1000,C6-resources-1000,8,87,2869787
C6,1000,C6-resources-1000,8,88,2882609
C6,1000,C6-resources-1000,8,89,2856215
C6,1000,C6-resources-1000,8,90,2821787
C6,1000,C6-resources-1000,8,91,2963687
C6,1000,C6-resources-1000,8,92,3045259
C6,1000,C6-resources-1000,8,93,2978212
C6,1000,C6-resources-1000,8,94,2901757
C6,1000,C6-resources-1000,8,95,2861779
C6,1000,C6-resources-1000,8,96,2815200
C6,1000,C6-resources-1000,8,97,4191139
C6,1000,C6-resources-1000,8,98,3005290
C6,1000,C6-resources-1000,8,99,2887618
C6,1000,C6-resources-1000,8,100,2906374
C2,100,C2-resources-0100,1,1,40012
C2,100,C2-resources-0100,1,2,39960
C2,100,C2-resources-0100,1,3,39782
C2,100,C2-resources-0100,1,4,40122
C2,100,C2-resources-0100,1,5,40025
C2,100,C2-resources-0100,1,6,40691
C2,100,C2-resources-0100,1,7,40699
C2,100,C2-resources-0100,1,8,39990
C2,100,C2-resources-0100,1,9,42408
C2,100,C2-resources-0100,1,10,42951
C2,100,C2-resources-0100,1,11,43540
C2,100,C2-resources-0100,1,12,42995
C2,100,C2-resources-0100,1,13,42946
C2,100,C2-resources-0100,1,14,42970
C2,100,C2-resources-0100,1,15,42224
C2,100,C2-resources-0100,1,16,52429
C2,100,C2-resources-0100,1,17,44762
C2,100,C2-resources-0100,1,18,42674
C2,100,C2-resources-0100,1,19,43228
C2,100,C2-resources-0100,1,20,39561
C2,100,C2-resources-0100,1,21,42049
C2,100,C2-resources-0100,1,22,39634
C2,100,C2-resources-0100,1,23,39888
C2,100,C2-resources-0100,1,24,39869
C2,100,C2-resources-0100,1,25,39937
C2,100,C2-resources-0100,1,26,40272
C2,100,C2-resources-0100,1,27,40153
C2,100,C2-resources-0100,1,28,40340
C2,100,C2-resources-0100,1,29,41491
C2,100,C2-resources-0100,1,30,42728
C2,100,C2-resources-0100,1,31,44872
C2,100,C2-resources-0100,1,32,244929
C2,100,C2-resources-0100,1,33,81722
C2,100,C2-resources-0100,1,34,43131
C2,100,C2-resources-0100,1,35,40017
C2,100,C2-resources-0100,1,36,39863
C2,100,C2-resources-0100,1,37,42990
C2,100,C2-resources-0100,1,38,43390
C2,100,C2-resources-0100,1,39,43212
C2,100,C2-resources-0100,1,40,47300
C2,100,C2-resources-0100,1,41,43121
C2,100,C2-resources-0100,1,42,43503
C2,100,C2-resources-0100,1,43,44075
C2,100,C2-resources-0100,1,44,58398
C2,100,C2-resources-0100,1,45,48078
C2,100,C2-resources-0100,1,46,57278
C2,100,C2-resources-0100,1,47,47705
C2,100,C2-resources-0100,1,48,53644
C2,100,C2-resources-0100,1,49,43220
C2,100,C2-resources-0100,1,50,45525
C2,100,C2-resources-0100,1,51,45872
C2,100,C2-resources-0100,1,52,43659
C2,100,C2-resources-0100,1,53,43127
C2,100,C2-resources-0100,1,54,42551
C2,100,C2-resources-0100,1,55,43221
C2,100,C2-resources-0100,1,56,45314
C2,100,C2-resources-0100,1,57,43386
C2,100,C2-resources-0100,1,58,43019
C2,100,C2-resources-0100,1,59,44140
C2,100,C2-resources-0100,1,60,43158
C2,100,C2-resources-0100,1,61,43137
C2,100,C2-resources-0100,1,62,43877
C2,100,C2-resources-0100,1,63,43311
C2,100,C2-resources-0100,1,64,42952
C2,100,C2-resources-0100,1,65,43753
C2,100,C2-resources-0100,1,66,43519
C2,100,C2-resources-0100,1,67,43973
C2,100,C2-resources-0100,1,68,43317
C2,100,C2-resources-0100,1,69,44048
C2,100,C2-resources-0100,1,70,43160
C2,100,C2-resources-0100,1,71,46844
C2,100,C2-resources-0100,1,72,49494
C2,100,C2-resources-0100,1,73,56788
C2,100,C2-resources-0100,1,74,50253
C2,100,C2-resources-0100,1,75,49996
C2,100,C2-resources-0100,1,76,43252
C2,100,C2-resources-0100,1,77,42921
C2,100,C2-resources-0100,1,78,43421
C2,100,C2-resources-0100,1,79,43927
C2,100,C2-resources-0100,1,80,47665
C2,100,C2-resources-0100,1,81,44803
C2,100,C2-resources-0100,1,82,43621
C2,100,C2-resources-0100,1,83,42935
C2,100,C2-resources-0100,1,84,44472
C2,100,C2-resources-0100,1,85,45189
C2,100,C2-resources-0100,1,86,43749
C2,100,C2-resources-0100,1,87,43794
C2,100,C2-resources-0100,1,88,44222
C2,100,C2-resources-0100,1,89,44253
C2,100,C2-resources-0100,1,90,43090
C2,100,C2-resources-0100,1,91,45900
C2,100,C2-resources-0100,1,92,43534
C2,100,C2-resources-0100,1,93,43367
C2,100,C2-resources-0100,1,94,43167
C2,100,C2-resources-0100,1,95,42700
C2,100,C2-resources-0100,1,96,43570
C2,100,C2-resources-0100,1,97,42498
C2,100,C2-resources-0100,1,98,53253
C2,100,C2-resources-0100,1,99,44241
C2,100,C2-resources-0100,1,100,44064
C2,100,C2-resources-0100,2,1,54965
C2,100,C2-resources-0100,2,2,43448
C2,100,C2-resources-0100,2,3,43184
C2,100,C2-resources-0100,2,4,43201
C2,100,C2-resources-0100,2,5,42863
C2,100,C2-resources-0100,2,6,43596
C2,100,C2-resources-0100,2,7,43933
C2,100,C2-resources-0100,2,8,42741
C2,100,C2-resources-0100,2,9,43180
C2,100,C2-resources-0100,2,10,42889
C2,100,C2-resources-0100,2,11,42949
C2,100,C2-resources-0100,2,12,44452
C2,100,C2-resources-0100,2,13,42998
C2,100,C2-resources-0100,2,14,43451
C2,100,C2-resources-0100,2,15,42332
C2,100,C2-resources-0100,2,16,43028
C2,100,C2-resources-0100,2,17,46865
C2,100,C2-resources-0100,2,18,40002
C2,100,C2-resources-0100,2,19,39929
C2,100,C2-resources-0100,2,20,39463
C2,100,C2-resources-0100,2,21,39711
C2,100,C2-resources-0100,2,22,42459
C2,100,C2-resources-0100,2,23,39951
C2,100,C2-resources-0100,2,24,40257
C2,100,C2-resources-0100,2,25,39802
C2,100,C2-resources-0100,2,26,39843
C2,100,C2-resources-0100,2,27,40400
C2,100,C2-resources-0100,2,28,40717
C2,100,C2-resources-0100,2,29,40030
C2,100,C2-resources-0100,2,30,39721
C2,100,C2-resources-0100,2,31,40437
C2,100,C2-resources-0100,2,32,39959
C2,100,C2-resources-0100,2,33,42434
C2,100,C2-resources-0100,2,34,40214
C2,100,C2-resources-0100,2,35,39876
C2,100,C2-resources-0100,2,36,40586
C2,100,C2-resources-0100,2,37,39439
C2,100,C2-resources-0100,2,38,40150
C2,100,C2-resources-0100,2,39,39725
C2,100,C2-resources-0100,2,40,39744
C2,100,C2-resources-0100,2,41,39792
C2,100,C2-resources-0100,2,42,39332
C2,100,C2-resources-0100,2,43,39925
C2,100,C2-resources-0100,2,44,42565
C2,100,C2-resources-0100,2,45,40281
C2,100,C2-resources-0100,2,46,40264
C2,100,C2-resources-0100,2,47,40146
C2,100,C2-resources-0100,2,48,40296
C2,100,C2-resources-0100,2,49,40805
C2,100,C2-resources-0100,2,50,40607
C2,100,C2-resources-0100,2,51,41956
C2,100,C2-resources-0100,2,52,42603
C2,100,C2-resources-0100,2,53,43950
C2,100,C2-resources-0100,2,54,45393
C2,100,C2-resources-0100,2,55,46089
C2,100,C2-resources-0100,2,56,57790
C2,100,C2-resources-0100,2,57,45031
C2,100,C2-resources-0100,2,58,43654
C2,100,C2-resources-0100,2,59,43191
C2,100,C2-resources-0100,2,60,44878
C2,100,C2-resources-0100,2,61,43403
C2,100,C2-resources-0100,2,62,44108
C2,100,C2-resources-0100,2,63,43629
C2,100,C2-resources-0100,2,64,44153
C2,100,C2-resources-0100,2,65,52105
C2,100,C2-resources-0100,2,66,47117
C2,100,C2-resources-0100,2,67,43395
C2,100,C2-resources-0100,2,68,46398
C2,100,C2-resources-0100,2,69,46228
C2,100,C2-resources-0100,2,70,44822
C2,100,C2-resources-0100,2,71,48256
C2,100,C2-resources-0100,2,72,49017
C2,100,C2-resources-0100,2,73,43836
C2,100,C2-resources-0100,2,74,41733
C2,100,C2-resources-0100,2,75,41202
C2,100,C2-resources-0100,2,76,43303
C2,100,C2-resources-0100,2,77,41841
C2,100,C2-resources-0100,2,78,41135
C2,100,C2-resources-0100,2,79,40467
C2,100,C2-resources-0100,2,80,39809
C2,100,C2-resources-0100,2,81,40877
C2,100,C2-resources-0100,2,82,40633
C2,100,C2-resources-0100,2,83,40203
C2,100,C2-resources-0100,2,84,40170
C2,100,C2-resources-0100,2,85,40265
C2,100,C2-resources-0100,2,86,40774
C2,100,C2-resources-0100,2,87,51835
C2,100,C2-resources-0100,2,88,43592
C2,100,C2-resources-0100,2,89,46745
C2,100,C2-resources-0100,2,90,48506
C2,100,C2-resources-0100,2,91,43926
C2,100,C2-resources-0100,2,92,44040
C2,100,C2-resources-0100,2,93,43042
C2,100,C2-resources-0100,2,94,42725
C2,100,C2-resources-0100,2,95,43050
C2,100,C2-resources-0100,2,96,43194
C2,100,C2-resources-0100,2,97,44555
C2,100,C2-resources-0100,2,98,43689
C2,100,C2-resources-0100,2,99,43261
C2,100,C2-resources-0100,2,100,45127
C2,100,C2-resources-0100,3,1,47405
C2,100,C2-resources-0100,3,2,59489
C2,100,C2-resources-0100,3,3,48998
C2,100,C2-resources-0100,3,4,57637
C2,100,C2-resources-0100,3,5,56392
C2,100,C2-resources-0100,3,6,43787
C2,100,C2-resources-0100,3,7,42961
C2,100,C2-resources-0100,3,8,43175
C2,100,C2-resources-0100,3,9,40696
C2,100,C2-resources-0100,3,10,41030
C2,100,C2-resources-0100,3,11,39715
C2,100,C2-resources-0100,3,12,39965
C2,100,C2-resources-0100,3,13,40312
C2,100,C2-resources-0100,3,14,46156
C2,100,C2-resources-0100,3,15,42839
C2,100,C2-resources-0100,3,16,42190
C2,100,C2-resources-0100,3,17,42341
C2,100,C2-resources-0100,3,18,41760
C2,100,C2-resources-0100,3,19,43516
C2,100,C2-resources-0100,3,20,40336
C2,100,C2-resources-0100,3,21,40177
C2,100,C2-resources-0100,3,22,41516
C2,100,C2-resources-0100,3,23,39561
C2,100,C2-resources-0100,3,24,39973
C2,100,C2-resources-0100,3,25,39842
C2,100,C2-resources-0100,3,26,39962
C2,100,C2-resources-0100,3,27,40176
C2,100,C2-resources-0100,3,28,39629
C2,100,C2-resources-0100,3,29,41448
C2,100,C2-resources-0100,3,30,40487
C2,100,C2-resources-0100,3,31,39544
C2,100,C2-resources-0100,3,32,40177
C2,100,C2-resources-0100,3,33,40140
C2,100,C2-resources-0100,3,34,39693
C2,100,C2-resources-0100,3,35,40684
C2,100,C2-resources-0100,3,36,39794
C2,100,C2-resources-0100,3,37,39671
C2,100,C2-resources-0100,3,38,39609
C2,100,C2-resources-0100,3,39,39714
C2,100,C2-resources-0100,3,40,42431
C2,100,C2-resources-0100,3,41,40147
C2,100,C2-resources-0100,3,42,39511
C2,100,C2-resources-0100,3,43,39431
C2,100,C2-resources-0100,3,44,40062
C2,100,C2-resources-0100,3,45,40123
C2,100,C2-resources-0100,3,46,41818
C2,100,C2-resources-0100,3,47,42466
C2,100,C2-resources-0100,3,48,42450
C2,100,C2-resources-0100,3,49,41521
C2,100,C2-resources-0100,3,50,39683
C2,100,C2-resources-0100,3,51,43485
C2,100,C2-resources-0100,3,52,40488
C2,100,C2-resources-0100,3,53,39946
C2,100,C2-resources-0100,3,54,39959
C2,100,C2-resources-0100,3,55,40689
C2,100,C2-resources-0100,3,56,40277
C2,100,C2-resources-0100,3,57,40117
C2,100,C2-resources-0100,3,58,39910
C2,100,C2-resources-0100,3,59,41588
C2,100,C2-resources-0100,3,60,42383
C2,100,C2-resources-0100,3,61,42715
C2,100,C2-resources-0100,3,62,43377
C2,100,C2-resources-0100,3,63,39876
C2,100,C2-resources-0100,3,64,39700
C2,100,C2-resources-0100,3,65,45049
C2,100,C2-resources-0100,3,66,39518
C2,100,C2-resources-0100,3,67,40373
C2,100,C2-resources-0100,3,68,39577
C2,100,C2-resources-0100,3,69,39527
C2,100,C2-resources-0100,3,70,40147
C2,100,C2-resources-0100,3,71,40668
C2,100,C2-resources-0100,3,72,42704
C2,100,C2-resources-0100,3,73,42412
C2,100,C2-resources-0100,3,74,42749
C2,100,C2-resources-0100,3,75,43331
C2,100,C2-resources-0100,3,76,43695
C2,100,C2-resources-0100,3,77,66797
C2,100,C2-resources-0100,3,78,48495
C2,100,C2-resources-0100,3,79,42876
C2,100,C2-resources-0100,3,80,39696
C2,100,C2-resources-0100,3,81,40297
C2,100,C2-resources-0100,3,82,40263
C2,100,C2-resources-0100,3,83,42296
C2,100,C2-resources-0100,3,84,39783
C2,100,C2-resources-0100,3,85,40205
C2,100,C2-resources-0100,3,86,39277
C2,100,C2-resources-0100,3,87,39349
C2,100,C2-resources-0100,3,88,40051
C2,100,C2-resources-0100,3,89,39785
C2,100,C2-resources-0100,3,90,39410
C2,100,C2-resources-0100,3,91,39568
C2,100,C2-resources-0100,3,92,40037
C2,100,C2-resources-0100,3,93,39155
C2,100,C2-resources-0100,3,94,42569
C2,100,C2-resources-0100,3,95,39961
C2,100,C2-resources-0100,3,96,40449
C2,100,C2-resources-0100,3,97,39738
C2,100,C2-resources-0100,3,98,39799
C2,100,C2-resources-0100,3,99,41268
C2,100,C2-resources-0100,3,100,42790
C2,100,C2-resources-0100,4,1,46310
C2,100,C2-resources-0100,4,2,39827
C2,100,C2-resources-0100,4,3,39916
C2,100,C2-resources-0100,4,4,42999
C2,100,C2-resources-0100,4,5,40463
C2,100,C2-resources-0100,4,6,39875
C2,100,C2-resources-0100,4,7,42352
C2,100,C2-resources-0100,4,8,42636
C2,100,C2-resources-0100,4,9,43305
C2,100,C2-resources-0100,4,10,43995
C2,100,C2-resources-0100,4,11,43049
C2,100,C2-resources-0100,4,12,42603
C2,100,C2-resources-0100,4,13,43028
C2,100,C2-resources-0100,4,14,39312
C2,100,C2-resources-0100,4,15,41787
C2,100,C2-resources-0100,4,16,40085
C2,100,C2-resources-0100,4,17,40101
C2,100,C2-resources-0100,4,18,40141
C2,100,C2-resources-0100,4,19,39718
C2,100,C2-resources-0100,4,20,41417
C2,100,C2-resources-0100,4,21,43224
C2,100,C2-resources-0100,4,22,42599
C2,100,C2-resources-0100,4,23,43078
C2,100,C2-resources-0100,4,24,39452
C2,100,C2-resources-0100,4,25,40006
C2,100,C2-resources-0100,4,26,42653
C2,100,C2-resources-0100,4,27,40710
C2,100,C2-resources-0100,4,28,39860
C2,100,C2-resources-0100,4,29,39787
C2,100,C2-resources-0100,4,30,40147
C2,100,C2-resources-0100,4,31,40052
C2,100,C2-resources-0100,4,32,39655
C2,100,C2-resources-0100,4,33,41987
C2,100,C2-resources-0100,4,34,42544
C2,100,C2-resources-0100,4,35,42476
C2,100,C2-resources-0100,4,36,42260
C2,100,C2-resources-0100,4,37,45581
C2,100,C2-resources-0100,4,38,42461
C2,100,C2-resources-0100,4,39,42371
C2,100,C2-resources-0100,4,40,42473
C2,100,C2-resources-0100,4,41,43094
C2,100,C2-resources-0100,4,42,43400
C2,100,C2-resources-0100,4,43,43053
C2,100,C2-resources-0100,4,44,42285
C2,100,C2-resources-0100,4,45,42172
C2,100,C2-resources-0100,4,46,42693
C2,100,C2-resources-0100,4,47,44637
C2,100,C2-resources-0100,4,48,42589
C2,100,C2-resources-0100,4,49,42994
C2,100,C2-resources-0100,4,50,41989
C2,100,C2-resources-0100,4,51,42759
C2,100,C2-resources-0100,4,52,42254
C2,100,C2-resources-0100,4,53,43507
C2,100,C2-resources-0100,4,54,42274
C2,100,C2-resources-0100,4,55,42882
C2,100,C2-resources-0100,4,56,42670
C2,100,C2-resources-0100,4,57,42916
C2,100,C2-resources-0100,4,58,44358
C2,100,C2-resources-0100,4,59,42740
C2,100,C2-resources-0100,4,60,42220
C2,100,C2-resources-0100,4,61,42787
C2,100,C2-resources-0100,4,62,43830
C2,100,C2-resources-0100,4,63,43799
C2,100,C2-resources-0100,4,64,43681
C2,100,C2-resources-0100,4,65,44700
C2,100,C2-resources-0100,4,66,42709
C2,100,C2-resources-0100,4,67,49878
C2,100,C2-resources-0100,4,68,44148
C2,100,C2-resources-0100,4,69,47691
C2,100,C2-resources-0100,4,70,40623
C2,100,C2-resources-0100,4,71,39581
C2,100,C2-resources-0100,4,72,39453
C2,100,C2-resources-0100,4,73,39378
C2,100,C2-resources-0100,4,74,40273
C2,100,C2-resources-0100,4,75,40009
C2,100,C2-resources-0100,4,76,39676
C2,100,C2-resources-0100,4,77,39785
C2,100,C2-resources-0100,4,78,39722
C2,100,C2-resources-0100,4,79,41863
C2,100,C2-resources-0100,4,80,40168
C2,100,C2-resources-0100,4,81,39607
C2,100,C2-resources-0100,4,82,39946
C2,100,C2-resources-0100,4,83,41874
C2,100,C2-resources-0100,4,84,47831
C2,100,C2-resources-0100,4,85,41169
C2,100,C2-resources-0100,4,86,42480
C2,100,C2-resources-0100,4,87,42331
C2,100,C2-resources-0100,4,88,42875
C2,100,C2-resources-0100,4,89,42372
C2,100,C2-resources-0100,4,90,44554
C2,100,C2-resources-0100,4,91,42673
C2,100,C2-resources-0100,4,92,44066
C2,100,C2-resources-0100,4,93,41764
C2,100,C2-resources-0100,4,94,43161
C2,100,C2-resources-0100,4,95,39886
C2,100,C2-resources-0100,4,96,39788
C2,100,C2-resources-0100,4,97,39163
C2,100,C2-resources-0100,4,98,39537
C2,100,C2-resources-0100,4,99,39715
C2,100,C2-resources-0100,4,100,39579
C2,100,C2-resources-0100,5,1,46613
C2,100,C2-resources-0100,5,2,40129
C2,100,C2-resources-0100,5,3,39913
C2,100,C2-resources-0100,5,4,39823
C2,100,C2-resources-0100,5,5,39429
C2,100,C2-resources-0100,5,6,40383
C2,100,C2-resources-0100,5,7,40329
C2,100,C2-resources-0100,5,8,40008
C2,100,C2-resources-0100,5,9,39632
C2,100,C2-resources-0100,5,10,40503
C2,100,C2-resources-0100,5,11,41698
C2,100,C2-resources-0100,5,12,40548
C2,100,C2-resources-0100,5,13,40138
C2,100,C2-resources-0100,5,14,40016
C2,100,C2-resources-0100,5,15,40054
C2,100,C2-resources-0100,5,16,40958
C2,100,C2-resources-0100,5,17,40793
C2,100,C2-resources-0100,5,18,40275
C2,100,C2-resources-0100,5,19,40203
C2,100,C2-resources-0100,5,20,39706
C2,100,C2-resources-0100,5,21,39426
C2,100,C2-resources-0100,5,22,41594
C2,100,C2-resources-0100,5,23,40211
C2,100,C2-resources-0100,5,24,39955
C2,100,C2-resources-0100,5,25,39286
C2,100,C2-resources-0100,5,26,39829
C2,100,C2-resources-0100,5,27,40071
C2,100,C2-resources-0100,5,28,40888
C2,100,C2-resources-0100,5,29,39879
C2,100,C2-resources-0100,5,30,40400
C2,100,C2-resources-0100,5,31,40105
C2,100,C2-resources-0100,5,32,40261
C2,100,C2-resources-0100,5,33,42488
C2,100,C2-resources-0100,5,34,40613
C2,100,C2-resources-0100,5,35,40518
C2,100,C2-resources-0100,5,36,40879
C2,100,C2-resources-0100,5,37,40160
C2,100,C2-resources-0100,5,38,40803
C2,100,C2-resources-0100,5,39,40057
C2,100,C2-resources-0100,5,40,40317
C2,100,C2-resources-0100,5,41,40063
C2,100,C2-resources-0100,5,42,40052
C2,100,C2-resources-0100,5,43,40539
C2,100,C2-resources-0100,5,44,42519
C2,100,C2-resources-0100,5,45,39992
C2,100,C2-resources-0100,5,46,40276
C2,100,C2-resources-0100,5,47,40263
C2,100,C2-resources-0100,5,48,39954
C2,100,C2-resources-0100,5,49,41313
C2,100,C2-resources-0100,5,50,40201
C2,100,C2-resources-0100,5,51,40782
C2,100,C2-resources-0100,5,52,39786
C2,100,C2-resources-0100,5,53,40833
C2,100,C2-resources-0100,5,54,42533
C2,100,C2-resources-0100,5,55,40652
C2,100,C2-resources-0100,5,56,40069
C2,100,C2-resources-0100,5,57,39925
C2,100,C2-resources-0100,5,58,44826
C2,100,C2-resources-0100,5,59,40051
C2,100,C2-resources-0100,5,60,43403
C2,100,C2-resources-0100,5,61,42812
C2,100,C2-resources-0100,5,62,51730
C2,100,C2-resources-0100,5,63,55758
C2,100,C2-resources-0100,5,64,39665
C2,100,C2-resources-0100,5,65,44419
C2,100,C2-resources-0100,5,66,40485
C2,100,C2-resources-0100,5,67,39636
C2,100,C2-resources-0100,5,68,39910
C2,100,C2-resources-0100,5,69,39902
C2,100,C2-resources-0100,5,70,41868
C2,100,C2-resources-0100,5,71,40821
C2,100,C2-resources-0100,5,72,41861
C2,100,C2-resources-0100,5,73,43318
C2,100,C2-resources-0100,5,74,39519
C2,100,C2-resources-0100,5,75,42642
C2,100,C2-resources-0100,5,76,41466
C2,100,C2-resources-0100,5,77,40202
C2,100,C2-resources-0100,5,78,41235
C2,100,C2-resources-0100,5,79,41170
C2,100,C2-resources-0100,5,80,39371
C2,100,C2-resources-0100,5,81,40357
C2,100,C2-resources-0100,5,82,41435
C2,100,C2-resources-0100,5,83,41234
C2,100,C2-resources-0100,5,84,39810
C2,100,C2-resources-0100,5,85,39760
C2,100,C2-resources-0100,5,86,43524
C2,100,C2-resources-0100,5,87,40347
C2,100,C2-resources-0100,5,88,40897
C2,100,C2-resources-0100,5,89,60786
C2,100,C2-resources-0100,5,90,55213
C2,100,C2-resources-0100,5,91,46276
C2,100,C2-resources-0100,5,92,43103
C2,100,C2-resources-0100,5,93,39384
C2,100,C2-resources-0100,5,94,39561
C2,100,C2-resources-0100,5,95,39597
C2,100,C2-resources-0100,5,96,39500
C2,100,C2-resources-0100,5,97,42045
C2,100,C2-resources-0100,5,98,40075
C2,100,C2-resources-0100,5,99,40534
C2,100,C2-resources-0100,5,100,39382
C2,100,C2-resources-0100,6,1,42536
C2,100,C2-resources-0100,6,2,39892
C2,100,C2-resources-0100,6,3,40895
C2,100,C2-resources-0100,6,4,40026
C2,100,C2-resources-0100,6,5,40038
C2,100,C2-resources-0100,6,6,40081
C2,100,C2-resources-0100,6,7,40082
C2,100,C2-resources-0100,6,8,42773
C2,100,C2-resources-0100,6,9,39637
C2,100,C2-resources-0100,6,10,39608
C2,100,C2-resources-0100,6,11,40156
C2,100,C2-resources-0100,6,12,39538
C2,100,C2-resources-0100,6,13,40149
C2,100,C2-resources-0100,6,14,39689
C2,100,C2-resources-0100,6,15,39840
C2,100,C2-resources-0100,6,16,39534
C2,100,C2-resources-0100,6,17,39595
C2,100,C2-resources-0100,6,18,39389
C2,100,C2-resources-0100,6,19,42062
C2,100,C2-resources-0100,6,20,39524
C2,100,C2-resources-0100,6,21,41558
C2,100,C2-resources-0100,6,22,42737
C2,100,C2-resources-0100,6,23,42345
C2,100,C2-resources-0100,6,24,42844
C2,100,C2-resources-0100,6,25,41978
C2,100,C2-resources-0100,6,26,39899
C2,100,C2-resources-0100,6,27,39737
C2,100,C2-resources-0100,6,28,39815
C2,100,C2-resources-0100,6,29,42518
C2,100,C2-resources-0100,6,30,39638
C2,100,C2-resources-0100,6,31,39828
C2,100,C2-resources-0100,6,32,39752
C2,100,C2-resources-0100,6,33,40094
C2,100,C2-resources-0100,6,34,39775
C2,100,C2-resources-0100,6,35,40479
C2,100,C2-resources-0100,6,36,39839
C2,100,C2-resources-0100,6,37,39777
C2,100,C2-resources-0100,6,38,39713
C2,100,C2-resources-0100,6,39,39593
C2,100,C2-resources-0100,6,40,41554
C2,100,C2-resources-0100,6,41,39571
C2,100,C2-resources-0100,6,42,39816
C2,100,C2-resources-0100,6,43,39702
C2,100,C2-resources-0100,6,44,39293
C2,100,C2-resources-0100,6,45,40847
C2,100,C2-resources-0100,6,46,40160
C2,100,C2-resources-0100,6,47,39762
C2,100,C2-resources-0100,6,48,39456
C2,100,C2-resources-0100,6,49,39618
C2,100,C2-resources-0100,6,50,39975
C2,100,C2-resources-0100,6,51,42079
C2,100,C2-resources-0100,6,52,43736
C2,100,C2-resources-0100,6,53,42554
C2,100,C2-resources-0100,6,54,42687
C2,100,C2-resources-0100,6,55,43192
C2,100,C2-resources-0100,6,56,40368
C2,100,C2-resources-0100,6,57,39156
C2,100,C2-resources-0100,6,58,39342
C2,100,C2-resources-0100,6,59,39421
C2,100,C2-resources-0100,6,60,40791
C2,100,C2-resources-0100,6,61,43907
C2,100,C2-resources-0100,6,62,42438
C2,100,C2-resources-0100,6,63,41961
C2,100,C2-resources-0100,6,64,39888
C2,100,C2-resources-0100,6,65,39731
C2,100,C2-resources-0100,6,66,39474
C2,100,C2-resources-0100,6,67,40484
C2,100,C2-resources-0100,6,68,39787
C2,100,C2-resources-0100,6,69,39359
C2,100,C2-resources-0100,6,70,39937
C2,100,C2-resources-0100,6,71,39684
C2,100,C2-resources-0100,6,72,41472
C2,100,C2-resources-0100,6,73,39847
C2,100,C2-resources-0100,6,74,40159
C2,100,C2-resources-0100,6,75,40173
C2,100,C2-resources-0100,6,76,39912
C2,100,C2-resources-0100,6,77,39806
C2,100,C2-resources-0100,6,78,39617
C2,100,C2-resources-0100,6,79,39758
C2,100,C2-resources-0100,6,80,41200
C2,100,C2-resources-0100,6,81,41677
C2,100,C2-resources-0100,6,82,42649
C2,100,C2-resources-0100,6,83,45041
C2,100,C2-resources-0100,6,84,42747
C2,100,C2-resources-0100,6,85,39957
C2,100,C2-resources-0100,6,86,39218
C2,100,C2-resources-0100,6,87,39560
C2,100,C2-resources-0100,6,88,40419
C2,100,C2-resources-0100,6,89,40191
C2,100,C2-resources-0100,6,90,39693
C2,100,C2-resources-0100,6,91,39765
C2,100,C2-resources-0100,6,92,39470
C2,100,C2-resources-0100,6,93,39618
C2,100,C2-resources-0100,6,94,41928
C2,100,C2-resources-0100,6,95,40374
C2,100,C2-resources-0100,6,96,39390
C2,100,C2-resources-0100,6,97,39404
C2,100,C2-resources-0100,6,98,39663
C2,100,C2-resources-0100,6,99,40266
C2,100,C2-resources-0100,6,100,39765
C2,100,C2-resources-0100,7,1,42944
C2,100,C2-resources-0100,7,2,39870
C2,100,C2-resources-0100,7,3,39572
C2,100,C2-resources-0100,7,4,41939
C2,100,C2-resources-0100,7,5,39565
C2,100,C2-resources-0100,7,6,39819
C2,100,C2-resources-0100,7,7,40175
C2,100,C2-resources-0100,7,8,39846
C2,100,C2-resources-0100,7,9,39595
C2,100,C2-resources-0100,7,10,40165
C2,100,C2-resources-0100,7,11,40075
C2,100,C2-resources-0100,7,12,39982
C2,100,C2-resources-0100,7,13,39871
C2,100,C2-resources-0100,7,14,39673
C2,100,C2-resources-0100,7,15,41376
C2,100,C2-resources-0100,7,16,39858
C2,100,C2-resources-0100,7,17,39714
C2,100,C2-resources-0100,7,18,39956
C2,100,C2-resources-0100,7,19,39554
C2,100,C2-resources-0100,7,20,39996
C2,100,C2-resources-0100,7,21,39491
C2,100,C2-resources-0100,7,22,39546
C2,100,C2-resources-0100,7,23,40020
C2,100,C2-resources-0100,7,24,39756
C2,100,C2-resources-0100,7,25,39914
C2,100,C2-resources-0100,7,26,41613
C2,100,C2-resources-0100,7,27,40095
C2,100,C2-resources-0100,7,28,39434
C2,100,C2-resources-0100,7,29,39363
C2,100,C2-resources-0100,7,30,40208
C2,100,C2-resources-0100,7,31,39683
C2,100,C2-resources-0100,7,32,39387
C2,100,C2-resources-0100,7,33,39870
C2,100,C2-resources-0100,7,34,39840
C2,100,C2-resources-0100,7,35,39630
C2,100,C2-resources-0100,7,36,41658
C2,100,C2-resources-0100,7,37,39521
C2,100,C2-resources-0100,7,38,39396
C2,100,C2-resources-0100,7,39,39556
C2,100,C2-resources-0100,7,40,39299
C2,100,C2-resources-0100,7,41,39327
C2,100,C2-resources-0100,7,42,40318
C2,100,C2-resources-0100,7,43,39824
C2,100,C2-resources-0100,7,44,40234
C2,100,C2-resources-0100,7,45,39974
C2,100,C2-resources-0100,7,46,39947
C2,100,C2-resources-0100,7,47,46122
C2,100,C2-resources-0100,7,48,42582
C2,100,C2-resources-0100,7,49,42556
C2,100,C2-resources-0100,7,50,43547
C2,100,C2-resources-0100,7,51,44459
C2,100,C2-resources-0100,7,52,43381
C2,100,C2-resources-0100,7,53,43334
C2,100,C2-resources-0100,7,54,39658
C2,100,C2-resources-0100,7,55,39678
C2,100,C2-resources-0100,7,56,40984
C2,100,C2-resources-0100,7,57,41080
C2,100,C2-resources-0100,7,58,41966
C2,100,C2-resources-0100,7,59,39557
C2,100,C2-resources-0100,7,60,40604
C2,100,C2-resources-0100,7,61,39727
C2,100,C2-resources-0100,7,62,39741
C2,100,C2-resources-0100,7,63,43303
C2,100,C2-resources-0100,7,64,42645
C2,100,C2-resources-0100,7,65,42642
C2,100,C2-resources-0100,7,66,42566
C2,100,C2-resources-0100,7,67,41794
C2,100,C2-resources-0100,7,68,42388
C2,100,C2-resources-0100,7,69,43186
C2,100,C2-resources-0100,7,70,42668
C2,100,C2-resources-0100,7,71,42350
C2,100,C2-resources-0100,7,72,42754
C2,100,C2-resources-0100,7,73,42713
C2,100,C2-resources-0100,7,74,44605
C2,100,C2-resources-0100,7,75,39532
C2,100,C2-resources-0100,7,76,39520
C2,100,C2-resources-0100,7,77,39789
C2,100,C2-resources-0100,7,78,39374
C2,100,C2-resources-0100,7,79,42134
C2,100,C2-resources-0100,7,80,39667
C2,100,C2-resources-0100,7,81,39692
C2,100,C2-resources-0100,7,82,39407
C2,100,C2-resources-0100,7,83,39498
C2,100,C2-resources-0100,7,84,39980
C2,100,C2-resources-0100,7,85,40347
C2,100,C2-resources-0100,7,86,42095
C2,100,C2-resources-0100,7,87,40055
C2,100,C2-resources-0100,7,88,39803
C2,100,C2-resources-0100,7,89,39511
C2,100,C2-resources-0100,7,90,43755
C2,100,C2-resources-0100,7,91,40036
C2,100,C2-resources-0100,7,92,39727
C2,100,C2-resources-0100,7,93,39791
C2,100,C2-resources-0100,7,94,39604
C2,100,C2-resources-0100,7,95,40807
C2,100,C2-resources-0100,7,96,39705
C2,100,C2-resources-0100,7,97,53913
C2,100,C2-resources-0100,7,98,40907
C2,100,C2-resources-0100,7,99,39386
C2,100,C2-resources-0100,7,100,39779
C2,100,C2-resources-0100,8,1,44342
C2,100,C2-resources-0100,8,2,39886
C2,100,C2-resources-0100,8,3,40035
C2,100,C2-resources-0100,8,4,39449
C2,100,C2-resources-0100,8,5,40014
C2,100,C2-resources-0100,8,6,40166
C2,100,C2-resources-0100,8,7,40311
C2,100,C2-resources-0100,8,8,42667
C2,100,C2-resources-0100,8,9,42472
C2,100,C2-resources-0100,8,10,42416
C2,100,C2-resources-0100,8,11,44869
C2,100,C2-resources-0100,8,12,48926
C2,100,C2-resources-0100,8,13,51131
C2,100,C2-resources-0100,8,14,45295
C2,100,C2-resources-0100,8,15,42069
C2,100,C2-resources-0100,8,16,42563
C2,100,C2-resources-0100,8,17,42504
C2,100,C2-resources-0100,8,18,39497
C2,100,C2-resources-0100,8,19,39395
C2,100,C2-resources-0100,8,20,39378
C2,100,C2-resources-0100,8,21,39547
C2,100,C2-resources-0100,8,22,43577
C2,100,C2-resources-0100,8,23,39819
C2,100,C2-resources-0100,8,24,39773
C2,100,C2-resources-0100,8,25,39493
C2,100,C2-resources-0100,8,26,40324
C2,100,C2-resources-0100,8,27,40499
C2,100,C2-resources-0100,8,28,39967
C2,100,C2-resources-0100,8,29,39611
C2,100,C2-resources-0100,8,30,39420
C2,100,C2-resources-0100,8,31,39540
C2,100,C2-resources-0100,8,32,39810
C2,100,C2-resources-0100,8,33,42673
C2,100,C2-resources-0100,8,34,40076
C2,100,C2-resources-0100,8,35,39960
C2,100,C2-resources-0100,8,36,40368
C2,100,C2-resources-0100,8,37,39852
C2,100,C2-resources-0100,8,38,46289
C2,100,C2-resources-0100,8,39,41721
C2,100,C2-resources-0100,8,40,42591
C2,100,C2-resources-0100,8,41,43417
C2,100,C2-resources-0100,8,42,55584
C2,100,C2-resources-0100,8,43,41640
C2,100,C2-resources-0100,8,44,39774
C2,100,C2-resources-0100,8,45,39899
C2,100,C2-resources-0100,8,46,39791
C2,100,C2-resources-0100,8,47,39671
C2,100,C2-resources-0100,8,48,39630
C2,100,C2-resources-0100,8,49,40391
C2,100,C2-resources-0100,8,50,39989
C2,100,C2-resources-0100,8,51,39418
C2,100,C2-resources-0100,8,52,39606
C2,100,C2-resources-0100,8,53,39597
C2,100,C2-resources-0100,8,54,43152
C2,100,C2-resources-0100,8,55,40115
C2,100,C2-resources-0100,8,56,39797
C2,100,C2-resources-0100,8,57,39839
C2,100,C2-resources-0100,8,58,40088
C2,100,C2-resources-0100,8,59,39439
C2,100,C2-resources-0100,8,60,40004
C2,100,C2-resources-0100,8,61,39614
C2,100,C2-resources-0100,8,62,40313
C2,100,C2-resources-0100,8,63,39620
C2,100,C2-resources-0100,8,64,40061
C2,100,C2-resources-0100,8,65,42750
C2,100,C2-resources-0100,8,66,41484
C2,100,C2-resources-0100,8,67,40613
C2,100,C2-resources-0100,8,68,40459
C2,100,C2-resources-0100,8,69,40321
C2,100,C2-resources-0100,8,70,40231
C2,100,C2-resources-0100,8,71,39921
C2,100,C2-resources-0100,8,72,40512
C2,100,C2-resources-0100,8,73,40419
C2,100,C2-resources-0100,8,74,40576
C2,100,C2-resources-0100,8,75,40490
C2,100,C2-resources-0100,8,76,41520
C2,100,C2-resources-0100,8,77,40220
C2,100,C2-resources-0100,8,78,40263
C2,100,C2-resources-0100,8,79,40035
C2,100,C2-resources-0100,8,80,39874
C2,100,C2-resources-0100,8,81,40716
C2,100,C2-resources-0100,8,82,39693
C2,100,C2-resources-0100,8,83,39970
C2,100,C2-resources-0100,8,84,39729
C2,100,C2-resources-0100,8,85,39818
C2,100,C2-resources-0100,8,86,42181
C2,100,C2-resources-0100,8,87,40767
C2,100,C2-resources-0100,8,88,39774
C2,100,C2-resources-0100,8,89,39512
C2,100,C2-resources-0100,8,90,39545
C2,100,C2-resources-0100,8,91,39671
C2,100,C2-resources-0100,8,92,40942
C2,100,C2-resources-0100,8,93,39566
C2,100,C2-resources-0100,8,94,40430
C2,100,C2-resources-0100,8,95,39960
C2,100,C2-resources-0100,8,96,39378
C2,100,C2-resources-0100,8,97,44435
C2,100,C2-resources-0100,8,98,39565
C2,100,C2-resources-0100,8,99,39574
C2,100,C2-resources-0100,8,100,39846
C2,250,C2-resources-0250,1,1,43380
C2,250,C2-resources-0250,1,2,44583
C2,250,C2-resources-0250,1,3,42476
C2,250,C2-resources-0250,1,4,43157
C2,250,C2-resources-0250,1,5,44566
C2,250,C2-resources-0250,1,6,42961
C2,250,C2-resources-0250,1,7,43098
C2,250,C2-resources-0250,1,8,42218
C2,250,C2-resources-0250,1,9,42710
C2,250,C2-resources-0250,1,10,42089
C2,250,C2-resources-0250,1,11,42746
C2,250,C2-resources-0250,1,12,42633
C2,250,C2-resources-0250,1,13,42716
C2,250,C2-resources-0250,1,14,43076
C2,250,C2-resources-0250,1,15,42587
C2,250,C2-resources-0250,1,16,44444
C2,250,C2-resources-0250,1,17,43032
C2,250,C2-resources-0250,1,18,42723
C2,250,C2-resources-0250,1,19,42542
C2,250,C2-resources-0250,1,20,42500
C2,250,C2-resources-0250,1,21,42659
C2,250,C2-resources-0250,1,22,42943
C2,250,C2-resources-0250,1,23,43634
C2,250,C2-resources-0250,1,24,42828
C2,250,C2-resources-0250,1,25,42640
C2,250,C2-resources-0250,1,26,47134
C2,250,C2-resources-0250,1,27,44933
C2,250,C2-resources-0250,1,28,41349
C2,250,C2-resources-0250,1,29,43225
C2,250,C2-resources-0250,1,30,43453
C2,250,C2-resources-0250,1,31,41380
C2,250,C2-resources-0250,1,32,44199
C2,250,C2-resources-0250,1,33,44252
C2,250,C2-resources-0250,1,34,41880
C2,250,C2-resources-0250,1,35,41695
C2,250,C2-resources-0250,1,36,43000
C2,250,C2-resources-0250,1,37,46311
C2,250,C2-resources-0250,1,38,42917
C2,250,C2-resources-0250,1,39,40536
C2,250,C2-resources-0250,1,40,40758
C2,250,C2-resources-0250,1,41,41104
C2,250,C2-resources-0250,1,42,41370
C2,250,C2-resources-0250,1,43,42140
C2,250,C2-resources-0250,1,44,41237
C2,250,C2-resources-0250,1,45,42029
C2,250,C2-resources-0250,1,46,41816
C2,250,C2-resources-0250,1,47,39590
C2,250,C2-resources-0250,1,48,44074
C2,250,C2-resources-0250,1,49,54218
C2,250,C2-resources-0250,1,50,43300
C2,250,C2-resources-0250,1,51,42185
C2,250,C2-resources-0250,1,52,40549
C2,250,C2-resources-0250,1,53,40022
C2,250,C2-resources-0250,1,54,42660
C2,250,C2-resources-0250,1,55,39780
C2,250,C2-resources-0250,1,56,41714
C2,250,C2-resources-0250,1,57,43100
C2,250,C2-resources-0250,1,58,43393
C2,250,C2-resources-0250,1,59,47548
C2,250,C2-resources-0250,1,60,45000
C2,250,C2-resources-0250,1,61,43932
C2,250,C2-resources-0250,1,62,44455
C2,250,C2-resources-0250,1,63,44927
C2,250,C2-resources-0250,1,64,44349
C2,250,C2-resources-0250,1,65,45164
C2,250,C2-resources-0250,1,66,44731
C2,250,C2-resources-0250,1,67,39478
C2,250,C2-resources-0250,1,68,39898
C2,250,C2-resources-0250,1,69,39433
C2,250,C2-resources-0250,1,70,42980
C2,250,C2-resources-0250,1,71,39868
C2,250,C2-resources-0250,1,72,39742
C2,250,C2-resources-0250,1,73,39902
C2,250,C2-resources-0250,1,74,39802
C2,250,C2-resources-0250,1,75,39736
C2,250,C2-resources-0250,1,76,40158
C2,250,C2-resources-0250,1,77,39735
C2,250,C2-resources-0250,1,78,39894
C2,250,C2-resources-0250,1,79,39431
C2,250,C2-resources-0250,1,80,42958
C2,250,C2-resources-0250,1,81,42810
C2,250,C2-resources-0250,1,82,42864
C2,250,C2-resources-0250,1,83,42648
C2,250,C2-resources-0250,1,84,43735
C2,250,C2-resources-0250,1,85,43788
C2,250,C2-resources-0250,1,86,45056
C2,250,C2-resources-0250,1,87,43540
C2,250,C2-resources-0250,1,88,53329
C2,250,C2-resources-0250,1,89,43303
C2,250,C2-resources-0250,1,90,48228
C2,250,C2-resources-0250,1,91,51408
C2,250,C2-resources-0250,1,92,44976
C2,250,C2-resources-0250,1,93,43544
C2,250,C2-resources-0250,1,94,43322
C2,250,C2-resources-0250,1,95,42892
C2,250,C2-resources-0250,1,96,44394
C2,250,C2-resources-0250,1,97,42954
C2,250,C2-resources-0250,1,98,45901
C2,250,C2-resources-0250,1,99,44382
C2,250,C2-resources-0250,1,100,43014
C2,250,C2-resources-0250,2,1,47701
C2,250,C2-resources-0250,2,2,42487
C2,250,C2-resources-0250,2,3,40229
C2,250,C2-resources-0250,2,4,43272
C2,250,C2-resources-0250,2,5,43265
C2,250,C2-resources-0250,2,6,40672
C2,250,C2-resources-0250,2,7,40516
C2,250,C2-resources-0250,2,8,40233
C2,250,C2-resources-0250,2,9,39712
C2,250,C2-resources-0250,2,10,39657
C2,250,C2-resources-0250,2,11,41608
C2,250,C2-resources-0250,2,12,44525
C2,250,C2-resources-0250,2,13,39904
C2,250,C2-resources-0250,2,14,39708
C2,250,C2-resources-0250,2,15,39706
C2,250,C2-resources-0250,2,16,39356
C2,250,C2-resources-0250,2,17,40073
C2,250,C2-resources-0250,2,18,40389
C2,250,C2-resources-0250,2,19,39650
C2,250,C2-resources-0250,2,20,40061
C2,250,C2-resources-0250,2,21,40206
C2,250,C2-resources-0250,2,22,40188
C2,250,C2-resources-0250,2,23,41871
C2,250,C2-resources-0250,2,24,40048
C2,250,C2-resources-0250,2,25,39924
C2,250,C2-resources-0250,2,26,40097
C2,250,C2-resources-0250,2,27,39809
C2,250,C2-resources-0250,2,28,41764
C2,250,C2-resources-0250,2,29,42758
C2,250,C2-resources-0250,2,30,42741
C2,250,C2-resources-0250,2,31,41866
C2,250,C2-resources-0250,2,32,39883
C2,250,C2-resources-0250,2,33,40308
C2,250,C2-resources-0250,2,34,42314
C2,250,C2-resources-0250,2,35,40119
C2,250,C2-resources-0250,2,36,39714
C2,250,C2-resources-0250,2,37,39318
C2,250,C2-resources-0250,2,38,39589
C2,250,C2-resources-0250,2,39,40492
C2,250,C2-resources-0250,2,40,40061
C2,250,C2-resources-0250,2,41,40129
C2,250,C2-resources-0250,2,42,40566
C2,250,C2-resources-0250,2,43,39840
C2,250,C2-resources-0250,2,44,39760
C2,250,C2-resources-0250,2,45,42700
C2,250,C2-resources-0250,2,46,40611
C2,250,C2-resources-0250,2,47,40442
C2,250,C2-resources-0250,2,48,39324
C2,250,C2-resources-0250,2,49,39927
C2,250,C2-resources-0250,2,50,40297
C2,250,C2-resources-0250,2,51,39429
C2,250,C2-resources-0250,2,52,39841
C2,250,C2-resources-0250,2,53,40300
C2,250,C2-resources-0250,2,54,49582
C2,250,C2-resources-0250,2,55,43964
C2,250,C2-resources-0250,2,56,39725
C2,250,C2-resources-0250,2,57,39937
C2,250,C2-resources-0250,2,58,39662
C2,250,C2-resources-0250,2,59,39590
C2,250,C2-resources-0250,2,60,39448
C2,250,C2-resources-0250,2,61,40590
C2,250,C2-resources-0250,2,62,39854
C2,250,C2-resources-0250,2,63,40080
C2,250,C2-resources-0250,2,64,40286
C2,250,C2-resources-0250,2,65,40203
C2,250,C2-resources-0250,2,66,43154
C2,250,C2-resources-0250,2,67,39976
C2,250,C2-resources-0250,2,68,39699
C2,250,C2-resources-0250,2,69,39556
C2,250,C2-resources-0250,2,70,40038
C2,250,C2-resources-0250,2,71,40423
C2,250,C2-resources-0250,2,72,40033
C2,250,C2-resources-0250,2,73,39774
C2,250,C2-resources-0250,2,74,39769
C2,250,C2-resources-0250,2,75,39950
C2,250,C2-resources-0250,2,76,40482
C2,250,C2-resources-0250,2,77,42255
C2,250,C2-resources-0250,2,78,39848
C2,250,C2-resources-0250,2,79,45055
C2,250,C2-resources-0250,2,80,43559
C2,250,C2-resources-0250,2,81,44002
C2,250,C2-resources-0250,2,82,40183
C2,250,C2-resources-0250,2,83,39781
C2,250,C2-resources-0250,2,84,42924
C2,250,C2-resources-0250,2,85,41117
C2,250,C2-resources-0250,2,86,41974
C2,250,C2-resources-0250,2,87,41980
C2,250,C2-resources-0250,2,88,40140
C2,250,C2-resources-0250,2,89,39978
C2,250,C2-resources-0250,2,90,39335
C2,250,C2-resources-0250,2,91,39344
C2,250,C2-resources-0250,2,92,40125
C2,250,C2-resources-0250,2,93,40064
C2,250,C2-resources-0250,2,94,39681
C2,250,C2-resources-0250,2,95,39416
C2,250,C2-resources-0250,2,96,39554
C2,250,C2-resources-0250,2,97,38996
C2,250,C2-resources-0250,2,98,42078
C2,250,C2-resources-0250,2,99,39557
C2,250,C2-resources-0250,2,100,41116
C2,250,C2-resources-0250,3,1,45363
C2,250,C2-resources-0250,3,2,42352
C2,250,C2-resources-0250,3,3,42450
C2,250,C2-resources-0250,3,4,40182
C2,250,C2-resources-0250,3,5,39704
C2,250,C2-resources-0250,3,6,39638
C2,250,C2-resources-0250,3,7,39328
C2,250,C2-resources-0250,3,8,39729
C2,250,C2-resources-0250,3,9,42429
C2,250,C2-resources-0250,3,10,40256
C2,250,C2-resources-0250,3,11,39420
C2,250,C2-resources-0250,3,12,39637
C2,250,C2-resources-0250,3,13,39369
C2,250,C2-resources-0250,3,14,40084
C2,250,C2-resources-0250,3,15,39792
C2,250,C2-resources-0250,3,16,39668
C2,250,C2-resources-0250,3,17,39254
C2,250,C2-resources-0250,3,18,39371
C2,250,C2-resources-0250,3,19,40919
C2,250,C2-resources-0250,3,20,39405
C2,250,C2-resources-0250,3,21,39731
C2,250,C2-resources-0250,3,22,40539
C2,250,C2-resources-0250,3,23,40067
C2,250,C2-resources-0250,3,24,39792
C2,250,C2-resources-0250,3,25,40143
C2,250,C2-resources-0250,3,26,39749
C2,250,C2-resources-0250,3,27,39649
C2,250,C2-resources-0250,3,28,39567
C2,250,C2-resources-0250,3,29,39359
C2,250,C2-resources-0250,3,30,41347
C2,250,C2-resources-0250,3,31,39773
C2,250,C2-resources-0250,3,32,39281
C2,250,C2-resources-0250,3,33,39482
C2,250,C2-resources-0250,3,34,39546
C2,250,C2-resources-0250,3,35,40116
C2,250,C2-resources-0250,3,36,40806
C2,250,C2-resources-0250,3,37,39381
C2,250,C2-resources-0250,3,38,39569
C2,250,C2-resources-0250,3,39,39530
C2,250,C2-resources-0250,3,40,39705
C2,250,C2-resources-0250,3,41,42032
C2,250,C2-resources-0250,3,42,39756
C2,250,C2-resources-0250,3,43,39891
C2,250,C2-resources-0250,3,44,40013
C2,250,C2-resources-0250,3,45,39429
C2,250,C2-resources-0250,3,46,42698
C2,250,C2-resources-0250,3,47,39650
C2,250,C2-resources-0250,3,48,40985
C2,250,C2-resources-0250,3,49,42629
C2,250,C2-resources-0250,3,50,42416
C2,250,C2-resources-0250,3,51,42485
C2,250,C2-resources-0250,3,52,44348
C2,250,C2-resources-0250,3,53,39594
C2,250,C2-resources-0250,3,54,39666
C2,250,C2-resources-0250,3,55,39835
C2,250,C2-resources-0250,3,56,39896
C2,250,C2-resources-0250,3,57,40280
C2,250,C2-resources-0250,3,58,39685
C2,250,C2-resources-0250,3,59,39565
C2,250,C2-resources-0250,3,60,39307
C2,250,C2-resources-0250,3,61,39272
C2,250,C2-resources-0250,3,62,41126
C2,250,C2-resources-0250,3,63,39553
C2,250,C2-resources-0250,3,64,39572
C2,250,C2-resources-0250,3,65,39835
C2,250,C2-resources-0250,3,66,39711
C2,250,C2-resources-0250,3,67,39613
C2,250,C2-resources-0250,3,68,40874
C2,250,C2-resources-0250,3,69,39402
C2,250,C2-resources-0250,3,70,39881
C2,250,C2-resources-0250,3,71,39422
C2,250,C2-resources-0250,3,72,39487
C2,250,C2-resources-0250,3,73,41311
C2,250,C2-resources-0250,3,74,43888
C2,250,C2-resources-0250,3,75,42028
C2,250,C2-resources-0250,3,76,42628
C2,250,C2-resources-0250,3,77,42810
C2,250,C2-resources-0250,3,78,42503
C2,250,C2-resources-0250,3,79,39528
C2,250,C2-resources-0250,3,80,40270
C2,250,C2-resources-0250,3,81,39054
C2,250,C2-resources-0250,3,82,39570
C2,250,C2-resources-0250,3,83,39494
C2,250,C2-resources-0250,3,84,42234
C2,250,C2-resources-0250,3,85,39902
C2,250,C2-resources-0250,3,86,39953
C2,250,C2-resources-0250,3,87,39636
C2,250,C2-resources-0250,3,88,39961
C2,250,C2-resources-0250,3,89,40077
C2,250,C2-resources-0250,3,90,39555
C2,250,C2-resources-0250,3,91,39444
C2,250,C2-resources-0250,3,92,39712
C2,250,C2-resources-0250,3,93,39234
C2,250,C2-resources-0250,3,94,40883
C2,250,C2-resources-0250,3,95,39634
C2,250,C2-resources-0250,3,96,40244
C2,250,C2-resources-0250,3,97,39560
C2,250,C2-resources-0250,3,98,39722
C2,250,C2-resources-0250,3,99,39590
C2,250,C2-resources-0250,3,100,40106
C2,250,C2-resources-0250,4,1,43000
C2,250,C2-resources-0250,4,2,39862
C2,250,C2-resources-0250,4,3,40112
C2,250,C2-resources-0250,4,4,39631
C2,250,C2-resources-0250,4,5,41540
C2,250,C2-resources-0250,4,6,39650
C2,250,C2-resources-0250,4,7,39875
C2,250,C2-resources-0250,4,8,39659
C2,250,C2-resources-0250,4,9,39449
C2,250,C2-resources-0250,4,10,40124
C2,250,C2-resources-0250,4,11,39933
C2,250,C2-resources-0250,4,12,39506
C2,250,C2-resources-0250,4,13,39593
C2,250,C2-resources-0250,4,14,39716
C2,250,C2-resources-0250,4,15,40228
C2,250,C2-resources-0250,4,16,42305
C2,250,C2-resources-0250,4,17,39976
C2,250,C2-resources-0250,4,18,39544
C2,250,C2-resources-0250,4,19,39782
C2,250,C2-resources-0250,4,20,39576
C2,250,C2-resources-0250,4,21,40301
C2,250,C2-resources-0250,4,22,40264
C2,250,C2-resources-0250,4,23,39938
C2,250,C2-resources-0250,4,24,39850
C2,250,C2-resources-0250,4,25,39632
C2,250,C2-resources-0250,4,26,40605
C2,250,C2-resources-0250,4,27,42359
C2,250,C2-resources-0250,4,28,39264
C2,250,C2-resources-0250,4,29,40122
C2,250,C2-resources-0250,4,30,40327
C2,250,C2-resources-0250,4,31,39675
C2,250,C2-resources-0250,4,32,39903
C2,250,C2-resources-0250,4,33,39868
C2,250,C2-resources-0250,4,34,42769
C2,250,C2-resources-0250,4,35,43336
C2,250,C2-resources-0250,4,36,42856
C2,250,C2-resources-0250,4,37,43637
C2,250,C2-resources-0250,4,38,39789
C2,250,C2-resources-0250,4,39,40563
C2,250,C2-resources-0250,4,40,39923
C2,250,C2-resources-0250,4,41,39530
C2,250,C2-resources-0250,4,42,40329
C2,250,C2-resources-0250,4,43,43364
C2,250,C2-resources-0250,4,44,42540
C2,250,C2-resources-0250,4,45,43222
C2,250,C2-resources-0250,4,46,39697
C2,250,C2-resources-0250,4,47,39692
C2,250,C2-resources-0250,4,48,43056
C2,250,C2-resources-0250,4,49,42678
C2,250,C2-resources-0250,4,50,44614
C2,250,C2-resources-0250,4,51,42850
C2,250,C2-resources-0250,4,52,42235
C2,250,C2-resources-0250,4,53,42315
C2,250,C2-resources-0250,4,54,39715
C2,250,C2-resources-0250,4,55,39914
C2,250,C2-resources-0250,4,56,40144
C2,250,C2-resources-0250,4,57,39837
C2,250,C2-resources-0250,4,58,40229
C2,250,C2-resources-0250,4,59,41445
C2,250,C2-resources-0250,4,60,39530
C2,250,C2-resources-0250,4,61,39822
C2,250,C2-resources-0250,4,62,39366
C2,250,C2-resources-0250,4,63,39862
C2,250,C2-resources-0250,4,64,40009
C2,250,C2-resources-0250,4,65,39873
C2,250,C2-resources-0250,4,66,39683
C2,250,C2-resources-0250,4,67,39511
C2,250,C2-resources-0250,4,68,42994
C2,250,C2-resources-0250,4,69,44522
C2,250,C2-resources-0250,4,70,42591
C2,250,C2-resources-0250,4,71,42370
C2,250,C2-resources-0250,4,72,40912
C2,250,C2-resources-0250,4,73,39630
C2,250,C2-resources-0250,4,74,39553
C2,250,C2-resources-0250,4,75,39886
C2,250,C2-resources-0250,4,76,39470
C2,250,C2-resources-0250,4,77,39360
C2,250,C2-resources-0250,4,78,39730
C2,250,C2-resources-0250,4,79,40040
C2,250,C2-resources-0250,4,80,41654
C2,250,C2-resources-0250,4,81,40095
C2,250,C2-resources-0250,4,82,39778
C2,250,C2-resources-0250,4,83,40085
C2,250,C2-resources-0250,4,84,39590
C2,250,C2-resources-0250,4,85,39840
C2,250,C2-resources-0250,4,86,39717
C2,250,C2-resources-0250,4,87,39577
C2,250,C2-resources-0250,4,88,39289
C2,250,C2-resources-0250,4,89,39373
C2,250,C2-resources-0250,4,90,39752
C2,250,C2-resources-0250,4,91,41801
C2,250,C2-resources-0250,4,92,40285
C2,250,C2-resources-0250,4,93,39636
C2,250,C2-resources-0250,4,94,39646
C2,250,C2-resources-0250,4,95,39727
C2,250,C2-resources-0250,4,96,40170
C2,250,C2-resources-0250,4,97,39721
C2,250,C2-resources-0250,4,98,39493
C2,250,C2-resources-0250,4,99,39486
C2,250,C2-resources-0250,4,100,39675
C2,250,C2-resources-0250,5,1,44365
C2,250,C2-resources-0250,5,2,39410
C2,250,C2-resources-0250,5,3,40143
C2,250,C2-resources-0250,5,4,40042
C2,250,C2-resources-0250,5,5,39793
C2,250,C2-resources-0250,5,6,39982
C2,250,C2-resources-0250,5,7,39913
C2,250,C2-resources-0250,5,8,40032
C2,250,C2-resources-0250,5,9,39766
C2,250,C2-resources-0250,5,10,39496
C2,250,C2-resources-0250,5,11,39860
C2,250,C2-resources-0250,5,12,41847
C2,250,C2-resources-0250,5,13,39349
C2,250,C2-resources-0250,5,14,40082
C2,250,C2-resources-0250,5,15,39352
C2,250,C2-resources-0250,5,16,39988
C2,250,C2-resources-0250,5,17,39386
C2,250,C2-resources-0250,5,18,41209
C2,250,C2-resources-0250,5,19,39771
C2,250,C2-resources-0250,5,20,39535
C2,250,C2-resources-0250,5,21,39527
C2,250,C2-resources-0250,5,22,39898
C2,250,C2-resources-0250,5,23,42160
C2,250,C2-resources-0250,5,24,40454
C2,250,C2-resources-0250,5,25,39554
C2,250,C2-resources-0250,5,26,39649
C2,250,C2-resources-0250,5,27,39724
C2,250,C2-resources-0250,5,28,40554
C2,250,C2-resources-0250,5,29,39418
C2,250,C2-resources-0250,5,30,40523
C2,250,C2-resources-0250,5,31,39472
C2,250,C2-resources-0250,5,32,39635
C2,250,C2-resources-0250,5,33,39544
C2,250,C2-resources-0250,5,34,41856
C2,250,C2-resources-0250,5,35,39513
C2,250,C2-resources-0250,5,36,39837
C2,250,C2-resources-0250,5,37,40270
C2,250,C2-resources-0250,5,38,39687
C2,250,C2-resources-0250,5,39,40583
C2,250,C2-resources-0250,5,40,40426
C2,250,C2-resources-0250,5,41,43800
C2,250,C2-resources-0250,5,42,43107
C2,250,C2-resources-0250,5,43,43689
C2,250,C2-resources-0250,5,44,44965
C2,250,C2-resources-0250,5,45,42856
C2,250,C2-resources-0250,5,46,40306
C2,250,C2-resources-0250,5,47,39786
C2,250,C2-resources-0250,5,48,40090
C2,250,C2-resources-0250,5,49,39259
C2,250,C2-resources-0250,5,50,40962
C2,250,C2-resources-0250,5,51,39588
C2,250,C2-resources-0250,5,52,40049
C2,250,C2-resources-0250,5,53,39985
C2,250,C2-resources-0250,5,54,39707
C2,250,C2-resources-0250,5,55,41822
C2,250,C2-resources-0250,5,56,39811
C2,250,C2-resources-0250,5,57,40086
C2,250,C2-resources-0250,5,58,43512
C2,250,C2-resources-0250,5,59,39604
C2,250,C2-resources-0250,5,60,42504
C2,250,C2-resources-0250,5,61,42140
C2,250,C2-resources-0250,5,62,46378
C2,250,C2-resources-0250,5,63,41788
C2,250,C2-resources-0250,5,64,40346
C2,250,C2-resources-0250,5,65,40025
C2,250,C2-resources-0250,5,66,42439
C2,250,C2-resources-0250,5,67,39844
C2,250,C2-resources-0250,5,68,39661
C2,250,C2-resources-0250,5,69,41334
C2,250,C2-resources-0250,5,70,42759
C2,250,C2-resources-0250,5,71,43691
C2,250,C2-resources-0250,5,72,42174
C2,250,C2-resources-0250,5,73,39948
C2,250,C2-resources-0250,5,74,39926
C2,250,C2-resources-0250,5,75,39668
C2,250,C2-resources-0250,5,76,41553
C2,250,C2-resources-0250,5,77,39534
C2,250,C2-resources-0250,5,78,39723
C2,250,C2-resources-0250,5,79,39254
C2,250,C2-resources-0250,5,80,39329
C2,250,C2-resources-0250,5,81,39805
C2,250,C2-resources-0250,5,82,40494
C2,250,C2-resources-0250,5,83,39799
C2,250,C2-resources-0250,5,84,39501
C2,250,C2-resources-0250,5,85,50873
C2,250,C2-resources-0250,5,86,40087
C2,250,C2-resources-0250,5,87,41048
C2,250,C2-resources-0250,5,88,39589
C2,250,C2-resources-0250,5,89,39666
C2,250,C2-resources-0250,5,90,39838
C2,250,C2-resources-0250,5,91,39803
C2,250,C2-resources-0250,5,92,39786
C2,250,C2-resources-0250,5,93,39863
C2,250,C2-resources-0250,5,94,39303
C2,250,C2-resources-0250,5,95,39523
C2,250,C2-resources-0250,5,96,39806
C2,250,C2-resources-0250,5,97,39376
C2,250,C2-resources-0250,5,98,42502
C2,250,C2-resources-0250,5,99,39511
C2,250,C2-resources-0250,5,100,39820
C2,250,C2-resources-0250,6,1,41437
C2,250,C2-resources-0250,6,2,39864
C2,250,C2-resources-0250,6,3,39813
C2,250,C2-resources-0250,6,4,39713
C2,250,C2-resources-0250,6,5,39338
C2,250,C2-resources-0250,6,6,39662
C2,250,C2-resources-0250,6,7,39433
C2,250,C2-resources-0250,6,8,39881
C2,250,C2-resources-0250,6,9,41478
C2,250,C2-resources-0250,6,10,39674
C2,250,C2-resources-0250,6,11,49664
C2,250,C2-resources-0250,6,12,39516
C2,250,C2-resources-0250,6,13,39229
C2,250,C2-resources-0250,6,14,39938
C2,250,C2-resources-0250,6,15,39873
C2,250,C2-resources-0250,6,16,39848
C2,250,C2-resources-0250,6,17,39689
C2,250,C2-resources-0250,6,18,39583
C2,250,C2-resources-0250,6,19,44702
C2,250,C2-resources-0250,6,20,39907
C2,250,C2-resources-0250,6,21,40645
C2,250,C2-resources-0250,6,22,41605
C2,250,C2-resources-0250,6,23,40139
C2,250,C2-resources-0250,6,24,39559
C2,250,C2-resources-0250,6,25,40491
C2,250,C2-resources-0250,6,26,39427
C2,250,C2-resources-0250,6,27,39710
C2,250,C2-resources-0250,6,28,39703
C2,250,C2-resources-0250,6,29,39810
C2,250,C2-resources-0250,6,30,41396
C2,250,C2-resources-0250,6,31,39852
C2,250,C2-resources-0250,6,32,39799
C2,250,C2-resources-0250,6,33,39699
C2,250,C2-resources-0250,6,34,39796
C2,250,C2-resources-0250,6,35,39932
C2,250,C2-resources-0250,6,36,39788
C2,250,C2-resources-0250,6,37,39386
C2,250,C2-resources-0250,6,38,39849
C2,250,C2-resources-0250,6,39,39754
C2,250,C2-resources-0250,6,40,39776
C2,250,C2-resources-0250,6,41,41502
C2,250,C2-resources-0250,6,42,39413
C2,250,C2-resources-0250,6,43,39869
C2,250,C2-resources-0250,6,44,40008
C2,250,C2-resources-0250,6,45,40278
C2,250,C2-resources-0250,6,46,40249
C2,250,C2-resources-0250,6,47,39921
C2,250,C2-resources-0250,6,48,39699
C2,250,C2-resources-0250,6,49,40063
C2,250,C2-resources-0250,6,50,39961
C2,250,C2-resources-0250,6,51,41300
C2,250,C2-resources-0250,6,52,39639
C2,250,C2-resources-0250,6,53,39299
C2,250,C2-resources-0250,6,54,39333
C2,250,C2-resources-0250,6,55,39663
C2,250,C2-resources-0250,6,56,42962
C2,250,C2-resources-0250,6,57,42368
C2,250,C2-resources-0250,6,58,42944
C2,250,C2-resources-0250,6,59,58551
C2,250,C2-resources-0250,6,60,42714
C2,250,C2-resources-0250,6,61,42414
C2,250,C2-resources-0250,6,62,53926
C2,250,C2-resources-0250,6,63,41819
C2,250,C2-resources-0250,6,64,39910
C2,250,C2-resources-0250,6,65,39495
C2,250,C2-resources-0250,6,66,39841
C2,250,C2-resources-0250,6,67,40107
C2,250,C2-resources-0250,6,68,39747
C2,250,C2-resources-0250,6,69,39972
C2,250,C2-resources-0250,6,70,39354
C2,250,C2-resources-0250,6,71,39445
C2,250,C2-resources-0250,6,72,39864
C2,250,C2-resources-0250,6,73,42014
C2,250,C2-resources-0250,6,74,39881
C2,250,C2-resources-0250,6,75,39897
C2,250,C2-resources-0250,6,76,41122
C2,250,C2-resources-0250,6,77,40254
C2,250,C2-resources-0250,6,78,40618
C2,250,C2-resources-0250,6,79,40066
C2,250,C2-resources-0250,6,80,40080
C2,250,C2-resources-0250,6,81,39377
C2,250,C2-resources-0250,6,82,39683
C2,250,C2-resources-0250,6,83,40723
C2,250,C2-resources-0250,6,84,40315
C2,250,C2-resources-0250,6,85,39721
C2,250,C2-resources-0250,6,86,39602
C2,250,C2-resources-0250,6,87,39804
C2,250,C2-resources-0250,6,88,39670
C2,250,C2-resources-0250,6,89,39995
C2,250,C2-resources-0250,6,90,39743
C2,250,C2-resources-0250,6,91,39837
C2,250,C2-resources-0250,6,92,39744
C2,250,C2-resources-0250,6,93,39777
C2,250,C2-resources-0250,6,94,41338
C2,250,C2-resources-0250,6,95,39840
C2,250,C2-resources-0250,6,96,39579
C2,250,C2-resources-0250,6,97,39930
C2,250,C2-resources-0250,6,98,39347
C2,250,C2-resources-0250,6,99,39598
C2,250,C2-resources-0250,6,100,40271
C2,250,C2-resources-0250,7,1,42677
C2,250,C2-resources-0250,7,2,40445
C2,250,C2-resources-0250,7,3,39761
C2,250,C2-resources-0250,7,4,39414
C2,250,C2-resources-0250,7,5,41866
C2,250,C2-resources-0250,7,6,40006
C2,250,C2-resources-0250,7,7,39738
C2,250,C2-resources-0250,7,8,39343
C2,250,C2-resources-0250,7,9,40202
C2,250,C2-resources-0250,7,10,40173
C2,250,C2-resources-0250,7,11,39502
C2,250,C2-resources-0250,7,12,39686
C2,250,C2-resources-0250,7,13,39586
C2,250,C2-resources-0250,7,14,39427
C2,250,C2-resources-0250,7,15,39535
C2,250,C2-resources-0250,7,16,42140
C2,250,C2-resources-0250,7,17,39974
C2,250,C2-resources-0250,7,18,39629
C2,250,C2-resources-0250,7,19,40236
C2,250,C2-resources-0250,7,20,39574
C2,250,C2-resources-0250,7,21,40229
C2,250,C2-resources-0250,7,22,39881
C2,250,C2-resources-0250,7,23,39791
C2,250,C2-resources-0250,7,24,39809
C2,250,C2-resources-0250,7,25,39635
C2,250,C2-resources-0250,7,26,41147
C2,250,C2-resources-0250,7,27,39783
C2,250,C2-resources-0250,7,28,39594
C2,250,C2-resources-0250,7,29,39576
C2,250,C2-resources-0250,7,30,39949
C2,250,C2-resources-0250,7,31,39809
C2,250,C2-resources-0250,7,32,40102
C2,250,C2-resources-0250,7,33,39988
C2,250,C2-resources-0250,7,34,39586
C2,250,C2-resources-0250,7,35,39670
C2,250,C2-resources-0250,7,36,39738
C2,250,C2-resources-0250,7,37,41815
C2,250,C2-resources-0250,7,38,39794
C2,250,C2-resources-0250,7,39,39710
C2,250,C2-resources-0250,7,40,39662
C2,250,C2-resources-0250,7,41,40065
C2,250,C2-resources-0250,7,42,40407
C2,250,C2-resources-0250,7,43,40220
C2,250,C2-resources-0250,7,44,39598
C2,250,C2-resources-0250,7,45,39715
C2,250,C2-resources-0250,7,46,39942
C2,250,C2-resources-0250,7,47,39871
C2,250,C2-resources-0250,7,48,42665
C2,250,C2-resources-0250,7,49,39604
C2,250,C2-resources-0250,7,50,39705
C2,250,C2-resources-0250,7,51,43858
C2,250,C2-resources-0250,7,52,42859
C2,250,C2-resources-0250,7,53,42907
C2,250,C2-resources-0250,7,54,42430
C2,250,C2-resources-0250,7,55,40125
C2,250,C2-resources-0250,7,56,39683
C2,250,C2-resources-0250,7,57,39251
C2,250,C2-resources-0250,7,58,41151
C2,250,C2-resources-0250,7,59,39617
C2,250,C2-resources-0250,7,60,39443
C2,250,C2-resources-0250,7,61,39999
C2,250,C2-resources-0250,7,62,41656
C2,250,C2-resources-0250,7,63,41688
C2,250,C2-resources-0250,7,64,41634
C2,250,C2-resources-0250,7,65,41130
C2,250,C2-resources-0250,7,66,42575
C2,250,C2-resources-0250,7,67,42949
C2,250,C2-resources-0250,7,68,40027
C2,250,C2-resources-0250,7,69,41513
C2,250,C2-resources-0250,7,70,39486
C2,250,C2-resources-0250,7,71,41715
C2,250,C2-resources-0250,7,72,42773
C2,250,C2-resources-0250,7,73,40854
C2,250,C2-resources-0250,7,74,42675
C2,250,C2-resources-0250,7,75,41417
C2,250,C2-resources-0250,7,76,39896
C2,250,C2-resources-0250,7,77,41034
C2,250,C2-resources-0250,7,78,42402
C2,250,C2-resources-0250,7,79,40903
C2,250,C2-resources-0250,7,80,44688
C2,250,C2-resources-0250,7,81,43058
C2,250,C2-resources-0250,7,82,39451
C2,250,C2-resources-0250,7,83,39424
C2,250,C2-resources-0250,7,84,39648
C2,250,C2-resources-0250,7,85,39921
C2,250,C2-resources-0250,7,86,42111
C2,250,C2-resources-0250,7,87,39355
C2,250,C2-resources-0250,7,88,39850
C2,250,C2-resources-0250,7,89,39342
C2,250,C2-resources-0250,7,90,39654
C2,250,C2-resources-0250,7,91,42237
C2,250,C2-resources-0250,7,92,39812
C2,250,C2-resources-0250,7,93,40006
C2,250,C2-resources-0250,7,94,39352
C2,250,C2-resources-0250,7,95,39455
C2,250,C2-resources-0250,7,96,39748
C2,250,C2-resources-0250,7,97,39784
C2,250,C2-resources-0250,7,98,39532
C2,250,C2-resources-0250,7,99,39420
C2,250,C2-resources-0250,7,100,39656
C2,250,C2-resources-0250,8,1,44303
C2,250,C2-resources-0250,8,2,40134
C2,250,C2-resources-0250,8,3,40059
C2,250,C2-resources-0250,8,4,40377
C2,250,C2-resources-0250,8,5,39975
C2,250,C2-resources-0250,8,6,44702
C2,250,C2-resources-0250,8,7,42885
C2,250,C2-resources-0250,8,8,39502
C2,250,C2-resources-0250,8,9,39801
C2,250,C2-resources-0250,8,10,39406
C2,250,C2-resources-0250,8,11,40455
C2,250,C2-resources-0250,8,12,42498
C2,250,C2-resources-0250,8,13,39957
C2,250,C2-resources-0250,8,14,42780
C2,250,C2-resources-0250,8,15,39975
C2,250,C2-resources-0250,8,16,39821
C2,250,C2-resources-0250,8,17,40174
C2,250,C2-resources-0250,8,18,39522
C2,250,C2-resources-0250,8,19,39628
C2,250,C2-resources-0250,8,20,39192
C2,250,C2-resources-0250,8,21,39746
C2,250,C2-resources-0250,8,22,40072
C2,250,C2-resources-0250,8,23,41750
C2,250,C2-resources-0250,8,24,40044
C2,250,C2-resources-0250,8,25,39639
C2,250,C2-resources-0250,8,26,39519
C2,250,C2-resources-0250,8,27,39589
C2,250,C2-resources-0250,8,28,41480
C2,250,C2-resources-0250,8,29,39425
C2,250,C2-resources-0250,8,30,40043
C2,250,C2-resources-0250,8,31,40926
C2,250,C2-resources-0250,8,32,40172
C2,250,C2-resources-0250,8,33,41162
C2,250,C2-resources-0250,8,34,40239
C2,250,C2-resources-0250,8,35,39807
C2,250,C2-resources-0250,8,36,39729
C2,250,C2-resources-0250,8,37,39643
C2,250,C2-resources-0250,8,38,39529
C2,250,C2-resources-0250,8,39,40301
C2,250,C2-resources-0250,8,40,40069
C2,250,C2-resources-0250,8,41,39801
C2,250,C2-resources-0250,8,42,39907
C2,250,C2-resources-0250,8,43,40297
C2,250,C2-resources-0250,8,44,44737
C2,250,C2-resources-0250,8,45,42000
C2,250,C2-resources-0250,8,46,42498
C2,250,C2-resources-0250,8,47,46754
C2,250,C2-resources-0250,8,48,48856
C2,250,C2-resources-0250,8,49,40192
C2,250,C2-resources-0250,8,50,39520
C2,250,C2-resources-0250,8,51,39421
C2,250,C2-resources-0250,8,52,39609
C2,250,C2-resources-0250,8,53,49562
C2,250,C2-resources-0250,8,54,39798
C2,250,C2-resources-0250,8,55,42561
C2,250,C2-resources-0250,8,56,39981
C2,250,C2-resources-0250,8,57,39674
C2,250,C2-resources-0250,8,58,39726
C2,250,C2-resources-0250,8,59,39783
C2,250,C2-resources-0250,8,60,40450
C2,250,C2-resources-0250,8,61,39494
C2,250,C2-resources-0250,8,62,39675
C2,250,C2-resources-0250,8,63,40075
C2,250,C2-resources-0250,8,64,39485
C2,250,C2-resources-0250,8,65,41212
C2,250,C2-resources-0250,8,66,39947
C2,250,C2-resources-0250,8,67,39692
C2,250,C2-resources-0250,8,68,39550
C2,250,C2-resources-0250,8,69,39889
C2,250,C2-resources-0250,8,70,40023
C2,250,C2-resources-0250,8,71,40048
C2,250,C2-resources-0250,8,72,39885
C2,250,C2-resources-0250,8,73,39722
C2,250,C2-resources-0250,8,74,39888
C2,250,C2-resources-0250,8,75,39961
C2,250,C2-resources-0250,8,76,41402
C2,250,C2-resources-0250,8,77,39757
C2,250,C2-resources-0250,8,78,39862
C2,250,C2-resources-0250,8,79,39903
C2,250,C2-resources-0250,8,80,39927
C2,250,C2-resources-0250,8,81,39399
C2,250,C2-resources-0250,8,82,39913
C2,250,C2-resources-0250,8,83,39791
C2,250,C2-resources-0250,8,84,39584
C2,250,C2-resources-0250,8,85,39975
C2,250,C2-resources-0250,8,86,39579
C2,250,C2-resources-0250,8,87,41619
C2,250,C2-resources-0250,8,88,40701
C2,250,C2-resources-0250,8,89,40069
C2,250,C2-resources-0250,8,90,39421
C2,250,C2-resources-0250,8,91,39670
C2,250,C2-resources-0250,8,92,40137
C2,250,C2-resources-0250,8,93,39455
C2,250,C2-resources-0250,8,94,40879
C2,250,C2-resources-0250,8,95,39983
C2,250,C2-resources-0250,8,96,39730
C2,250,C2-resources-0250,8,97,40386
C2,250,C2-resources-0250,8,98,42970
C2,250,C2-resources-0250,8,99,39779
C2,250,C2-resources-0250,8,100,39745
C4,250,C4-resources-0250,1,1,413900
C4,250,C4-resources-0250,1,2,424667
C4,250,C4-resources-0250,1,3,391468
C4,250,C4-resources-0250,1,4,377866
C4,250,C4-resources-0250,1,5,383463
C4,250,C4-resources-0250,1,6,380185
C4,250,C4-resources-0250,1,7,380760
C4,250,C4-resources-0250,1,8,380527
C4,250,C4-resources-0250,1,9,378302
C4,250,C4-resources-0250,1,10,377482
C4,250,C4-resources-0250,1,11,381022
C4,250,C4-resources-0250,1,12,377010
C4,250,C4-resources-0250,1,13,381530
C4,250,C4-resources-0250,1,14,400683
C4,250,C4-resources-0250,1,15,382262
C4,250,C4-resources-0250,1,16,383081
C4,250,C4-resources-0250,1,17,391784
C4,250,C4-resources-0250,1,18,385239
C4,250,C4-resources-0250,1,19,381610
C4,250,C4-resources-0250,1,20,379556
C4,250,C4-resources-0250,1,21,398026
C4,250,C4-resources-0250,1,22,392344
C4,250,C4-resources-0250,1,23,389972
C4,250,C4-resources-0250,1,24,444254
C4,250,C4-resources-0250,1,25,404308
C4,250,C4-resources-0250,1,26,406891
C4,250,C4-resources-0250,1,27,378099
C4,250,C4-resources-0250,1,28,395178
C4,250,C4-resources-0250,1,29,394602
C4,250,C4-resources-0250,1,30,380184
C4,250,C4-resources-0250,1,31,378000
C4,250,C4-resources-0250,1,32,383695
C4,250,C4-resources-0250,1,33,384970
C4,250,C4-resources-0250,1,34,392648
C4,250,C4-resources-0250,1,35,384667
C4,250,C4-resources-0250,1,36,393352
C4,250,C4-resources-0250,1,37,386345
C4,250,C4-resources-0250,1,38,380311
C4,250,C4-resources-0250,1,39,386752
C4,250,C4-resources-0250,1,40,395101
C4,250,C4-resources-0250,1,41,391401
C4,250,C4-resources-0250,1,42,386645
C4,250,C4-resources-0250,1,43,388188
C4,250,C4-resources-0250,1,44,426127
C4,250,C4-resources-0250,1,45,401080
C4,250,C4-resources-0250,1,46,389526
C4,250,C4-resources-0250,1,47,379374
C4,250,C4-resources-0250,1,48,378995
C4,250,C4-resources-0250,1,49,377661
C4,250,C4-resources-0250,1,50,401952
C4,250,C4-resources-0250,1,51,410265
C4,250,C4-resources-0250,1,52,400198
C4,250,C4-resources-0250,1,53,379466
C4,250,C4-resources-0250,1,54,382619
C4,250,C4-resources-0250,1,55,384521
C4,250,C4-resources-0250,1,56,413596
C4,250,C4-resources-0250,1,57,403334
C4,250,C4-resources-0250,1,58,396879
C4,250,C4-resources-0250,1,59,402008
C4,250,C4-resources-0250,1,60,397207
C4,250,C4-resources-0250,1,61,407910
C4,250,C4-resources-0250,1,62,389964
C4,250,C4-resources-0250,1,63,391997
C4,250,C4-resources-0250,1,64,408144
C4,250,C4-resources-0250,1,65,398804
C4,250,C4-resources-0250,1,66,391803
C4,250,C4-resources-0250,1,67,392628
C4,250,C4-resources-0250,1,68,391037
C4,250,C4-resources-0250,1,69,407356
C4,250,C4-resources-0250,1,70,387577
C4,250,C4-resources-0250,1,71,391784
C4,250,C4-resources-0250,1,72,387388
C4,250,C4-resources-0250,1,73,381744
C4,250,C4-resources-0250,1,74,380265
C4,250,C4-resources-0250,1,75,420503
C4,250,C4-resources-0250,1,76,415882
C4,250,C4-resources-0250,1,77,396036
C4,250,C4-resources-0250,1,78,394268
C4,250,C4-resources-0250,1,79,408693
C4,250,C4-resources-0250,1,80,385489
C4,250,C4-resources-0250,1,81,398029
C4,250,C4-resources-0250,1,82,384062
C4,250,C4-resources-0250,1,83,391524
C4,250,C4-resources-0250,1,84,441886
C4,250,C4-resources-0250,1,85,392770
C4,250,C4-resources-0250,1,86,393602
C4,250,C4-resources-0250,1,87,387586
C4,250,C4-resources-0250,1,88,389825
C4,250,C4-resources-0250,1,89,418347
C4,250,C4-resources-0250,1,90,384831
C4,250,C4-resources-0250,1,91,407670
C4,250,C4-resources-0250,1,92,397116
C4,250,C4-resources-0250,1,93,383112
C4,250,C4-resources-0250,1,94,377295
C4,250,C4-resources-0250,1,95,398079
C4,250,C4-resources-0250,1,96,394758
C4,250,C4-resources-0250,1,97,378363
C4,250,C4-resources-0250,1,98,380146
C4,250,C4-resources-0250,1,99,378758
C4,250,C4-resources-0250,1,100,380692
C4,250,C4-resources-0250,2,1,417298
C4,250,C4-resources-0250,2,2,387507
C4,250,C4-resources-0250,2,3,379169
C4,250,C4-resources-0250,2,4,435790
C4,250,C4-resources-0250,2,5,387200
C4,250,C4-resources-0250,2,6,389831
C4,250,C4-resources-0250,2,7,401566
C4,250,C4-resources-0250,2,8,375142
C4,250,C4-resources-0250,2,9,395733
C4,250,C4-resources-0250,2,10,382259
C4,250,C4-resources-0250,2,11,389986
C4,250,C4-resources-0250,2,12,385420
C4,250,C4-resources-0250,2,13,389549
C4,250,C4-resources-0250,2,14,420880
C4,250,C4-resources-0250,2,15,391060
C4,250,C4-resources-0250,2,16,379813
C4,250,C4-resources-0250,2,17,380504
C4,250,C4-resources-0250,2,18,376451
C4,250,C4-resources-0250,2,19,378937
C4,250,C4-resources-0250,2,20,380736
C4,250,C4-resources-0250,2,21,390727
C4,250,C4-resources-0250,2,22,389962
C4,250,C4-resources-0250,2,23,393520
C4,250,C4-resources-0250,2,24,407499
C4,250,C4-resources-0250,2,25,404592
C4,250,C4-resources-0250,2,26,385692
C4,250,C4-resources-0250,2,27,399860
C4,250,C4-resources-0250,2,28,394563
C4,250,C4-resources-0250,2,29,408557
C4,250,C4-resources-0250,2,30,390484
C4,250,C4-resources-0250,2,31,394087
C4,250,C4-resources-0250,2,32,406235
C4,250,C4-resources-0250,2,33,382518
C4,250,C4-resources-0250,2,34,377087
C4,250,C4-resources-0250,2,35,410048
C4,250,C4-resources-0250,2,36,378199
C4,250,C4-resources-0250,2,37,377048
C4,250,C4-resources-0250,2,38,378298
C4,250,C4-resources-0250,2,39,402599
C4,250,C4-resources-0250,2,40,377963
C4,250,C4-resources-0250,2,41,378736
C4,250,C4-resources-0250,2,42,387407
C4,250,C4-resources-0250,2,43,393296
C4,250,C4-resources-0250,2,44,382752
C4,250,C4-resources-0250,2,45,400520
C4,250,C4-resources-0250,2,46,396795
C4,250,C4-resources-0250,2,47,394006
C4,250,C4-resources-0250,2,48,392285
C4,250,C4-resources-0250,2,49,395117
C4,250,C4-resources-0250,2,50,411191
C4,250,C4-resources-0250,2,51,394780
C4,250,C4-resources-0250,2,52,392280
C4,250,C4-resources-0250,2,53,392654
C4,250,C4-resources-0250,2,54,390023
C4,250,C4-resources-0250,2,55,441198
C4,250,C4-resources-0250,2,56,388616
C4,250,C4-resources-0250,2,57,387732
C4,250,C4-resources-0250,2,58,390017
C4,250,C4-resources-0250,2,59,388242
C4,250,C4-resources-0250,2,60,400327
C4,250,C4-resources-0250,2,61,387117
C4,250,C4-resources-0250,2,62,378872
C4,250,C4-resources-0250,2,63,383881
C4,250,C4-resources-0250,2,64,388022
C4,250,C4-resources-0250,2,65,399064
C4,250,C4-resources-0250,2,66,390420
C4,250,C4-resources-0250,2,67,389334
C4,250,C4-resources-0250,2,68,379963
C4,250,C4-resources-0250,2,69,382585
C4,250,C4-resources-0250,2,70,389851
C4,250,C4-resources-0250,2,71,382020
C4,250,C4-resources-0250,2,72,393987
C4,250,C4-resources-0250,2,73,385775
C4,250,C4-resources-0250,2,74,382661
C4,250,C4-resources-0250,2,75,378746
C4,250,C4-resources-0250,2,76,403545
C4,250,C4-resources-0250,2,77,410898
C4,250,C4-resources-0250,2,78,399740
C4,250,C4-resources-0250,2,79,388918
C4,250,C4-resources-0250,2,80,386175
C4,250,C4-resources-0250,2,81,389783
C4,250,C4-resources-0250,2,82,395688
C4,250,C4-resources-0250,2,83,398823
C4,250,C4-resources-0250,2,84,384802
C4,250,C4-resources-0250,2,85,409612
C4,250,C4-resources-0250,2,86,394215
C4,250,C4-resources-0250,2,87,389366
C4,250,C4-resources-0250,2,88,394832
C4,250,C4-resources-0250,2,89,387650
C4,250,C4-resources-0250,2,90,403324
C4,250,C4-resources-0250,2,91,391703
C4,250,C4-resources-0250,2,92,397723
C4,250,C4-resources-0250,2,93,399148
C4,250,C4-resources-0250,2,94,386522
C4,250,C4-resources-0250,2,95,409113
C4,250,C4-resources-0250,2,96,406990
C4,250,C4-resources-0250,2,97,393616
C4,250,C4-resources-0250,2,98,390955
C4,250,C4-resources-0250,2,99,398238
C4,250,C4-resources-0250,2,100,413801
C4,250,C4-resources-0250,3,1,389770
C4,250,C4-resources-0250,3,2,387343
C4,250,C4-resources-0250,3,3,384546
C4,250,C4-resources-0250,3,4,379961
C4,250,C4-resources-0250,3,5,432549
C4,250,C4-resources-0250,3,6,402406
C4,250,C4-resources-0250,3,7,414378
C4,250,C4-resources-0250,3,8,388654
C4,250,C4-resources-0250,3,9,383097
C4,250,C4-resources-0250,3,10,402901
C4,250,C4-resources-0250,3,11,398528
C4,250,C4-resources-0250,3,12,393446
C4,250,C4-resources-0250,3,13,399447
C4,250,C4-resources-0250,3,14,384332
C4,250,C4-resources-0250,3,15,383093
C4,250,C4-resources-0250,3,16,402752
C4,250,C4-resources-0250,3,17,388505
C4,250,C4-resources-0250,3,18,393234
C4,250,C4-resources-0250,3,19,387307
C4,250,C4-resources-0250,3,20,398088
C4,250,C4-resources-0250,3,21,385441
C4,250,C4-resources-0250,3,22,388910
C4,250,C4-resources-0250,3,23,395646
C4,250,C4-resources-0250,3,24,392885
C4,250,C4-resources-0250,3,25,393622
C4,250,C4-resources-0250,3,26,407991
C4,250,C4-resources-0250,3,27,393919
C4,250,C4-resources-0250,3,28,415058
C4,250,C4-resources-0250,3,29,390172
C4,250,C4-resources-0250,3,30,389624
C4,250,C4-resources-0250,3,31,390606
C4,250,C4-resources-0250,3,32,386571
C4,250,C4-resources-0250,3,33,391123
C4,250,C4-resources-0250,3,34,388363
C4,250,C4-resources-0250,3,35,384767
C4,250,C4-resources-0250,3,36,405465
C4,250,C4-resources-0250,3,37,380263
C4,250,C4-resources-0250,3,38,393039
C4,250,C4-resources-0250,3,39,379588
C4,250,C4-resources-0250,3,40,380003
C4,250,C4-resources-0250,3,41,401484
C4,250,C4-resources-0250,3,42,391305
C4,250,C4-resources-0250,3,43,387421
C4,250,C4-resources-0250,3,44,399881
C4,250,C4-resources-0250,3,45,390640
C4,250,C4-resources-0250,3,46,412225
C4,250,C4-resources-0250,3,47,392315
C4,250,C4-resources-0250,3,48,397247
C4,250,C4-resources-0250,3,49,383216
C4,250,C4-resources-0250,3,50,390388
C4,250,C4-resources-0250,3,51,388447
C4,250,C4-resources-0250,3,52,379576
C4,250,C4-resources-0250,3,53,379526
C4,250,C4-resources-0250,3,54,377253
C4,250,C4-resources-0250,3,55,378778
C4,250,C4-resources-0250,3,56,389485
C4,250,C4-resources-0250,3,57,389666
C4,250,C4-resources-0250,3,58,381721
C4,250,C4-resources-0250,3,59,379586
C4,250,C4-resources-0250,3,60,380274
C4,250,C4-resources-0250,3,61,411374
C4,250,C4-resources-0250,3,62,396966
C4,250,C4-resources-0250,3,63,399458
C4,250,C4-resources-0250,3,64,402801
C4,250,C4-resources-0250,3,65,387746
C4,250,C4-resources-0250,3,66,390764
C4,250,C4-resources-0250,3,67,388692
C4,250,C4-resources-0250,3,68,395813
C4,250,C4-resources-0250,3,69,396855
C4,250,C4-resources-0250,3,70,377119
C4,250,C4-resources-0250,3,71,376306
C4,250,C4-resources-0250,3,72,384452
C4,250,C4-resources-0250,3,73,385252
C4,250,C4-resources-0250,3,74,385485
C4,250,C4-resources-0250,3,75,386147
C4,250,C4-resources-0250,3,76,387242
C4,250,C4-resources-0250,3,77,414066
C4,250,C4-resources-0250,3,78,396755
C4,250,C4-resources-0250,3,79,404277
C4,250,C4-resources-0250,3,80,388593
C4,250,C4-resources-0250,3,81,383317
C4,250,C4-resources-0250,3,82,381309
C4,250,C4-resources-0250,3,83,398823
C4,250,C4-resources-0250,3,84,406672
C4,250,C4-resources-0250,3,85,397643
C4,250,C4-resources-0250,3,86,387992
C4,250,C4-resources-0250,3,87,410595
C4,250,C4-resources-0250,3,88,396697
C4,250,C4-resources-0250,3,89,2590802
C4,250,C4-resources-0250,3,90,493234
C4,250,C4-resources-0250,3,91,457914
C4,250,C4-resources-0250,3,92,393483
C4,250,C4-resources-0250,3,93,386864
C4,250,C4-resources-0250,3,94,383673
C4,250,C4-resources-0250,3,95,381864
C4,250,C4-resources-0250,3,96,381970
C4,250,C4-resources-0250,3,97,379968
C4,250,C4-resources-0250,3,98,380561
C4,250,C4-resources-0250,3,99,382513
C4,250,C4-resources-0250,3,100,382330
C4,250,C4-resources-0250,4,1,396493
C4,250,C4-resources-0250,4,2,383061
C4,250,C4-resources-0250,4,3,410162
C4,250,C4-resources-0250,4,4,389774
C4,250,C4-resources-0250,4,5,388828
C4,250,C4-resources-0250,4,6,386450
C4,250,C4-resources-0250,4,7,395340
C4,250,C4-resources-0250,4,8,393802
C4,250,C4-resources-0250,4,9,411638
C4,250,C4-resources-0250,4,10,420572
C4,250,C4-resources-0250,4,11,455241
C4,250,C4-resources-0250,4,12,400067
C4,250,C4-resources-0250,4,13,396747
C4,250,C4-resources-0250,4,14,380754
C4,250,C4-resources-0250,4,15,395946
C4,250,C4-resources-0250,4,16,402381
C4,250,C4-resources-0250,4,17,390133
C4,250,C4-resources-0250,4,18,412454
C4,250,C4-resources-0250,4,19,379897
C4,250,C4-resources-0250,4,20,378763
C4,250,C4-resources-0250,4,21,399581
C4,250,C4-resources-0250,4,22,380146
C4,250,C4-resources-0250,4,23,386621
C4,250,C4-resources-0250,4,24,405253
C4,250,C4-resources-0250,4,25,398091
C4,250,C4-resources-0250,4,26,394148
C4,250,C4-resources-0250,4,27,395637
C4,250,C4-resources-0250,4,28,406039
C4,250,C4-resources-0250,4,29,386387
C4,250,C4-resources-0250,4,30,378117
C4,250,C4-resources-0250,4,31,388208
C4,250,C4-resources-0250,4,32,396218
C4,250,C4-resources-0250,4,33,401005
C4,250,C4-resources-0250,4,34,400858
C4,250,C4-resources-0250,4,35,2125254
C4,250,C4-resources-0250,4,36,523301
C4,250,C4-resources-0250,4,37,409446
C4,250,C4-resources-0250,4,38,391268
C4,250,C4-resources-0250,4,39,389829
C4,250,C4-resources-0250,4,40,385844
C4,250,C4-resources-0250,4,41,381966
C4,250,C4-resources-0250,4,42,380202
C4,250,C4-resources-0250,4,43,383097
C4,250,C4-resources-0250,4,44,383483
C4,250,C4-resources-0250,4,45,385724
C4,250,C4-resources-0250,4,46,389330
C4,250,C4-resources-0250,4,47,406377
C4,250,C4-resources-0250,4,48,392281
C4,250,C4-resources-0250,4,49,399179
C4,250,C4-resources-0250,4,50,388547
C4,250,C4-resources-0250,4,51,417873
C4,250,C4-resources-0250,4,52,388098
C4,250,C4-resources-0250,4,53,414168
C4,250,C4-resources-0250,4,54,445615
C4,250,C4-resources-0250,4,55,406482
C4,250,C4-resources-0250,4,56,431709
C4,250,C4-resources-0250,4,57,414228
C4,250,C4-resources-0250,4,58,383518
C4,250,C4-resources-0250,4,59,382985
C4,250,C4-resources-0250,4,60,381763
C4,250,C4-resources-0250,4,61,381627
C4,250,C4-resources-0250,4,62,393426
C4,250,C4-resources-0250,4,63,414018
C4,250,C4-resources-0250,4,64,403407
C4,250,C4-resources-0250,4,65,381497
C4,250,C4-resources-0250,4,66,380815
C4,250,C4-resources-0250,4,67,430194
C4,250,C4-resources-0250,4,68,379571
C4,250,C4-resources-0250,4,69,382113
C4,250,C4-resources-0250,4,70,397891
C4,250,C4-resources-0250,4,71,386506
C4,250,C4-resources-0250,4,72,385039
C4,250,C4-resources-0250,4,73,418306
C4,250,C4-resources-0250,4,74,378794
C4,250,C4-resources-0250,4,75,376742
C4,250,C4-resources-0250,4,76,383266
C4,250,C4-resources-0250,4,77,447105
C4,250,C4-resources-0250,4,78,399850
C4,250,C4-resources-0250,4,79,382855
C4,250,C4-resources-0250,4,80,393986
C4,250,C4-resources-0250,4,81,387528
C4,250,C4-resources-0250,4,82,386813
C4,250,C4-resources-0250,4,83,395126
C4,250,C4-resources-0250,4,84,388475
C4,250,C4-resources-0250,4,85,389196
C4,250,C4-resources-0250,4,86,428652
C4,250,C4-resources-0250,4,87,424706
C4,250,C4-resources-0250,4,88,378555
C4,250,C4-resources-0250,4,89,379105
C4,250,C4-resources-0250,4,90,375345
C4,250,C4-resources-0250,4,91,415414
C4,250,C4-resources-0250,4,92,378124
C4,250,C4-resources-0250,4,93,386782
C4,250,C4-resources-0250,4,94,381638
C4,250,C4-resources-0250,4,95,393084
C4,250,C4-resources-0250,4,96,386284
C4,250,C4-resources-0250,4,97,426089
C4,250,C4-resources-0250,4,98,395097
C4,250,C4-resources-0250,4,99,408967
C4,250,C4-resources-0250,4,100,393883
C4,250,C4-resources-0250,5,1,395568
C4,250,C4-resources-0250,5,2,388721
C4,250,C4-resources-0250,5,3,386343
C4,250,C4-resources-0250,5,4,408629
C4,250,C4-resources-0250,5,5,380046
C4,250,C4-resources-0250,5,6,400404
C4,250,C4-resources-0250,5,7,414894
C4,250,C4-resources-0250,5,8,391716
C4,250,C4-resources-0250,5,9,392044
C4,250,C4-resources-0250,5,10,390813
C4,250,C4-resources-0250,5,11,382534
C4,250,C4-resources-0250,5,12,377965
C4,250,C4-resources-0250,5,13,379384
C4,250,C4-resources-0250,5,14,407331
C4,250,C4-resources-0250,5,15,379742
C4,250,C4-resources-0250,5,16,377809
C4,250,C4-resources-0250,5,17,391804
C4,250,C4-resources-0250,5,18,396911
C4,250,C4-resources-0250,5,19,395661
C4,250,C4-resources-0250,5,20,384178
C4,250,C4-resources-0250,5,21,390128
C4,250,C4-resources-0250,5,22,384437
C4,250,C4-resources-0250,5,23,386223
C4,250,C4-resources-0250,5,24,403843
C4,250,C4-resources-0250,5,25,391465
C4,250,C4-resources-0250,5,26,396101
C4,250,C4-resources-0250,5,27,440251
C4,250,C4-resources-0250,5,28,379393
C4,250,C4-resources-0250,5,29,412839
C4,250,C4-resources-0250,5,30,386278
C4,250,C4-resources-0250,5,31,413331
C4,250,C4-resources-0250,5,32,406725
C4,250,C4-resources-0250,5,33,402527
C4,250,C4-resources-0250,5,34,401494
C4,250,C4-resources-0250,5,35,400522
C4,250,C4-resources-0250,5,36,400482
C4,250,C4-resources-0250,5,37,397651
C4,250,C4-resources-0250,5,38,375334
C4,250,C4-resources-0250,5,39,395737
C4,250,C4-resources-0250,5,40,402566
C4,250,C4-resources-0250,5,41,442844
C4,250,C4-resources-0250,5,42,393470
C4,250,C4-resources-0250,5,43,384292
C4,250,C4-resources-0250,5,44,386643
C4,250,C4-resources-0250,5,45,388801
C4,250,C4-resources-0250,5,46,454365
C4,250,C4-resources-0250,5,47,432684
C4,250,C4-resources-0250,5,48,384815
C4,250,C4-resources-0250,5,49,397551
C4,250,C4-resources-0250,5,50,398658
C4,250,C4-resources-0250,5,51,382509
C4,250,C4-resources-0250,5,52,395699
C4,250,C4-resources-0250,5,53,383076
C4,250,C4-resources-0250,5,54,381847
C4,250,C4-resources-0250,5,55,382412
C4,250,C4-resources-0250,5,56,381811
C4,250,C4-resources-0250,5,57,427806
C4,250,C4-resources-0250,5,58,411598
C4,250,C4-resources-0250,5,59,407220
C4,250,C4-resources-0250,5,60,405873
C4,250,C4-resources-0250,5,61,419152
C4,250,C4-resources-0250,5,62,397926
C4,250,C4-resources-0250,5,63,377463
C4,250,C4-resources-0250,5,64,392323
C4,250,C4-resources-0250,5,65,381863
C4,250,C4-resources-0250,5,66,375870
C4,250,C4-resources-0250,5,67,415799
C4,250,C4-resources-0250,5,68,390754
C4,250,C4-resources-0250,5,69,409071
C4,250,C4-resources-0250,5,70,431614
C4,250,C4-resources-0250,5,71,403174
C4,250,C4-resources-0250,5,72,390233
C4,250,C4-resources-0250,5,73,377253
C4,250,C4-resources-0250,5,74,407777
C4,250,C4-resources-0250,5,75,380236
C4,250,C4-resources-0250,5,76,392544
C4,250,C4-resources-0250,5,77,414425
C4,250,C4-resources-0250,5,78,377300
C4,250,C4-resources-0250,5,79,378290
C4,250,C4-resources-0250,5,80,381157
C4,250,C4-resources-0250,5,81,413440
C4,250,C4-resources-0250,5,82,380529
C4,250,C4-resources-0250,5,83,383928
C4,250,C4-resources-0250,5,84,377478
C4,250,C4-resources-0250,5,85,387423
C4,250,C4-resources-0250,5,86,401468
C4,250,C4-resources-0250,5,87,418197
C4,250,C4-resources-0250,5,88,383095
C4,250,C4-resources-0250,5,89,403320
C4,250,C4-resources-0250,5,90,377250
C4,250,C4-resources-0250,5,91,380330
C4,250,C4-resources-0250,5,92,383366
C4,250,C4-resources-0250,5,93,389715
C4,250,C4-resources-0250,5,94,380597
C4,250,C4-resources-0250,5,95,387796
C4,250,C4-resources-0250,5,96,395484
C4,250,C4-resources-0250,5,97,411246
C4,250,C4-resources-0250,5,98,403911
C4,250,C4-resources-0250,5,99,415841
C4,250,C4-resources-0250,5,100,392871
C4,250,C4-resources-0250,6,1,388817
C4,250,C4-resources-0250,6,2,403563
C4,250,C4-resources-0250,6,3,380209
C4,250,C4-resources-0250,6,4,376383
C4,250,C4-resources-0250,6,5,377261
C4,250,C4-resources-0250,6,6,408134
C4,250,C4-resources-0250,6,7,405720
C4,250,C4-resources-0250,6,8,398519
C4,250,C4-resources-0250,6,9,455844
C4,250,C4-resources-0250,6,10,403431
C4,250,C4-resources-0250,6,11,380911
C4,250,C4-resources-0250,6,12,389354
C4,250,C4-resources-0250,6,13,392701
C4,250,C4-resources-0250,6,14,436675
C4,250,C4-resources-0250,6,15,398876
C4,250,C4-resources-0250,6,16,412115
C4,250,C4-resources-0250,6,17,441935
C4,250,C4-resources-0250,6,18,379332
C4,250,C4-resources-0250,6,19,394438
C4,250,C4-resources-0250,6,20,391175
C4,250,C4-resources-0250,6,21,395494
C4,250,C4-resources-0250,6,22,381747
C4,250,C4-resources-0250,6,23,382679
C4,250,C4-resources-0250,6,24,413028
C4,250,C4-resources-0250,6,25,385901
C4,250,C4-resources-0250,6,26,382911
C4,250,C4-resources-0250,6,27,432698
C4,250,C4-resources-0250,6,28,392860
C4,250,C4-resources-0250,6,29,410658
C4,250,C4-resources-0250,6,30,380932
C4,250,C4-resources-0250,6,31,387104
C4,250,C4-resources-0250,6,32,379443
C4,250,C4-resources-0250,6,33,384628
C4,250,C4-resources-0250,6,34,402983
C4,250,C4-resources-0250,6,35,394217
C4,250,C4-resources-0250,6,36,387532
C4,250,C4-resources-0250,6,37,403814
C4,250,C4-resources-0250,6,38,393414
C4,250,C4-resources-0250,6,39,409808
C4,250,C4-resources-0250,6,40,411749
C4,250,C4-resources-0250,6,41,382004
C4,250,C4-resources-0250,6,42,373890
C4,250,C4-resources-0250,6,43,385565
C4,250,C4-resources-0250,6,44,401392
C4,250,C4-resources-0250,6,45,379217
C4,250,C4-resources-0250,6,46,380880
C4,250,C4-resources-0250,6,47,401910
C4,250,C4-resources-0250,6,48,376456
C4,250,C4-resources-0250,6,49,378741
C4,250,C4-resources-0250,6,50,378319
C4,250,C4-resources-0250,6,51,390499
C4,250,C4-resources-0250,6,52,390980
C4,250,C4-resources-0250,6,53,375125
C4,250,C4-resources-0250,6,54,405526
C4,250,C4-resources-0250,6,55,386423
C4,250,C4-resources-0250,6,56,380251
C4,250,C4-resources-0250,6,57,389676
C4,250,C4-resources-0250,6,58,393633
C4,250,C4-resources-0250,6,59,376161
C4,250,C4-resources-0250,6,60,382823
C4,250,C4-resources-0250,6,61,380141
C4,250,C4-resources-0250,6,62,412398
C4,250,C4-resources-0250,6,63,392226
C4,250,C4-resources-0250,6,64,387175
C4,250,C4-resources-0250,6,65,404062
C4,250,C4-resources-0250,6,66,387149
C4,250,C4-resources-0250,6,67,386932
C4,250,C4-resources-0250,6,68,406715
C4,250,C4-resources-0250,6,69,388424
C4,250,C4-resources-0250,6,70,398235
C4,250,C4-resources-0250,6,71,386199
C4,250,C4-resources-0250,6,72,389139
C4,250,C4-resources-0250,6,73,388499
C4,250,C4-resources-0250,6,74,387103
C4,250,C4-resources-0250,6,75,386906
C4,250,C4-resources-0250,6,76,385283
C4,250,C4-resources-0250,6,77,426613
C4,250,C4-resources-0250,6,78,406859
C4,250,C4-resources-0250,6,79,387616
C4,250,C4-resources-0250,6,80,383666
C4,250,C4-resources-0250,6,81,385331
C4,250,C4-resources-0250,6,82,385018
C4,250,C4-resources-0250,6,83,384341
C4,250,C4-resources-0250,6,84,385900
C4,250,C4-resources-0250,6,85,393867
C4,250,C4-resources-0250,6,86,418182
C4,250,C4-resources-0250,6,87,400093
C4,250,C4-resources-0250,6,88,439305
C4,250,C4-resources-0250,6,89,376087
C4,250,C4-resources-0250,6,90,382456
C4,250,C4-resources-0250,6,91,383904
C4,250,C4-resources-0250,6,92,376926
C4,250,C4-resources-0250,6,93,377363
C4,250,C4-resources-0250,6,94,373954
C4,250,C4-resources-0250,6,95,393809
C4,250,C4-resources-0250,6,96,373951
C4,250,C4-resources-0250,6,97,382740
C4,250,C4-resources-0250,6,98,391913
C4,250,C4-resources-0250,6,99,396256
C4,250,C4-resources-0250,6,100,399563
C4,250,C4-resources-0250,7,1,397958
C4,250,C4-resources-0250,7,2,413680
C4,250,C4-resources-0250,7,3,383091
C4,250,C4-resources-0250,7,4,392770
C4,250,C4-resources-0250,7,5,410618
C4,250,C4-resources-0250,7,6,380443
C4,250,C4-resources-0250,7,7,386728
C4,250,C4-resources-0250,7,8,431038
C4,250,C4-resources-0250,7,9,384713
C4,250,C4-resources-0250,7,10,403985
C4,250,C4-resources-0250,7,11,430342
C4,250,C4-resources-0250,7,12,411035
C4,250,C4-resources-0250,7,13,388020
C4,250,C4-resources-0250,7,14,383002
C4,250,C4-resources-0250,7,15,403335
C4,250,C4-resources-0250,7,16,379988
C4,250,C4-resources-0250,7,17,423374
C4,250,C4-resources-0250,7,18,419545
C4,250,C4-resources-0250,7,19,375095
C4,250,C4-resources-0250,7,20,376632
C4,250,C4-resources-0250,7,21,378642
C4,250,C4-resources-0250,7,22,393314
C4,250,C4-resources-0250,7,23,399447
C4,250,C4-resources-0250,7,24,381188
C4,250,C4-resources-0250,7,25,387607
C4,250,C4-resources-0250,7,26,383591
C4,250,C4-resources-0250,7,27,378386
C4,250,C4-resources-0250,7,28,402892
C4,250,C4-resources-0250,7,29,385421
C4,250,C4-resources-0250,7,30,377442
C4,250,C4-resources-0250,7,31,389258
C4,250,C4-resources-0250,7,32,387101
C4,250,C4-resources-0250,7,33,407650
C4,250,C4-resources-0250,7,34,404708
C4,250,C4-resources-0250,7,35,386541
C4,250,C4-resources-0250,7,36,386134
C4,250,C4-resources-0250,7,37,387798
C4,250,C4-resources-0250,7,38,394120
C4,250,C4-resources-0250,7,39,398535
C4,250,C4-resources-0250,7,40,410750
C4,250,C4-resources-0250,7,41,384888
C4,250,C4-resources-0250,7,42,392495
C4,250,C4-resources-0250,7,43,383413
C4,250,C4-resources-0250,7,44,398911
C4,250,C4-resources-0250,7,45,395720
C4,250,C4-resources-0250,7,46,384823
C4,250,C4-resources-0250,7,47,383410
C4,250,C4-resources-0250,7,48,393294
C4,250,C4-resources-0250,7,49,400234
C4,250,C4-resources-0250,7,50,384765
C4,250,C4-resources-0250,7,51,384807
C4,250,C4-resources-0250,7,52,397781
C4,250,C4-resources-0250,7,53,397566
C4,250,C4-resources-0250,7,54,385721
C4,250,C4-resources-0250,7,55,409279
C4,250,C4-resources-0250,7,56,388267
C4,250,C4-resources-0250,7,57,417656
C4,250,C4-resources-0250,7,58,452409
C4,250,C4-resources-0250,7,59,390233
C4,250,C4-resources-0250,7,60,410029
C4,250,C4-resources-0250,7,61,386788
C4,250,C4-resources-0250,7,62,387269
C4,250,C4-resources-0250,7,63,389725
C4,250,C4-resources-0250,7,64,390318
C4,250,C4-resources-0250,7,65,433147
C4,250,C4-resources-0250,7,66,394845
C4,250,C4-resources-0250,7,67,406057
C4,250,C4-resources-0250,7,68,416427
C4,250,C4-resources-0250,7,69,412291
C4,250,C4-resources-0250,7,70,425231
C4,250,C4-resources-0250,7,71,406165
C4,250,C4-resources-0250,7,72,400594
C4,250,C4-resources-0250,7,73,400620
C4,250,C4-resources-0250,7,74,404873
C4,250,C4-resources-0250,7,75,385292
C4,250,C4-resources-0250,7,76,390737
C4,250,C4-resources-0250,7,77,404724
C4,250,C4-resources-0250,7,78,417743
C4,250,C4-resources-0250,7,79,382817
C4,250,C4-resources-0250,7,80,381338
C4,250,C4-resources-0250,7,81,387500
C4,250,C4-resources-0250,7,82,425365
C4,250,C4-resources-0250,7,83,382324
C4,250,C4-resources-0250,7,84,394344
C4,250,C4-resources-0250,7,85,409799
C4,250,C4-resources-0250,7,86,386141
C4,250,C4-resources-0250,7,87,381080
C4,250,C4-resources-0250,7,88,412074
C4,250,C4-resources-0250,7,89,397566
C4,250,C4-resources-0250,7,90,391475
C4,250,C4-resources-0250,7,91,382165
C4,250,C4-resources-0250,7,92,379614
C4,250,C4-resources-0250,7,93,382336
C4,250,C4-resources-0250,7,94,389328
C4,250,C4-resources-0250,7,95,374672
C4,250,C4-resources-0250,7,96,376953
C4,250,C4-resources-0250,7,97,378782
C4,250,C4-resources-0250,7,98,388990
C4,250,C4-resources-0250,7,99,403946
C4,250,C4-resources-0250,7,100,411056
C4,250,C4-resources-0250,8,1,383494
C4,250,C4-resources-0250,8,2,409948
C4,250,C4-resources-0250,8,3,382861
C4,250,C4-resources-0250,8,4,380155
C4,250,C4-resources-0250,8,5,402660
C4,250,C4-resources-0250,8,6,377280
C4,250,C4-resources-0250,8,7,387238
C4,250,C4-resources-0250,8,8,466291
C4,250,C4-resources-0250,8,9,388411
C4,250,C4-resources-0250,8,10,401523
C4,250,C4-resources-0250,8,11,378501
C4,250,C4-resources-0250,8,12,408233
C4,250,C4-resources-0250,8,13,378212
C4,250,C4-resources-0250,8,14,377333
C4,250,C4-resources-0250,8,15,409889
C4,250,C4-resources-0250,8,16,375513
C4,250,C4-resources-0250,8,17,397789
C4,250,C4-resources-0250,8,18,406901
C4,250,C4-resources-0250,8,19,378001
C4,250,C4-resources-0250,8,20,379969
C4,250,C4-resources-0250,8,21,376346
C4,250,C4-resources-0250,8,22,378252
C4,250,C4-resources-0250,8,23,378650
C4,250,C4-resources-0250,8,24,376122
C4,250,C4-resources-0250,8,25,384786
C4,250,C4-resources-0250,8,26,395835
C4,250,C4-resources-0250,8,27,379914
C4,250,C4-resources-0250,8,28,385628
C4,250,C4-resources-0250,8,29,428885
C4,250,C4-resources-0250,8,30,398230
C4,250,C4-resources-0250,8,31,403909
C4,250,C4-resources-0250,8,32,384678
C4,250,C4-resources-0250,8,33,405419
C4,250,C4-resources-0250,8,34,404385
C4,250,C4-resources-0250,8,35,377421
C4,250,C4-resources-0250,8,36,413270
C4,250,C4-resources-0250,8,37,402755
C4,250,C4-resources-0250,8,38,421680
C4,250,C4-resources-0250,8,39,416852
C4,250,C4-resources-0250,8,40,405593
C4,250,C4-resources-0250,8,41,383237
C4,250,C4-resources-0250,8,42,381428
C4,250,C4-resources-0250,8,43,394413
C4,250,C4-resources-0250,8,44,387234
C4,250,C4-resources-0250,8,45,375586
C4,250,C4-resources-0250,8,46,377410
C4,250,C4-resources-0250,8,47,379705
C4,250,C4-resources-0250,8,48,377824
C4,250,C4-resources-0250,8,49,407452
C4,250,C4-resources-0250,8,50,379712
C4,250,C4-resources-0250,8,51,377623
C4,250,C4-resources-0250,8,52,382369
C4,250,C4-resources-0250,8,53,386230
C4,250,C4-resources-0250,8,54,390493
C4,250,C4-resources-0250,8,55,390206
C4,250,C4-resources-0250,8,56,417315
C4,250,C4-resources-0250,8,57,444325
C4,250,C4-resources-0250,8,58,393956
C4,250,C4-resources-0250,8,59,418582
C4,250,C4-resources-0250,8,60,381002
C4,250,C4-resources-0250,8,61,380434
C4,250,C4-resources-0250,8,62,387907
C4,250,C4-resources-0250,8,63,396473
C4,250,C4-resources-0250,8,64,397287
C4,250,C4-resources-0250,8,65,391572
C4,250,C4-resources-0250,8,66,378121
C4,250,C4-resources-0250,8,67,390875
C4,250,C4-resources-0250,8,68,388706
C4,250,C4-resources-0250,8,69,418400
C4,250,C4-resources-0250,8,70,388934
C4,250,C4-resources-0250,8,71,388743
C4,250,C4-resources-0250,8,72,402987
C4,250,C4-resources-0250,8,73,417450
C4,250,C4-resources-0250,8,74,387645
C4,250,C4-resources-0250,8,75,380149
C4,250,C4-resources-0250,8,76,376389
C4,250,C4-resources-0250,8,77,377479
C4,250,C4-resources-0250,8,78,385681
C4,250,C4-resources-0250,8,79,445697
C4,250,C4-resources-0250,8,80,398224
C4,250,C4-resources-0250,8,81,389013
C4,250,C4-resources-0250,8,82,385627
C4,250,C4-resources-0250,8,83,395275
C4,250,C4-resources-0250,8,84,411054
C4,250,C4-resources-0250,8,85,379194
C4,250,C4-resources-0250,8,86,378194
C4,250,C4-resources-0250,8,87,376572
C4,250,C4-resources-0250,8,88,390997
C4,250,C4-resources-0250,8,89,391113
C4,250,C4-resources-0250,8,90,379606
C4,250,C4-resources-0250,8,91,384613
C4,250,C4-resources-0250,8,92,378859
C4,250,C4-resources-0250,8,93,380721
C4,250,C4-resources-0250,8,94,382227
C4,250,C4-resources-0250,8,95,383245
C4,250,C4-resources-0250,8,96,398066
C4,250,C4-resources-0250,8,97,396667
C4,250,C4-resources-0250,8,98,394726
C4,250,C4-resources-0250,8,99,391389
C4,250,C4-resources-0250,8,100,392656
C6,2000,C6-resources-2000,1,1,2807809
C6,2000,C6-resources-2000,1,2,2848932
C6,2000,C6-resources-2000,1,3,2818663
C6,2000,C6-resources-2000,1,4,2791274
C6,2000,C6-resources-2000,1,5,2817332
C6,2000,C6-resources-2000,1,6,2866685
C6,2000,C6-resources-2000,1,7,2811869
C6,2000,C6-resources-2000,1,8,2799080
C6,2000,C6-resources-2000,1,9,2915019
C6,2000,C6-resources-2000,1,10,2999196
C6,2000,C6-resources-2000,1,11,2955480
C6,2000,C6-resources-2000,1,12,2994618
C6,2000,C6-resources-2000,1,13,2870011
C6,2000,C6-resources-2000,1,14,2909600
C6,2000,C6-resources-2000,1,15,2862537
C6,2000,C6-resources-2000,1,16,3114395
C6,2000,C6-resources-2000,1,17,2947214
C6,2000,C6-resources-2000,1,18,2890192
C6,2000,C6-resources-2000,1,19,2874481
C6,2000,C6-resources-2000,1,20,2827877
C6,2000,C6-resources-2000,1,21,2809867
C6,2000,C6-resources-2000,1,22,2869795
C6,2000,C6-resources-2000,1,23,2852450
C6,2000,C6-resources-2000,1,24,2879040
C6,2000,C6-resources-2000,1,25,2873598
C6,2000,C6-resources-2000,1,26,2789778
C6,2000,C6-resources-2000,1,27,2827008
C6,2000,C6-resources-2000,1,28,2842397
C6,2000,C6-resources-2000,1,29,7058022
C6,2000,C6-resources-2000,1,30,3109084
C6,2000,C6-resources-2000,1,31,3007232
C6,2000,C6-resources-2000,1,32,2910556
C6,2000,C6-resources-2000,1,33,2827052
C6,2000,C6-resources-2000,1,34,2860360
C6,2000,C6-resources-2000,1,35,2830356
C6,2000,C6-resources-2000,1,36,2816439
C6,2000,C6-resources-2000,1,37,2798132
C6,2000,C6-resources-2000,1,38,2818913
C6,2000,C6-resources-2000,1,39,2817695
C6,2000,C6-resources-2000,1,40,2775717
C6,2000,C6-resources-2000,1,41,2855121
C6,2000,C6-resources-2000,1,42,2805907
C6,2000,C6-resources-2000,1,43,2898786
C6,2000,C6-resources-2000,1,44,2954329
C6,2000,C6-resources-2000,1,45,2934807
C6,2000,C6-resources-2000,1,46,2929453
C6,2000,C6-resources-2000,1,47,2919996
C6,2000,C6-resources-2000,1,48,2841297
C6,2000,C6-resources-2000,1,49,2877783
C6,2000,C6-resources-2000,1,50,2976423
C6,2000,C6-resources-2000,1,51,2966923
C6,2000,C6-resources-2000,1,52,2888437
C6,2000,C6-resources-2000,1,53,2828549
C6,2000,C6-resources-2000,1,54,2860593
C6,2000,C6-resources-2000,1,55,2842789
C6,2000,C6-resources-2000,1,56,2812448
C6,2000,C6-resources-2000,1,57,2842841
C6,2000,C6-resources-2000,1,58,2830129
C6,2000,C6-resources-2000,1,59,2856438
C6,2000,C6-resources-2000,1,60,2822069
C6,2000,C6-resources-2000,1,61,2981137
C6,2000,C6-resources-2000,1,62,2913194
C6,2000,C6-resources-2000,1,63,2924681
C6,2000,C6-resources-2000,1,64,2936669
C6,2000,C6-resources-2000,1,65,2837836
C6,2000,C6-resources-2000,1,66,2825403
C6,2000,C6-resources-2000,1,67,2886434
C6,2000,C6-resources-2000,1,68,2864764
C6,2000,C6-resources-2000,1,69,3026539
C6,2000,C6-resources-2000,1,70,3027104
C6,2000,C6-resources-2000,1,71,2959306
C6,2000,C6-resources-2000,1,72,2887882
C6,2000,C6-resources-2000,1,73,2916887
C6,2000,C6-resources-2000,1,74,2904754
C6,2000,C6-resources-2000,1,75,2879206
C6,2000,C6-resources-2000,1,76,2815966
C6,2000,C6-resources-2000,1,77,2877334
C6,2000,C6-resources-2000,1,78,3034035
C6,2000,C6-resources-2000,1,79,2844665
C6,2000,C6-resources-2000,1,80,2908504
C6,2000,C6-resources-2000,1,81,2902068
C6,2000,C6-resources-2000,1,82,2951011
C6,2000,C6-resources-2000,1,83,2935710
C6,2000,C6-resources-2000,1,84,2833102
C6,2000,C6-resources-2000,1,85,2948421
C6,2000,C6-resources-2000,1,86,3006119
C6,2000,C6-resources-2000,1,87,2905572
C6,2000,C6-resources-2000,1,88,2864462
C6,2000,C6-resources-2000,1,89,2863161
C6,2000,C6-resources-2000,1,90,2871442
C6,2000,C6-resources-2000,1,91,2800533
C6,2000,C6-resources-2000,1,92,6216615
C6,2000,C6-resources-2000,1,93,3083383
C6,2000,C6-resources-2000,1,94,2904753
C6,2000,C6-resources-2000,1,95,2813385
C6,2000,C6-resources-2000,1,96,2863330
C6,2000,C6-resources-2000,1,97,2847972
C6,2000,C6-resources-2000,1,98,2875369
C6,2000,C6-resources-2000,1,99,2930050
C6,2000,C6-resources-2000,1,100,2920436
C6,2000,C6-resources-2000,2,1,3027005
C6,2000,C6-resources-2000,2,2,2815096
C6,2000,C6-resources-2000,2,3,2832550
C6,2000,C6-resources-2000,2,4,2856146
C6,2000,C6-resources-2000,2,5,2836142
C6,2000,C6-resources-2000,2,6,2917744
C6,2000,C6-resources-2000,2,7,2903551
C6,2000,C6-resources-2000,2,8,2919485
C6,2000,C6-resources-2000,2,9,2791302
C6,2000,C6-resources-2000,2,10,2823404
C6,2000,C6-resources-2000,2,11,2889469
C6,2000,C6-resources-2000,2,12,2849080
C6,2000,C6-resources-2000,2,13,2916717
C6,2000,C6-resources-2000,2,14,3061406
C6,2000,C6-resources-2000,2,15,2878476
C6,2000,C6-resources-2000,2,16,2841194
C6,2000,C6-resources-2000,2,17,2976034
C6,2000,C6-resources-2000,2,18,2894906
C6,2000,C6-resources-2000,2,19,3025382
C6,2000,C6-resources-2000,2,20,2908005
C6,2000,C6-resources-2000,2,21,2966060
C6,2000,C6-resources-2000,2,22,2823832
C6,2000,C6-resources-2000,2,23,2812742
C6,2000,C6-resources-2000,2,24,2836232
C6,2000,C6-resources-2000,2,25,2811596
C6,2000,C6-resources-2000,2,26,2833260
C6,2000,C6-resources-2000,2,27,2811427
C6,2000,C6-resources-2000,2,28,2905491
C6,2000,C6-resources-2000,2,29,2823393
C6,2000,C6-resources-2000,2,30,2799518
C6,2000,C6-resources-2000,2,31,2877769
C6,2000,C6-resources-2000,2,32,2818727
C6,2000,C6-resources-2000,2,33,2879595
C6,2000,C6-resources-2000,2,34,2813067
C6,2000,C6-resources-2000,2,35,2877119
C6,2000,C6-resources-2000,2,36,2848456
C6,2000,C6-resources-2000,2,37,2862845
C6,2000,C6-resources-2000,2,38,2919062
C6,2000,C6-resources-2000,2,39,2873472
C6,2000,C6-resources-2000,2,40,2894090
C6,2000,C6-resources-2000,2,41,2830911
C6,2000,C6-resources-2000,2,42,2915964
C6,2000,C6-resources-2000,2,43,3000300
C6,2000,C6-resources-2000,2,44,2958968
C6,2000,C6-resources-2000,2,45,2880968
C6,2000,C6-resources-2000,2,46,2872880
C6,2000,C6-resources-2000,2,47,2960451
C6,2000,C6-resources-2000,2,48,2806690
C6,2000,C6-resources-2000,2,49,2849049
C6,2000,C6-resources-2000,2,50,2922105
C6,2000,C6-resources-2000,2,51,2888526
C6,2000,C6-resources-2000,2,52,2931199
C6,2000,C6-resources-2000,2,53,2910534
C6,2000,C6-resources-2000,2,54,7425890
C6,2000,C6-resources-2000,2,55,3104739
C6,2000,C6-resources-2000,2,56,2907276
C6,2000,C6-resources-2000,2,57,2878639
C6,2000,C6-resources-2000,2,58,2853462
C6,2000,C6-resources-2000,2,59,2846896
C6,2000,C6-resources-2000,2,60,2850067
C6,2000,C6-resources-2000,2,61,2843885
C6,2000,C6-resources-2000,2,62,2821695
C6,2000,C6-resources-2000,2,63,2808347
C6,2000,C6-resources-2000,2,64,2922414
C6,2000,C6-resources-2000,2,65,2871449
C6,2000,C6-resources-2000,2,66,2885269
C6,2000,C6-resources-2000,2,67,2911984
C6,2000,C6-resources-2000,2,68,2841703
C6,2000,C6-resources-2000,2,69,2888429
C6,2000,C6-resources-2000,2,70,3007134
C6,2000,C6-resources-2000,2,71,2890463
C6,2000,C6-resources-2000,2,72,2898129
C6,2000,C6-resources-2000,2,73,3019011
C6,2000,C6-resources-2000,2,74,2892380
C6,2000,C6-resources-2000,2,75,2953121
C6,2000,C6-resources-2000,2,76,2934066
C6,2000,C6-resources-2000,2,77,2868011
C6,2000,C6-resources-2000,2,78,2793154
C6,2000,C6-resources-2000,2,79,2794717
C6,2000,C6-resources-2000,2,80,2801511
C6,2000,C6-resources-2000,2,81,2772055
C6,2000,C6-resources-2000,2,82,2783577
C6,2000,C6-resources-2000,2,83,2824710
C6,2000,C6-resources-2000,2,84,2829593
C6,2000,C6-resources-2000,2,85,2896890
C6,2000,C6-resources-2000,2,86,2895235
C6,2000,C6-resources-2000,2,87,2970266
C6,2000,C6-resources-2000,2,88,2876731
C6,2000,C6-resources-2000,2,89,2874018
C6,2000,C6-resources-2000,2,90,2890924
C6,2000,C6-resources-2000,2,91,2839877
C6,2000,C6-resources-2000,2,92,2780517
C6,2000,C6-resources-2000,2,93,2844262
C6,2000,C6-resources-2000,2,94,2803398
C6,2000,C6-resources-2000,2,95,2809750
C6,2000,C6-resources-2000,2,96,2849823
C6,2000,C6-resources-2000,2,97,2849945
C6,2000,C6-resources-2000,2,98,2767736
C6,2000,C6-resources-2000,2,99,2837528
C6,2000,C6-resources-2000,2,100,2918879
C6,2000,C6-resources-2000,3,1,2789079
C6,2000,C6-resources-2000,3,2,2830764
C6,2000,C6-resources-2000,3,3,2879448
C6,2000,C6-resources-2000,3,4,2913193
C6,2000,C6-resources-2000,3,5,2870249
C6,2000,C6-resources-2000,3,6,2865957
C6,2000,C6-resources-2000,3,7,2848445
C6,2000,C6-resources-2000,3,8,2835674
C6,2000,C6-resources-2000,3,9,2893541
C6,2000,C6-resources-2000,3,10,2914096
C6,2000,C6-resources-2000,3,11,3014232
C6,2000,C6-resources-2000,3,12,2967862
C6,2000,C6-resources-2000,3,13,2860083
C6,2000,C6-resources-2000,3,14,2886049
C6,2000,C6-resources-2000,3,15,2786037
C6,2000,C6-resources-2000,3,16,2798240
C6,2000,C6-resources-2000,3,17,6002705
C6,2000,C6-resources-2000,3,18,3170633
C6,2000,C6-resources-2000,3,19,2940844
C6,2000,C6-resources-2000,3,20,2878876
C6,2000,C6-resources-2000,3,21,2935216
C6,2000,C6-resources-2000,3,22,2942366
C6,2000,C6-resources-2000,3,23,2934272
C6,2000,C6-resources-2000,3,24,2869808
C6,2000,C6-resources-2000,3,25,2859465
C6,2000,C6-resources-2000,3,26,2854222
C6,2000,C6-resources-2000,3,27,2769872
C6,2000,C6-resources-2000,3,28,2851432
C6,2000,C6-resources-2000,3,29,2814259
C6,2000,C6-resources-2000,3,30,2801287
C6,2000,C6-resources-2000,3,31,2804381
C6,2000,C6-resources-2000,3,32,2838118
C6,2000,C6-resources-2000,3,33,2861011
C6,2000,C6-resources-2000,3,34,2870450
C6,2000,C6-resources-2000,3,35,2924777
C6,2000,C6-resources-2000,3,36,2869777
C6,2000,C6-resources-2000,3,37,2793771
C6,2000,C6-resources-2000,3,38,2860303
C6,2000,C6-resources-2000,3,39,2824614
C6,2000,C6-resources-2000,3,40,2788302
C6,2000,C6-resources-2000,3,41,2828661
C6,2000,C6-resources-2000,3,42,2850249
C6,2000,C6-resources-2000,3,43,2831481
C6,2000,C6-resources-2000,3,44,2786108
C6,2000,C6-resources-2000,3,45,2964179
C6,2000,C6-resources-2000,3,46,2910784
C6,2000,C6-resources-2000,3,47,2942690
C6,2000,C6-resources-2000,3,48,2875165
C6,2000,C6-resources-2000,3,49,2830112
C6,2000,C6-resources-2000,3,50,2797521
C6,2000,C6-resources-2000,3,51,2796418
C6,2000,C6-resources-2000,3,52,2797777
C6,2000,C6-resources-2000,3,53,2809130
C6,2000,C6-resources-2000,3,54,2825693
C6,2000,C6-resources-2000,3,55,2948551
C6,2000,C6-resources-2000,3,56,2945857
C6,2000,C6-resources-2000,3,57,2904078
C6,2000,C6-resources-2000,3,58,2939760
C6,2000,C6-resources-2000,3,59,2863338
C6,2000,C6-resources-2000,3,60,2826074
C6,2000,C6-resources-2000,3,61,2889385
C6,2000,C6-resources-2000,3,62,2866327
C6,2000,C6-resources-2000,3,63,2852432
C6,2000,C6-resources-2000,3,64,2833540
C6,2000,C6-resources-2000,3,65,2796318
C6,2000,C6-resources-2000,3,66,2799458
C6,2000,C6-resources-2000,3,67,2806313
C6,2000,C6-resources-2000,3,68,2879314
C6,2000,C6-resources-2000,3,69,2827781
C6,2000,C6-resources-2000,3,70,2856913
C6,2000,C6-resources-2000,3,71,2843700
C6,2000,C6-resources-2000,3,72,2859488
C6,2000,C6-resources-2000,3,73,2887655
C6,2000,C6-resources-2000,3,74,2856271
C6,2000,C6-resources-2000,3,75,2914949
C6,2000,C6-resources-2000,3,76,2836965
C6,2000,C6-resources-2000,3,77,2812738
C6,2000,C6-resources-2000,3,78,2870104
C6,2000,C6-resources-2000,3,79,6384319
C6,2000,C6-resources-2000,3,80,3315410
C6,2000,C6-resources-2000,3,81,3016006
C6,2000,C6-resources-2000,3,82,2909115
C6,2000,C6-resources-2000,3,83,2857778
C6,2000,C6-resources-2000,3,84,2864292
C6,2000,C6-resources-2000,3,85,2842016
C6,2000,C6-resources-2000,3,86,2826148
C6,2000,C6-resources-2000,3,87,2894454
C6,2000,C6-resources-2000,3,88,2955153
C6,2000,C6-resources-2000,3,89,2948946
C6,2000,C6-resources-2000,3,90,2906551
C6,2000,C6-resources-2000,3,91,3019705
C6,2000,C6-resources-2000,3,92,2878177
C6,2000,C6-resources-2000,3,93,2881988
C6,2000,C6-resources-2000,3,94,2833180
C6,2000,C6-resources-2000,3,95,2872033
C6,2000,C6-resources-2000,3,96,2803422
C6,2000,C6-resources-2000,3,97,2828669
C6,2000,C6-resources-2000,3,98,2868763
C6,2000,C6-resources-2000,3,99,2901658
C6,2000,C6-resources-2000,3,100,2955821
C6,2000,C6-resources-2000,4,1,2848134
C6,2000,C6-resources-2000,4,2,2862522
C6,2000,C6-resources-2000,4,3,2925236
C6,2000,C6-resources-2000,4,4,2907879
C6,2000,C6-resources-2000,4,5,2918285
C6,2000,C6-resources-2000,4,6,2936352
C6,2000,C6-resources-2000,4,7,2854725
C6,2000,C6-resources-2000,4,8,2796123
C6,2000,C6-resources-2000,4,9,2921218
C6,2000,C6-resources-2000,4,10,2879931
C6,2000,C6-resources-2000,4,11,2839630
C6,2000,C6-resources-2000,4,12,2939939
C6,2000,C6-resources-2000,4,13,2968196
C6,2000,C6-resources-2000,4,14,2984427
C6,2000,C6-resources-2000,4,15,3041929
C6,2000,C6-resources-2000,4,16,2908794
C6,2000,C6-resources-2000,4,17,2870156
C6,2000,C6-resources-2000,4,18,2818770
C6,2000,C6-resources-2000,4,19,2837937
C6,2000,C6-resources-2000,4,20,2875499
C6,2000,C6-resources-2000,4,21,2902403
C6,2000,C6-resources-2000,4,22,2876564
C6,2000,C6-resources-2000,4,23,2893677
C6,2000,C6-resources-2000,4,24,2902553
C6,2000,C6-resources-2000,4,25,3002070
C6,2000,C6-resources-2000,4,26,3026611
C6,2000,C6-resources-2000,4,27,2943505
C6,2000,C6-resources-2000,4,28,2924716
C6,2000,C6-resources-2000,4,29,2908753
C6,2000,C6-resources-2000,4,30,2826299
C6,2000,C6-resources-2000,4,31,2887639
C6,2000,C6-resources-2000,4,32,2849283
C6,2000,C6-resources-2000,4,33,2900687
C6,2000,C6-resources-2000,4,34,2849452
C6,2000,C6-resources-2000,4,35,2908430
C6,2000,C6-resources-2000,4,36,2861285
C6,2000,C6-resources-2000,4,37,2766408
C6,2000,C6-resources-2000,4,38,2906095
C6,2000,C6-resources-2000,4,39,2872349
C6,2000,C6-resources-2000,4,40,2978603
C6,2000,C6-resources-2000,4,41,2887033
C6,2000,C6-resources-2000,4,42,6077908
C6,2000,C6-resources-2000,4,43,3223952
C6,2000,C6-resources-2000,4,44,2982274
C6,2000,C6-resources-2000,4,45,2909543
C6,2000,C6-resources-2000,4,46,2897264
C6,2000,C6-resources-2000,4,47,2851426
C6,2000,C6-resources-2000,4,48,2893665
C6,2000,C6-resources-2000,4,49,2857468
C6,2000,C6-resources-2000,4,50,2830328
C6,2000,C6-resources-2000,4,51,2810540
C6,2000,C6-resources-2000,4,52,2809853
C6,2000,C6-resources-2000,4,53,2821188
C6,2000,C6-resources-2000,4,54,2898675
C6,2000,C6-resources-2000,4,55,2810790
C6,2000,C6-resources-2000,4,56,2811240
C6,2000,C6-resources-2000,4,57,2837761
C6,2000,C6-resources-2000,4,58,2829269
C6,2000,C6-resources-2000,4,59,2844031
C6,2000,C6-resources-2000,4,60,2939261
C6,2000,C6-resources-2000,4,61,2891743
C6,2000,C6-resources-2000,4,62,2848780
C6,2000,C6-resources-2000,4,63,2846297
C6,2000,C6-resources-2000,4,64,2873037
C6,2000,C6-resources-2000,4,65,2834377
C6,2000,C6-resources-2000,4,66,2842805
C6,2000,C6-resources-2000,4,67,2951532
C6,2000,C6-resources-2000,4,68,2824901
C6,2000,C6-resources-2000,4,69,2827306
C6,2000,C6-resources-2000,4,70,2845511
C6,2000,C6-resources-2000,4,71,2826952
C6,2000,C6-resources-2000,4,72,2836339
C6,2000,C6-resources-2000,4,73,2979495
C6,2000,C6-resources-2000,4,74,2890920
C6,2000,C6-resources-2000,4,75,2817061
C6,2000,C6-resources-2000,4,76,3011403
C6,2000,C6-resources-2000,4,77,3111217
C6,2000,C6-resources-2000,4,78,3014820
C6,2000,C6-resources-2000,4,79,3028953
C6,2000,C6-resources-2000,4,80,2970460
C6,2000,C6-resources-2000,4,81,2835515
C6,2000,C6-resources-2000,4,82,2804598
C6,2000,C6-resources-2000,4,83,2833588
C6,2000,C6-resources-2000,4,84,2837966
C6,2000,C6-resources-2000,4,85,2836954
C6,2000,C6-resources-2000,4,86,2797216
C6,2000,C6-resources-2000,4,87,2835553
C6,2000,C6-resources-2000,4,88,2904876
C6,2000,C6-resources-2000,4,89,2863962
C6,2000,C6-resources-2000,4,90,2849763
C6,2000,C6-resources-2000,4,91,2817779
C6,2000,C6-resources-2000,4,92,2801416
C6,2000,C6-resources-2000,4,93,2857566
C6,2000,C6-resources-2000,4,94,2845879
C6,2000,C6-resources-2000,4,95,2934987
C6,2000,C6-resources-2000,4,96,2897983
C6,2000,C6-resources-2000,4,97,2911078
C6,2000,C6-resources-2000,4,98,2824692
C6,2000,C6-resources-2000,4,99,2842348
C6,2000,C6-resources-2000,4,100,2854192
C6,2000,C6-resources-2000,5,1,2854821
C6,2000,C6-resources-2000,5,2,2850723
C6,2000,C6-resources-2000,5,3,2911382
C6,2000,C6-resources-2000,5,4,6217028
C6,2000,C6-resources-2000,5,5,3551852
C6,2000,C6-resources-2000,5,6,3082608
C6,2000,C6-resources-2000,5,7,2943487
C6,2000,C6-resources-2000,5,8,2919425
C6,2000,C6-resources-2000,5,9,2834324
C6,2000,C6-resources-2000,5,10,2812428
C6,2000,C6-resources-2000,5,11,2844691
C6,2000,C6-resources-2000,5,12,2829371
C6,2000,C6-resources-2000,5,13,2804132
C6,2000,C6-resources-2000,5,14,3061217
C6,2000,C6-resources-2000,5,15,2898103
C6,2000,C6-resources-2000,5,16,2880726
C6,2000,C6-resources-2000,5,17,3018567
C6,2000,C6-resources-2000,5,18,2995216
C6,2000,C6-resources-2000,5,19,2906761
C6,2000,C6-resources-2000,5,20,2931334
C6,2000,C6-resources-2000,5,21,2927689
C6,2000,C6-resources-2000,5,22,2885144
C6,2000,C6-resources-2000,5,23,2863986
C6,2000,C6-resources-2000,5,24,2890126
C6,2000,C6-resources-2000,5,25,2821521
C6,2000,C6-resources-2000,5,26,2840973
C6,2000,C6-resources-2000,5,27,2849233
C6,2000,C6-resources-2000,5,28,2892850
C6,2000,C6-resources-2000,5,29,2887142
C6,2000,C6-resources-2000,5,30,2867111
C6,2000,C6-resources-2000,5,31,2863576
C6,2000,C6-resources-2000,5,32,2948545
C6,2000,C6-resources-2000,5,33,2816571
C6,2000,C6-resources-2000,5,34,2822704
C6,2000,C6-resources-2000,5,35,2839987
C6,2000,C6-resources-2000,5,36,2866335
C6,2000,C6-resources-2000,5,37,2782845
C6,2000,C6-resources-2000,5,38,2823820
C6,2000,C6-resources-2000,5,39,2872112
C6,2000,C6-resources-2000,5,40,2901575
C6,2000,C6-resources-2000,5,41,2907900
C6,2000,C6-resources-2000,5,42,2891204
C6,2000,C6-resources-2000,5,43,2901497
C6,2000,C6-resources-2000,5,44,2927769
C6,2000,C6-resources-2000,5,45,2900287
C6,2000,C6-resources-2000,5,46,2975484
C6,2000,C6-resources-2000,5,47,2979826
C6,2000,C6-resources-2000,5,48,2867963
C6,2000,C6-resources-2000,5,49,2957139
C6,2000,C6-resources-2000,5,50,2814630
C6,2000,C6-resources-2000,5,51,2813310
C6,2000,C6-resources-2000,5,52,2853365
C6,2000,C6-resources-2000,5,53,2924145
C6,2000,C6-resources-2000,5,54,2869914
C6,2000,C6-resources-2000,5,55,2779731
C6,2000,C6-resources-2000,5,56,2869717
C6,2000,C6-resources-2000,5,57,2880637
C6,2000,C6-resources-2000,5,58,2862594
C6,2000,C6-resources-2000,5,59,2831046
C6,2000,C6-resources-2000,5,60,2892577
C6,2000,C6-resources-2000,5,61,2834847
C6,2000,C6-resources-2000,5,62,2793177
C6,2000,C6-resources-2000,5,63,2900808
C6,2000,C6-resources-2000,5,64,2829793
C6,2000,C6-resources-2000,5,65,2826949
C6,2000,C6-resources-2000,5,66,2856485
C6,2000,C6-resources-2000,5,67,6035475
C6,2000,C6-resources-2000,5,68,3061712
C6,2000,C6-resources-2000,5,69,2860054
C6,2000,C6-resources-2000,5,70,2883120
C6,2000,C6-resources-2000,5,71,2849812
C6,2000,C6-resources-2000,5,72,2789351
C6,2000,C6-resources-2000,5,73,2827951
C6,2000,C6-resources-2000,5,74,2972701
C6,2000,C6-resources-2000,5,75,2940161
C6,2000,C6-resources-2000,5,76,2934609
C6,2000,C6-resources-2000,5,77,2944523
C6,2000,C6-resources-2000,5,78,3014386
C6,2000,C6-resources-2000,5,79,2894422
C6,2000,C6-resources-2000,5,80,2865924
C6,2000,C6-resources-2000,5,81,2966949
C6,2000,C6-resources-2000,5,82,2941133
C6,2000,C6-resources-2000,5,83,2831531
C6,2000,C6-resources-2000,5,84,2866793
C6,2000,C6-resources-2000,5,85,2964868
C6,2000,C6-resources-2000,5,86,2873948
C6,2000,C6-resources-2000,5,87,2864807
C6,2000,C6-resources-2000,5,88,2868767
C6,2000,C6-resources-2000,5,89,2850123
C6,2000,C6-resources-2000,5,90,2855667
C6,2000,C6-resources-2000,5,91,2842611
C6,2000,C6-resources-2000,5,92,2864076
C6,2000,C6-resources-2000,5,93,2812009
C6,2000,C6-resources-2000,5,94,2785332
C6,2000,C6-resources-2000,5,95,2847785
C6,2000,C6-resources-2000,5,96,2846493
C6,2000,C6-resources-2000,5,97,2845438
C6,2000,C6-resources-2000,5,98,2812349
C6,2000,C6-resources-2000,5,99,2829097
C6,2000,C6-resources-2000,5,100,2879423
C6,2000,C6-resources-2000,6,1,2803726
C6,2000,C6-resources-2000,6,2,2781840
C6,2000,C6-resources-2000,6,3,2844373
C6,2000,C6-resources-2000,6,4,2781431
C6,2000,C6-resources-2000,6,5,2808755
C6,2000,C6-resources-2000,6,6,2847236
C6,2000,C6-resources-2000,6,7,2833343
C6,2000,C6-resources-2000,6,8,2783921
C6,2000,C6-resources-2000,6,9,2793709
C6,2000,C6-resources-2000,6,10,2873008
C6,2000,C6-resources-2000,6,11,2798939
C6,2000,C6-resources-2000,6,12,2865759
C6,2000,C6-resources-2000,6,13,2929709
C6,2000,C6-resources-2000,6,14,2897458
C6,2000,C6-resources-2000,6,15,2913333
C6,2000,C6-resources-2000,6,16,2972120
C6,2000,C6-resources-2000,6,17,2892339
C6,2000,C6-resources-2000,6,18,2869018
C6,2000,C6-resources-2000,6,19,2870560
C6,2000,C6-resources-2000,6,20,2896669
C6,2000,C6-resources-2000,6,21,2871425
C6,2000,C6-resources-2000,6,22,2962843
C6,2000,C6-resources-2000,6,23,2966030
C6,2000,C6-resources-2000,6,24,3093747
C6,2000,C6-resources-2000,6,25,3031388
C6,2000,C6-resources-2000,6,26,3022790
C6,2000,C6-resources-2000,6,27,2857416
C6,2000,C6-resources-2000,6,28,2810782
C6,2000,C6-resources-2000,6,29,6109368
C6,2000,C6-resources-2000,6,30,3120782
C6,2000,C6-resources-2000,6,31,3035172
C6,2000,C6-resources-2000,6,32,2903047
C6,2000,C6-resources-2000,6,33,2836901
C6,2000,C6-resources-2000,6,34,2814631
C6,2000,C6-resources-2000,6,35,2965397
C6,2000,C6-resources-2000,6,36,2810995
C6,2000,C6-resources-2000,6,37,2810735
C6,2000,C6-resources-2000,6,38,2877966
C6,2000,C6-resources-2000,6,39,2836316
C6,2000,C6-resources-2000,6,40,2843753
C6,2000,C6-resources-2000,6,41,2866962
C6,2000,C6-resources-2000,6,42,2896147
C6,2000,C6-resources-2000,6,43,2910780
C6,2000,C6-resources-2000,6,44,2882893
C6,2000,C6-resources-2000,6,45,2941692
C6,2000,C6-resources-2000,6,46,2870030
C6,2000,C6-resources-2000,6,47,2858187
C6,2000,C6-resources-2000,6,48,2950481
C6,2000,C6-resources-2000,6,49,3091024
C6,2000,C6-resources-2000,6,50,2886220
C6,2000,C6-resources-2000,6,51,2934077
C6,2000,C6-resources-2000,6,52,2864236
C6,2000,C6-resources-2000,6,53,2847622
C6,2000,C6-resources-2000,6,54,2977430
C6,2000,C6-resources-2000,6,55,2886942
C6,2000,C6-resources-2000,6,56,2880252
C6,2000,C6-resources-2000,6,57,2929688
C6,2000,C6-resources-2000,6,58,2855501
C6,2000,C6-resources-2000,6,59,2902402
C6,2000,C6-resources-2000,6,60,2836206
C6,2000,C6-resources-2000,6,61,2949722
C6,2000,C6-resources-2000,6,62,2812166
C6,2000,C6-resources-2000,6,63,2884089
C6,2000,C6-resources-2000,6,64,2880773
C6,2000,C6-resources-2000,6,65,2822002
C6,2000,C6-resources-2000,6,66,2890423
C6,2000,C6-resources-2000,6,67,2918251
C6,2000,C6-resources-2000,6,68,2860670
C6,2000,C6-resources-2000,6,69,2864251
C6,2000,C6-resources-2000,6,70,2852398
C6,2000,C6-resources-2000,6,71,2890643
C6,2000,C6-resources-2000,6,72,2827592
C6,2000,C6-resources-2000,6,73,2815343
C6,2000,C6-resources-2000,6,74,2938348
C6,2000,C6-resources-2000,6,75,2876874
C6,2000,C6-resources-2000,6,76,2854507
C6,2000,C6-resources-2000,6,77,2953768
C6,2000,C6-resources-2000,6,78,2886800
C6,2000,C6-resources-2000,6,79,2876339
C6,2000,C6-resources-2000,6,80,2892723
C6,2000,C6-resources-2000,6,81,2878379
C6,2000,C6-resources-2000,6,82,2858793
C6,2000,C6-resources-2000,6,83,2933093
C6,2000,C6-resources-2000,6,84,2956291
C6,2000,C6-resources-2000,6,85,2930003
C6,2000,C6-resources-2000,6,86,2880689
C6,2000,C6-resources-2000,6,87,2829841
C6,2000,C6-resources-2000,6,88,2858089
C6,2000,C6-resources-2000,6,89,2891154
C6,2000,C6-resources-2000,6,90,2936105
C6,2000,C6-resources-2000,6,91,2856400
C6,2000,C6-resources-2000,6,92,6225189
C6,2000,C6-resources-2000,6,93,3062121
C6,2000,C6-resources-2000,6,94,2836409
C6,2000,C6-resources-2000,6,95,2844396
C6,2000,C6-resources-2000,6,96,2813708
C6,2000,C6-resources-2000,6,97,2798918
C6,2000,C6-resources-2000,6,98,2855755
C6,2000,C6-resources-2000,6,99,2830348
C6,2000,C6-resources-2000,6,100,2825165
C6,2000,C6-resources-2000,7,1,3063885
C6,2000,C6-resources-2000,7,2,2945318
C6,2000,C6-resources-2000,7,3,2952809
C6,2000,C6-resources-2000,7,4,2996118
C6,2000,C6-resources-2000,7,5,2944609
C6,2000,C6-resources-2000,7,6,2851657
C6,2000,C6-resources-2000,7,7,2807820
C6,2000,C6-resources-2000,7,8,2788065
C6,2000,C6-resources-2000,7,9,2799331
C6,2000,C6-resources-2000,7,10,2848035
C6,2000,C6-resources-2000,7,11,2849092
C6,2000,C6-resources-2000,7,12,2861504
C6,2000,C6-resources-2000,7,13,2894878
C6,2000,C6-resources-2000,7,14,2835137
C6,2000,C6-resources-2000,7,15,2859782
C6,2000,C6-resources-2000,7,16,2956947
C6,2000,C6-resources-2000,7,17,3069227
C6,2000,C6-resources-2000,7,18,3031709
C6,2000,C6-resources-2000,7,19,3036350
C6,2000,C6-resources-2000,7,20,2902170
C6,2000,C6-resources-2000,7,21,2841261
C6,2000,C6-resources-2000,7,22,2866012
C6,2000,C6-resources-2000,7,23,2803159
C6,2000,C6-resources-2000,7,24,2834394
C6,2000,C6-resources-2000,7,25,2938746
C6,2000,C6-resources-2000,7,26,2794679
C6,2000,C6-resources-2000,7,27,2804713
C6,2000,C6-resources-2000,7,28,2907964
C6,2000,C6-resources-2000,7,29,2868612
C6,2000,C6-resources-2000,7,30,2827384
C6,2000,C6-resources-2000,7,31,2846211
C6,2000,C6-resources-2000,7,32,2853000
C6,2000,C6-resources-2000,7,33,2823792
C6,2000,C6-resources-2000,7,34,2829612
C6,2000,C6-resources-2000,7,35,2860707
C6,2000,C6-resources-2000,7,36,2890169
C6,2000,C6-resources-2000,7,37,2857685
C6,2000,C6-resources-2000,7,38,2866017
C6,2000,C6-resources-2000,7,39,2840633
C6,2000,C6-resources-2000,7,40,2853164
C6,2000,C6-resources-2000,7,41,2875369
C6,2000,C6-resources-2000,7,42,2838379
C6,2000,C6-resources-2000,7,43,2839608
C6,2000,C6-resources-2000,7,44,2836182
C6,2000,C6-resources-2000,7,45,2834565
C6,2000,C6-resources-2000,7,46,2802355
C6,2000,C6-resources-2000,7,47,2916790
C6,2000,C6-resources-2000,7,48,2910432
C6,2000,C6-resources-2000,7,49,2880598
C6,2000,C6-resources-2000,7,50,2842798
C6,2000,C6-resources-2000,7,51,2957528
C6,2000,C6-resources-2000,7,52,2897303
C6,2000,C6-resources-2000,7,53,2936289
C6,2000,C6-resources-2000,7,54,2978271
C6,2000,C6-resources-2000,7,55,8269539
C6,2000,C6-resources-2000,7,56,5513680
C6,2000,C6-resources-2000,7,57,4227951
C6,2000,C6-resources-2000,7,58,2957536
C6,2000,C6-resources-2000,7,59,2864278
C6,2000,C6-resources-2000,7,60,2864766
C6,2000,C6-resources-2000,7,61,2812399
C6,2000,C6-resources-2000,7,62,2819235
C6,2000,C6-resources-2000,7,63,2786524
C6,2000,C6-resources-2000,7,64,2779733
C6,2000,C6-resources-2000,7,65,2769029
C6,2000,C6-resources-2000,7,66,2796652
C6,2000,C6-resources-2000,7,67,2835509
C6,2000,C6-resources-2000,7,68,2811736
C6,2000,C6-resources-2000,7,69,2796223
C6,2000,C6-resources-2000,7,70,2787762
C6,2000,C6-resources-2000,7,71,2795062
C6,2000,C6-resources-2000,7,72,2799020
C6,2000,C6-resources-2000,7,73,2779518
C6,2000,C6-resources-2000,7,74,2820623
C6,2000,C6-resources-2000,7,75,2790123
C6,2000,C6-resources-2000,7,76,2728833
C6,2000,C6-resources-2000,7,77,2914119
C6,2000,C6-resources-2000,7,78,2824043
C6,2000,C6-resources-2000,7,79,2829168
C6,2000,C6-resources-2000,7,80,2899712
C6,2000,C6-resources-2000,7,81,2835013
C6,2000,C6-resources-2000,7,82,2826379
C6,2000,C6-resources-2000,7,83,2789643
C6,2000,C6-resources-2000,7,84,3019318
C6,2000,C6-resources-2000,7,85,2898501
C6,2000,C6-resources-2000,7,86,2869366
C6,2000,C6-resources-2000,7,87,2878312
C6,2000,C6-resources-2000,7,88,2843002
C6,2000,C6-resources-2000,7,89,2992991
C6,2000,C6-resources-2000,7,90,2879624
C6,2000,C6-resources-2000,7,91,2870659
C6,2000,C6-resources-2000,7,92,2892738
C6,2000,C6-resources-2000,7,93,2841676
C6,2000,C6-resources-2000,7,94,2833174
C6,2000,C6-resources-2000,7,95,2791434
C6,2000,C6-resources-2000,7,96,2808992
C6,2000,C6-resources-2000,7,97,2812731
C6,2000,C6-resources-2000,7,98,2773222
C6,2000,C6-resources-2000,7,99,2853486
C6,2000,C6-resources-2000,7,100,2845362
C6,2000,C6-resources-2000,8,1,2813705
C6,2000,C6-resources-2000,8,2,2974016
C6,2000,C6-resources-2000,8,3,2964193
C6,2000,C6-resources-2000,8,4,2799753
C6,2000,C6-resources-2000,8,5,2841846
C6,2000,C6-resources-2000,8,6,2826770
C6,2000,C6-resources-2000,8,7,2854061
C6,2000,C6-resources-2000,8,8,2883320
C6,2000,C6-resources-2000,8,9,2824269
C6,2000,C6-resources-2000,8,10,2941373
C6,2000,C6-resources-2000,8,11,2852314
C6,2000,C6-resources-2000,8,12,2907403
C6,2000,C6-resources-2000,8,13,2861865
C6,2000,C6-resources-2000,8,14,2877220
C6,2000,C6-resources-2000,8,15,2967570
C6,2000,C6-resources-2000,8,16,2884331
C6,2000,C6-resources-2000,8,17,5549054
C6,2000,C6-resources-2000,8,18,3295956
C6,2000,C6-resources-2000,8,19,2924758
C6,2000,C6-resources-2000,8,20,2938135
C6,2000,C6-resources-2000,8,21,2968009
C6,2000,C6-resources-2000,8,22,2889322
C6,2000,C6-resources-2000,8,23,3013820
C6,2000,C6-resources-2000,8,24,2908948
C6,2000,C6-resources-2000,8,25,3025978
C6,2000,C6-resources-2000,8,26,2848845
C6,2000,C6-resources-2000,8,27,2996954
C6,2000,C6-resources-2000,8,28,2896844
C6,2000,C6-resources-2000,8,29,2825432
C6,2000,C6-resources-2000,8,30,3047260
C6,2000,C6-resources-2000,8,31,2850921
C6,2000,C6-resources-2000,8,32,2865865
C6,2000,C6-resources-2000,8,33,2829086
C6,2000,C6-resources-2000,8,34,2936073
C6,2000,C6-resources-2000,8,35,2919401
C6,2000,C6-resources-2000,8,36,2897295
C6,2000,C6-resources-2000,8,37,2977909
C6,2000,C6-resources-2000,8,38,2818480
C6,2000,C6-resources-2000,8,39,2897357
C6,2000,C6-resources-2000,8,40,2863262
C6,2000,C6-resources-2000,8,41,2877871
C6,2000,C6-resources-2000,8,42,2915939
C6,2000,C6-resources-2000,8,43,2832684
C6,2000,C6-resources-2000,8,44,2910269
C6,2000,C6-resources-2000,8,45,2819892
C6,2000,C6-resources-2000,8,46,3000901
C6,2000,C6-resources-2000,8,47,2837139
C6,2000,C6-resources-2000,8,48,2992078
C6,2000,C6-resources-2000,8,49,3049035
C6,2000,C6-resources-2000,8,50,2959591
C6,2000,C6-resources-2000,8,51,2950632
C6,2000,C6-resources-2000,8,52,2914195
C6,2000,C6-resources-2000,8,53,2943918
C6,2000,C6-resources-2000,8,54,2854040
C6,2000,C6-resources-2000,8,55,2840138
C6,2000,C6-resources-2000,8,56,3087247
C6,2000,C6-resources-2000,8,57,2939735
C6,2000,C6-resources-2000,8,58,2996015
C6,2000,C6-resources-2000,8,59,2838279
C6,2000,C6-resources-2000,8,60,3138236
C6,2000,C6-resources-2000,8,61,2896117
C6,2000,C6-resources-2000,8,62,2996971
C6,2000,C6-resources-2000,8,63,2941286
C6,2000,C6-resources-2000,8,64,2847448
C6,2000,C6-resources-2000,8,65,2983086
C6,2000,C6-resources-2000,8,66,2854126
C6,2000,C6-resources-2000,8,67,2975557
C6,2000,C6-resources-2000,8,68,2888750
C6,2000,C6-resources-2000,8,69,2887741
C6,2000,C6-resources-2000,8,70,2884157
C6,2000,C6-resources-2000,8,71,2916849
C6,2000,C6-resources-2000,8,72,2894685
C6,2000,C6-resources-2000,8,73,2933354
C6,2000,C6-resources-2000,8,74,2931259
C6,2000,C6-resources-2000,8,75,2894026
C6,2000,C6-resources-2000,8,76,2870850
C6,2000,C6-resources-2000,8,77,2965661
C6,2000,C6-resources-2000,8,78,2835183
C6,2000,C6-resources-2000,8,79,3100452
C6,2000,C6-resources-2000,8,80,12303008
C6,2000,C6-resources-2000,8,81,3162909
C6,2000,C6-resources-2000,8,82,2941755
C6,2000,C6-resources-2000,8,83,3318813
C6,2000,C6-resources-2000,8,84,2955459
C6,2000,C6-resources-2000,8,85,2985041
C6,2000,C6-resources-2000,8,86,3103077
C6,2000,C6-resources-2000,8,87,2896326
C6,2000,C6-resources-2000,8,88,2935507
C6,2000,C6-resources-2000,8,89,3253424
C6,2000,C6-resources-2000,8,90,3129062
C6,2000,C6-resources-2000,8,91,3071258
C6,2000,C6-resources-2000,8,92,2924425
C6,2000,C6-resources-2000,8,93,2918415
C6,2000,C6-resources-2000,8,94,2851819
C6,2000,C6-resources-2000,8,95,2819846
C6,2000,C6-resources-2000,8,96,2905662
C6,2000,C6-resources-2000,8,97,2811844
C6,2000,C6-resources-2000,8,98,2826780
C6,2000,C6-resources-2000,8,99,2819103
C6,2000,C6-resources-2000,8,100,2794433
C1,10,C1-resources-0010,1,1,18557
C1,10,C1-resources-0010,1,2,18633
C1,10,C1-resources-0010,1,3,18123
C1,10,C1-resources-0010,1,4,17898
C1,10,C1-resources-0010,1,5,17786
C1,10,C1-resources-0010,1,6,17682
C1,10,C1-resources-0010,1,7,17747
C1,10,C1-resources-0010,1,8,17925
C1,10,C1-resources-0010,1,9,17933
C1,10,C1-resources-0010,1,10,18373
C1,10,C1-resources-0010,1,11,19038
C1,10,C1-resources-0010,1,12,18048
C1,10,C1-resources-0010,1,13,18483
C1,10,C1-resources-0010,1,14,18384
C1,10,C1-resources-0010,1,15,19191
C1,10,C1-resources-0010,1,16,18357
C1,10,C1-resources-0010,1,17,18385
C1,10,C1-resources-0010,1,18,19516
C1,10,C1-resources-0010,1,19,18564
C1,10,C1-resources-0010,1,20,18276
C1,10,C1-resources-0010,1,21,17871
C1,10,C1-resources-0010,1,22,17778
C1,10,C1-resources-0010,1,23,17952
C1,10,C1-resources-0010,1,24,18058
C1,10,C1-resources-0010,1,25,17642
C1,10,C1-resources-0010,1,26,17838
C1,10,C1-resources-0010,1,27,18015
C1,10,C1-resources-0010,1,28,18251
C1,10,C1-resources-0010,1,29,17808
C1,10,C1-resources-0010,1,30,17694
C1,10,C1-resources-0010,1,31,17722
C1,10,C1-resources-0010,1,32,18381
C1,10,C1-resources-0010,1,33,17811
C1,10,C1-resources-0010,1,34,17820
C1,10,C1-resources-0010,1,35,17558
C1,10,C1-resources-0010,1,36,18434
C1,10,C1-resources-0010,1,37,18218
C1,10,C1-resources-0010,1,38,17733
C1,10,C1-resources-0010,1,39,17958
C1,10,C1-resources-0010,1,40,18438
C1,10,C1-resources-0010,1,41,17882
C1,10,C1-resources-0010,1,42,17780
C1,10,C1-resources-0010,1,43,17462
C1,10,C1-resources-0010,1,44,18480
C1,10,C1-resources-0010,1,45,18006
C1,10,C1-resources-0010,1,46,18593
C1,10,C1-resources-0010,1,47,17757
C1,10,C1-resources-0010,1,48,18015
C1,10,C1-resources-0010,1,49,17962
C1,10,C1-resources-0010,1,50,18205
C1,10,C1-resources-0010,1,51,18524
C1,10,C1-resources-0010,1,52,21654
C1,10,C1-resources-0010,1,53,18740
C1,10,C1-resources-0010,1,54,19254
C1,10,C1-resources-0010,1,55,19303
C1,10,C1-resources-0010,1,56,18654
C1,10,C1-resources-0010,1,57,18236
C1,10,C1-resources-0010,1,58,63548
C1,10,C1-resources-0010,1,59,37456
C1,10,C1-resources-0010,1,60,19547
C1,10,C1-resources-0010,1,61,18768
C1,10,C1-resources-0010,1,62,19199
C1,10,C1-resources-0010,1,63,18784
C1,10,C1-resources-0010,1,64,19219
C1,10,C1-resources-0010,1,65,21542
C1,10,C1-resources-0010,1,66,19122
C1,10,C1-resources-0010,1,67,18658
C1,10,C1-resources-0010,1,68,18374
C1,10,C1-resources-0010,1,69,19426
C1,10,C1-resources-0010,1,70,22028
C1,10,C1-resources-0010,1,71,19230
C1,10,C1-resources-0010,1,72,20539
C1,10,C1-resources-0010,1,73,20627
C1,10,C1-resources-0010,1,74,17692
C1,10,C1-resources-0010,1,75,18036
C1,10,C1-resources-0010,1,76,18160
C1,10,C1-resources-0010,1,77,18112
C1,10,C1-resources-0010,1,78,18139
C1,10,C1-resources-0010,1,79,17686
C1,10,C1-resources-0010,1,80,18531
C1,10,C1-resources-0010,1,81,18783
C1,10,C1-resources-0010,1,82,20315
C1,10,C1-resources-0010,1,83,17787
C1,10,C1-resources-0010,1,84,18121
C1,10,C1-resources-0010,1,85,18813
C1,10,C1-resources-0010,1,86,18646
C1,10,C1-resources-0010,1,87,22741
C1,10,C1-resources-0010,1,88,19125
C1,10,C1-resources-0010,1,89,17918
C1,10,C1-resources-0010,1,90,19265
C1,10,C1-resources-0010,1,91,18151
C1,10,C1-resources-0010,1,92,18003
C1,10,C1-resources-0010,1,93,18234
C1,10,C1-resources-0010,1,94,17734
C1,10,C1-resources-0010,1,95,22509
C1,10,C1-resources-0010,1,96,25072
C1,10,C1-resources-0010,1,97,24639
C1,10,C1-resources-0010,1,98,18433
C1,10,C1-resources-0010,1,99,18489
C1,10,C1-resources-0010,1,100,24294
C1,10,C1-resources-0010,2,1,33591
C1,10,C1-resources-0010,2,2,19896
C1,10,C1-resources-0010,2,3,19910
C1,10,C1-resources-0010,2,4,18077
C1,10,C1-resources-0010,2,5,19025
C1,10,C1-resources-0010,2,6,18616
C1,10,C1-resources-0010,2,7,17860
C1,10,C1-resources-0010,2,8,17782
C1,10,C1-resources-0010,2,9,18045
C1,10,C1-resources-0010,2,10,17516
C1,10,C1-resources-0010,2,11,17693
C1,10,C1-resources-0010,2,12,17748
C1,10,C1-resources-0010,2,13,17842
C1,10,C1-resources-0010,2,14,17733
C1,10,C1-resources-0010,2,15,17384
C1,10,C1-resources-0010,2,16,17774
C1,10,C1-resources-0010,2,17,18087
C1,10,C1-resources-0010,2,18,17527
C1,10,C1-resources-0010,2,19,18075
C1,10,C1-resources-0010,2,20,17482
C1,10,C1-resources-0010,2,21,18067
C1,10,C1-resources-0010,2,22,18822
C1,10,C1-resources-0010,2,23,24697
C1,10,C1-resources-0010,2,24,18873
C1,10,C1-resources-0010,2,25,19083
C1,10,C1-resources-0010,2,26,19531
C1,10,C1-resources-0010,2,27,20059
C1,10,C1-resources-0010,2,28,18867
C1,10,C1-resources-0010,2,29,17764
C1,10,C1-resources-0010,2,30,19091
C1,10,C1-resources-0010,2,31,19540
C1,10,C1-resources-0010,2,32,19336
C1,10,C1-resources-0010,2,33,23851
C1,10,C1-resources-0010,2,34,22086
C1,10,C1-resources-0010,2,35,21259
C1,10,C1-resources-0010,2,36,21985
C1,10,C1-resources-0010,2,37,20361
C1,10,C1-resources-0010,2,38,19570
C1,10,C1-resources-0010,2,39,20314
C1,10,C1-resources-0010,2,40,21322
C1,10,C1-resources-0010,2,41,21951
C1,10,C1-resources-0010,2,42,20797
C1,10,C1-resources-0010,2,43,20156
C1,10,C1-resources-0010,2,44,20415
C1,10,C1-resources-0010,2,45,20070
C1,10,C1-resources-0010,2,46,19922
C1,10,C1-resources-0010,2,47,20171
C1,10,C1-resources-0010,2,48,31919
C1,10,C1-resources-0010,2,49,23375
C1,10,C1-resources-0010,2,50,24553
C1,10,C1-resources-0010,2,51,32793
C1,10,C1-resources-0010,2,52,20120
C1,10,C1-resources-0010,2,53,19389
C1,10,C1-resources-0010,2,54,19223
C1,10,C1-resources-0010,2,55,19217
C1,10,C1-resources-0010,2,56,19708
C1,10,C1-resources-0010,2,57,23549
C1,10,C1-resources-0010,2,58,22322
C1,10,C1-resources-0010,2,59,22474
C1,10,C1-resources-0010,2,60,18763
C1,10,C1-resources-0010,2,61,18188
C1,10,C1-resources-0010,2,62,18493
C1,10,C1-resources-0010,2,63,18688
C1,10,C1-resources-0010,2,64,18843
C1,10,C1-resources-0010,2,65,19075
C1,10,C1-resources-0010,2,66,19282
C1,10,C1-resources-0010,2,67,19229
C1,10,C1-resources-0010,2,68,18851
C1,10,C1-resources-0010,2,69,18396
C1,10,C1-resources-0010,2,70,18433
C1,10,C1-resources-0010,2,71,17937
C1,10,C1-resources-0010,2,72,18014
C1,10,C1-resources-0010,2,73,18253
C1,10,C1-resources-0010,2,74,19079
C1,10,C1-resources-0010,2,75,18026
C1,10,C1-resources-0010,2,76,19421
C1,10,C1-resources-0010,2,77,18622
C1,10,C1-resources-0010,2,78,18223
C1,10,C1-resources-0010,2,79,18335
C1,10,C1-resources-0010,2,80,18656
C1,10,C1-resources-0010,2,81,17959
C1,10,C1-resources-0010,2,82,18109
C1,10,C1-resources-0010,2,83,19969
C1,10,C1-resources-0010,2,84,19351
C1,10,C1-resources-0010,2,85,19219
C1,10,C1-resources-0010,2,86,17933
C1,10,C1-resources-0010,2,87,18713
C1,10,C1-resources-0010,2,88,19227
C1,10,C1-resources-0010,2,89,18990
C1,10,C1-resources-0010,2,90,18512
C1,10,C1-resources-0010,2,91,18103
C1,10,C1-resources-0010,2,92,18185
C1,10,C1-resources-0010,2,93,18471
C1,10,C1-resources-0010,2,94,20345
C1,10,C1-resources-0010,2,95,17691
C1,10,C1-resources-0010,2,96,17721
C1,10,C1-resources-0010,2,97,17617
C1,10,C1-resources-0010,2,98,17709
C1,10,C1-resources-0010,2,99,17562
C1,10,C1-resources-0010,2,100,17751
C1,10,C1-resources-0010,3,1,21223
C1,10,C1-resources-0010,3,2,17691
C1,10,C1-resources-0010,3,3,18180
C1,10,C1-resources-0010,3,4,18082
C1,10,C1-resources-0010,3,5,17784
C1,10,C1-resources-0010,3,6,17712
C1,10,C1-resources-0010,3,7,17864
C1,10,C1-resources-0010,3,8,17802
C1,10,C1-resources-0010,3,9,18279
C1,10,C1-resources-0010,3,10,17570
C1,10,C1-resources-0010,3,11,17753
C1,10,C1-resources-0010,3,12,19175
C1,10,C1-resources-0010,3,13,17874
C1,10,C1-resources-0010,3,14,17802
C1,10,C1-resources-0010,3,15,17670
C1,10,C1-resources-0010,3,16,17554
C1,10,C1-resources-0010,3,17,17823
C1,10,C1-resources-0010,3,18,17983
C1,10,C1-resources-0010,3,19,18225
C1,10,C1-resources-0010,3,20,18105
C1,10,C1-resources-0010,3,21,17472
C1,10,C1-resources-0010,3,22,17886
C1,10,C1-resources-0010,3,23,17513
C1,10,C1-resources-0010,3,24,21234
C1,10,C1-resources-0010,3,25,18340
C1,10,C1-resources-0010,3,26,18357
C1,10,C1-resources-0010,3,27,18413
C1,10,C1-resources-0010,3,28,18458
C1,10,C1-resources-0010,3,29,21758
C1,10,C1-resources-0010,3,30,18425
C1,10,C1-resources-0010,3,31,19277
C1,10,C1-resources-0010,3,32,18505
C1,10,C1-resources-0010,3,33,18534
C1,10,C1-resources-0010,3,34,18573
C1,10,C1-resources-0010,3,35,18435
C1,10,C1-resources-0010,3,36,18622
C1,10,C1-resources-0010,3,37,18706
C1,10,C1-resources-0010,3,38,17425
C1,10,C1-resources-0010,3,39,17387
C1,10,C1-resources-0010,3,40,21595
C1,10,C1-resources-0010,3,41,17751
C1,10,C1-resources-0010,3,42,26304
C1,10,C1-resources-0010,3,43,19592
C1,10,C1-resources-0010,3,44,23060
C1,10,C1-resources-0010,3,45,19141
C1,10,C1-resources-0010,3,46,22923
C1,10,C1-resources-0010,3,47,18447
C1,10,C1-resources-0010,3,48,17514
C1,10,C1-resources-0010,3,49,17558
C1,10,C1-resources-0010,3,50,17479
C1,10,C1-resources-0010,3,51,17951
C1,10,C1-resources-0010,3,52,17521
C1,10,C1-resources-0010,3,53,17705
C1,10,C1-resources-0010,3,54,17851
C1,10,C1-resources-0010,3,55,17451
C1,10,C1-resources-0010,3,56,17584
C1,10,C1-resources-0010,3,57,17458
C1,10,C1-resources-0010,3,58,17457
C1,10,C1-resources-0010,3,59,17453
C1,10,C1-resources-0010,3,60,17463
C1,10,C1-resources-0010,3,61,17446
C1,10,C1-resources-0010,3,62,17419
C1,10,C1-resources-0010,3,63,17412
C1,10,C1-resources-0010,3,64,17987
C1,10,C1-resources-0010,3,65,17874
C1,10,C1-resources-0010,3,66,17589
C1,10,C1-resources-0010,3,67,17511
C1,10,C1-resources-0010,3,68,17492
C1,10,C1-resources-0010,3,69,17462
C1,10,C1-resources-0010,3,70,17357
C1,10,C1-resources-0010,3,71,17493
C1,10,C1-resources-0010,3,72,17463
C1,10,C1-resources-0010,3,73,17380
C1,10,C1-resources-0010,3,74,17701
C1,10,C1-resources-0010,3,75,17467
C1,10,C1-resources-0010,3,76,17422
C1,10,C1-resources-0010,3,77,17633
C1,10,C1-resources-0010,3,78,17540
C1,10,C1-resources-0010,3,79,17489
C1,10,C1-resources-0010,3,80,17533
C1,10,C1-resources-0010,3,81,17494
C1,10,C1-resources-0010,3,82,18001
C1,10,C1-resources-0010,3,83,17738
C1,10,C1-resources-0010,3,84,17696
C1,10,C1-resources-0010,3,85,17834
C1,10,C1-resources-0010,3,86,17428
C1,10,C1-resources-0010,3,87,17541
C1,10,C1-resources-0010,3,88,17363
C1,10,C1-resources-0010,3,89,17365
C1,10,C1-resources-0010,3,90,17387
C1,10,C1-resources-0010,3,91,17687
C1,10,C1-resources-0010,3,92,17436
C1,10,C1-resources-0010,3,93,17650
C1,10,C1-resources-0010,3,94,17774
C1,10,C1-resources-0010,3,95,17651
C1,10,C1-resources-0010,3,96,17574
C1,10,C1-resources-0010,3,97,17524
C1,10,C1-resources-0010,3,98,17432
C1,10,C1-resources-0010,3,99,17521
C1,10,C1-resources-0010,3,100,19017
C1,10,C1-resources-0010,4,1,21150
C1,10,C1-resources-0010,4,2,17609
C1,10,C1-resources-0010,4,3,17654
C1,10,C1-resources-0010,4,4,17700
C1,10,C1-resources-0010,4,5,17560
C1,10,C1-resources-0010,4,6,17738
C1,10,C1-resources-0010,4,7,17739
C1,10,C1-resources-0010,4,8,17807
C1,10,C1-resources-0010,4,9,17637
C1,10,C1-resources-0010,4,10,17670
C1,10,C1-resources-0010,4,11,17746
C1,10,C1-resources-0010,4,12,17592
C1,10,C1-resources-0010,4,13,17598
C1,10,C1-resources-0010,4,14,17635
C1,10,C1-resources-0010,4,15,17590
C1,10,C1-resources-0010,4,16,17709
C1,10,C1-resources-0010,4,17,17940
C1,10,C1-resources-0010,4,18,18213
C1,10,C1-resources-0010,4,19,17666
C1,10,C1-resources-0010,4,20,17634
C1,10,C1-resources-0010,4,21,17705
C1,10,C1-resources-0010,4,22,17816
C1,10,C1-resources-0010,4,23,17630
C1,10,C1-resources-0010,4,24,17719
C1,10,C1-resources-0010,4,25,17882
C1,10,C1-resources-0010,4,26,17622
C1,10,C1-resources-0010,4,27,17827
C1,10,C1-resources-0010,4,28,17665
C1,10,C1-resources-0010,4,29,17569
C1,10,C1-resources-0010,4,30,18042
C1,10,C1-resources-0010,4,31,17469
C1,10,C1-resources-0010,4,32,17689
C1,10,C1-resources-0010,4,33,22069
C1,10,C1-resources-0010,4,34,17638
C1,10,C1-resources-0010,4,35,17505
C1,10,C1-resources-0010,4,36,17498
C1,10,C1-resources-0010,4,37,17797
C1,10,C1-resources-0010,4,38,18054
C1,10,C1-resources-0010,4,39,17881
C1,10,C1-resources-0010,4,40,18081
C1,10,C1-resources-0010,4,41,17585
C1,10,C1-resources-0010,4,42,18047
C1,10,C1-resources-0010,4,43,17525
C1,10,C1-resources-0010,4,44,17498
C1,10,C1-resources-0010,4,45,18099
C1,10,C1-resources-0010,4,46,18011
C1,10,C1-resources-0010,4,47,17937
C1,10,C1-resources-0010,4,48,17749
C1,10,C1-resources-0010,4,49,17617
C1,10,C1-resources-0010,4,50,17733
C1,10,C1-resources-0010,4,51,19028
C1,10,C1-resources-0010,4,52,18245
C1,10,C1-resources-0010,4,53,17637
C1,10,C1-resources-0010,4,54,18453
C1,10,C1-resources-0010,4,55,17907
C1,10,C1-resources-0010,4,56,17302
C1,10,C1-resources-0010,4,57,17498
C1,10,C1-resources-0010,4,58,17354
C1,10,C1-resources-0010,4,59,17443
C1,10,C1-resources-0010,4,60,17583
C1,10,C1-resources-0010,4,61,17805
C1,10,C1-resources-0010,4,62,17860
C1,10,C1-resources-0010,4,63,17503
C1,10,C1-resources-0010,4,64,17332
C1,10,C1-resources-0010,4,65,17657
C1,10,C1-resources-0010,4,66,17693
C1,10,C1-resources-0010,4,67,17617
C1,10,C1-resources-0010,4,68,18835
C1,10,C1-resources-0010,4,69,17700
C1,10,C1-resources-0010,4,70,17943
C1,10,C1-resources-0010,4,71,17880
C1,10,C1-resources-0010,4,72,17805
C1,10,C1-resources-0010,4,73,17527
C1,10,C1-resources-0010,4,74,17482
C1,10,C1-resources-0010,4,75,17610
C1,10,C1-resources-0010,4,76,17425
C1,10,C1-resources-0010,4,77,17465
C1,10,C1-resources-0010,4,78,17778
C1,10,C1-resources-0010,4,79,17462
C1,10,C1-resources-0010,4,80,17838
C1,10,C1-resources-0010,4,81,17710
C1,10,C1-resources-0010,4,82,17545
C1,10,C1-resources-0010,4,83,17463
C1,10,C1-resources-0010,4,84,17544
C1,10,C1-resources-0010,4,85,17331
C1,10,C1-resources-0010,4,86,18512
C1,10,C1-resources-0010,4,87,17735
C1,10,C1-resources-0010,4,88,17463
C1,10,C1-resources-0010,4,89,17897
C1,10,C1-resources-0010,4,90,17795
C1,10,C1-resources-0010,4,91,17766
C1,10,C1-resources-0010,4,92,17621
C1,10,C1-resources-0010,4,93,17533
C1,10,C1-resources-0010,4,94,17567
C1,10,C1-resources-0010,4,95,17533
C1,10,C1-resources-0010,4,96,17641
C1,10,C1-resources-0010,4,97,17451
C1,10,C1-resources-0010,4,98,17490
C1,10,C1-resources-0010,4,99,18065
C1,10,C1-resources-0010,4,100,17631
C1,10,C1-resources-0010,5,1,20211
C1,10,C1-resources-0010,5,2,17658
C1,10,C1-resources-0010,5,3,18613
C1,10,C1-resources-0010,5,4,18887
C1,10,C1-resources-0010,5,5,18441
C1,10,C1-resources-0010,5,6,18259
C1,10,C1-resources-0010,5,7,18313
C1,10,C1-resources-0010,5,8,17921
C1,10,C1-resources-0010,5,9,17951
C1,10,C1-resources-0010,5,10,17748
C1,10,C1-resources-0010,5,11,17623
C1,10,C1-resources-0010,5,12,18099
C1,10,C1-resources-0010,5,13,17519
C1,10,C1-resources-0010,5,14,17992
C1,10,C1-resources-0010,5,15,17685
C1,10,C1-resources-0010,5,16,17624
C1,10,C1-resources-0010,5,17,18112
C1,10,C1-resources-0010,5,18,17870
C1,10,C1-resources-0010,5,19,17462
C1,10,C1-resources-0010,5,20,17414
C1,10,C1-resources-0010,5,21,19542
C1,10,C1-resources-0010,5,22,17852
C1,10,C1-resources-0010,5,23,17891
C1,10,C1-resources-0010,5,24,17534
C1,10,C1-resources-0010,5,25,18003
C1,10,C1-resources-0010,5,26,17791
C1,10,C1-resources-0010,5,27,17600
C1,10,C1-resources-0010,5,28,17624
C1,10,C1-resources-0010,5,29,17438
C1,10,C1-resources-0010,5,30,17750
C1,10,C1-resources-0010,5,31,17648
C1,10,C1-resources-0010,5,32,17528
C1,10,C1-resources-0010,5,33,17775
C1,10,C1-resources-0010,5,34,18672
C1,10,C1-resources-0010,5,35,17663
C1,10,C1-resources-0010,5,36,17527
C1,10,C1-resources-0010,5,37,17695
C1,10,C1-resources-0010,5,38,17584
C1,10,C1-resources-0010,5,39,17698
C1,10,C1-resources-0010,5,40,17724
C1,10,C1-resources-0010,5,41,28288
C1,10,C1-resources-0010,5,42,19180
C1,10,C1-resources-0010,5,43,20263
C1,10,C1-resources-0010,5,44,19351
C1,10,C1-resources-0010,5,45,23468
C1,10,C1-resources-0010,5,46,18731
C1,10,C1-resources-0010,5,47,21756
C1,10,C1-resources-0010,5,48,17991
C1,10,C1-resources-0010,5,49,17984
C1,10,C1-resources-0010,5,50,18016
C1,10,C1-resources-0010,5,51,17856
C1,10,C1-resources-0010,5,52,17792
C1,10,C1-resources-0010,5,53,17892
C1,10,C1-resources-0010,5,54,18024
C1,10,C1-resources-0010,5,55,17911
C1,10,C1-resources-0010,5,56,17807
C1,10,C1-resources-0010,5,57,20654
C1,10,C1-resources-0010,5,58,18475
C1,10,C1-resources-0010,5,59,17488
C1,10,C1-resources-0010,5,60,17859
C1,10,C1-resources-0010,5,61,17393
C1,10,C1-resources-0010,5,62,17429
C1,10,C1-resources-0010,5,63,17364
C1,10,C1-resources-0010,5,64,17424
C1,10,C1-resources-0010,5,65,17288
C1,10,C1-resources-0010,5,66,17306
C1,10,C1-resources-0010,5,67,17618
C1,10,C1-resources-0010,5,68,17409
C1,10,C1-resources-0010,5,69,17449
C1,10,C1-resources-0010,5,70,17355
C1,10,C1-resources-0010,5,71,24149
C1,10,C1-resources-0010,5,72,17711
C1,10,C1-resources-0010,5,73,17682
C1,10,C1-resources-0010,5,74,17780
C1,10,C1-resources-0010,5,75,19157
C1,10,C1-resources-0010,5,76,17611
C1,10,C1-resources-0010,5,77,18701
C1,10,C1-resources-0010,5,78,18494
C1,10,C1-resources-0010,5,79,18064
C1,10,C1-resources-0010,5,80,18073
C1,10,C1-resources-0010,5,81,17836
C1,10,C1-resources-0010,5,82,18100
C1,10,C1-resources-0010,5,83,17955
C1,10,C1-resources-0010,5,84,18257
C1,10,C1-resources-0010,5,85,18128
C1,10,C1-resources-0010,5,86,18135
C1,10,C1-resources-0010,5,87,18300
C1,10,C1-resources-0010,5,88,17820
C1,10,C1-resources-0010,5,89,17897
C1,10,C1-resources-0010,5,90,18890
C1,10,C1-resources-0010,5,91,17558
C1,10,C1-resources-0010,5,92,18800
C1,10,C1-resources-0010,5,93,17566
C1,10,C1-resources-0010,5,94,17312
C1,10,C1-resources-0010,5,95,17397
C1,10,C1-resources-0010,5,96,17507
C1,10,C1-resources-0010,5,97,17388
C1,10,C1-resources-0010,5,98,17335
C1,10,C1-resources-0010,5,99,17450
C1,10,C1-resources-0010,5,100,17494
C1,10,C1-resources-0010,6,1,19867
C1,10,C1-resources-0010,6,2,17610
C1,10,C1-resources-0010,6,3,17457
C1,10,C1-resources-0010,6,4,17609
C1,10,C1-resources-0010,6,5,17591
C1,10,C1-resources-0010,6,6,17508
C1,10,C1-resources-0010,6,7,17851
C1,10,C1-resources-0010,6,8,17457
C1,10,C1-resources-0010,6,9,17809
C1,10,C1-resources-0010,6,10,18564
C1,10,C1-resources-0010,6,11,18428
C1,10,C1-resources-0010,6,12,18913
C1,10,C1-resources-0010,6,13,17782
C1,10,C1-resources-0010,6,14,17493
C1,10,C1-resources-0010,6,15,17392
C1,10,C1-resources-0010,6,16,17520
C1,10,C1-resources-0010,6,17,17508
C1,10,C1-resources-0010,6,18,17582
C1,10,C1-resources-0010,6,19,18082
C1,10,C1-resources-0010,6,20,17781
C1,10,C1-resources-0010,6,21,17502
C1,10,C1-resources-0010,6,22,18228
C1,10,C1-resources-0010,6,23,18003
C1,10,C1-resources-0010,6,24,17853
C1,10,C1-resources-0010,6,25,18336
C1,10,C1-resources-0010,6,26,17880
C1,10,C1-resources-0010,6,27,17755
C1,10,C1-resources-0010,6,28,17863
C1,10,C1-resources-0010,6,29,26673
C1,10,C1-resources-0010,6,30,22648
C1,10,C1-resources-0010,6,31,18115
C1,10,C1-resources-0010,6,32,17334
C1,10,C1-resources-0010,6,33,17480
C1,10,C1-resources-0010,6,34,17398
C1,10,C1-resources-0010,6,35,17643
C1,10,C1-resources-0010,6,36,17534
C1,10,C1-resources-0010,6,37,17372
C1,10,C1-resources-0010,6,38,17532
C1,10,C1-resources-0010,6,39,18186
C1,10,C1-resources-0010,6,40,18600
C1,10,C1-resources-0010,6,41,18113
C1,10,C1-resources-0010,6,42,18566
C1,10,C1-resources-0010,6,43,18622
C1,10,C1-resources-0010,6,44,18033
C1,10,C1-resources-0010,6,45,18218
C1,10,C1-resources-0010,6,46,18624
C1,10,C1-resources-0010,6,47,17430
C1,10,C1-resources-0010,6,48,17434
C1,10,C1-resources-0010,6,49,17385
C1,10,C1-resources-0010,6,50,17460
C1,10,C1-resources-0010,6,51,17353
C1,10,C1-resources-0010,6,52,17866
C1,10,C1-resources-0010,6,53,17546
C1,10,C1-resources-0010,6,54,17652
C1,10,C1-resources-0010,6,55,17618
C1,10,C1-resources-0010,6,56,17591
C1,10,C1-resources-0010,6,57,17599
C1,10,C1-resources-0010,6,58,19824
C1,10,C1-resources-0010,6,59,17483
C1,10,C1-resources-0010,6,60,17608
C1,10,C1-resources-0010,6,61,17331
C1,10,C1-resources-0010,6,62,17369
C1,10,C1-resources-0010,6,63,17530
C1,10,C1-resources-0010,6,64,17922
C1,10,C1-resources-0010,6,65,17417
C1,10,C1-resources-0010,6,66,17521
C1,10,C1-resources-0010,6,67,17457
C1,10,C1-resources-0010,6,68,17708
C1,10,C1-resources-0010,6,69,17546
C1,10,C1-resources-0010,6,70,17508
C1,10,C1-resources-0010,6,71,17326
C1,10,C1-resources-0010,6,72,17655
C1,10,C1-resources-0010,6,73,17364
C1,10,C1-resources-0010,6,74,17357
C1,10,C1-resources-0010,6,75,17347
C1,10,C1-resources-0010,6,76,18153
C1,10,C1-resources-0010,6,77,17685
C1,10,C1-resources-0010,6,78,17626
C1,10,C1-resources-0010,6,79,17404
C1,10,C1-resources-0010,6,80,17646
C1,10,C1-resources-0010,6,81,17362
C1,10,C1-resources-0010,6,82,17428
C1,10,C1-resources-0010,6,83,17592
C1,10,C1-resources-0010,6,84,17452
C1,10,C1-resources-0010,6,85,17411
C1,10,C1-resources-0010,6,86,17449
C1,10,C1-resources-0010,6,87,17390
C1,10,C1-resources-0010,6,88,17749
C1,10,C1-resources-0010,6,89,17244
C1,10,C1-resources-0010,6,90,17453
C1,10,C1-resources-0010,6,91,17495
C1,10,C1-resources-0010,6,92,17418
C1,10,C1-resources-0010,6,93,19318
C1,10,C1-resources-0010,6,94,17407
C1,10,C1-resources-0010,6,95,17607
C1,10,C1-resources-0010,6,96,17376
C1,10,C1-resources-0010,6,97,17434
C1,10,C1-resources-0010,6,98,17748
C1,10,C1-resources-0010,6,99,17501
C1,10,C1-resources-0010,6,100,17497
C1,10,C1-resources-0010,7,1,253267
C1,10,C1-resources-0010,7,2,64726
C1,10,C1-resources-0010,7,3,22358
C1,10,C1-resources-0010,7,4,19023
C1,10,C1-resources-0010,7,5,18674
C1,10,C1-resources-0010,7,6,19171
C1,10,C1-resources-0010,7,7,18047
C1,10,C1-resources-0010,7,8,17753
C1,10,C1-resources-0010,7,9,17554
C1,10,C1-resources-0010,7,10,17611
C1,10,C1-resources-0010,7,11,20049
C1,10,C1-resources-0010,7,12,17729
C1,10,C1-resources-0010,7,13,17579
C1,10,C1-resources-0010,7,14,17708
C1,10,C1-resources-0010,7,15,17568
C1,10,C1-resources-0010,7,16,17942
C1,10,C1-resources-0010,7,17,17693
C1,10,C1-resources-0010,7,18,17525
C1,10,C1-resources-0010,7,19,17553
C1,10,C1-resources-0010,7,20,17640
C1,10,C1-resources-0010,7,21,17700
C1,10,C1-resources-0010,7,22,19090
C1,10,C1-resources-0010,7,23,18496
C1,10,C1-resources-0010,7,24,68134
C1,10,C1-resources-0010,7,25,22074
C1,10,C1-resources-0010,7,26,23665
C1,10,C1-resources-0010,7,27,19530
C1,10,C1-resources-0010,7,28,17764
C1,10,C1-resources-0010,7,29,17478
C1,10,C1-resources-0010,7,30,17243
C1,10,C1-resources-0010,7,31,17347
C1,10,C1-resources-0010,7,32,17315
C1,10,C1-resources-0010,7,33,17395
C1,10,C1-resources-0010,7,34,17525
C1,10,C1-resources-0010,7,35,17524
C1,10,C1-resources-0010,7,36,17935
C1,10,C1-resources-0010,7,37,17612
C1,10,C1-resources-0010,7,38,17640
C1,10,C1-resources-0010,7,39,17680
C1,10,C1-resources-0010,7,40,17725
C1,10,C1-resources-0010,7,41,17664
C1,10,C1-resources-0010,7,42,17845
C1,10,C1-resources-0010,7,43,17749
C1,10,C1-resources-0010,7,44,17732
C1,10,C1-resources-0010,7,45,17666
C1,10,C1-resources-0010,7,46,17518
C1,10,C1-resources-0010,7,47,17524
C1,10,C1-resources-0010,7,48,17687
C1,10,C1-resources-0010,7,49,17576
C1,10,C1-resources-0010,7,50,17347
C1,10,C1-resources-0010,7,51,17503
C1,10,C1-resources-0010,7,52,17587
C1,10,C1-resources-0010,7,53,17481
C1,10,C1-resources-0010,7,54,18504
C1,10,C1-resources-0010,7,55,17964
C1,10,C1-resources-0010,7,56,17592
C1,10,C1-resources-0010,7,57,17907
C1,10,C1-resources-0010,7,58,17623
C1,10,C1-resources-0010,7,59,17656
C1,10,C1-resources-0010,7,60,17425
C1,10,C1-resources-0010,7,61,17566
C1,10,C1-resources-0010,7,62,17505
C1,10,C1-resources-0010,7,63,17532
C1,10,C1-resources-0010,7,64,17478
C1,10,C1-resources-0010,7,65,17497
C1,10,C1-resources-0010,7,66,17654
C1,10,C1-resources-0010,7,67,17437
C1,10,C1-resources-0010,7,68,17673
C1,10,C1-resources-0010,7,69,17375
C1,10,C1-resources-0010,7,70,17635
C1,10,C1-resources-0010,7,71,17453
C1,10,C1-resources-0010,7,72,18441
C1,10,C1-resources-0010,7,73,17526
C1,10,C1-resources-0010,7,74,17551
C1,10,C1-resources-0010,7,75,17573
C1,10,C1-resources-0010,7,76,17562
C1,10,C1-resources-0010,7,77,17778
C1,10,C1-resources-0010,7,78,17682
C1,10,C1-resources-0010,7,79,17660
C1,10,C1-resources-0010,7,80,17770
C1,10,C1-resources-0010,7,81,17566
C1,10,C1-resources-0010,7,82,17488
C1,10,C1-resources-0010,7,83,17421
C1,10,C1-resources-0010,7,84,17576
C1,10,C1-resources-0010,7,85,17418
C1,10,C1-resources-0010,7,86,18872
C1,10,C1-resources-0010,7,87,17690
C1,10,C1-resources-0010,7,88,17459
C1,10,C1-resources-0010,7,89,17789
C1,10,C1-resources-0010,7,90,17387
C1,10,C1-resources-0010,7,91,17430
C1,10,C1-resources-0010,7,92,17450
C1,10,C1-resources-0010,7,93,17521
C1,10,C1-resources-0010,7,94,17468
C1,10,C1-resources-0010,7,95,17324
C1,10,C1-resources-0010,7,96,17381
C1,10,C1-resources-0010,7,97,17449
C1,10,C1-resources-0010,7,98,17401
C1,10,C1-resources-0010,7,99,17421
C1,10,C1-resources-0010,7,100,17262
C1,10,C1-resources-0010,8,1,20296
C1,10,C1-resources-0010,8,2,17952
C1,10,C1-resources-0010,8,3,18258
C1,10,C1-resources-0010,8,4,17638
C1,10,C1-resources-0010,8,5,19499
C1,10,C1-resources-0010,8,6,17715
C1,10,C1-resources-0010,8,7,17736
C1,10,C1-resources-0010,8,8,17573
C1,10,C1-resources-0010,8,9,17581
C1,10,C1-resources-0010,8,10,17462
C1,10,C1-resources-0010,8,11,17406
C1,10,C1-resources-0010,8,12,17524
C1,10,C1-resources-0010,8,13,17610
C1,10,C1-resources-0010,8,14,17481
C1,10,C1-resources-0010,8,15,17497
C1,10,C1-resources-0010,8,16,17421
C1,10,C1-resources-0010,8,17,17258
C1,10,C1-resources-0010,8,18,17434
C1,10,C1-resources-0010,8,19,20979
C1,10,C1-resources-0010,8,20,17553
C1,10,C1-resources-0010,8,21,17316
C1,10,C1-resources-0010,8,22,17543
C1,10,C1-resources-0010,8,23,17551
C1,10,C1-resources-0010,8,24,18000
C1,10,C1-resources-0010,8,25,17367
C1,10,C1-resources-0010,8,26,17438
C1,10,C1-resources-0010,8,27,17606
C1,10,C1-resources-0010,8,28,17768
C1,10,C1-resources-0010,8,29,17465
C1,10,C1-resources-0010,8,30,17489
C1,10,C1-resources-0010,8,31,17594
C1,10,C1-resources-0010,8,32,17420
C1,10,C1-resources-0010,8,33,17507
C1,10,C1-resources-0010,8,34,17611
C1,10,C1-resources-0010,8,35,17534
C1,10,C1-resources-0010,8,36,17766
C1,10,C1-resources-0010,8,37,17750
C1,10,C1-resources-0010,8,38,17703
C1,10,C1-resources-0010,8,39,17462
C1,10,C1-resources-0010,8,40,17600
C1,10,C1-resources-0010,8,41,17559
C1,10,C1-resources-0010,8,42,17797
C1,10,C1-resources-0010,8,43,17407
C1,10,C1-resources-0010,8,44,17630
C1,10,C1-resources-0010,8,45,17468
C1,10,C1-resources-0010,8,46,17452
C1,10,C1-resources-0010,8,47,17600
C1,10,C1-resources-0010,8,48,17378
C1,10,C1-resources-0010,8,49,17531
C1,10,C1-resources-0010,8,50,17514
C1,10,C1-resources-0010,8,51,17654
C1,10,C1-resources-0010,8,52,17519
C1,10,C1-resources-0010,8,53,17527
C1,10,C1-resources-0010,8,54,19946
C1,10,C1-resources-0010,8,55,17510
C1,10,C1-resources-0010,8,56,17606
C1,10,C1-resources-0010,8,57,17756
C1,10,C1-resources-0010,8,58,17537
C1,10,C1-resources-0010,8,59,17643
C1,10,C1-resources-0010,8,60,17707
C1,10,C1-resources-0010,8,61,17323
C1,10,C1-resources-0010,8,62,17477
C1,10,C1-resources-0010,8,63,17544
C1,10,C1-resources-0010,8,64,17501
C1,10,C1-resources-0010,8,65,17652
C1,10,C1-resources-0010,8,66,17299
C1,10,C1-resources-0010,8,67,17356
C1,10,C1-resources-0010,8,68,17519
C1,10,C1-resources-0010,8,69,17488
C1,10,C1-resources-0010,8,70,17521
C1,10,C1-resources-0010,8,71,17343
C1,10,C1-resources-0010,8,72,18146
C1,10,C1-resources-0010,8,73,17388
C1,10,C1-resources-0010,8,74,17535
C1,10,C1-resources-0010,8,75,17387
C1,10,C1-resources-0010,8,76,17802
C1,10,C1-resources-0010,8,77,17509
C1,10,C1-resources-0010,8,78,17461
C1,10,C1-resources-0010,8,79,17678
C1,10,C1-resources-0010,8,80,17428
C1,10,C1-resources-0010,8,81,17454
C1,10,C1-resources-0010,8,82,17633
C1,10,C1-resources-0010,8,83,17701
C1,10,C1-resources-0010,8,84,17538
C1,10,C1-resources-0010,8,85,17719
C1,10,C1-resources-0010,8,86,17540
C1,10,C1-resources-0010,8,87,17581
C1,10,C1-resources-0010,8,88,17691
C1,10,C1-resources-0010,8,89,17513
C1,10,C1-resources-0010,8,90,18329
C1,10,C1-resources-0010,8,91,17513
C1,10,C1-resources-0010,8,92,17464
C1,10,C1-resources-0010,8,93,17525
C1,10,C1-resources-0010,8,94,17458
C1,10,C1-resources-0010,8,95,17494
C1,10,C1-resources-0010,8,96,17676
C1,10,C1-resources-0010,8,97,17596
C1,10,C1-resources-0010,8,98,17528
C1,10,C1-resources-0010,8,99,17480
C1,10,C1-resources-0010,8,100,17847
C5,1500,C5-resources-1500,1,1,1276846
C5,1500,C5-resources-1500,1,2,1245391
C5,1500,C5-resources-1500,1,3,1244980
C5,1500,C5-resources-1500,1,4,1276589
C5,1500,C5-resources-1500,1,5,1215022
C5,1500,C5-resources-1500,1,6,1199217
C5,1500,C5-resources-1500,1,7,1212538
C5,1500,C5-resources-1500,1,8,1282722
C5,1500,C5-resources-1500,1,9,1253331
C5,1500,C5-resources-1500,1,10,1256462
C5,1500,C5-resources-1500,1,11,1263791
C5,1500,C5-resources-1500,1,12,1270793
C5,1500,C5-resources-1500,1,13,1266994
C5,1500,C5-resources-1500,1,14,1271938
C5,1500,C5-resources-1500,1,15,1307582
C5,1500,C5-resources-1500,1,16,1261028
C5,1500,C5-resources-1500,1,17,1260668
C5,1500,C5-resources-1500,1,18,1264268
C5,1500,C5-resources-1500,1,19,1275152
C5,1500,C5-resources-1500,1,20,1378270
C5,1500,C5-resources-1500,1,21,1297655
C5,1500,C5-resources-1500,1,22,1291453
C5,1500,C5-resources-1500,1,23,1327296
C5,1500,C5-resources-1500,1,24,1259768
C5,1500,C5-resources-1500,1,25,1220257
C5,1500,C5-resources-1500,1,26,1325301
C5,1500,C5-resources-1500,1,27,1226634
C5,1500,C5-resources-1500,1,28,1245744
C5,1500,C5-resources-1500,1,29,1224027
C5,1500,C5-resources-1500,1,30,1231405
C5,1500,C5-resources-1500,1,31,1206904
C5,1500,C5-resources-1500,1,32,1237487
C5,1500,C5-resources-1500,1,33,1268848
C5,1500,C5-resources-1500,1,34,1265589
C5,1500,C5-resources-1500,1,35,1232642
C5,1500,C5-resources-1500,1,36,1244435
C5,1500,C5-resources-1500,1,37,1236907
C5,1500,C5-resources-1500,1,38,1243798
C5,1500,C5-resources-1500,1,39,1253822
C5,1500,C5-resources-1500,1,40,1272500
C5,1500,C5-resources-1500,1,41,1350706
C5,1500,C5-resources-1500,1,42,1420244
C5,1500,C5-resources-1500,1,43,1279292
C5,1500,C5-resources-1500,1,44,1318995
C5,1500,C5-resources-1500,1,45,1338449
C5,1500,C5-resources-1500,1,46,1235496
C5,1500,C5-resources-1500,1,47,1243614
C5,1500,C5-resources-1500,1,48,1311324
C5,1500,C5-resources-1500,1,49,1228776
C5,1500,C5-resources-1500,1,50,1231122
C5,1500,C5-resources-1500,1,51,1215448
C5,1500,C5-resources-1500,1,52,1240320
C5,1500,C5-resources-1500,1,53,1236130
C5,1500,C5-resources-1500,1,54,1227696
C5,1500,C5-resources-1500,1,55,1264289
C5,1500,C5-resources-1500,1,56,1271698
C5,1500,C5-resources-1500,1,57,1244727
C5,1500,C5-resources-1500,1,58,1246989
C5,1500,C5-resources-1500,1,59,1253359
C5,1500,C5-resources-1500,1,60,1200108
C5,1500,C5-resources-1500,1,61,1262570
C5,1500,C5-resources-1500,1,62,1228530
C5,1500,C5-resources-1500,1,63,1238476
C5,1500,C5-resources-1500,1,64,1218437
C5,1500,C5-resources-1500,1,65,1235523
C5,1500,C5-resources-1500,1,66,1242937
C5,1500,C5-resources-1500,1,67,1233487
C5,1500,C5-resources-1500,1,68,1264439
C5,1500,C5-resources-1500,1,69,1236039
C5,1500,C5-resources-1500,1,70,1261982
C5,1500,C5-resources-1500,1,71,1251893
C5,1500,C5-resources-1500,1,72,1245506
C5,1500,C5-resources-1500,1,73,1211764
C5,1500,C5-resources-1500,1,74,4894555
C5,1500,C5-resources-1500,1,75,1355502
C5,1500,C5-resources-1500,1,76,1254107
C5,1500,C5-resources-1500,1,77,1227792
C5,1500,C5-resources-1500,1,78,1224944
C5,1500,C5-resources-1500,1,79,1193568
C5,1500,C5-resources-1500,1,80,1215855
C5,1500,C5-resources-1500,1,81,1255939
C5,1500,C5-resources-1500,1,82,1228897
C5,1500,C5-resources-1500,1,83,1258632
C5,1500,C5-resources-1500,1,84,1341647
C5,1500,C5-resources-1500,1,85,1325302
C5,1500,C5-resources-1500,1,86,1315749
C5,1500,C5-resources-1500,1,87,1301682
C5,1500,C5-resources-1500,1,88,1287489
C5,1500,C5-resources-1500,1,89,1252735
C5,1500,C5-resources-1500,1,90,1349926
C5,1500,C5-resources-1500,1,91,1285504
C5,1500,C5-resources-1500,1,92,1216069
C5,1500,C5-resources-1500,1,93,1253103
C5,1500,C5-resources-1500,1,94,1259208
C5,1500,C5-resources-1500,1,95,1227969
C5,1500,C5-resources-1500,1,96,1207420
C5,1500,C5-resources-1500,1,97,1251623
C5,1500,C5-resources-1500,1,98,1221812
C5,1500,C5-resources-1500,1,99,1252630
C5,1500,C5-resources-1500,1,100,1263580
C5,1500,C5-resources-1500,2,1,1240813
C5,1500,C5-resources-1500,2,2,1255187
C5,1500,C5-resources-1500,2,3,1255576
C5,1500,C5-resources-1500,2,4,1262082
C5,1500,C5-resources-1500,2,5,1250450
C5,1500,C5-resources-1500,2,6,1270823
C5,1500,C5-resources-1500,2,7,1208234
C5,1500,C5-resources-1500,2,8,1244620
C5,1500,C5-resources-1500,2,9,1288083
C5,1500,C5-resources-1500,2,10,1276249
C5,1500,C5-resources-1500,2,11,1246807
C5,1500,C5-resources-1500,2,12,1260424
C5,1500,C5-resources-1500,2,13,1253087
C5,1500,C5-resources-1500,2,14,1237324
C5,1500,C5-resources-1500,2,15,1245810
C5,1500,C5-resources-1500,2,16,1290261
C5,1500,C5-resources-1500,2,17,1321402
C5,1500,C5-resources-1500,2,18,1269328
C5,1500,C5-resources-1500,2,19,1312723
C5,1500,C5-resources-1500,2,20,1298718
C5,1500,C5-resources-1500,2,21,1247806
C5,1500,C5-resources-1500,2,22,1258032
C5,1500,C5-resources-1500,2,23,1233687
C5,1500,C5-resources-1500,2,24,1243767
C5,1500,C5-resources-1500,2,25,1262139
C5,1500,C5-resources-1500,2,26,1270306
C5,1500,C5-resources-1500,2,27,1249025
C5,1500,C5-resources-1500,2,28,1267732
C5,1500,C5-resources-1500,2,29,1265329
C5,1500,C5-resources-1500,2,30,1205522
C5,1500,C5-resources-1500,2,31,1213658
C5,1500,C5-resources-1500,2,32,1229238
C5,1500,C5-resources-1500,2,33,1243316
C5,1500,C5-resources-1500,2,34,1238234
C5,1500,C5-resources-1500,2,35,1258526
C5,1500,C5-resources-1500,2,36,1237316
C5,1500,C5-resources-1500,2,37,1308363
C5,1500,C5-resources-1500,2,38,1331752
C5,1500,C5-resources-1500,2,39,1296520
C5,1500,C5-resources-1500,2,40,1255544
C5,1500,C5-resources-1500,2,41,1353342
C5,1500,C5-resources-1500,2,42,1263597
C5,1500,C5-resources-1500,2,43,1341254
C5,1500,C5-resources-1500,2,44,1339005
C5,1500,C5-resources-1500,2,45,1249828
C5,1500,C5-resources-1500,2,46,1214988
C5,1500,C5-resources-1500,2,47,1222846
C5,1500,C5-resources-1500,2,48,1231510
C5,1500,C5-resources-1500,2,49,1209120
C5,1500,C5-resources-1500,2,50,1241346
C5,1500,C5-resources-1500,2,51,1236095
C5,1500,C5-resources-1500,2,52,1224020
C5,1500,C5-resources-1500,2,53,1233254
C5,1500,C5-resources-1500,2,54,1274115
C5,1500,C5-resources-1500,2,55,1262255
C5,1500,C5-resources-1500,2,56,1214403
C5,1500,C5-resources-1500,2,57,1294982
C5,1500,C5-resources-1500,2,58,1265346
C5,1500,C5-resources-1500,2,59,1244113
C5,1500,C5-resources-1500,2,60,1273310
C5,1500,C5-resources-1500,2,61,1289615
C5,1500,C5-resources-1500,2,62,1267638
C5,1500,C5-resources-1500,2,63,1280584
C5,1500,C5-resources-1500,2,64,1263543
C5,1500,C5-resources-1500,2,65,1355039
C5,1500,C5-resources-1500,2,66,1303746
C5,1500,C5-resources-1500,2,67,1237566
C5,1500,C5-resources-1500,2,68,1213652
C5,1500,C5-resources-1500,2,69,1215528
C5,1500,C5-resources-1500,2,70,1272281
C5,1500,C5-resources-1500,2,71,1231844
C5,1500,C5-resources-1500,2,72,1228250
C5,1500,C5-resources-1500,2,73,1261304
C5,1500,C5-resources-1500,2,74,1212670
C5,1500,C5-resources-1500,2,75,1206481
C5,1500,C5-resources-1500,2,76,1239249
C5,1500,C5-resources-1500,2,77,1213794
C5,1500,C5-resources-1500,2,78,1198269
C5,1500,C5-resources-1500,2,79,1230920
C5,1500,C5-resources-1500,2,80,1233516
C5,1500,C5-resources-1500,2,81,1213965
C5,1500,C5-resources-1500,2,82,1308875
C5,1500,C5-resources-1500,2,83,1273917
C5,1500,C5-resources-1500,2,84,1247146
C5,1500,C5-resources-1500,2,85,1291277
C5,1500,C5-resources-1500,2,86,1286968
C5,1500,C5-resources-1500,2,87,1355930
C5,1500,C5-resources-1500,2,88,1382816
C5,1500,C5-resources-1500,2,89,1278956
C5,1500,C5-resources-1500,2,90,1239888
C5,1500,C5-resources-1500,2,91,1243992
C5,1500,C5-resources-1500,2,92,1244212
C5,1500,C5-resources-1500,2,93,1265302
C5,1500,C5-resources-1500,2,94,1242812
C5,1500,C5-resources-1500,2,95,1270517
C5,1500,C5-resources-1500,2,96,1250769
C5,1500,C5-resources-1500,2,97,1228465
C5,1500,C5-resources-1500,2,98,1301967
C5,1500,C5-resources-1500,2,99,1224741
C5,1500,C5-resources-1500,2,100,1207111
C5,1500,C5-resources-1500,3,1,1222310
C5,1500,C5-resources-1500,3,2,1229145
C5,1500,C5-resources-1500,3,3,1234125
C5,1500,C5-resources-1500,3,4,1250634
C5,1500,C5-resources-1500,3,5,1213349
C5,1500,C5-resources-1500,3,6,1212510
C5,1500,C5-resources-1500,3,7,1235919
C5,1500,C5-resources-1500,3,8,1279839
C5,1500,C5-resources-1500,3,9,1347755
C5,1500,C5-resources-1500,3,10,1309481
C5,1500,C5-resources-1500,3,11,1273141
C5,1500,C5-resources-1500,3,12,1242379
C5,1500,C5-resources-1500,3,13,1278446
C5,1500,C5-resources-1500,3,14,1269191
C5,1500,C5-resources-1500,3,15,1254594
C5,1500,C5-resources-1500,3,16,1245911
C5,1500,C5-resources-1500,3,17,1256009
C5,1500,C5-resources-1500,3,18,1225758
C5,1500,C5-resources-1500,3,19,1207536
C5,1500,C5-resources-1500,3,20,1245097
C5,1500,C5-resources-1500,3,21,2296805
C5,1500,C5-resources-1500,3,22,1312147
C5,1500,C5-resources-1500,3,23,1298183
C5,1500,C5-resources-1500,3,24,1223316
C5,1500,C5-resources-1500,3,25,1236708
C5,1500,C5-resources-1500,3,26,1254935
C5,1500,C5-resources-1500,3,27,1229736
C5,1500,C5-resources-1500,3,28,1217917
C5,1500,C5-resources-1500,3,29,1241539
C5,1500,C5-resources-1500,3,30,1284662
C5,1500,C5-resources-1500,3,31,1265148
C5,1500,C5-resources-1500,3,32,1296709
C5,1500,C5-resources-1500,3,33,1272367
C5,1500,C5-resources-1500,3,34,1218665
C5,1500,C5-resources-1500,3,35,1268251
C5,1500,C5-resources-1500,3,36,1223049
C5,1500,C5-resources-1500,3,37,1256433
C5,1500,C5-resources-1500,3,38,1289608
C5,1500,C5-resources-1500,3,39,1299464
C5,1500,C5-resources-1500,3,40,1271283
C5,1500,C5-resources-1500,3,41,1249866
C5,1500,C5-resources-1500,3,42,1306420
C5,1500,C5-resources-1500,3,43,1229995
C5,1500,C5-resources-1500,3,44,1253233
C5,1500,C5-resources-1500,3,45,1265818
C5,1500,C5-resources-1500,3,46,1213207
C5,1500,C5-resources-1500,3,47,1226092
C5,1500,C5-resources-1500,3,48,1249768
C5,1500,C5-resources-1500,3,49,1271821
C5,1500,C5-resources-1500,3,50,1252671
C5,1500,C5-resources-1500,3,51,1238661
C5,1500,C5-resources-1500,3,52,1261737
C5,1500,C5-resources-1500,3,53,1232225
C5,1500,C5-resources-1500,3,54,1268688
C5,1500,C5-resources-1500,3,55,1278708
C5,1500,C5-resources-1500,3,56,1281544
C5,1500,C5-resources-1500,3,57,1306889
C5,1500,C5-resources-1500,3,58,1267157
C5,1500,C5-resources-1500,3,59,1325746
C5,1500,C5-resources-1500,3,60,1352247
C5,1500,C5-resources-1500,3,61,1321135
C5,1500,C5-resources-1500,3,62,1291668
C5,1500,C5-resources-1500,3,63,1422716
C5,1500,C5-resources-1500,3,64,1239680
C5,1500,C5-resources-1500,3,65,1199592
C5,1500,C5-resources-1500,3,66,1246451
C5,1500,C5-resources-1500,3,67,1284776
C5,1500,C5-resources-1500,3,68,1262867
C5,1500,C5-resources-1500,3,69,1209518
C5,1500,C5-resources-1500,3,70,1289335
C5,1500,C5-resources-1500,3,71,1235936
C5,1500,C5-resources-1500,3,72,1195795
C5,1500,C5-resources-1500,3,73,1227956
C5,1500,C5-resources-1500,3,74,1252652
C5,1500,C5-resources-1500,3,75,1257459
C5,1500,C5-resources-1500,3,76,1265331
C5,1500,C5-resources-1500,3,77,1264976
C5,1500,C5-resources-1500,3,78,1246264
C5,1500,C5-resources-1500,3,79,1295834
C5,1500,C5-resources-1500,3,80,1290927
C5,1500,C5-resources-1500,3,81,1400207
C5,1500,C5-resources-1500,3,82,1392281
C5,1500,C5-resources-1500,3,83,1261248
C5,1500,C5-resources-1500,3,84,1308738
C5,1500,C5-resources-1500,3,85,1290913
C5,1500,C5-resources-1500,3,86,1309187
C5,1500,C5-resources-1500,3,87,1268153
C5,1500,C5-resources-1500,3,88,1253480
C5,1500,C5-resources-1500,3,89,1449483
C5,1500,C5-resources-1500,3,90,1280984
C5,1500,C5-resources-1500,3,91,1265303
C5,1500,C5-resources-1500,3,92,1293798
C5,1500,C5-resources-1500,3,93,1219863
C5,1500,C5-resources-1500,3,94,1211409
C5,1500,C5-resources-1500,3,95,1282291
C5,1500,C5-resources-1500,3,96,1237291
C5,1500,C5-resources-1500,3,97,1261620
C5,1500,C5-resources-1500,3,98,1264778
C5,1500,C5-resources-1500,3,99,1215537
C5,1500,C5-resources-1500,3,100,1256430
C5,1500,C5-resources-1500,4,1,1289554
C5,1500,C5-resources-1500,4,2,1290620
C5,1500,C5-resources-1500,4,3,1261782
C5,1500,C5-resources-1500,4,4,1301802
C5,1500,C5-resources-1500,4,5,1218452
C5,1500,C5-resources-1500,4,6,1303271
C5,1500,C5-resources-1500,4,7,1237693
C5,1500,C5-resources-1500,4,8,1227576
C5,1500,C5-resources-1500,4,9,1213784
C5,1500,C5-resources-1500,4,10,1259868
C5,1500,C5-resources-1500,4,11,1316022
C5,1500,C5-resources-1500,4,12,1268681
C5,1500,C5-resources-1500,4,13,1244920
C5,1500,C5-resources-1500,4,14,1275484
C5,1500,C5-resources-1500,4,15,1246152
C5,1500,C5-resources-1500,4,16,1203957
C5,1500,C5-resources-1500,4,17,1253710
C5,1500,C5-resources-1500,4,18,1219333
C5,1500,C5-resources-1500,4,19,1240318
C5,1500,C5-resources-1500,4,20,1238142
C5,1500,C5-resources-1500,4,21,1203906
C5,1500,C5-resources-1500,4,22,1204924
C5,1500,C5-resources-1500,4,23,1300294
C5,1500,C5-resources-1500,4,24,1307047
C5,1500,C5-resources-1500,4,25,1260214
C5,1500,C5-resources-1500,4,26,1331988
C5,1500,C5-resources-1500,4,27,1284205
C5,1500,C5-resources-1500,4,28,1281337
C5,1500,C5-resources-1500,4,29,1231393
C5,1500,C5-resources-1500,4,30,1302238
C5,1500,C5-resources-1500,4,31,1246534
C5,1500,C5-resources-1500,4,32,1244489
C5,1500,C5-resources-1500,4,33,1250959
C5,1500,C5-resources-1500,4,34,1276592
C5,1500,C5-resources-1500,4,35,1268646
C5,1500,C5-resources-1500,4,36,1242710
C5,1500,C5-resources-1500,4,37,1220979
C5,1500,C5-resources-1500,4,38,1222467
C5,1500,C5-resources-1500,4,39,1247674
C5,1500,C5-resources-1500,4,40,1233034
C5,1500,C5-resources-1500,4,41,1223406
C5,1500,C5-resources-1500,4,42,1255361
C5,1500,C5-resources-1500,4,43,1242233
C5,1500,C5-resources-1500,4,44,1226386
C5,1500,C5-resources-1500,4,45,1222511
C5,1500,C5-resources-1500,4,46,1276525
C5,1500,C5-resources-1500,4,47,1279917
C5,1500,C5-resources-1500,4,48,1313155
C5,1500,C5-resources-1500,4,49,1412641
C5,1500,C5-resources-1500,4,50,1280294
C5,1500,C5-resources-1500,4,51,1259983
C5,1500,C5-resources-1500,4,52,1299958
C5,1500,C5-resources-1500,4,53,1248330
C5,1500,C5-resources-1500,4,54,1280447
C5,1500,C5-resources-1500,4,55,1264084
C5,1500,C5-resources-1500,4,56,1288548
C5,1500,C5-resources-1500,4,57,1254341
C5,1500,C5-resources-1500,4,58,1259447
C5,1500,C5-resources-1500,4,59,1230842
C5,1500,C5-resources-1500,4,60,1238533
C5,1500,C5-resources-1500,4,61,1259699
C5,1500,C5-resources-1500,4,62,1228360
C5,1500,C5-resources-1500,4,63,1279953
C5,1500,C5-resources-1500,4,64,1257541
C5,1500,C5-resources-1500,4,65,1252375
C5,1500,C5-resources-1500,4,66,1237587
C5,1500,C5-resources-1500,4,67,1232957
C5,1500,C5-resources-1500,4,68,1295697
C5,1500,C5-resources-1500,4,69,2250202
C5,1500,C5-resources-1500,4,70,1459809
C5,1500,C5-resources-1500,4,71,1292068
C5,1500,C5-resources-1500,4,72,1247792
C5,1500,C5-resources-1500,4,73,1284881
C5,1500,C5-resources-1500,4,74,1228164
C5,1500,C5-resources-1500,4,75,1266243
C5,1500,C5-resources-1500,4,76,1267337
C5,1500,C5-resources-1500,4,77,1265182
C5,1500,C5-resources-1500,4,78,1264753
C5,1500,C5-resources-1500,4,79,1332077
C5,1500,C5-resources-1500,4,80,1259167
C5,1500,C5-resources-1500,4,81,1262583
C5,1500,C5-resources-1500,4,82,1245018
C5,1500,C5-resources-1500,4,83,1231002
C5,1500,C5-resources-1500,4,84,1279530
C5,1500,C5-resources-1500,4,85,1232290
C5,1500,C5-resources-1500,4,86,1239149
C5,1500,C5-resources-1500,4,87,1223232
C5,1500,C5-resources-1500,4,88,1207671
C5,1500,C5-resources-1500,4,89,1227468
C5,1500,C5-resources-1500,4,90,1228863
C5,1500,C5-resources-1500,4,91,1205013
C5,1500,C5-resources-1500,4,92,1243409
C5,1500,C5-resources-1500,4,93,1217733
C5,1500,C5-resources-1500,4,94,1218752
C5,1500,C5-resources-1500,4,95,1300386
C5,1500,C5-resources-1500,4,96,1237344
C5,1500,C5-resources-1500,4,97,1246370
C5,1500,C5-resources-1500,4,98,1266285
C5,1500,C5-resources-1500,4,99,1274585
C5,1500,C5-resources-1500,4,100,1331853
C5,1500,C5-resources-1500,5,1,1348948
C5,1500,C5-resources-1500,5,2,1303417
C5,1500,C5-resources-1500,5,3,1236124
C5,1500,C5-resources-1500,5,4,1233447
C5,1500,C5-resources-1500,5,5,1240607
C5,1500,C5-resources-1500,5,6,1219891
C5,1500,C5-resources-1500,5,7,1283770
C5,1500,C5-resources-1500,5,8,1382462
C5,1500,C5-resources-1500,5,9,1235448
C5,1500,C5-resources-1500,5,10,1220667
C5,1500,C5-resources-1500,5,11,1278015
C5,1500,C5-resources-1500,5,12,1220095
C5,1500,C5-resources-1500,5,13,1242390
C5,1500,C5-resources-1500,5,14,1251184
C5,1500,C5-resources-1500,5,15,1243811
C5,1500,C5-resources-1500,5,16,1217117
C5,1500,C5-resources-1500,5,17,1220668
C5,1500,C5-resources-1500,5,18,1225508
C5,1500,C5-resources-1500,5,19,1224441
C5,1500,C5-resources-1500,5,20,1308537
C5,1500,C5-resources-1500,5,21,1278928
C5,1500,C5-resources-1500,5,22,1239039
C5,1500,C5-resources-1500,5,23,1224090
C5,1500,C5-resources-1500,5,24,1284970
C5,1500,C5-resources-1500,5,25,1244392
C5,1500,C5-resources-1500,5,26,1255442
C5,1500,C5-resources-1500,5,27,1266242
C5,1500,C5-resources-1500,5,28,1290398
C5,1500,C5-resources-1500,5,29,1313503
C5,1500,C5-resources-1500,5,30,1291233
C5,1500,C5-resources-1500,5,31,1236029
C5,1500,C5-resources-1500,5,32,1243101
C5,1500,C5-resources-1500,5,33,1310863
C5,1500,C5-resources-1500,5,34,1266989
C5,1500,C5-resources-1500,5,35,1267118
C5,1500,C5-resources-1500,5,36,1266748
C5,1500,C5-resources-1500,5,37,1216073
C5,1500,C5-resources-1500,5,38,1246101
C5,1500,C5-resources-1500,5,39,1240553
C5,1500,C5-resources-1500,5,40,1249307
C5,1500,C5-resources-1500,5,41,1200994
C5,1500,C5-resources-1500,5,42,1219820
C5,1500,C5-resources-1500,5,43,1221135
C5,1500,C5-resources-1500,5,44,1264303
C5,1500,C5-resources-1500,5,45,1271016
C5,1500,C5-resources-1500,5,46,1283276
C5,1500,C5-resources-1500,5,47,1274471
C5,1500,C5-resources-1500,5,48,1306005
C5,1500,C5-resources-1500,5,49,1340541
C5,1500,C5-resources-1500,5,50,1297521
C5,1500,C5-resources-1500,5,51,1318132
C5,1500,C5-resources-1500,5,52,1319282
C5,1500,C5-resources-1500,5,53,1246180
C5,1500,C5-resources-1500,5,54,1261775
C5,1500,C5-resources-1500,5,55,1276605
C5,1500,C5-resources-1500,5,56,1206788
C5,1500,C5-resources-1500,5,57,1200583
C5,1500,C5-resources-1500,5,58,1197425
C5,1500,C5-resources-1500,5,59,1246142
C5,1500,C5-resources-1500,5,60,1241714
C5,1500,C5-resources-1500,5,61,1293979
C5,1500,C5-resources-1500,5,62,1327323
C5,1500,C5-resources-1500,5,63,1247988
C5,1500,C5-resources-1500,5,64,1238388
C5,1500,C5-resources-1500,5,65,1284130
C5,1500,C5-resources-1500,5,66,1202065
C5,1500,C5-resources-1500,5,67,1217734
C5,1500,C5-resources-1500,5,68,1312691
C5,1500,C5-resources-1500,5,69,1280315
C5,1500,C5-resources-1500,5,70,1264778
C5,1500,C5-resources-1500,5,71,1326588
C5,1500,C5-resources-1500,5,72,1260759
C5,1500,C5-resources-1500,5,73,1323693
C5,1500,C5-resources-1500,5,74,1296537
C5,1500,C5-resources-1500,5,75,1229829
C5,1500,C5-resources-1500,5,76,1221200
C5,1500,C5-resources-1500,5,77,1259213
C5,1500,C5-resources-1500,5,78,1207495
C5,1500,C5-resources-1500,5,79,1216730
C5,1500,C5-resources-1500,5,80,1228031
C5,1500,C5-resources-1500,5,81,1253357
C5,1500,C5-resources-1500,5,82,1269168
C5,1500,C5-resources-1500,5,83,1251219
C5,1500,C5-resources-1500,5,84,1271616
C5,1500,C5-resources-1500,5,85,1279524
C5,1500,C5-resources-1500,5,86,1204201
C5,1500,C5-resources-1500,5,87,1269266
C5,1500,C5-resources-1500,5,88,1280591
C5,1500,C5-resources-1500,5,89,1270116
C5,1500,C5-resources-1500,5,90,1317315
C5,1500,C5-resources-1500,5,91,1227934
C5,1500,C5-resources-1500,5,92,1231489
C5,1500,C5-resources-1500,5,93,1291687
C5,1500,C5-resources-1500,5,94,1267061
C5,1500,C5-resources-1500,5,95,1231005
C5,1500,C5-resources-1500,5,96,1324264
C5,1500,C5-resources-1500,5,97,1361675
C5,1500,C5-resources-1500,5,98,1369259
C5,1500,C5-resources-1500,5,99,1347333
C5,1500,C5-resources-1500,5,100,1307184
C5,1500,C5-resources-1500,6,1,1254489
C5,1500,C5-resources-1500,6,2,1306266
C5,1500,C5-resources-1500,6,3,1321700
C5,1500,C5-resources-1500,6,4,1239655
C5,1500,C5-resources-1500,6,5,1240994
C5,1500,C5-resources-1500,6,6,1221876
C5,1500,C5-resources-1500,6,7,1203954
C5,1500,C5-resources-1500,6,8,1207111
C5,1500,C5-resources-1500,6,9,1239050
C5,1500,C5-resources-1500,6,10,1207130
C5,1500,C5-resources-1500,6,11,1227169
C5,1500,C5-resources-1500,6,12,1244743
C5,1500,C5-resources-1500,6,13,1209321
C5,1500,C5-resources-1500,6,14,1277204
C5,1500,C5-resources-1500,6,15,1291970
C5,1500,C5-resources-1500,6,16,1239437
C5,1500,C5-resources-1500,6,17,2847545
C5,1500,C5-resources-1500,6,18,1417066
C5,1500,C5-resources-1500,6,19,1325310
C5,1500,C5-resources-1500,6,20,1308820
C5,1500,C5-resources-1500,6,21,1337347
C5,1500,C5-resources-1500,6,22,1229043
C5,1500,C5-resources-1500,6,23,1212539
C5,1500,C5-resources-1500,6,24,1297550
C5,1500,C5-resources-1500,6,25,1271818
C5,1500,C5-resources-1500,6,26,1208301
C5,1500,C5-resources-1500,6,27,1237783
C5,1500,C5-resources-1500,6,28,1213563
C5,1500,C5-resources-1500,6,29,1223111
C5,1500,C5-resources-1500,6,30,1223176
C5,1500,C5-resources-1500,6,31,1228360
C5,1500,C5-resources-1500,6,32,1219757
C5,1500,C5-resources-1500,6,33,1240038
C5,1500,C5-resources-1500,6,34,1226300
C5,1500,C5-resources-1500,6,35,1237044
C5,1500,C5-resources-1500,6,36,1312820
C5,1500,C5-resources-1500,6,37,1254652
C5,1500,C5-resources-1500,6,38,1263804
C5,1500,C5-resources-1500,6,39,1300533
C5,1500,C5-resources-1500,6,40,1345162
C5,1500,C5-resources-1500,6,41,1259902
C5,1500,C5-resources-1500,6,42,1233581
C5,1500,C5-resources-1500,6,43,1256933
C5,1500,C5-resources-1500,6,44,1206504
C5,1500,C5-resources-1500,6,45,1213643
C5,1500,C5-resources-1500,6,46,1251318
C5,1500,C5-resources-1500,6,47,1275179
C5,1500,C5-resources-1500,6,48,1258988
C5,1500,C5-resources-1500,6,49,1297044
C5,1500,C5-resources-1500,6,50,1240252
C5,1500,C5-resources-1500,6,51,1241769
C5,1500,C5-resources-1500,6,52,1265022
C5,1500,C5-resources-1500,6,53,1214100
C5,1500,C5-resources-1500,6,54,1203012
C5,1500,C5-resources-1500,6,55,1299914
C5,1500,C5-resources-1500,6,56,1274593
C5,1500,C5-resources-1500,6,57,1262053
C5,1500,C5-resources-1500,6,58,1266473
C5,1500,C5-resources-1500,6,59,1261983
C5,1500,C5-resources-1500,6,60,1230063
C5,1500,C5-resources-1500,6,61,1200624
C5,1500,C5-resources-1500,6,62,1245852
C5,1500,C5-resources-1500,6,63,1287360
C5,1500,C5-resources-1500,6,64,1281920
C5,1500,C5-resources-1500,6,65,1247253
C5,1500,C5-resources-1500,6,66,1258988
C5,1500,C5-resources-1500,6,67,1236780
C5,1500,C5-resources-1500,6,68,1225050
C5,1500,C5-resources-1500,6,69,1224412
C5,1500,C5-resources-1500,6,70,1230804
C5,1500,C5-resources-1500,6,71,1271904
C5,1500,C5-resources-1500,6,72,1235729
C5,1500,C5-resources-1500,6,73,1262193
C5,1500,C5-resources-1500,6,74,1250547
C5,1500,C5-resources-1500,6,75,1242614
C5,1500,C5-resources-1500,6,76,1235553
C5,1500,C5-resources-1500,6,77,1265215
C5,1500,C5-resources-1500,6,78,1293908
C5,1500,C5-resources-1500,6,79,1264756
C5,1500,C5-resources-1500,6,80,1243645
C5,1500,C5-resources-1500,6,81,1325545
C5,1500,C5-resources-1500,6,82,1315886
C5,1500,C5-resources-1500,6,83,1236340
C5,1500,C5-resources-1500,6,84,1334739
C5,1500,C5-resources-1500,6,85,1300277
C5,1500,C5-resources-1500,6,86,1232156
C5,1500,C5-resources-1500,6,87,1244322
C5,1500,C5-resources-1500,6,88,1239701
C5,1500,C5-resources-1500,6,89,1214868
C5,1500,C5-resources-1500,6,90,1225267
C5,1500,C5-resources-1500,6,91,1224613
C5,1500,C5-resources-1500,6,92,1282547
C5,1500,C5-resources-1500,6,93,1243680
C5,1500,C5-resources-1500,6,94,1275676
C5,1500,C5-resources-1500,6,95,1239835
C5,1500,C5-resources-1500,6,96,1208580
C5,1500,C5-resources-1500,6,97,1267136
C5,1500,C5-resources-1500,6,98,1246897
C5,1500,C5-resources-1500,6,99,1205680
C5,1500,C5-resources-1500,6,100,1259283
C5,1500,C5-resources-1500,7,1,1261097
C5,1500,C5-resources-1500,7,2,1268073
C5,1500,C5-resources-1500,7,3,1280911
C5,1500,C5-resources-1500,7,4,1217403
C5,1500,C5-resources-1500,7,5,1252419
C5,1500,C5-resources-1500,7,6,1216691
C5,1500,C5-resources-1500,7,7,1229169
C5,1500,C5-resources-1500,7,8,1229757
C5,1500,C5-resources-1500,7,9,1229983
C5,1500,C5-resources-1500,7,10,1258145
C5,1500,C5-resources-1500,7,11,1223216
C5,1500,C5-resources-1500,7,12,1206559
C5,1500,C5-resources-1500,7,13,1268412
C5,1500,C5-resources-1500,7,14,1261162
C5,1500,C5-resources-1500,7,15,1242320
C5,1500,C5-resources-1500,7,16,1287309
C5,1500,C5-resources-1500,7,17,1236300
C5,1500,C5-resources-1500,7,18,1248357
C5,1500,C5-resources-1500,7,19,1244324
C5,1500,C5-resources-1500,7,20,1247244
C5,1500,C5-resources-1500,7,21,1239488
C5,1500,C5-resources-1500,7,22,1295425
C5,1500,C5-resources-1500,7,23,1230081
C5,1500,C5-resources-1500,7,24,1245574
C5,1500,C5-resources-1500,7,25,1271434
C5,1500,C5-resources-1500,7,26,1226913
C5,1500,C5-resources-1500,7,27,1257586
C5,1500,C5-resources-1500,7,28,1221707
C5,1500,C5-resources-1500,7,29,1245210
C5,1500,C5-resources-1500,7,30,1290409
C5,1500,C5-resources-1500,7,31,1257065
C5,1500,C5-resources-1500,7,32,1274521
C5,1500,C5-resources-1500,7,33,1262198
C5,1500,C5-resources-1500,7,34,1290084
C5,1500,C5-resources-1500,7,35,1339687
C5,1500,C5-resources-1500,7,36,1333728
C5,1500,C5-resources-1500,7,37,1326333
C5,1500,C5-resources-1500,7,38,1314292
C5,1500,C5-resources-1500,7,39,1273540
C5,1500,C5-resources-1500,7,40,1299270
C5,1500,C5-resources-1500,7,41,1275700
C5,1500,C5-resources-1500,7,42,1218864
C5,1500,C5-resources-1500,7,43,1203388
C5,1500,C5-resources-1500,7,44,1260657
C5,1500,C5-resources-1500,7,45,1235331
C5,1500,C5-resources-1500,7,46,1224259
C5,1500,C5-resources-1500,7,47,1279413
C5,1500,C5-resources-1500,7,48,1223494
C5,1500,C5-resources-1500,7,49,1232064
C5,1500,C5-resources-1500,7,50,1280362
C5,1500,C5-resources-1500,7,51,1281808
C5,1500,C5-resources-1500,7,52,1229881
C5,1500,C5-resources-1500,7,53,1275096
C5,1500,C5-resources-1500,7,54,1286844
C5,1500,C5-resources-1500,7,55,1252186
C5,1500,C5-resources-1500,7,56,1210121
C5,1500,C5-resources-1500,7,57,1235449
C5,1500,C5-resources-1500,7,58,1208269
C5,1500,C5-resources-1500,7,59,1227315
C5,1500,C5-resources-1500,7,60,1258421
C5,1500,C5-resources-1500,7,61,1270264
C5,1500,C5-resources-1500,7,62,1233871
C5,1500,C5-resources-1500,7,63,1256365
C5,1500,C5-resources-1500,7,64,1203764
C5,1500,C5-resources-1500,7,65,2369435
C5,1500,C5-resources-1500,7,66,1364845
C5,1500,C5-resources-1500,7,67,1270729
C5,1500,C5-resources-1500,7,68,1222037
C5,1500,C5-resources-1500,7,69,1300717
C5,1500,C5-resources-1500,7,70,1220718
C5,1500,C5-resources-1500,7,71,1175862
C5,1500,C5-resources-1500,7,72,1217944
C5,1500,C5-resources-1500,7,73,1283494
C5,1500,C5-resources-1500,7,74,1244402
C5,1500,C5-resources-1500,7,75,1244074
C5,1500,C5-resources-1500,7,76,1218588
C5,1500,C5-resources-1500,7,77,1250729
C5,1500,C5-resources-1500,7,78,1274750
C5,1500,C5-resources-1500,7,79,1237316
C5,1500,C5-resources-1500,7,80,1221023
C5,1500,C5-resources-1500,7,81,1214512
C5,1500,C5-resources-1500,7,82,1272321
C5,1500,C5-resources-1500,7,83,1221415
C5,1500,C5-resources-1500,7,84,1237004
C5,1500,C5-resources-1500,7,85,1254505
C5,1500,C5-resources-1500,7,86,1267931
C5,1500,C5-resources-1500,7,87,1239449
C5,1500,C5-resources-1500,7,88,1270367
C5,1500,C5-resources-1500,7,89,1267290
C5,1500,C5-resources-1500,7,90,1225250
C5,1500,C5-resources-1500,7,91,1308946
C5,1500,C5-resources-1500,7,92,1210607
C5,1500,C5-resources-1500,7,93,1238916
C5,1500,C5-resources-1500,7,94,1280836
C5,1500,C5-resources-1500,7,95,1216511
C5,1500,C5-resources-1500,7,96,1225886
C5,1500,C5-resources-1500,7,97,1214894
C5,1500,C5-resources-1500,7,98,1227660
C5,1500,C5-resources-1500,7,99,1225859
C5,1500,C5-resources-1500,7,100,1281731
C5,1500,C5-resources-1500,8,1,1290676
C5,1500,C5-resources-1500,8,2,1246666
C5,1500,C5-resources-1500,8,3,1249934
C5,1500,C5-resources-1500,8,4,1298168
C5,1500,C5-resources-1500,8,5,1241056
C5,1500,C5-resources-1500,8,6,1248895
C5,1500,C5-resources-1500,8,7,1258555
C5,1500,C5-resources-1500,8,8,1206442
C5,1500,C5-resources-1500,8,9,1708750
C5,1500,C5-resources-1500,8,10,1372630
C5,1500,C5-resources-1500,8,11,1373637
C5,1500,C5-resources-1500,8,12,1231841
C5,1500,C5-resources-1500,8,13,1232190
C5,1500,C5-resources-1500,8,14,1328836
C5,1500,C5-resources-1500,8,15,1241635
C5,1500,C5-resources-1500,8,16,1233773
C5,1500,C5-resources-1500,8,17,1361807
C5,1500,C5-resources-1500,8,18,1303048
C5,1500,C5-resources-1500,8,19,1271004
C5,1500,C5-resources-1500,8,20,1224235
C5,1500,C5-resources-1500,8,21,1284872
C5,1500,C5-resources-1500,8,22,1303088
C5,1500,C5-resources-1500,8,23,1255228
C5,1500,C5-resources-1500,8,24,1221679
C5,1500,C5-resources-1500,8,25,1244116
C5,1500,C5-resources-1500,8,26,1286240
C5,1500,C5-resources-1500,8,27,1228688
C5,1500,C5-resources-1500,8,28,1230559
C5,1500,C5-resources-1500,8,29,1245668
C5,1500,C5-resources-1500,8,30,1257358
C5,1500,C5-resources-1500,8,31,1233996
C5,1500,C5-resources-1500,8,32,1246616
C5,1500,C5-resources-1500,8,33,1243935
C5,1500,C5-resources-1500,8,34,1238953
C5,1500,C5-resources-1500,8,35,1236586
C5,1500,C5-resources-1500,8,36,1223383
C5,1500,C5-resources-1500,8,37,1247903
C5,1500,C5-resources-1500,8,38,1274879
C5,1500,C5-resources-1500,8,39,1233444
C5,1500,C5-resources-1500,8,40,1245934
C5,1500,C5-resources-1500,8,41,1241091
C5,1500,C5-resources-1500,8,42,1273562
C5,1500,C5-resources-1500,8,43,1227836
C5,1500,C5-resources-1500,8,44,1223946
C5,1500,C5-resources-1500,8,45,1264041
C5,1500,C5-resources-1500,8,46,1195572
C5,1500,C5-resources-1500,8,47,1220635
C5,1500,C5-resources-1500,8,48,1253192
C5,1500,C5-resources-1500,8,49,1247954
C5,1500,C5-resources-1500,8,50,1229346
C5,1500,C5-resources-1500,8,51,1227477
C5,1500,C5-resources-1500,8,52,1216725
C5,1500,C5-resources-1500,8,53,1231730
C5,1500,C5-resources-1500,8,54,1257118
C5,1500,C5-resources-1500,8,55,1258407
C5,1500,C5-resources-1500,8,56,1201723
C5,1500,C5-resources-1500,8,57,1217541
C5,1500,C5-resources-1500,8,58,1243828
C5,1500,C5-resources-1500,8,59,1191703
C5,1500,C5-resources-1500,8,60,1235358
C5,1500,C5-resources-1500,8,61,1228740
C5,1500,C5-resources-1500,8,62,1233449
C5,1500,C5-resources-1500,8,63,1229492
C5,1500,C5-resources-1500,8,64,1249659
C5,1500,C5-resources-1500,8,65,1217327
C5,1500,C5-resources-1500,8,66,1247188
C5,1500,C5-resources-1500,8,67,1223729
C5,1500,C5-resources-1500,8,68,1242827
C5,1500,C5-resources-1500,8,69,1190988
C5,1500,C5-resources-1500,8,70,1198867
C5,1500,C5-resources-1500,8,71,1287547
C5,1500,C5-resources-1500,8,72,1211323
C5,1500,C5-resources-1500,8,73,1203444
C5,1500,C5-resources-1500,8,74,1257313
C5,1500,C5-resources-1500,8,75,1219335
C5,1500,C5-resources-1500,8,76,1230601
C5,1500,C5-resources-1500,8,77,1222756
C5,1500,C5-resources-1500,8,78,1252923
C5,1500,C5-resources-1500,8,79,1199542
C5,1500,C5-resources-1500,8,80,1246332
C5,1500,C5-resources-1500,8,81,1239710
C5,1500,C5-resources-1500,8,82,1209195
C5,1500,C5-resources-1500,8,83,1245589
C5,1500,C5-resources-1500,8,84,1224293
C5,1500,C5-resources-1500,8,85,1210648
C5,1500,C5-resources-1500,8,86,1272104
C5,1500,C5-resources-1500,8,87,1280996
C5,1500,C5-resources-1500,8,88,1226448
C5,1500,C5-resources-1500,8,89,1230476
C5,1500,C5-resources-1500,8,90,1281618
C5,1500,C5-resources-1500,8,91,1544584
C5,1500,C5-resources-1500,8,92,1370128
C5,1500,C5-resources-1500,8,93,1382483
C5,1500,C5-resources-1500,8,94,1255422
C5,1500,C5-resources-1500,8,95,1356415
C5,1500,C5-resources-1500,8,96,1317434
C5,1500,C5-resources-1500,8,97,1281342
C5,1500,C5-resources-1500,8,98,1213428
C5,1500,C5-resources-1500,8,99,1270387
C5,1500,C5-resources-1500,8,100,1332732
C6,500,C6-resources-0500,1,1,2847530
C6,500,C6-resources-0500,1,2,2915061
C6,500,C6-resources-0500,1,3,2937197
C6,500,C6-resources-0500,1,4,2951049
C6,500,C6-resources-0500,1,5,2903076
C6,500,C6-resources-0500,1,6,3046662
C6,500,C6-resources-0500,1,7,2890285
C6,500,C6-resources-0500,1,8,2984218
C6,500,C6-resources-0500,1,9,2861097
C6,500,C6-resources-0500,1,10,2856896
C6,500,C6-resources-0500,1,11,2890967
C6,500,C6-resources-0500,1,12,2881445
C6,500,C6-resources-0500,1,13,2924458
C6,500,C6-resources-0500,1,14,2896345
C6,500,C6-resources-0500,1,15,2856498
C6,500,C6-resources-0500,1,16,2822565
C6,500,C6-resources-0500,1,17,2951566
C6,500,C6-resources-0500,1,18,2856343
C6,500,C6-resources-0500,1,19,2859831
C6,500,C6-resources-0500,1,20,2934596
C6,500,C6-resources-0500,1,21,2843360
C6,500,C6-resources-0500,1,22,2898727
C6,500,C6-resources-0500,1,23,2878744
C6,500,C6-resources-0500,1,24,2891004
C6,500,C6-resources-0500,1,25,2888013
C6,500,C6-resources-0500,1,26,2920375
C6,500,C6-resources-0500,1,27,2875847
C6,500,C6-resources-0500,1,28,2896423
C6,500,C6-resources-0500,1,29,2850078
C6,500,C6-resources-0500,1,30,2951192
C6,500,C6-resources-0500,1,31,2964735
C6,500,C6-resources-0500,1,32,3071329
C6,500,C6-resources-0500,1,33,3223896
C6,500,C6-resources-0500,1,34,2938914
C6,500,C6-resources-0500,1,35,2853727
C6,500,C6-resources-0500,1,36,2898465
C6,500,C6-resources-0500,1,37,2878968
C6,500,C6-resources-0500,1,38,2906306
C6,500,C6-resources-0500,1,39,2877485
C6,500,C6-resources-0500,1,40,3399945
C6,500,C6-resources-0500,1,41,5144162
C6,500,C6-resources-0500,1,42,3177464
C6,500,C6-resources-0500,1,43,2936525
C6,500,C6-resources-0500,1,44,2925315
C6,500,C6-resources-0500,1,45,2914360
C6,500,C6-resources-0500,1,46,2803557
C6,500,C6-resources-0500,1,47,2808857
C6,500,C6-resources-0500,1,48,2810712
C6,500,C6-resources-0500,1,49,2814870
C6,500,C6-resources-0500,1,50,2790449
C6,500,C6-resources-0500,1,51,2825444
C6,500,C6-resources-0500,1,52,2836906
C6,500,C6-resources-0500,1,53,2783985
C6,500,C6-resources-0500,1,54,2797627
C6,500,C6-resources-0500,1,55,2892610
C6,500,C6-resources-0500,1,56,2823887
C6,500,C6-resources-0500,1,57,2833951
C6,500,C6-resources-0500,1,58,2880428
C6,500,C6-resources-0500,1,59,2853512
C6,500,C6-resources-0500,1,60,2794583
C6,500,C6-resources-0500,1,61,2842481
C6,500,C6-resources-0500,1,62,2831982
C6,500,C6-resources-0500,1,63,2774318
C6,500,C6-resources-0500,1,64,2789021
C6,500,C6-resources-0500,1,65,2837990
C6,500,C6-resources-0500,1,66,2816635
C6,500,C6-resources-0500,1,67,2831423
C6,500,C6-resources-0500,1,68,2853174
C6,500,C6-resources-0500,1,69,2837512
C6,500,C6-resources-0500,1,70,2802271
C6,500,C6-resources-0500,1,71,2905168
C6,500,C6-resources-0500,1,72,2876957
C6,500,C6-resources-0500,1,73,2846334
C6,500,C6-resources-0500,1,74,2848248
C6,500,C6-resources-0500,1,75,3053301
C6,500,C6-resources-0500,1,76,2875727
C6,500,C6-resources-0500,1,77,2849621
C6,500,C6-resources-0500,1,78,2876379
C6,500,C6-resources-0500,1,79,2875980
C6,500,C6-resources-0500,1,80,2846519
C6,500,C6-resources-0500,1,81,2781314
C6,500,C6-resources-0500,1,82,2822448
C6,500,C6-resources-0500,1,83,2815452
C6,500,C6-resources-0500,1,84,2783111
C6,500,C6-resources-0500,1,85,2822249
C6,500,C6-resources-0500,1,86,2851497
C6,500,C6-resources-0500,1,87,2804473
C6,500,C6-resources-0500,1,88,2826089
C6,500,C6-resources-0500,1,89,2800378
C6,500,C6-resources-0500,1,90,2821792
C6,500,C6-resources-0500,1,91,2781036
C6,500,C6-resources-0500,1,92,2837359
C6,500,C6-resources-0500,1,93,2823199
C6,500,C6-resources-0500,1,94,2827112
C6,500,C6-resources-0500,1,95,2837351
C6,500,C6-resources-0500,1,96,2813789
C6,500,C6-resources-0500,1,97,2808730
C6,500,C6-resources-0500,1,98,2768743
C6,500,C6-resources-0500,1,99,2828275
C6,500,C6-resources-0500,1,100,2802773
C6,500,C6-resources-0500,2,1,2828938
C6,500,C6-resources-0500,2,2,2911064
C6,500,C6-resources-0500,2,3,4742650
C6,500,C6-resources-0500,2,4,3037720
C6,500,C6-resources-0500,2,5,2933031
C6,500,C6-resources-0500,2,6,2950704
C6,500,C6-resources-0500,2,7,2895471
C6,500,C6-resources-0500,2,8,2904311
C6,500,C6-resources-0500,2,9,2923421
C6,500,C6-resources-0500,2,10,2876698
C6,500,C6-resources-0500,2,11,2809897
C6,500,C6-resources-0500,2,12,2834876
C6,500,C6-resources-0500,2,13,2823760
C6,500,C6-resources-0500,2,14,2889679
C6,500,C6-resources-0500,2,15,2957302
C6,500,C6-resources-0500,2,16,2801891
C6,500,C6-resources-0500,2,17,2871190
C6,500,C6-resources-0500,2,18,2783205
C6,500,C6-resources-0500,2,19,2792321
C6,500,C6-resources-0500,2,20,2821159
C6,500,C6-resources-0500,2,21,2838506
C6,500,C6-resources-0500,2,22,2891372
C6,500,C6-resources-0500,2,23,2969248
C6,500,C6-resources-0500,2,24,2939407
C6,500,C6-resources-0500,2,25,2915508
C6,500,C6-resources-0500,2,26,2918381
C6,500,C6-resources-0500,2,27,2887148
C6,500,C6-resources-0500,2,28,2797048
C6,500,C6-resources-0500,2,29,2806118
C6,500,C6-resources-0500,2,30,2826411
C6,500,C6-resources-0500,2,31,2855831
C6,500,C6-resources-0500,2,32,2822005
C6,500,C6-resources-0500,2,33,2842944
C6,500,C6-resources-0500,2,34,2863780
C6,500,C6-resources-0500,2,35,2811435
C6,500,C6-resources-0500,2,36,2926736
C6,500,C6-resources-0500,2,37,2899837
C6,500,C6-resources-0500,2,38,2909238
C6,500,C6-resources-0500,2,39,2880792
C6,500,C6-resources-0500,2,40,2953490
C6,500,C6-resources-0500,2,41,2894909
C6,500,C6-resources-0500,2,42,2863150
C6,500,C6-resources-0500,2,43,2958390
C6,500,C6-resources-0500,2,44,2966917
C6,500,C6-resources-0500,2,45,2900384
C6,500,C6-resources-0500,2,46,2882651
C6,500,C6-resources-0500,2,47,2848530
C6,500,C6-resources-0500,2,48,2911003
C6,500,C6-resources-0500,2,49,2941124
C6,500,C6-resources-0500,2,50,2838540
C6,500,C6-resources-0500,2,51,2841779
C6,500,C6-resources-0500,2,52,2828381
C6,500,C6-resources-0500,2,53,2867247
C6,500,C6-resources-0500,2,54,2886387
C6,500,C6-resources-0500,2,55,2787569
C6,500,C6-resources-0500,2,56,2898691
C6,500,C6-resources-0500,2,57,2854884
C6,500,C6-resources-0500,2,58,2854503
C6,500,C6-resources-0500,2,59,2867971
C6,500,C6-resources-0500,2,60,2817760
C6,500,C6-resources-0500,2,61,2869034
C6,500,C6-resources-0500,2,62,2899273
C6,500,C6-resources-0500,2,63,2835648
C6,500,C6-resources-0500,2,64,2824821
C6,500,C6-resources-0500,2,65,2817892
C6,500,C6-resources-0500,2,66,4690235
C6,500,C6-resources-0500,2,67,3088182
C6,500,C6-resources-0500,2,68,2896811
C6,500,C6-resources-0500,2,69,2895343
C6,500,C6-resources-0500,2,70,2985193
C6,500,C6-resources-0500,2,71,2926021
C6,500,C6-resources-0500,2,72,2917877
C6,500,C6-resources-0500,2,73,2818991
C6,500,C6-resources-0500,2,74,2961046
C6,500,C6-resources-0500,2,75,2914304
C6,500,C6-resources-0500,2,76,2952694
C6,500,C6-resources-0500,2,77,2867445
C6,500,C6-resources-0500,2,78,2988178
C6,500,C6-resources-0500,2,79,2899765
C6,500,C6-resources-0500,2,80,2841422
C6,500,C6-resources-0500,2,81,2893726
C6,500,C6-resources-0500,2,82,2841126
C6,500,C6-resources-0500,2,83,2892616
C6,500,C6-resources-0500,2,84,2888522
C6,500,C6-resources-0500,2,85,2895190
C6,500,C6-resources-0500,2,86,2815919
C6,500,C6-resources-0500,2,87,2840629
C6,500,C6-resources-0500,2,88,2825359
C6,500,C6-resources-0500,2,89,2875036
C6,500,C6-resources-0500,2,90,2864604
C6,500,C6-resources-0500,2,91,2880565
C6,500,C6-resources-0500,2,92,2848029
C6,500,C6-resources-0500,2,93,2846539
C6,500,C6-resources-0500,2,94,2912104
C6,500,C6-resources-0500,2,95,2881270
C6,500,C6-resources-0500,2,96,2848074
C6,500,C6-resources-0500,2,97,2949535
C6,500,C6-resources-0500,2,98,2853509
C6,500,C6-resources-0500,2,99,2869963
C6,500,C6-resources-0500,2,100,2849404
C6,500,C6-resources-0500,3,1,2924140
C6,500,C6-resources-0500,3,2,2782605
C6,500,C6-resources-0500,3,3,2867535
C6,500,C6-resources-0500,3,4,2822231
C6,500,C6-resources-0500,3,5,2858921
C6,500,C6-resources-0500,3,6,2899283
C6,500,C6-resources-0500,3,7,2910488
C6,500,C6-resources-0500,3,8,2891366
C6,500,C6-resources-0500,3,9,2897098
C6,500,C6-resources-0500,3,10,3158616
C6,500,C6-resources-0500,3,11,2937294
C6,500,C6-resources-0500,3,12,2882853
C6,500,C6-resources-0500,3,13,2893934
C6,500,C6-resources-0500,3,14,2934819
C6,500,C6-resources-0500,3,15,2879485
C6,500,C6-resources-0500,3,16,2877241
C6,500,C6-resources-0500,3,17,2945431
C6,500,C6-resources-0500,3,18,2898333
C6,500,C6-resources-0500,3,19,2816036
C6,500,C6-resources-0500,3,20,2885456
C6,500,C6-resources-0500,3,21,2854068
C6,500,C6-resources-0500,3,22,2844071
C6,500,C6-resources-0500,3,23,2918651
C6,500,C6-resources-0500,3,24,2863227
C6,500,C6-resources-0500,3,25,2831541
C6,500,C6-resources-0500,3,26,2917736
C6,500,C6-resources-0500,3,27,2793823
C6,500,C6-resources-0500,3,28,5150506
C6,500,C6-resources-0500,3,29,2971502
C6,500,C6-resources-0500,3,30,2835656
C6,500,C6-resources-0500,3,31,2836707
C6,500,C6-resources-0500,3,32,2847681
C6,500,C6-resources-0500,3,33,2819744
C6,500,C6-resources-0500,3,34,2827367
C6,500,C6-resources-0500,3,35,2896259
C6,500,C6-resources-0500,3,36,2804181
C6,500,C6-resources-0500,3,37,2809592
C6,500,C6-resources-0500,3,38,2902265
C6,500,C6-resources-0500,3,39,2853862
C6,500,C6-resources-0500,3,40,2855334
C6,500,C6-resources-0500,3,41,2831371
C6,500,C6-resources-0500,3,42,2863591
C6,500,C6-resources-0500,3,43,2796759
C6,500,C6-resources-0500,3,44,2976208
C6,500,C6-resources-0500,3,45,3042984
C6,500,C6-resources-0500,3,46,2982972
C6,500,C6-resources-0500,3,47,2928594
C6,500,C6-resources-0500,3,48,2950706
C6,500,C6-resources-0500,3,49,2932019
C6,500,C6-resources-0500,3,50,2825114
C6,500,C6-resources-0500,3,51,2866069
C6,500,C6-resources-0500,3,52,2896963
C6,500,C6-resources-0500,3,53,2839235
C6,500,C6-resources-0500,3,54,2840120
C6,500,C6-resources-0500,3,55,2855939
C6,500,C6-resources-0500,3,56,2782675
C6,500,C6-resources-0500,3,57,2901166
C6,500,C6-resources-0500,3,58,2818881
C6,500,C6-resources-0500,3,59,2830104
C6,500,C6-resources-0500,3,60,2848818
C6,500,C6-resources-0500,3,61,2898245
C6,500,C6-resources-0500,3,62,2880922
C6,500,C6-resources-0500,3,63,2886418
C6,500,C6-resources-0500,3,64,2952279
C6,500,C6-resources-0500,3,65,2805035
C6,500,C6-resources-0500,3,66,2895599
C6,500,C6-resources-0500,3,67,2975939
C6,500,C6-resources-0500,3,68,2800410
C6,500,C6-resources-0500,3,69,2822194
C6,500,C6-resources-0500,3,70,2905792
C6,500,C6-resources-0500,3,71,2875086
C6,500,C6-resources-0500,3,72,2812389
C6,500,C6-resources-0500,3,73,2902037
C6,500,C6-resources-0500,3,74,2851004
C6,500,C6-resources-0500,3,75,2990488
C6,500,C6-resources-0500,3,76,2866813
C6,500,C6-resources-0500,3,77,2877274
C6,500,C6-resources-0500,3,78,2829180
C6,500,C6-resources-0500,3,79,2858365
C6,500,C6-resources-0500,3,80,2989366
C6,500,C6-resources-0500,3,81,3021913
C6,500,C6-resources-0500,3,82,2936194
C6,500,C6-resources-0500,3,83,2880292
C6,500,C6-resources-0500,3,84,2904242
C6,500,C6-resources-0500,3,85,2886551
C6,500,C6-resources-0500,3,86,2914009
C6,500,C6-resources-0500,3,87,2845200
C6,500,C6-resources-0500,3,88,2859407
C6,500,C6-resources-0500,3,89,2803226
C6,500,C6-resources-0500,3,90,4886960
C6,500,C6-resources-0500,3,91,3007122
C6,500,C6-resources-0500,3,92,2893473
C6,500,C6-resources-0500,3,93,2867506
C6,500,C6-resources-0500,3,94,2856429
C6,500,C6-resources-0500,3,95,2770488
C6,500,C6-resources-0500,3,96,2830511
C6,500,C6-resources-0500,3,97,2895555
C6,500,C6-resources-0500,3,98,2948780
C6,500,C6-resources-0500,3,99,2897940
C6,500,C6-resources-0500,3,100,2873413
C6,500,C6-resources-0500,4,1,2883536
C6,500,C6-resources-0500,4,2,3085031
C6,500,C6-resources-0500,4,3,2818541
C6,500,C6-resources-0500,4,4,2885176
C6,500,C6-resources-0500,4,5,2887768
C6,500,C6-resources-0500,4,6,2907670
C6,500,C6-resources-0500,4,7,2876315
C6,500,C6-resources-0500,4,8,2863342
C6,500,C6-resources-0500,4,9,2932620
C6,500,C6-resources-0500,4,10,2838424
C6,500,C6-resources-0500,4,11,2866327
C6,500,C6-resources-0500,4,12,2903903
C6,500,C6-resources-0500,4,13,2788878
C6,500,C6-resources-0500,4,14,2821063
C6,500,C6-resources-0500,4,15,2843500
C6,500,C6-resources-0500,4,16,2842276
C6,500,C6-resources-0500,4,17,2797393
C6,500,C6-resources-0500,4,18,2789957
C6,500,C6-resources-0500,4,19,2882923
C6,500,C6-resources-0500,4,20,2859502
C6,500,C6-resources-0500,4,21,2859773
C6,500,C6-resources-0500,4,22,2959963
C6,500,C6-resources-0500,4,23,2792349
C6,500,C6-resources-0500,4,24,2813345
C6,500,C6-resources-0500,4,25,2855849
C6,500,C6-resources-0500,4,26,2814163
C6,500,C6-resources-0500,4,27,2762740
C6,500,C6-resources-0500,4,28,2902568
C6,500,C6-resources-0500,4,29,2871535
C6,500,C6-resources-0500,4,30,2829517
C6,500,C6-resources-0500,4,31,2816504
C6,500,C6-resources-0500,4,32,2943720
C6,500,C6-resources-0500,4,33,2896886
C6,500,C6-resources-0500,4,34,2832383
C6,500,C6-resources-0500,4,35,2905105
C6,500,C6-resources-0500,4,36,2984401
C6,500,C6-resources-0500,4,37,2967173
C6,500,C6-resources-0500,4,38,2943753
C6,500,C6-resources-0500,4,39,3012896
C6,500,C6-resources-0500,4,40,3027228
C6,500,C6-resources-0500,4,41,2943694
C6,500,C6-resources-0500,4,42,2814185
C6,500,C6-resources-0500,4,43,2896798
C6,500,C6-resources-0500,4,44,2993231
C6,500,C6-resources-0500,4,45,2992533
C6,500,C6-resources-0500,4,46,2819066
C6,500,C6-resources-0500,4,47,2862945
C6,500,C6-resources-0500,4,48,2912065
C6,500,C6-resources-0500,4,49,2823431
C6,500,C6-resources-0500,4,50,2869933
C6,500,C6-resources-0500,4,51,2855493
C6,500,C6-resources-0500,4,52,2944512
C6,500,C6-resources-0500,4,53,4949984
C6,500,C6-resources-0500,4,54,2926346
C6,500,C6-resources-0500,4,55,3047688
C6,500,C6-resources-0500,4,56,2863197
C6,500,C6-resources-0500,4,57,2849644
C6,500,C6-resources-0500,4,58,2855586
C6,500,C6-resources-0500,4,59,2827191
C6,500,C6-resources-0500,4,60,2809501
C6,500,C6-resources-0500,4,61,2919984
C6,500,C6-resources-0500,4,62,2875071
C6,500,C6-resources-0500,4,63,2794076
C6,500,C6-resources-0500,4,64,2864020
C6,500,C6-resources-0500,4,65,2794116
C6,500,C6-resources-0500,4,66,2865654
C6,500,C6-resources-0500,4,67,2851418
C6,500,C6-resources-0500,4,68,2870950
C6,500,C6-resources-0500,4,69,2797858
C6,500,C6-resources-0500,4,70,2938297
C6,500,C6-resources-0500,4,71,3020203
C6,500,C6-resources-0500,4,72,2841763
C6,500,C6-resources-0500,4,73,2854706
C6,500,C6-resources-0500,4,74,2905271
C6,500,C6-resources-0500,4,75,3016979
C6,500,C6-resources-0500,4,76,2973565
C6,500,C6-resources-0500,4,77,2924329
C6,500,C6-resources-0500,4,78,2916071
C6,500,C6-resources-0500,4,79,2834474
C6,500,C6-resources-0500,4,80,2832621
C6,500,C6-resources-0500,4,81,2844997
C6,500,C6-resources-0500,4,82,2810371
C6,500,C6-resources-0500,4,83,2765347
C6,500,C6-resources-0500,4,84,2900245
C6,500,C6-resources-0500,4,85,2931637
C6,500,C6-resources-0500,4,86,2878690
C6,500,C6-resources-0500,4,87,2802839
C6,500,C6-resources-0500,4,88,2832916
C6,500,C6-resources-0500,4,89,2830747
C6,500,C6-resources-0500,4,90,2909570
C6,500,C6-resources-0500,4,91,2896024
C6,500,C6-resources-0500,4,92,2857777
C6,500,C6-resources-0500,4,93,2966114
C6,500,C6-resources-0500,4,94,2757537
C6,500,C6-resources-0500,4,95,2862425
C6,500,C6-resources-0500,4,96,2783313
C6,500,C6-resources-0500,4,97,2826568
C6,500,C6-resources-0500,4,98,2842952
C6,500,C6-resources-0500,4,99,2776650
C6,500,C6-resources-0500,4,100,2821963
C6,500,C6-resources-0500,5,1,2860237
C6,500,C6-resources-0500,5,2,2873098
C6,500,C6-resources-0500,5,3,2835548
C6,500,C6-resources-0500,5,4,2838688
C6,500,C6-resources-0500,5,5,2965636
C6,500,C6-resources-0500,5,6,2849788
C6,500,C6-resources-0500,5,7,2919693
C6,500,C6-resources-0500,5,8,2842099
C6,500,C6-resources-0500,5,9,2927172
C6,500,C6-resources-0500,5,10,3122787
C6,500,C6-resources-0500,5,11,2919084
C6,500,C6-resources-0500,5,12,2835974
C6,500,C6-resources-0500,5,13,2991859
C6,500,C6-resources-0500,5,14,2980635
C6,500,C6-resources-0500,5,15,4946328
C6,500,C6-resources-0500,5,16,3135859
C6,500,C6-resources-0500,5,17,2861301
C6,500,C6-resources-0500,5,18,2806808
C6,500,C6-resources-0500,5,19,2836907
C6,500,C6-resources-0500,5,20,2814288
C6,500,C6-resources-0500,5,21,2792022
C6,500,C6-resources-0500,5,22,2941000
C6,500,C6-resources-0500,5,23,2907849
C6,500,C6-resources-0500,5,24,3031859
C6,500,C6-resources-0500,5,25,2967293
C6,500,C6-resources-0500,5,26,2952230
C6,500,C6-resources-0500,5,27,2906188
C6,500,C6-resources-0500,5,28,2872141
C6,500,C6-resources-0500,5,29,2822416
C6,500,C6-resources-0500,5,30,2827078
C6,500,C6-resources-0500,5,31,2794977
C6,500,C6-resources-0500,5,32,2874639
C6,500,C6-resources-0500,5,33,2900466
C6,500,C6-resources-0500,5,34,2827641
C6,500,C6-resources-0500,5,35,2846234
C6,500,C6-resources-0500,5,36,2873050
C6,500,C6-resources-0500,5,37,2874441
C6,500,C6-resources-0500,5,38,2912246
C6,500,C6-resources-0500,5,39,2878032
C6,500,C6-resources-0500,5,40,2896057
C6,500,C6-resources-0500,5,41,2934960
C6,500,C6-resources-0500,5,42,2927235
C6,500,C6-resources-0500,5,43,2883935
C6,500,C6-resources-0500,5,44,2895163
C6,500,C6-resources-0500,5,45,2966399
C6,500,C6-resources-0500,5,46,2925032
C6,500,C6-resources-0500,5,47,2901320
C6,500,C6-resources-0500,5,48,2913819
C6,500,C6-resources-0500,5,49,2910284
C6,500,C6-resources-0500,5,50,2847367
C6,500,C6-resources-0500,5,51,2781669
C6,500,C6-resources-0500,5,52,2881969
C6,500,C6-resources-0500,5,53,2821758
C6,500,C6-resources-0500,5,54,2791530
C6,500,C6-resources-0500,5,55,2897143
C6,500,C6-resources-0500,5,56,2851637
C6,500,C6-resources-0500,5,57,2865035
C6,500,C6-resources-0500,5,58,3093093
C6,500,C6-resources-0500,5,59,3054998
C6,500,C6-resources-0500,5,60,2907545
C6,500,C6-resources-0500,5,61,2817568
C6,500,C6-resources-0500,5,62,2842228
C6,500,C6-resources-0500,5,63,2800607
C6,500,C6-resources-0500,5,64,2805587
C6,500,C6-resources-0500,5,65,2827071
C6,500,C6-resources-0500,5,66,2896349
C6,500,C6-resources-0500,5,67,2842731
C6,500,C6-resources-0500,5,68,2860974
C6,500,C6-resources-0500,5,69,2908289
C6,500,C6-resources-0500,5,70,2917231
C6,500,C6-resources-0500,5,71,2995190
C6,500,C6-resources-0500,5,72,2923330
C6,500,C6-resources-0500,5,73,2866402
C6,500,C6-resources-0500,5,74,2861296
C6,500,C6-resources-0500,5,75,2882928
C6,500,C6-resources-0500,5,76,2864217
C6,500,C6-resources-0500,5,77,4999355
C6,500,C6-resources-0500,5,78,3255088
C6,500,C6-resources-0500,5,79,2970172
C6,500,C6-resources-0500,5,80,2982184
C6,500,C6-resources-0500,5,81,3029384
C6,500,C6-resources-0500,5,82,3011024
C6,500,C6-resources-0500,5,83,2969468
C6,500,C6-resources-0500,5,84,2921798
C6,500,C6-resources-0500,5,85,2859173
C6,500,C6-resources-0500,5,86,2884427
C6,500,C6-resources-0500,5,87,2880630
C6,500,C6-resources-0500,5,88,2924720
C6,500,C6-resources-0500,5,89,2858497
C6,500,C6-resources-0500,5,90,2885132
C6,500,C6-resources-0500,5,91,2816595
C6,500,C6-resources-0500,5,92,2832715
C6,500,C6-resources-0500,5,93,2968310
C6,500,C6-resources-0500,5,94,2897415
C6,500,C6-resources-0500,5,95,2829399
C6,500,C6-resources-0500,5,96,2871313
C6,500,C6-resources-0500,5,97,2897794
C6,500,C6-resources-0500,5,98,2869670
C6,500,C6-resources-0500,5,99,2822601
C6,500,C6-resources-0500,5,100,2874031
C6,500,C6-resources-0500,6,1,2823931
C6,500,C6-resources-0500,6,2,2829069
C6,500,C6-resources-0500,6,3,2850176
C6,500,C6-resources-0500,6,4,2922408
C6,500,C6-resources-0500,6,5,2930152
C6,500,C6-resources-0500,6,6,2818212
C6,500,C6-resources-0500,6,7,2836271
C6,500,C6-resources-0500,6,8,2837973
C6,500,C6-resources-0500,6,9,3074864
C6,500,C6-resources-0500,6,10,3017693
C6,500,C6-resources-0500,6,11,2934919
C6,500,C6-resources-0500,6,12,2986974
C6,500,C6-resources-0500,6,13,2931067
C6,500,C6-resources-0500,6,14,2949073
C6,500,C6-resources-0500,6,15,2988536
C6,500,C6-resources-0500,6,16,2962180
C6,500,C6-resources-0500,6,17,2997941
C6,500,C6-resources-0500,6,18,2910845
C6,500,C6-resources-0500,6,19,2993919
C6,500,C6-resources-0500,6,20,2898267
C6,500,C6-resources-0500,6,21,2883164
C6,500,C6-resources-0500,6,22,2861749
C6,500,C6-resources-0500,6,23,2869895
C6,500,C6-resources-0500,6,24,2908525
C6,500,C6-resources-0500,6,25,2891441
C6,500,C6-resources-0500,6,26,2877621
C6,500,C6-resources-0500,6,27,2787196
C6,500,C6-resources-0500,6,28,2940713
C6,500,C6-resources-0500,6,29,2848915
C6,500,C6-resources-0500,6,30,2871344
C6,500,C6-resources-0500,6,31,2878579
C6,500,C6-resources-0500,6,32,2831481
C6,500,C6-resources-0500,6,33,2852836
C6,500,C6-resources-0500,6,34,2866937
C6,500,C6-resources-0500,6,35,2940622
C6,500,C6-resources-0500,6,36,2829070
C6,500,C6-resources-0500,6,37,2877305
C6,500,C6-resources-0500,6,38,2866884
C6,500,C6-resources-0500,6,39,5135855
C6,500,C6-resources-0500,6,40,3094884
C6,500,C6-resources-0500,6,41,2900041
C6,500,C6-resources-0500,6,42,2823490
C6,500,C6-resources-0500,6,43,3007074
C6,500,C6-resources-0500,6,44,2872556
C6,500,C6-resources-0500,6,45,2821817
C6,500,C6-resources-0500,6,46,2953661
C6,500,C6-resources-0500,6,47,2994467
C6,500,C6-resources-0500,6,48,3124560
C6,500,C6-resources-0500,6,49,3105461
C6,500,C6-resources-0500,6,50,2997696
C6,500,C6-resources-0500,6,51,2905080
C6,500,C6-resources-0500,6,52,2848173
C6,500,C6-resources-0500,6,53,2855711
C6,500,C6-resources-0500,6,54,2801614
C6,500,C6-resources-0500,6,55,2828907
C6,500,C6-resources-0500,6,56,2917812
C6,500,C6-resources-0500,6,57,2833662
C6,500,C6-resources-0500,6,58,2918284
C6,500,C6-resources-0500,6,59,2885066
C6,500,C6-resources-0500,6,60,2822721
C6,500,C6-resources-0500,6,61,2839160
C6,500,C6-resources-0500,6,62,2854137
C6,500,C6-resources-0500,6,63,2888664
C6,500,C6-resources-0500,6,64,2837697
C6,500,C6-resources-0500,6,65,2821019
C6,500,C6-resources-0500,6,66,2912571
C6,500,C6-resources-0500,6,67,2839255
C6,500,C6-resources-0500,6,68,2789066
C6,500,C6-resources-0500,6,69,2868049
C6,500,C6-resources-0500,6,70,2809088
C6,500,C6-resources-0500,6,71,2819218
C6,500,C6-resources-0500,6,72,2811746
C6,500,C6-resources-0500,6,73,2818868
C6,500,C6-resources-0500,6,74,2830122
C6,500,C6-resources-0500,6,75,2908559
C6,500,C6-resources-0500,6,76,2836436
C6,500,C6-resources-0500,6,77,2811904
C6,500,C6-resources-0500,6,78,2880318
C6,500,C6-resources-0500,6,79,3072794
C6,500,C6-resources-0500,6,80,2910909
C6,500,C6-resources-0500,6,81,2965567
C6,500,C6-resources-0500,6,82,2957239
C6,500,C6-resources-0500,6,83,2891677
C6,500,C6-resources-0500,6,84,2893612
C6,500,C6-resources-0500,6,85,3017463
C6,500,C6-resources-0500,6,86,3065926
C6,500,C6-resources-0500,6,87,2853131
C6,500,C6-resources-0500,6,88,2815899
C6,500,C6-resources-0500,6,89,2805175
C6,500,C6-resources-0500,6,90,2820589
C6,500,C6-resources-0500,6,91,2832327
C6,500,C6-resources-0500,6,92,2805761
C6,500,C6-resources-0500,6,93,2836361
C6,500,C6-resources-0500,6,94,2826913
C6,500,C6-resources-0500,6,95,2953147
C6,500,C6-resources-0500,6,96,2851418
C6,500,C6-resources-0500,6,97,2902854
C6,500,C6-resources-0500,6,98,2868636
C6,500,C6-resources-0500,6,99,2789189
C6,500,C6-resources-0500,6,100,2802024
C6,500,C6-resources-0500,7,1,2821177
C6,500,C6-resources-0500,7,2,5011645
C6,500,C6-resources-0500,7,3,3016344
C6,500,C6-resources-0500,7,4,2886266
C6,500,C6-resources-0500,7,5,2813889
C6,500,C6-resources-0500,7,6,2823429
C6,500,C6-resources-0500,7,7,2886363
C6,500,C6-resources-0500,7,8,2838367
C6,500,C6-resources-0500,7,9,2857266
C6,500,C6-resources-0500,7,10,2900993
C6,500,C6-resources-0500,7,11,2934858
C6,500,C6-resources-0500,7,12,2913827
C6,500,C6-resources-0500,7,13,2923881
C6,500,C6-resources-0500,7,14,2867254
C6,500,C6-resources-0500,7,15,2907662
C6,500,C6-resources-0500,7,16,3012281
C6,500,C6-resources-0500,7,17,3035346
C6,500,C6-resources-0500,7,18,2946779
C6,500,C6-resources-0500,7,19,2871088
C6,500,C6-resources-0500,7,20,2993062
C6,500,C6-resources-0500,7,21,3006981
C6,500,C6-resources-0500,7,22,2935739
C6,500,C6-resources-0500,7,23,2868105
C6,500,C6-resources-0500,7,24,2829124
C6,500,C6-resources-0500,7,25,2913940
C6,500,C6-resources-0500,7,26,2901303
C6,500,C6-resources-0500,7,27,2846162
C6,500,C6-resources-0500,7,28,2918498
C6,500,C6-resources-0500,7,29,2859843
C6,500,C6-resources-0500,7,30,2947927
C6,500,C6-resources-0500,7,31,2888619
C6,500,C6-resources-0500,7,32,2957365
C6,500,C6-resources-0500,7,33,2884679
C6,500,C6-resources-0500,7,34,2805386
C6,500,C6-resources-0500,7,35,2956463
C6,500,C6-resources-0500,7,36,2825781
C6,500,C6-resources-0500,7,37,2834897
C6,500,C6-resources-0500,7,38,2779934
C6,500,C6-resources-0500,7,39,2813479
C6,500,C6-resources-0500,7,40,2949576
C6,500,C6-resources-0500,7,41,2880489
C6,500,C6-resources-0500,7,42,2973208
C6,500,C6-resources-0500,7,43,3107026
C6,500,C6-resources-0500,7,44,2924194
C6,500,C6-resources-0500,7,45,2863909
C6,500,C6-resources-0500,7,46,2915229
C6,500,C6-resources-0500,7,47,2835342
C6,500,C6-resources-0500,7,48,2829780
C6,500,C6-resources-0500,7,49,2863434
C6,500,C6-resources-0500,7,50,2869717
C6,500,C6-resources-0500,7,51,2846864
C6,500,C6-resources-0500,7,52,2909757
C6,500,C6-resources-0500,7,53,3042508
C6,500,C6-resources-0500,7,54,3115491
C6,500,C6-resources-0500,7,55,3055706
C6,500,C6-resources-0500,7,56,2980269
C6,500,C6-resources-0500,7,57,2815870
C6,500,C6-resources-0500,7,58,2872687
C6,500,C6-resources-0500,7,59,2923524
C6,500,C6-resources-0500,7,60,2819863
C6,500,C6-resources-0500,7,61,2871391
C6,500,C6-resources-0500,7,62,2881086
C6,500,C6-resources-0500,7,63,2832427
C6,500,C6-resources-0500,7,64,4815210
C6,500,C6-resources-0500,7,65,3047702
C6,500,C6-resources-0500,7,66,2906311
C6,500,C6-resources-0500,7,67,2858212
C6,500,C6-resources-0500,7,68,2893756
C6,500,C6-resources-0500,7,69,2786438
C6,500,C6-resources-0500,7,70,2838849
C6,500,C6-resources-0500,7,71,2872607
C6,500,C6-resources-0500,7,72,2873238
C6,500,C6-resources-0500,7,73,2827721
C6,500,C6-resources-0500,7,74,2930123
C6,500,C6-resources-0500,7,75,2873575
C6,500,C6-resources-0500,7,76,2924749
C6,500,C6-resources-0500,7,77,3104630
C6,500,C6-resources-0500,7,78,2995470
C6,500,C6-resources-0500,7,79,2972134
C6,500,C6-resources-0500,7,80,2845845
C6,500,C6-resources-0500,7,81,2888388
C6,500,C6-resources-0500,7,82,2869139
C6,500,C6-resources-0500,7,83,2919551
C6,500,C6-resources-0500,7,84,2942047
C6,500,C6-resources-0500,7,85,2827467
C6,500,C6-resources-0500,7,86,3116886
C6,500,C6-resources-0500,7,87,3488243
C6,500,C6-resources-0500,7,88,3789281
C6,500,C6-resources-0500,7,89,3733384
C6,500,C6-resources-0500,7,90,3577749
C6,500,C6-resources-0500,7,91,3344194
C6,500,C6-resources-0500,7,92,3109652
C6,500,C6-resources-0500,7,93,3021371
C6,500,C6-resources-0500,7,94,2884556
C6,500,C6-resources-0500,7,95,3044131
C6,500,C6-resources-0500,7,96,2878475
C6,500,C6-resources-0500,7,97,3115693
C6,500,C6-resources-0500,7,98,3059279
C6,500,C6-resources-0500,7,99,3160130
C6,500,C6-resources-0500,7,100,3057725
C6,500,C6-resources-0500,8,1,3444090
C6,500,C6-resources-0500,8,2,3144372
C6,500,C6-resources-0500,8,3,3091732
C6,500,C6-resources-0500,8,4,2989282
C6,500,C6-resources-0500,8,5,2879755
C6,500,C6-resources-0500,8,6,2856735
C6,500,C6-resources-0500,8,7,2921143
C6,500,C6-resources-0500,8,8,3159022
C6,500,C6-resources-0500,8,9,3040076
C6,500,C6-resources-0500,8,10,3097734
C6,500,C6-resources-0500,8,11,3084659
C6,500,C6-resources-0500,8,12,3137423
C6,500,C6-resources-0500,8,13,3416034
C6,500,C6-resources-0500,8,14,3633293
C6,500,C6-resources-0500,8,15,3315213
C6,500,C6-resources-0500,8,16,3556730
C6,500,C6-resources-0500,8,17,3618699
C6,500,C6-resources-0500,8,18,3150263
C6,500,C6-resources-0500,8,19,3061276
C6,500,C6-resources-0500,8,20,3089834
C6,500,C6-resources-0500,8,21,2902012
C6,500,C6-resources-0500,8,22,2812603
C6,500,C6-resources-0500,8,23,2931005
C6,500,C6-resources-0500,8,24,2945421
C6,500,C6-resources-0500,8,25,2837444
C6,500,C6-resources-0500,8,26,4865549
C6,500,C6-resources-0500,8,27,3278392
C6,500,C6-resources-0500,8,28,3012012
C6,500,C6-resources-0500,8,29,3085733
C6,500,C6-resources-0500,8,30,2880697
C6,500,C6-resources-0500,8,31,2822703
C6,500,C6-resources-0500,8,32,2863116
C6,500,C6-resources-0500,8,33,2841072
C6,500,C6-resources-0500,8,34,2791799
C6,500,C6-resources-0500,8,35,3010379
C6,500,C6-resources-0500,8,36,2881355
C6,500,C6-resources-0500,8,37,2889438
C6,500,C6-resources-0500,8,38,3177993
C6,500,C6-resources-0500,8,39,2888944
C6,500,C6-resources-0500,8,40,2876673
C6,500,C6-resources-0500,8,41,2865861
C6,500,C6-resources-0500,8,42,2864474
C6,500,C6-resources-0500,8,43,2836541
C6,500,C6-resources-0500,8,44,2865344
C6,500,C6-resources-0500,8,45,2925174
C6,500,C6-resources-0500,8,46,2896466
C6,500,C6-resources-0500,8,47,2872632
C6,500,C6-resources-0500,8,48,3017627
C6,500,C6-resources-0500,8,49,3234650
C6,500,C6-resources-0500,8,50,3014047
C6,500,C6-resources-0500,8,51,2945832
C6,500,C6-resources-0500,8,52,2870291
C6,500,C6-resources-0500,8,53,2884370
C6,500,C6-resources-0500,8,54,2877212
C6,500,C6-resources-0500,8,55,2841049
C6,500,C6-resources-0500,8,56,2911009
C6,500,C6-resources-0500,8,57,2861199
C6,500,C6-resources-0500,8,58,2952976
C6,500,C6-resources-0500,8,59,3002795
C6,500,C6-resources-0500,8,60,2936094
C6,500,C6-resources-0500,8,61,3014392
C6,500,C6-resources-0500,8,62,2849332
C6,500,C6-resources-0500,8,63,2882923
C6,500,C6-resources-0500,8,64,2910322
C6,500,C6-resources-0500,8,65,2916735
C6,500,C6-resources-0500,8,66,2798144
C6,500,C6-resources-0500,8,67,2993676
C6,500,C6-resources-0500,8,68,2950360
C6,500,C6-resources-0500,8,69,2916454
C6,500,C6-resources-0500,8,70,2917471
C6,500,C6-resources-0500,8,71,2910966
C6,500,C6-resources-0500,8,72,2871072
C6,500,C6-resources-0500,8,73,2898100
C6,500,C6-resources-0500,8,74,2872212
C6,500,C6-resources-0500,8,75,2900315
C6,500,C6-resources-0500,8,76,2897031
C6,500,C6-resources-0500,8,77,2921068
C6,500,C6-resources-0500,8,78,2925343
C6,500,C6-resources-0500,8,79,2970567
C6,500,C6-resources-0500,8,80,3094190
C6,500,C6-resources-0500,8,81,2927537
C6,500,C6-resources-0500,8,82,2922980
C6,500,C6-resources-0500,8,83,2887909
C6,500,C6-resources-0500,8,84,2863446
C6,500,C6-resources-0500,8,85,2903765
C6,500,C6-resources-0500,8,86,2883919
C6,500,C6-resources-0500,8,87,2920980
C6,500,C6-resources-0500,8,88,2899520
C6,500,C6-resources-0500,8,89,6476640
C6,500,C6-resources-0500,8,90,3058407
C6,500,C6-resources-0500,8,91,2958791
C6,500,C6-resources-0500,8,92,2900918
C6,500,C6-resources-0500,8,93,2837279
C6,500,C6-resources-0500,8,94,2938918
C6,500,C6-resources-0500,8,95,2925921
C6,500,C6-resources-0500,8,96,2841564
C6,500,C6-resources-0500,8,97,2917367
C6,500,C6-resources-0500,8,98,2888034
C6,500,C6-resources-0500,8,99,2946910
C6,500,C6-resources-0500,8,100,2932424
C1,100,C1-resources-0100,1,1,17785
C1,100,C1-resources-0100,1,2,17943
C1,100,C1-resources-0100,1,3,17814
C1,100,C1-resources-0100,1,4,17782
C1,100,C1-resources-0100,1,5,17682
C1,100,C1-resources-0100,1,6,17628
C1,100,C1-resources-0100,1,7,17673
C1,100,C1-resources-0100,1,8,17764
C1,100,C1-resources-0100,1,9,17612
C1,100,C1-resources-0100,1,10,17713
C1,100,C1-resources-0100,1,11,17577
C1,100,C1-resources-0100,1,12,17838
C1,100,C1-resources-0100,1,13,17809
C1,100,C1-resources-0100,1,14,17687
C1,100,C1-resources-0100,1,15,18061
C1,100,C1-resources-0100,1,16,17857
C1,100,C1-resources-0100,1,17,17512
C1,100,C1-resources-0100,1,18,17875
C1,100,C1-resources-0100,1,19,18055
C1,100,C1-resources-0100,1,20,17626
C1,100,C1-resources-0100,1,21,17725
C1,100,C1-resources-0100,1,22,17556
C1,100,C1-resources-0100,1,23,17535
C1,100,C1-resources-0100,1,24,17505
C1,100,C1-resources-0100,1,25,17591
C1,100,C1-resources-0100,1,26,17575
C1,100,C1-resources-0100,1,27,18080
C1,100,C1-resources-0100,1,28,17720
C1,100,C1-resources-0100,1,29,17789
C1,100,C1-resources-0100,1,30,21712
C1,100,C1-resources-0100,1,31,18246
C1,100,C1-resources-0100,1,32,18345
C1,100,C1-resources-0100,1,33,18405
C1,100,C1-resources-0100,1,34,16500
C1,100,C1-resources-0100,1,35,16822
C1,100,C1-resources-0100,1,36,16669
C1,100,C1-resources-0100,1,37,17876
C1,100,C1-resources-0100,1,38,19729
C1,100,C1-resources-0100,1,39,18278
C1,100,C1-resources-0100,1,40,17539
C1,100,C1-resources-0100,1,41,17529
C1,100,C1-resources-0100,1,42,17583
C1,100,C1-resources-0100,1,43,17724
C1,100,C1-resources-0100,1,44,17741
C1,100,C1-resources-0100,1,45,18849
C1,100,C1-resources-0100,1,46,18646
C1,100,C1-resources-0100,1,47,17556
C1,100,C1-resources-0100,1,48,17952
C1,100,C1-resources-0100,1,49,17729
C1,100,C1-resources-0100,1,50,19505
C1,100,C1-resources-0100,1,51,30204
C1,100,C1-resources-0100,1,52,24810
C1,100,C1-resources-0100,1,53,17746
C1,100,C1-resources-0100,1,54,18676
C1,100,C1-resources-0100,1,55,18075
C1,100,C1-resources-0100,1,56,17923
C1,100,C1-resources-0100,1,57,17642
C1,100,C1-resources-0100,1,58,17720
C1,100,C1-resources-0100,1,59,17433
C1,100,C1-resources-0100,1,60,17896
C1,100,C1-resources-0100,1,61,18010
C1,100,C1-resources-0100,1,62,17952
C1,100,C1-resources-0100,1,63,17725
C1,100,C1-resources-0100,1,64,17859
C1,100,C1-resources-0100,1,65,30552
C1,100,C1-resources-0100,1,66,18429
C1,100,C1-resources-0100,1,67,17996
C1,100,C1-resources-0100,1,68,18262
C1,100,C1-resources-0100,1,69,18100
C1,100,C1-resources-0100,1,70,17852
C1,100,C1-resources-0100,1,71,17881
C1,100,C1-resources-0100,1,72,17736
C1,100,C1-resources-0100,1,73,17710
C1,100,C1-resources-0100,1,74,17552
C1,100,C1-resources-0100,1,75,17624
C1,100,C1-resources-0100,1,76,19337
C1,100,C1-resources-0100,1,77,18068
C1,100,C1-resources-0100,1,78,17893
C1,100,C1-resources-0100,1,79,18151
C1,100,C1-resources-0100,1,80,18477
C1,100,C1-resources-0100,1,81,19383
C1,100,C1-resources-0100,1,82,17865
C1,100,C1-resources-0100,1,83,18131
C1,100,C1-resources-0100,1,84,18541
C1,100,C1-resources-0100,1,85,17764
C1,100,C1-resources-0100,1,86,18182
C1,100,C1-resources-0100,1,87,17676
C1,100,C1-resources-0100,1,88,18297
C1,100,C1-resources-0100,1,89,17602
C1,100,C1-resources-0100,1,90,17397
C1,100,C1-resources-0100,1,91,17642
C1,100,C1-resources-0100,1,92,18291
C1,100,C1-resources-0100,1,93,17400
C1,100,C1-resources-0100,1,94,17672
C1,100,C1-resources-0100,1,95,17455
C1,100,C1-resources-0100,1,96,17476
C1,100,C1-resources-0100,1,97,17658
C1,100,C1-resources-0100,1,98,17586
C1,100,C1-resources-0100,1,99,17914
C1,100,C1-resources-0100,1,100,17693
C1,100,C1-resources-0100,2,1,24945
C1,100,C1-resources-0100,2,2,18116
C1,100,C1-resources-0100,2,3,20906
C1,100,C1-resources-0100,2,4,18069
C1,100,C1-resources-0100,2,5,17689
C1,100,C1-resources-0100,2,6,17846
C1,100,C1-resources-0100,2,7,17787
C1,100,C1-resources-0100,2,8,17881
C1,100,C1-resources-0100,2,9,17702
C1,100,C1-resources-0100,2,10,17917
C1,100,C1-resources-0100,2,11,17724
C1,100,C1-resources-0100,2,12,17752
C1,100,C1-resources-0100,2,13,17650
C1,100,C1-resources-0100,2,14,17653
C1,100,C1-resources-0100,2,15,17766
C1,100,C1-resources-0100,2,16,17671
C1,100,C1-resources-0100,2,17,17883
C1,100,C1-resources-0100,2,18,17753
C1,100,C1-resources-0100,2,19,18454
C1,100,C1-resources-0100,2,20,18082
C1,100,C1-resources-0100,2,21,18452
C1,100,C1-resources-0100,2,22,17804
C1,100,C1-resources-0100,2,23,17739
C1,100,C1-resources-0100,2,24,17667
C1,100,C1-resources-0100,2,25,17728
C1,100,C1-resources-0100,2,26,17481
C1,100,C1-resources-0100,2,27,17571
C1,100,C1-resources-0100,2,28,17435
C1,100,C1-resources-0100,2,29,17634
C1,100,C1-resources-0100,2,30,17929
C1,100,C1-resources-0100,2,31,17747
C1,100,C1-resources-0100,2,32,17438
C1,100,C1-resources-0100,2,33,17498
C1,100,C1-resources-0100,2,34,17530
C1,100,C1-resources-0100,2,35,17262
C1,100,C1-resources-0100,2,36,17707
C1,100,C1-resources-0100,2,37,17546
C1,100,C1-resources-0100,2,38,20225
C1,100,C1-resources-0100,2,39,17952
C1,100,C1-resources-0100,2,40,17604
C1,100,C1-resources-0100,2,41,17700
C1,100,C1-resources-0100,2,42,17619
C1,100,C1-resources-0100,2,43,17551
C1,100,C1-resources-0100,2,44,17799
C1,100,C1-resources-0100,2,45,17499
C1,100,C1-resources-0100,2,46,17853
C1,100,C1-resources-0100,2,47,18174
C1,100,C1-resources-0100,2,48,17629
C1,100,C1-resources-0100,2,49,17633
C1,100,C1-resources-0100,2,50,17482
C1,100,C1-resources-0100,2,51,17768
C1,100,C1-resources-0100,2,52,17816
C1,100,C1-resources-0100,2,53,17621
C1,100,C1-resources-0100,2,54,17598
C1,100,C1-resources-0100,2,55,18060
C1,100,C1-resources-0100,2,56,18056
C1,100,C1-resources-0100,2,57,17790
C1,100,C1-resources-0100,2,58,17642
C1,100,C1-resources-0100,2,59,17605
C1,100,C1-resources-0100,2,60,17747
C1,100,C1-resources-0100,2,61,17936
C1,100,C1-resources-0100,2,62,17545
C1,100,C1-resources-0100,2,63,17612
C1,100,C1-resources-0100,2,64,17773
C1,100,C1-resources-0100,2,65,17675
C1,100,C1-resources-0100,2,66,17747
C1,100,C1-resources-0100,2,67,17656
C1,100,C1-resources-0100,2,68,17953
C1,100,C1-resources-0100,2,69,17771
C1,100,C1-resources-0100,2,70,17619
C1,100,C1-resources-0100,2,71,17687
C1,100,C1-resources-0100,2,72,17401
C1,100,C1-resources-0100,2,73,17770
C1,100,C1-resources-0100,2,74,20603
C1,100,C1-resources-0100,2,75,17751
C1,100,C1-resources-0100,2,76,17541
C1,100,C1-resources-0100,2,77,17923
C1,100,C1-resources-0100,2,78,17621
C1,100,C1-resources-0100,2,79,17794
C1,100,C1-resources-0100,2,80,17678
C1,100,C1-resources-0100,2,81,17613
C1,100,C1-resources-0100,2,82,17575
C1,100,C1-resources-0100,2,83,17554
C1,100,C1-resources-0100,2,84,17609
C1,100,C1-resources-0100,2,85,17663
C1,100,C1-resources-0100,2,86,17872
C1,100,C1-resources-0100,2,87,17564
C1,100,C1-resources-0100,2,88,17590
C1,100,C1-resources-0100,2,89,17982
C1,100,C1-resources-0100,2,90,17585
C1,100,C1-resources-0100,2,91,17692
C1,100,C1-resources-0100,2,92,18437
C1,100,C1-resources-0100,2,93,17920
C1,100,C1-resources-0100,2,94,17713
C1,100,C1-resources-0100,2,95,17619
C1,100,C1-resources-0100,2,96,17675
C1,100,C1-resources-0100,2,97,17552
C1,100,C1-resources-0100,2,98,17997
C1,100,C1-resources-0100,2,99,17657
C1,100,C1-resources-0100,2,100,17516
C1,100,C1-resources-0100,3,1,19673
C1,100,C1-resources-0100,3,2,17920
C1,100,C1-resources-0100,3,3,17764
C1,100,C1-resources-0100,3,4,17772
C1,100,C1-resources-0100,3,5,17567
C1,100,C1-resources-0100,3,6,17736
C1,100,C1-resources-0100,3,7,17622
C1,100,C1-resources-0100,3,8,17687
C1,100,C1-resources-0100,3,9,17480
C1,100,C1-resources-0100,3,10,20292
C1,100,C1-resources-0100,3,11,17689
C1,100,C1-resources-0100,3,12,17722
C1,100,C1-resources-0100,3,13,17688
C1,100,C1-resources-0100,3,14,17714
C1,100,C1-resources-0100,3,15,17922
C1,100,C1-resources-0100,3,16,17798
C1,100,C1-resources-0100,3,17,17661
C1,100,C1-resources-0100,3,18,17631
C1,100,C1-resources-0100,3,19,17868
C1,100,C1-resources-0100,3,20,18550
C1,100,C1-resources-0100,3,21,17977
C1,100,C1-resources-0100,3,22,18333
C1,100,C1-resources-0100,3,23,17482
C1,100,C1-resources-0100,3,24,17491
C1,100,C1-resources-0100,3,25,17590
C1,100,C1-resources-0100,3,26,17708
C1,100,C1-resources-0100,3,27,17565
C1,100,C1-resources-0100,3,28,18619
C1,100,C1-resources-0100,3,29,18005
C1,100,C1-resources-0100,3,30,17830
C1,100,C1-resources-0100,3,31,17782
C1,100,C1-resources-0100,3,32,17684
C1,100,C1-resources-0100,3,33,17509
C1,100,C1-resources-0100,3,34,17933
C1,100,C1-resources-0100,3,35,17686
C1,100,C1-resources-0100,3,36,17545
C1,100,C1-resources-0100,3,37,17601
C1,100,C1-resources-0100,3,38,17553
C1,100,C1-resources-0100,3,39,17507
C1,100,C1-resources-0100,3,40,17698
C1,100,C1-resources-0100,3,41,17683
C1,100,C1-resources-0100,3,42,17652
C1,100,C1-resources-0100,3,43,19420
C1,100,C1-resources-0100,3,44,17664
C1,100,C1-resources-0100,3,45,17630
C1,100,C1-resources-0100,3,46,17550
C1,100,C1-resources-0100,3,47,17726
C1,100,C1-resources-0100,3,48,17488
C1,100,C1-resources-0100,3,49,17463
C1,100,C1-resources-0100,3,50,17579
C1,100,C1-resources-0100,3,51,17766
C1,100,C1-resources-0100,3,52,17617
C1,100,C1-resources-0100,3,53,17444
C1,100,C1-resources-0100,3,54,18029
C1,100,C1-resources-0100,3,55,17711
C1,100,C1-resources-0100,3,56,17552
C1,100,C1-resources-0100,3,57,17507
C1,100,C1-resources-0100,3,58,17704
C1,100,C1-resources-0100,3,59,17773
C1,100,C1-resources-0100,3,60,17638
C1,100,C1-resources-0100,3,61,18100
C1,100,C1-resources-0100,3,62,17699
C1,100,C1-resources-0100,3,63,17581
C1,100,C1-resources-0100,3,64,17649
C1,100,C1-resources-0100,3,65,35442
C1,100,C1-resources-0100,3,66,17994
C1,100,C1-resources-0100,3,67,17595
C1,100,C1-resources-0100,3,68,17355
C1,100,C1-resources-0100,3,69,17431
C1,100,C1-resources-0100,3,70,17743
C1,100,C1-resources-0100,3,71,17677
C1,100,C1-resources-0100,3,72,17594
C1,100,C1-resources-0100,3,73,17412
C1,100,C1-resources-0100,3,74,17382
C1,100,C1-resources-0100,3,75,17376
C1,100,C1-resources-0100,3,76,17384
C1,100,C1-resources-0100,3,77,17469
C1,100,C1-resources-0100,3,78,18000
C1,100,C1-resources-0100,3,79,17579
C1,100,C1-resources-0100,3,80,18278
C1,100,C1-resources-0100,3,81,17656
C1,100,C1-resources-0100,3,82,17331
C1,100,C1-resources-0100,3,83,17615
C1,100,C1-resources-0100,3,84,17302
C1,100,C1-resources-0100,3,85,17622
C1,100,C1-resources-0100,3,86,17426
C1,100,C1-resources-0100,3,87,17336
C1,100,C1-resources-0100,3,88,17371
C1,100,C1-resources-0100,3,89,17473
C1,100,C1-resources-0100,3,90,17426
C1,100,C1-resources-0100,3,91,17283
C1,100,C1-resources-0100,3,92,17623
C1,100,C1-resources-0100,3,93,17497
C1,100,C1-resources-0100,3,94,17494
C1,100,C1-resources-0100,3,95,18670
C1,100,C1-resources-0100,3,96,17717
C1,100,C1-resources-0100,3,97,17964
C1,100,C1-resources-0100,3,98,17612
C1,100,C1-resources-0100,3,99,17427
C1,100,C1-resources-0100,3,100,17478
C1,100,C1-resources-0100,4,1,19260
C1,100,C1-resources-0100,4,2,17645
C1,100,C1-resources-0100,4,3,17308
C1,100,C1-resources-0100,4,4,17532
C1,100,C1-resources-0100,4,5,17818
C1,100,C1-resources-0100,4,6,17528
C1,100,C1-resources-0100,4,7,17603
C1,100,C1-resources-0100,4,8,17691
C1,100,C1-resources-0100,4,9,17822
C1,100,C1-resources-0100,4,10,17898
C1,100,C1-resources-0100,4,11,17870
C1,100,C1-resources-0100,4,12,19857
C1,100,C1-resources-0100,4,13,17949
C1,100,C1-resources-0100,4,14,17451
C1,100,C1-resources-0100,4,15,17855
C1,100,C1-resources-0100,4,16,17480
C1,100,C1-resources-0100,4,17,17728
C1,100,C1-resources-0100,4,18,17744
C1,100,C1-resources-0100,4,19,17804
C1,100,C1-resources-0100,4,20,17767
C1,100,C1-resources-0100,4,21,18869
C1,100,C1-resources-0100,4,22,18325
C1,100,C1-resources-0100,4,23,17645
C1,100,C1-resources-0100,4,24,17545
C1,100,C1-resources-0100,4,25,17612
C1,100,C1-resources-0100,4,26,17520
C1,100,C1-resources-0100,4,27,18019
C1,100,C1-resources-0100,4,28,17962
C1,100,C1-resources-0100,4,29,17644
C1,100,C1-resources-0100,4,30,18665
C1,100,C1-resources-0100,4,31,18142
C1,100,C1-resources-0100,4,32,17941
C1,100,C1-resources-0100,4,33,17730
C1,100,C1-resources-0100,4,34,17578
C1,100,C1-resources-0100,4,35,17616
C1,100,C1-resources-0100,4,36,17870
C1,100,C1-resources-0100,4,37,17643
C1,100,C1-resources-0100,4,38,17555
C1,100,C1-resources-0100,4,39,17817
C1,100,C1-resources-0100,4,40,17590
C1,100,C1-resources-0100,4,41,17729
C1,100,C1-resources-0100,4,42,17791
C1,100,C1-resources-0100,4,43,17680
C1,100,C1-resources-0100,4,44,18910
C1,100,C1-resources-0100,4,45,18014
C1,100,C1-resources-0100,4,46,17888
C1,100,C1-resources-0100,4,47,17634
C1,100,C1-resources-0100,4,48,17825
C1,100,C1-resources-0100,4,49,17581
C1,100,C1-resources-0100,4,50,18234
C1,100,C1-resources-0100,4,51,17483
C1,100,C1-resources-0100,4,52,17607
C1,100,C1-resources-0100,4,53,17567
C1,100,C1-resources-0100,4,54,17628
C1,100,C1-resources-0100,4,55,17560
C1,100,C1-resources-0100,4,56,17580
C1,100,C1-resources-0100,4,57,17490
C1,100,C1-resources-0100,4,58,17721
C1,100,C1-resources-0100,4,59,17562
C1,100,C1-resources-0100,4,60,17594
C1,100,C1-resources-0100,4,61,17664
C1,100,C1-resources-0100,4,62,18376
C1,100,C1-resources-0100,4,63,17901
C1,100,C1-resources-0100,4,64,17687
C1,100,C1-resources-0100,4,65,17601
C1,100,C1-resources-0100,4,66,20686
C1,100,C1-resources-0100,4,67,17620
C1,100,C1-resources-0100,4,68,17559
C1,100,C1-resources-0100,4,69,17638
C1,100,C1-resources-0100,4,70,17638
C1,100,C1-resources-0100,4,71,17921
C1,100,C1-resources-0100,4,72,17416
C1,100,C1-resources-0100,4,73,17911
C1,100,C1-resources-0100,4,74,17698
C1,100,C1-resources-0100,4,75,18175
C1,100,C1-resources-0100,4,76,17806
C1,100,C1-resources-0100,4,77,17869
C1,100,C1-resources-0100,4,78,17849
C1,100,C1-resources-0100,4,79,17702
C1,100,C1-resources-0100,4,80,17928
C1,100,C1-resources-0100,4,81,17601
C1,100,C1-resources-0100,4,82,17679
C1,100,C1-resources-0100,4,83,17410
C1,100,C1-resources-0100,4,84,17972
C1,100,C1-resources-0100,4,85,17592
C1,100,C1-resources-0100,4,86,17552
C1,100,C1-resources-0100,4,87,17342
C1,100,C1-resources-0100,4,88,17526
C1,100,C1-resources-0100,4,89,17512
C1,100,C1-resources-0100,4,90,17426
C1,100,C1-resources-0100,4,91,17453
C1,100,C1-resources-0100,4,92,17610
C1,100,C1-resources-0100,4,93,17567
C1,100,C1-resources-0100,4,94,17617
C1,100,C1-resources-0100,4,95,17459
C1,100,C1-resources-0100,4,96,17525
C1,100,C1-resources-0100,4,97,17618
C1,100,C1-resources-0100,4,98,17437
C1,100,C1-resources-0100,4,99,17617
C1,100,C1-resources-0100,4,100,17896
C1,100,C1-resources-0100,5,1,19485
C1,100,C1-resources-0100,5,2,17549
C1,100,C1-resources-0100,5,3,17568
C1,100,C1-resources-0100,5,4,17561
C1,100,C1-resources-0100,5,5,17501
C1,100,C1-resources-0100,5,6,17427
C1,100,C1-resources-0100,5,7,17680
C1,100,C1-resources-0100,5,8,17657
C1,100,C1-resources-0100,5,9,17771
C1,100,C1-resources-0100,5,10,18290
C1,100,C1-resources-0100,5,11,18006
C1,100,C1-resources-0100,5,12,17657
C1,100,C1-resources-0100,5,13,17505
C1,100,C1-resources-0100,5,14,17696
C1,100,C1-resources-0100,5,15,17460
C1,100,C1-resources-0100,5,16,18069
C1,100,C1-resources-0100,5,17,18648
C1,100,C1-resources-0100,5,18,17546
C1,100,C1-resources-0100,5,19,17788
C1,100,C1-resources-0100,5,20,17602
C1,100,C1-resources-0100,5,21,17616
C1,100,C1-resources-0100,5,22,17806
C1,100,C1-resources-0100,5,23,17665
C1,100,C1-resources-0100,5,24,17541
C1,100,C1-resources-0100,5,25,17641
C1,100,C1-resources-0100,5,26,17821
C1,100,C1-resources-0100,5,27,17938
C1,100,C1-resources-0100,5,28,17630
C1,100,C1-resources-0100,5,29,17737
C1,100,C1-resources-0100,5,30,17575
C1,100,C1-resources-0100,5,31,17552
C1,100,C1-resources-0100,5,32,17733
C1,100,C1-resources-0100,5,33,20145
C1,100,C1-resources-0100,5,34,18085
C1,100,C1-resources-0100,5,35,17859
C1,100,C1-resources-0100,5,36,17863
C1,100,C1-resources-0100,5,37,17540
C1,100,C1-resources-0100,5,38,18125
C1,100,C1-resources-0100,5,39,18123
C1,100,C1-resources-0100,5,40,22735
C1,100,C1-resources-0100,5,41,18664
C1,100,C1-resources-0100,5,42,21865
C1,100,C1-resources-0100,5,43,18239
C1,100,C1-resources-0100,5,44,18114
C1,100,C1-resources-0100,5,45,17851
C1,100,C1-resources-0100,5,46,18159
C1,100,C1-resources-0100,5,47,17861
C1,100,C1-resources-0100,5,48,18025
C1,100,C1-resources-0100,5,49,18296
C1,100,C1-resources-0100,5,50,17940
C1,100,C1-resources-0100,5,51,19404
C1,100,C1-resources-0100,5,52,17583
C1,100,C1-resources-0100,5,53,17500
C1,100,C1-resources-0100,5,54,17533
C1,100,C1-resources-0100,5,55,17586
C1,100,C1-resources-0100,5,56,17412
C1,100,C1-resources-0100,5,57,17572
C1,100,C1-resources-0100,5,58,25173
C1,100,C1-resources-0100,5,59,18724
C1,100,C1-resources-0100,5,60,18832
C1,100,C1-resources-0100,5,61,18594
C1,100,C1-resources-0100,5,62,18662
C1,100,C1-resources-0100,5,63,18517
C1,100,C1-resources-0100,5,64,36319
C1,100,C1-resources-0100,5,65,22460
C1,100,C1-resources-0100,5,66,27854
C1,100,C1-resources-0100,5,67,21146
C1,100,C1-resources-0100,5,68,24157
C1,100,C1-resources-0100,5,69,22563
C1,100,C1-resources-0100,5,70,17836
C1,100,C1-resources-0100,5,71,17667
C1,100,C1-resources-0100,5,72,17478
C1,100,C1-resources-0100,5,73,17646
C1,100,C1-resources-0100,5,74,17620
C1,100,C1-resources-0100,5,75,17688
C1,100,C1-resources-0100,5,76,17733
C1,100,C1-resources-0100,5,77,17581
C1,100,C1-resources-0100,5,78,17557
C1,100,C1-resources-0100,5,79,17811
C1,100,C1-resources-0100,5,80,17592
C1,100,C1-resources-0100,5,81,17527
C1,100,C1-resources-0100,5,82,17554
C1,100,C1-resources-0100,5,83,17293
C1,100,C1-resources-0100,5,84,18017
C1,100,C1-resources-0100,5,85,180242
C1,100,C1-resources-0100,5,86,59635
C1,100,C1-resources-0100,5,87,23379
C1,100,C1-resources-0100,5,88,18007
C1,100,C1-resources-0100,5,89,17967
C1,100,C1-resources-0100,5,90,17695
C1,100,C1-resources-0100,5,91,18126
C1,100,C1-resources-0100,5,92,17702
C1,100,C1-resources-0100,5,93,17632
C1,100,C1-resources-0100,5,94,17658
C1,100,C1-resources-0100,5,95,17290
C1,100,C1-resources-0100,5,96,17477
C1,100,C1-resources-0100,5,97,17429
C1,100,C1-resources-0100,5,98,17532
C1,100,C1-resources-0100,5,99,17520
C1,100,C1-resources-0100,5,100,17616
C1,100,C1-resources-0100,6,1,22580
C1,100,C1-resources-0100,6,2,18490
C1,100,C1-resources-0100,6,3,17951
C1,100,C1-resources-0100,6,4,17677
C1,100,C1-resources-0100,6,5,17892
C1,100,C1-resources-0100,6,6,17965
C1,100,C1-resources-0100,6,7,17703
C1,100,C1-resources-0100,6,8,17689
C1,100,C1-resources-0100,6,9,17713
C1,100,C1-resources-0100,6,10,17794
C1,100,C1-resources-0100,6,11,18347
C1,100,C1-resources-0100,6,12,18055
C1,100,C1-resources-0100,6,13,17942
C1,100,C1-resources-0100,6,14,18399
C1,100,C1-resources-0100,6,15,22771
C1,100,C1-resources-0100,6,16,18854
C1,100,C1-resources-0100,6,17,18415
C1,100,C1-resources-0100,6,18,18950
C1,100,C1-resources-0100,6,19,19700
C1,100,C1-resources-0100,6,20,18714
C1,100,C1-resources-0100,6,21,21325
C1,100,C1-resources-0100,6,22,18062
C1,100,C1-resources-0100,6,23,22103
C1,100,C1-resources-0100,6,24,19235
C1,100,C1-resources-0100,6,25,19519
C1,100,C1-resources-0100,6,26,19452
C1,100,C1-resources-0100,6,27,21978
C1,100,C1-resources-0100,6,28,20794
C1,100,C1-resources-0100,6,29,19180
C1,100,C1-resources-0100,6,30,23731
C1,100,C1-resources-0100,6,31,19129
C1,100,C1-resources-0100,6,32,30932
C1,100,C1-resources-0100,6,33,26228
C1,100,C1-resources-0100,6,34,29072
C1,100,C1-resources-0100,6,35,18889
C1,100,C1-resources-0100,6,36,18813
C1,100,C1-resources-0100,6,37,19300
C1,100,C1-resources-0100,6,38,23300
C1,100,C1-resources-0100,6,39,18977
C1,100,C1-resources-0100,6,40,22699
C1,100,C1-resources-0100,6,41,18726
C1,100,C1-resources-0100,6,42,18446
C1,100,C1-resources-0100,6,43,21637
C1,100,C1-resources-0100,6,44,18525
C1,100,C1-resources-0100,6,45,23163
C1,100,C1-resources-0100,6,46,20138
C1,100,C1-resources-0100,6,47,19260
C1,100,C1-resources-0100,6,48,18926
C1,100,C1-resources-0100,6,49,19363
C1,100,C1-resources-0100,6,50,18960
C1,100,C1-resources-0100,6,51,19611
C1,100,C1-resources-0100,6,52,18961
C1,100,C1-resources-0100,6,53,22840
C1,100,C1-resources-0100,6,54,17880
C1,100,C1-resources-0100,6,55,17580
C1,100,C1-resources-0100,6,56,17940
C1,100,C1-resources-0100,6,57,17586
C1,100,C1-resources-0100,6,58,17561
C1,100,C1-resources-0100,6,59,18053
C1,100,C1-resources-0100,6,60,19140
C1,100,C1-resources-0100,6,61,17817
C1,100,C1-resources-0100,6,62,17577
C1,100,C1-resources-0100,6,63,17689
C1,100,C1-resources-0100,6,64,18007
C1,100,C1-resources-0100,6,65,18028
C1,100,C1-resources-0100,6,66,17993
C1,100,C1-resources-0100,6,67,17435
C1,100,C1-resources-0100,6,68,17784
C1,100,C1-resources-0100,6,69,17799
C1,100,C1-resources-0100,6,70,17820
C1,100,C1-resources-0100,6,71,17654
C1,100,C1-resources-0100,6,72,17464
C1,100,C1-resources-0100,6,73,17511
C1,100,C1-resources-0100,6,74,17678
C1,100,C1-resources-0100,6,75,17629
C1,100,C1-resources-0100,6,76,17455
C1,100,C1-resources-0100,6,77,17345
C1,100,C1-resources-0100,6,78,18310
C1,100,C1-resources-0100,6,79,17766
C1,100,C1-resources-0100,6,80,18047
C1,100,C1-resources-0100,6,81,17873
C1,100,C1-resources-0100,6,82,17921
C1,100,C1-resources-0100,6,83,17492
C1,100,C1-resources-0100,6,84,17588
C1,100,C1-resources-0100,6,85,17384
C1,100,C1-resources-0100,6,86,17390
C1,100,C1-resources-0100,6,87,17682
C1,100,C1-resources-0100,6,88,17548
C1,100,C1-resources-0100,6,89,17385
C1,100,C1-resources-0100,6,90,17500
C1,100,C1-resources-0100,6,91,22574
C1,100,C1-resources-0100,6,92,18047
C1,100,C1-resources-0100,6,93,17683
C1,100,C1-resources-0100,6,94,17857
C1,100,C1-resources-0100,6,95,17804
C1,100,C1-resources-0100,6,96,17679
C1,100,C1-resources-0100,6,97,17422
C1,100,C1-resources-0100,6,98,17724
C1,100,C1-resources-0100,6,99,17444
C1,100,C1-resources-0100,6,100,17493
C1,100,C1-resources-0100,7,1,19686
C1,100,C1-resources-0100,7,2,17949
C1,100,C1-resources-0100,7,3,17604
C1,100,C1-resources-0100,7,4,17696
C1,100,C1-resources-0100,7,5,17881
C1,100,C1-resources-0100,7,6,17653
C1,100,C1-resources-0100,7,7,17675
C1,100,C1-resources-0100,7,8,17693
C1,100,C1-resources-0100,7,9,18585
C1,100,C1-resources-0100,7,10,17652
C1,100,C1-resources-0100,7,11,17623
C1,100,C1-resources-0100,7,12,17560
C1,100,C1-resources-0100,7,13,17642
C1,100,C1-resources-0100,7,14,17653
C1,100,C1-resources-0100,7,15,17841
C1,100,C1-resources-0100,7,16,17607
C1,100,C1-resources-0100,7,17,17528
C1,100,C1-resources-0100,7,18,18015
C1,100,C1-resources-0100,7,19,17437
C1,100,C1-resources-0100,7,20,17490
C1,100,C1-resources-0100,7,21,17494
C1,100,C1-resources-0100,7,22,17684
C1,100,C1-resources-0100,7,23,17664
C1,100,C1-resources-0100,7,24,17567
C1,100,C1-resources-0100,7,25,17592
C1,100,C1-resources-0100,7,26,17515
C1,100,C1-resources-0100,7,27,18289
C1,100,C1-resources-0100,7,28,17487
C1,100,C1-resources-0100,7,29,17970
C1,100,C1-resources-0100,7,30,17500
C1,100,C1-resources-0100,7,31,17381
C1,100,C1-resources-0100,7,32,17679
C1,100,C1-resources-0100,7,33,17525
C1,100,C1-resources-0100,7,34,17663
C1,100,C1-resources-0100,7,35,17690
C1,100,C1-resources-0100,7,36,17360
C1,100,C1-resources-0100,7,37,17513
C1,100,C1-resources-0100,7,38,17588
C1,100,C1-resources-0100,7,39,17539
C1,100,C1-resources-0100,7,40,17563
C1,100,C1-resources-0100,7,41,17891
C1,100,C1-resources-0100,7,42,17492
C1,100,C1-resources-0100,7,43,17511
C1,100,C1-resources-0100,7,44,17581
C1,100,C1-resources-0100,7,45,18145
C1,100,C1-resources-0100,7,46,17621
C1,100,C1-resources-0100,7,47,37801
C1,100,C1-resources-0100,7,48,18095
C1,100,C1-resources-0100,7,49,18111
C1,100,C1-resources-0100,7,50,18052
C1,100,C1-resources-0100,7,51,18207
C1,100,C1-resources-0100,7,52,17891
C1,100,C1-resources-0100,7,53,21056
C1,100,C1-resources-0100,7,54,18391
C1,100,C1-resources-0100,7,55,21178
C1,100,C1-resources-0100,7,56,18010
C1,100,C1-resources-0100,7,57,18308
C1,100,C1-resources-0100,7,58,17955
C1,100,C1-resources-0100,7,59,22338
C1,100,C1-resources-0100,7,60,18796
C1,100,C1-resources-0100,7,61,21984
C1,100,C1-resources-0100,7,62,21360
C1,100,C1-resources-0100,7,63,19227
C1,100,C1-resources-0100,7,64,17595
C1,100,C1-resources-0100,7,65,17797
C1,100,C1-resources-0100,7,66,17713
C1,100,C1-resources-0100,7,67,17938
C1,100,C1-resources-0100,7,68,17573
C1,100,C1-resources-0100,7,69,17466
C1,100,C1-resources-0100,7,70,17629
C1,100,C1-resources-0100,7,71,17507
C1,100,C1-resources-0100,7,72,17694
C1,100,C1-resources-0100,7,73,17526
C1,100,C1-resources-0100,7,74,17442
C1,100,C1-resources-0100,7,75,17493
C1,100,C1-resources-0100,7,76,17730
C1,100,C1-resources-0100,7,77,17504
C1,100,C1-resources-0100,7,78,17753
C1,100,C1-resources-0100,7,79,17501
C1,100,C1-resources-0100,7,80,18250
C1,100,C1-resources-0100,7,81,17571
C1,100,C1-resources-0100,7,82,17740
C1,100,C1-resources-0100,7,83,17641
C1,100,C1-resources-0100,7,84,17376
C1,100,C1-resources-0100,7,85,17418
C1,100,C1-resources-0100,7,86,21469
C1,100,C1-resources-0100,7,87,17862
C1,100,C1-resources-0100,7,88,18436
C1,100,C1-resources-0100,7,89,17724
C1,100,C1-resources-0100,7,90,17662
C1,100,C1-resources-0100,7,91,17601
C1,100,C1-resources-0100,7,92,18208
C1,100,C1-resources-0100,7,93,17473
C1,100,C1-resources-0100,7,94,17666
C1,100,C1-resources-0100,7,95,17551
C1,100,C1-resources-0100,7,96,17386
C1,100,C1-resources-0100,7,97,17582
C1,100,C1-resources-0100,7,98,18868
C1,100,C1-resources-0100,7,99,17595
C1,100,C1-resources-0100,7,100,17448
C1,100,C1-resources-0100,8,1,18920
C1,100,C1-resources-0100,8,2,17991
C1,100,C1-resources-0100,8,3,17985
C1,100,C1-resources-0100,8,4,17547
C1,100,C1-resources-0100,8,5,17847
C1,100,C1-resources-0100,8,6,17340
C1,100,C1-resources-0100,8,7,17736
C1,100,C1-resources-0100,8,8,17894
C1,100,C1-resources-0100,8,9,17810
C1,100,C1-resources-0100,8,10,18010
C1,100,C1-resources-0100,8,11,17444
C1,100,C1-resources-0100,8,12,17527
C1,100,C1-resources-0100,8,13,17495
C1,100,C1-resources-0100,8,14,17658
C1,100,C1-resources-0100,8,15,19913
C1,100,C1-resources-0100,8,16,17849
C1,100,C1-resources-0100,8,17,17606
C1,100,C1-resources-0100,8,18,17699
C1,100,C1-resources-0100,8,19,17560
C1,100,C1-resources-0100,8,20,17665
C1,100,C1-resources-0100,8,21,17435
C1,100,C1-resources-0100,8,22,17662
C1,100,C1-resources-0100,8,23,17402
C1,100,C1-resources-0100,8,24,17590
C1,100,C1-resources-0100,8,25,17535
C1,100,C1-resources-0100,8,26,17803
C1,100,C1-resources-0100,8,27,17606
C1,100,C1-resources-0100,8,28,17495
C1,100,C1-resources-0100,8,29,17602
C1,100,C1-resources-0100,8,30,17554
C1,100,C1-resources-0100,8,31,17309
C1,100,C1-resources-0100,8,32,17777
C1,100,C1-resources-0100,8,33,17714
C1,100,C1-resources-0100,8,34,17674
C1,100,C1-resources-0100,8,35,17816
C1,100,C1-resources-0100,8,36,18292
C1,100,C1-resources-0100,8,37,17919
C1,100,C1-resources-0100,8,38,17744
C1,100,C1-resources-0100,8,39,17920
C1,100,C1-resources-0100,8,40,17965
C1,100,C1-resources-0100,8,41,17756
C1,100,C1-resources-0100,8,42,17686
C1,100,C1-resources-0100,8,43,17594
C1,100,C1-resources-0100,8,44,17651
C1,100,C1-resources-0100,8,45,17665
C1,100,C1-resources-0100,8,46,17557
C1,100,C1-resources-0100,8,47,17755
C1,100,C1-resources-0100,8,48,17525
C1,100,C1-resources-0100,8,49,17533
C1,100,C1-resources-0100,8,50,18394
C1,100,C1-resources-0100,8,51,17693
C1,100,C1-resources-0100,8,52,17708
C1,100,C1-resources-0100,8,53,17686
C1,100,C1-resources-0100,8,54,18022
C1,100,C1-resources-0100,8,55,17500
C1,100,C1-resources-0100,8,56,17542
C1,100,C1-resources-0100,8,57,17760
C1,100,C1-resources-0100,8,58,17536
C1,100,C1-resources-0100,8,59,17733
C1,100,C1-resources-0100,8,60,17517
C1,100,C1-resources-0100,8,61,17680
C1,100,C1-resources-0100,8,62,17718
C1,100,C1-resources-0100,8,63,17795
C1,100,C1-resources-0100,8,64,17541
C1,100,C1-resources-0100,8,65,18001
C1,100,C1-resources-0100,8,66,17400
C1,100,C1-resources-0100,8,67,17425
C1,100,C1-resources-0100,8,68,20324
C1,100,C1-resources-0100,8,69,18230
C1,100,C1-resources-0100,8,70,17804
C1,100,C1-resources-0100,8,71,17644
C1,100,C1-resources-0100,8,72,18989
C1,100,C1-resources-0100,8,73,19307
C1,100,C1-resources-0100,8,74,18910
C1,100,C1-resources-0100,8,75,18228
C1,100,C1-resources-0100,8,76,17791
C1,100,C1-resources-0100,8,77,17948
C1,100,C1-resources-0100,8,78,17941
C1,100,C1-resources-0100,8,79,17710
C1,100,C1-resources-0100,8,80,17522
C1,100,C1-resources-0100,8,81,18003
C1,100,C1-resources-0100,8,82,17349
C1,100,C1-resources-0100,8,83,17727
C1,100,C1-resources-0100,8,84,17771
C1,100,C1-resources-0100,8,85,17428
C1,100,C1-resources-0100,8,86,17899
C1,100,C1-resources-0100,8,87,17683
C1,100,C1-resources-0100,8,88,17766
C1,100,C1-resources-0100,8,89,17482
C1,100,C1-resources-0100,8,90,17434
C1,100,C1-resources-0100,8,91,17649
C1,100,C1-resources-0100,8,92,18546
C1,100,C1-resources-0100,8,93,17317
C1,100,C1-resources-0100,8,94,18111
C1,100,C1-resources-0100,8,95,17977
C1,100,C1-resources-0100,8,96,17816
C1,100,C1-resources-0100,8,97,17735
C1,100,C1-resources-0100,8,98,18016
C1,100,C1-resources-0100,8,99,18243
C1,100,C1-resources-0100,8,100,17456
C3,100,C3-resources-0100,1,1,179460
C3,100,C3-resources-0100,1,2,177392
C3,100,C3-resources-0100,1,3,181845
C3,100,C3-resources-0100,1,4,180249
C3,100,C3-resources-0100,1,5,179195
C3,100,C3-resources-0100,1,6,193148
C3,100,C3-resources-0100,1,7,185936
C3,100,C3-resources-0100,1,8,224276
C3,100,C3-resources-0100,1,9,219159
C3,100,C3-resources-0100,1,10,217963
C3,100,C3-resources-0100,1,11,201752
C3,100,C3-resources-0100,1,12,200027
C3,100,C3-resources-0100,1,13,202369
C3,100,C3-resources-0100,1,14,227208
C3,100,C3-resources-0100,1,15,235329
C3,100,C3-resources-0100,1,16,232892
C3,100,C3-resources-0100,1,17,238529
C3,100,C3-resources-0100,1,18,230765
C3,100,C3-resources-0100,1,19,204198
C3,100,C3-resources-0100,1,20,201292
C3,100,C3-resources-0100,1,21,202219
C3,100,C3-resources-0100,1,22,185213
C3,100,C3-resources-0100,1,23,177599
C3,100,C3-resources-0100,1,24,176242
C3,100,C3-resources-0100,1,25,178685
C3,100,C3-resources-0100,1,26,179296
C3,100,C3-resources-0100,1,27,206138
C3,100,C3-resources-0100,1,28,190418
C3,100,C3-resources-0100,1,29,203201
C3,100,C3-resources-0100,1,30,199274
C3,100,C3-resources-0100,1,31,200647
C3,100,C3-resources-0100,1,32,179492
C3,100,C3-resources-0100,1,33,177545
C3,100,C3-resources-0100,1,34,178924
C3,100,C3-resources-0100,1,35,177085
C3,100,C3-resources-0100,1,36,178355
C3,100,C3-resources-0100,1,37,176363
C3,100,C3-resources-0100,1,38,179140
C3,100,C3-resources-0100,1,39,175779
C3,100,C3-resources-0100,1,40,179324
C3,100,C3-resources-0100,1,41,191863
C3,100,C3-resources-0100,1,42,183464
C3,100,C3-resources-0100,1,43,178082
C3,100,C3-resources-0100,1,44,178403
C3,100,C3-resources-0100,1,45,176476
C3,100,C3-resources-0100,1,46,178208
C3,100,C3-resources-0100,1,47,176509
C3,100,C3-resources-0100,1,48,188511
C3,100,C3-resources-0100,1,49,181888
C3,100,C3-resources-0100,1,50,178102
C3,100,C3-resources-0100,1,51,178052
C3,100,C3-resources-0100,1,52,177559
C3,100,C3-resources-0100,1,53,177769
C3,100,C3-resources-0100,1,54,177444
C3,100,C3-resources-0100,1,55,176908
C3,100,C3-resources-0100,1,56,178646
C3,100,C3-resources-0100,1,57,176582
C3,100,C3-resources-0100,1,58,177030
C3,100,C3-resources-0100,1,59,176609
C3,100,C3-resources-0100,1,60,179552
C3,100,C3-resources-0100,1,61,176146
C3,100,C3-resources-0100,1,62,177785
C3,100,C3-resources-0100,1,63,199678
C3,100,C3-resources-0100,1,64,201401
C3,100,C3-resources-0100,1,65,212769
C3,100,C3-resources-0100,1,66,236065
C3,100,C3-resources-0100,1,67,191835
C3,100,C3-resources-0100,1,68,185241
C3,100,C3-resources-0100,1,69,188590
C3,100,C3-resources-0100,1,70,211353
C3,100,C3-resources-0100,1,71,179361
C3,100,C3-resources-0100,1,72,176825
C3,100,C3-resources-0100,1,73,179572
C3,100,C3-resources-0100,1,74,178310
C3,100,C3-resources-0100,1,75,180661
C3,100,C3-resources-0100,1,76,177193
C3,100,C3-resources-0100,1,77,178357
C3,100,C3-resources-0100,1,78,177303
C3,100,C3-resources-0100,1,79,193545
C3,100,C3-resources-0100,1,80,183190
C3,100,C3-resources-0100,1,81,184661
C3,100,C3-resources-0100,1,82,178866
C3,100,C3-resources-0100,1,83,178634
C3,100,C3-resources-0100,1,84,175444
C3,100,C3-resources-0100,1,85,178671
C3,100,C3-resources-0100,1,86,175610
C3,100,C3-resources-0100,1,87,179356
C3,100,C3-resources-0100,1,88,177065
C3,100,C3-resources-0100,1,89,178749
C3,100,C3-resources-0100,1,90,176981
C3,100,C3-resources-0100,1,91,177362
C3,100,C3-resources-0100,1,92,243053
C3,100,C3-resources-0100,1,93,186878
C3,100,C3-resources-0100,1,94,183741
C3,100,C3-resources-0100,1,95,181422
C3,100,C3-resources-0100,1,96,189354
C3,100,C3-resources-0100,1,97,196309
C3,100,C3-resources-0100,1,98,195410
C3,100,C3-resources-0100,1,99,191016
C3,100,C3-resources-0100,1,100,206604
C3,100,C3-resources-0100,2,1,217975
C3,100,C3-resources-0100,2,2,195356
C3,100,C3-resources-0100,2,3,183525
C3,100,C3-resources-0100,2,4,183183
C3,100,C3-resources-0100,2,5,182843
C3,100,C3-resources-0100,2,6,189301
C3,100,C3-resources-0100,2,7,186510
C3,100,C3-resources-0100,2,8,199973
C3,100,C3-resources-0100,2,9,193857
C3,100,C3-resources-0100,2,10,184612
C3,100,C3-resources-0100,2,11,238934
C3,100,C3-resources-0100,2,12,239927
C3,100,C3-resources-0100,2,13,254285
C3,100,C3-resources-0100,2,14,253806
C3,100,C3-resources-0100,2,15,243303
C3,100,C3-resources-0100,2,16,225131
C3,100,C3-resources-0100,2,17,213432
C3,100,C3-resources-0100,2,18,202096
C3,100,C3-resources-0100,2,19,199419
C3,100,C3-resources-0100,2,20,201837
C3,100,C3-resources-0100,2,21,200559
C3,100,C3-resources-0100,2,22,198426
C3,100,C3-resources-0100,2,23,203431
C3,100,C3-resources-0100,2,24,199591
C3,100,C3-resources-0100,2,25,201782
C3,100,C3-resources-0100,2,26,199916
C3,100,C3-resources-0100,2,27,196584
C3,100,C3-resources-0100,2,28,175697
C3,100,C3-resources-0100,2,29,178217
C3,100,C3-resources-0100,2,30,200685
C3,100,C3-resources-0100,2,31,199257
C3,100,C3-resources-0100,2,32,206303
C3,100,C3-resources-0100,2,33,203944
C3,100,C3-resources-0100,2,34,191753
C3,100,C3-resources-0100,2,35,178115
C3,100,C3-resources-0100,2,36,177176
C3,100,C3-resources-0100,2,37,184949
C3,100,C3-resources-0100,2,38,193881
C3,100,C3-resources-0100,2,39,201993
C3,100,C3-resources-0100,2,40,185333
C3,100,C3-resources-0100,2,41,189331
C3,100,C3-resources-0100,2,42,181880
C3,100,C3-resources-0100,2,43,182980
C3,100,C3-resources-0100,2,44,201371
C3,100,C3-resources-0100,2,45,182955
C3,100,C3-resources-0100,2,46,180897
C3,100,C3-resources-0100,2,47,197728
C3,100,C3-resources-0100,2,48,192535
C3,100,C3-resources-0100,2,49,191378
C3,100,C3-resources-0100,2,50,219192
C3,100,C3-resources-0100,2,51,247270
C3,100,C3-resources-0100,2,52,210145
C3,100,C3-resources-0100,2,53,201054
C3,100,C3-resources-0100,2,54,203810
C3,100,C3-resources-0100,2,55,200953
C3,100,C3-resources-0100,2,56,245387
C3,100,C3-resources-0100,2,57,245581
C3,100,C3-resources-0100,2,58,257898
C3,100,C3-resources-0100,2,59,235318
C3,100,C3-resources-0100,2,60,229416
C3,100,C3-resources-0100,2,61,202242
C3,100,C3-resources-0100,2,62,204305
C3,100,C3-resources-0100,2,63,201148
C3,100,C3-resources-0100,2,64,217224
C3,100,C3-resources-0100,2,65,201408
C3,100,C3-resources-0100,2,66,204391
C3,100,C3-resources-0100,2,67,201405
C3,100,C3-resources-0100,2,68,203599
C3,100,C3-resources-0100,2,69,201718
C3,100,C3-resources-0100,2,70,202575
C3,100,C3-resources-0100,2,71,193491
C3,100,C3-resources-0100,2,72,203620
C3,100,C3-resources-0100,2,73,201153
C3,100,C3-resources-0100,2,74,201773
C3,100,C3-resources-0100,2,75,201784
C3,100,C3-resources-0100,2,76,203843
C3,100,C3-resources-0100,2,77,200358
C3,100,C3-resources-0100,2,78,221097
C3,100,C3-resources-0100,2,79,211230
C3,100,C3-resources-0100,2,80,211718
C3,100,C3-resources-0100,2,81,200656
C3,100,C3-resources-0100,2,82,202934
C3,100,C3-resources-0100,2,83,219706
C3,100,C3-resources-0100,2,84,214786
C3,100,C3-resources-0100,2,85,209276
C3,100,C3-resources-0100,2,86,208430
C3,100,C3-resources-0100,2,87,210680
C3,100,C3-resources-0100,2,88,230468
C3,100,C3-resources-0100,2,89,229921
C3,100,C3-resources-0100,2,90,228752
C3,100,C3-resources-0100,2,91,221343
C3,100,C3-resources-0100,2,92,201529
C3,100,C3-resources-0100,2,93,204953
C3,100,C3-resources-0100,2,94,202150
C3,100,C3-resources-0100,2,95,203967
C3,100,C3-resources-0100,2,96,201837
C3,100,C3-resources-0100,2,97,201851
C3,100,C3-resources-0100,2,98,178001
C3,100,C3-resources-0100,2,99,179471
C3,100,C3-resources-0100,2,100,199248
C3,100,C3-resources-0100,3,1,205693
C3,100,C3-resources-0100,3,2,205287
C3,100,C3-resources-0100,3,3,223817
C3,100,C3-resources-0100,3,4,233868
C3,100,C3-resources-0100,3,5,212523
C3,100,C3-resources-0100,3,6,200781
C3,100,C3-resources-0100,3,7,247868
C3,100,C3-resources-0100,3,8,206290
C3,100,C3-resources-0100,3,9,203036
C3,100,C3-resources-0100,3,10,202618
C3,100,C3-resources-0100,3,11,233741
C3,100,C3-resources-0100,3,12,218166
C3,100,C3-resources-0100,3,13,217325
C3,100,C3-resources-0100,3,14,205989
C3,100,C3-resources-0100,3,15,208914
C3,100,C3-resources-0100,3,16,190468
C3,100,C3-resources-0100,3,17,175902
C3,100,C3-resources-0100,3,18,178358
C3,100,C3-resources-0100,3,19,177766
C3,100,C3-resources-0100,3,20,178234
C3,100,C3-resources-0100,3,21,178737
C3,100,C3-resources-0100,3,22,179886
C3,100,C3-resources-0100,3,23,175974
C3,100,C3-resources-0100,3,24,184800
C3,100,C3-resources-0100,3,25,183514
C3,100,C3-resources-0100,3,26,180000
C3,100,C3-resources-0100,3,27,212262
C3,100,C3-resources-0100,3,28,184609
C3,100,C3-resources-0100,3,29,177669
C3,100,C3-resources-0100,3,30,178943
C3,100,C3-resources-0100,3,31,176785
C3,100,C3-resources-0100,3,32,178346
C3,100,C3-resources-0100,3,33,177123
C3,100,C3-resources-0100,3,34,178030
C3,100,C3-resources-0100,3,35,175160
C3,100,C3-resources-0100,3,36,189920
C3,100,C3-resources-0100,3,37,185814
C3,100,C3-resources-0100,3,38,183211
C3,100,C3-resources-0100,3,39,178110
C3,100,C3-resources-0100,3,40,169978
C3,100,C3-resources-0100,3,41,575889
C3,100,C3-resources-0100,3,42,296868
C3,100,C3-resources-0100,3,43,222434
C3,100,C3-resources-0100,3,44,209714
C3,100,C3-resources-0100,3,45,299353
C3,100,C3-resources-0100,3,46,185533
C3,100,C3-resources-0100,3,47,210112
C3,100,C3-resources-0100,3,48,176858
C3,100,C3-resources-0100,3,49,172018
C3,100,C3-resources-0100,3,50,167653
C3,100,C3-resources-0100,3,51,169379
C3,100,C3-resources-0100,3,52,169065
C3,100,C3-resources-0100,3,53,169670
C3,100,C3-resources-0100,3,54,165622
C3,100,C3-resources-0100,3,55,169792
C3,100,C3-resources-0100,3,56,168809
C3,100,C3-resources-0100,3,57,169099
C3,100,C3-resources-0100,3,58,166170
C3,100,C3-resources-0100,3,59,166836
C3,100,C3-resources-0100,3,60,166258
C3,100,C3-resources-0100,3,61,167211
C3,100,C3-resources-0100,3,62,166473
C3,100,C3-resources-0100,3,63,174880
C3,100,C3-resources-0100,3,64,169189
C3,100,C3-resources-0100,3,65,170057
C3,100,C3-resources-0100,3,66,165732
C3,100,C3-resources-0100,3,67,168120
C3,100,C3-resources-0100,3,68,182810
C3,100,C3-resources-0100,3,69,169225
C3,100,C3-resources-0100,3,70,165198
C3,100,C3-resources-0100,3,71,168341
C3,100,C3-resources-0100,3,72,165766
C3,100,C3-resources-0100,3,73,167473
C3,100,C3-resources-0100,3,74,165905
C3,100,C3-resources-0100,3,75,167726
C3,100,C3-resources-0100,3,76,166090
C3,100,C3-resources-0100,3,77,164689
C3,100,C3-resources-0100,3,78,168186
C3,100,C3-resources-0100,3,79,170949
C3,100,C3-resources-0100,3,80,168627
C3,100,C3-resources-0100,3,81,165412
C3,100,C3-resources-0100,3,82,166431
C3,100,C3-resources-0100,3,83,165402
C3,100,C3-resources-0100,3,84,166019
C3,100,C3-resources-0100,3,85,165092
C3,100,C3-resources-0100,3,86,167760
C3,100,C3-resources-0100,3,87,184187
C3,100,C3-resources-0100,3,88,176197
C3,100,C3-resources-0100,3,89,167497
C3,100,C3-resources-0100,3,90,166861
C3,100,C3-resources-0100,3,91,178334
C3,100,C3-resources-0100,3,92,170361
C3,100,C3-resources-0100,3,93,166379
C3,100,C3-resources-0100,3,94,167937
C3,100,C3-resources-0100,3,95,165263
C3,100,C3-resources-0100,3,96,167707
C3,100,C3-resources-0100,3,97,168311
C3,100,C3-resources-0100,3,98,191620
C3,100,C3-resources-0100,3,99,173013
C3,100,C3-resources-0100,3,100,171474
C3,100,C3-resources-0100,4,1,216698
C3,100,C3-resources-0100,4,2,170508
C3,100,C3-resources-0100,4,3,167833
C3,100,C3-resources-0100,4,4,169665
C3,100,C3-resources-0100,4,5,166684
C3,100,C3-resources-0100,4,6,175071
C3,100,C3-resources-0100,4,7,183817
C3,100,C3-resources-0100,4,8,164539
C3,100,C3-resources-0100,4,9,167468
C3,100,C3-resources-0100,4,10,165596
C3,100,C3-resources-0100,4,11,172281
C3,100,C3-resources-0100,4,12,192951
C3,100,C3-resources-0100,4,13,200977
C3,100,C3-resources-0100,4,14,180634
C3,100,C3-resources-0100,4,15,169809
C3,100,C3-resources-0100,4,16,175274
C3,100,C3-resources-0100,4,17,174662
C3,100,C3-resources-0100,4,18,166075
C3,100,C3-resources-0100,4,19,168428
C3,100,C3-resources-0100,4,20,165860
C3,100,C3-resources-0100,4,21,166392
C3,100,C3-resources-0100,4,22,165610
C3,100,C3-resources-0100,4,23,166263
C3,100,C3-resources-0100,4,24,166126
C3,100,C3-resources-0100,4,25,166059
C3,100,C3-resources-0100,4,26,165068
C3,100,C3-resources-0100,4,27,167641
C3,100,C3-resources-0100,4,28,185330
C3,100,C3-resources-0100,4,29,167378
C3,100,C3-resources-0100,4,30,164981
C3,100,C3-resources-0100,4,31,167230
C3,100,C3-resources-0100,4,32,165556
C3,100,C3-resources-0100,4,33,165840
C3,100,C3-resources-0100,4,34,180886
C3,100,C3-resources-0100,4,35,167875
C3,100,C3-resources-0100,4,36,164132
C3,100,C3-resources-0100,4,37,180725
C3,100,C3-resources-0100,4,38,168524
C3,100,C3-resources-0100,4,39,165182
C3,100,C3-resources-0100,4,40,165602
C3,100,C3-resources-0100,4,41,170044
C3,100,C3-resources-0100,4,42,167939
C3,100,C3-resources-0100,4,43,163588
C3,100,C3-resources-0100,4,44,167541
C3,100,C3-resources-0100,4,45,164723
C3,100,C3-resources-0100,4,46,167294
C3,100,C3-resources-0100,4,47,164259
C3,100,C3-resources-0100,4,48,166367
C3,100,C3-resources-0100,4,49,164577
C3,100,C3-resources-0100,4,50,166828
C3,100,C3-resources-0100,4,51,180547
C3,100,C3-resources-0100,4,52,174209
C3,100,C3-resources-0100,4,53,183014
C3,100,C3-resources-0100,4,54,181705
C3,100,C3-resources-0100,4,55,167062
C3,100,C3-resources-0100,4,56,167239
C3,100,C3-resources-0100,4,57,166041
C3,100,C3-resources-0100,4,58,168278
C3,100,C3-resources-0100,4,59,165237
C3,100,C3-resources-0100,4,60,182220
C3,100,C3-resources-0100,4,61,177256
C3,100,C3-resources-0100,4,62,169374
C3,100,C3-resources-0100,4,63,168322
C3,100,C3-resources-0100,4,64,168359
C3,100,C3-resources-0100,4,65,173263
C3,100,C3-resources-0100,4,66,177692
C3,100,C3-resources-0100,4,67,167090
C3,100,C3-resources-0100,4,68,167152
C3,100,C3-resources-0100,4,69,182199
C3,100,C3-resources-0100,4,70,176273
C3,100,C3-resources-0100,4,71,167956
C3,100,C3-resources-0100,4,72,164777
C3,100,C3-resources-0100,4,73,176488
C3,100,C3-resources-0100,4,74,179639
C3,100,C3-resources-0100,4,75,181591
C3,100,C3-resources-0100,4,76,192628
C3,100,C3-resources-0100,4,77,172764
C3,100,C3-resources-0100,4,78,168973
C3,100,C3-resources-0100,4,79,168191
C3,100,C3-resources-0100,4,80,163630
C3,100,C3-resources-0100,4,81,181620
C3,100,C3-resources-0100,4,82,195692
C3,100,C3-resources-0100,4,83,188056
C3,100,C3-resources-0100,4,84,165135
C3,100,C3-resources-0100,4,85,165513
C3,100,C3-resources-0100,4,86,172187
C3,100,C3-resources-0100,4,87,173626
C3,100,C3-resources-0100,4,88,165789
C3,100,C3-resources-0100,4,89,165556
C3,100,C3-resources-0100,4,90,165291
C3,100,C3-resources-0100,4,91,166651
C3,100,C3-resources-0100,4,92,175271
C3,100,C3-resources-0100,4,93,184418
C3,100,C3-resources-0100,4,94,164529
C3,100,C3-resources-0100,4,95,165664
C3,100,C3-resources-0100,4,96,165169
C3,100,C3-resources-0100,4,97,173398
C3,100,C3-resources-0100,4,98,171922
C3,100,C3-resources-0100,4,99,165178
C3,100,C3-resources-0100,4,100,167620
C3,100,C3-resources-0100,5,1,168874
C3,100,C3-resources-0100,5,2,167284
C3,100,C3-resources-0100,5,3,187758
C3,100,C3-resources-0100,5,4,210672
C3,100,C3-resources-0100,5,5,208329
C3,100,C3-resources-0100,5,6,176557
C3,100,C3-resources-0100,5,7,164402
C3,100,C3-resources-0100,5,8,166628
C3,100,C3-resources-0100,5,9,169482
C3,100,C3-resources-0100,5,10,169305
C3,100,C3-resources-0100,5,11,166122
C3,100,C3-resources-0100,5,12,167017
C3,100,C3-resources-0100,5,13,164318
C3,100,C3-resources-0100,5,14,186491
C3,100,C3-resources-0100,5,15,179630
C3,100,C3-resources-0100,5,16,168202
C3,100,C3-resources-0100,5,17,164913
C3,100,C3-resources-0100,5,18,167362
C3,100,C3-resources-0100,5,19,163911
C3,100,C3-resources-0100,5,20,165648
C3,100,C3-resources-0100,5,21,186795
C3,100,C3-resources-0100,5,22,169454
C3,100,C3-resources-0100,5,23,172315
C3,100,C3-resources-0100,5,24,166734
C3,100,C3-resources-0100,5,25,165375
C3,100,C3-resources-0100,5,26,169833
C3,100,C3-resources-0100,5,27,177873
C3,100,C3-resources-0100,5,28,217994
C3,100,C3-resources-0100,5,29,167584
C3,100,C3-resources-0100,5,30,164158
C3,100,C3-resources-0100,5,31,168418
C3,100,C3-resources-0100,5,32,165108
C3,100,C3-resources-0100,5,33,167261
C3,100,C3-resources-0100,5,34,176929
C3,100,C3-resources-0100,5,35,167485
C3,100,C3-resources-0100,5,36,164747
C3,100,C3-resources-0100,5,37,165903
C3,100,C3-resources-0100,5,38,177867
C3,100,C3-resources-0100,5,39,169094
C3,100,C3-resources-0100,5,40,165486
C3,100,C3-resources-0100,5,41,165824
C3,100,C3-resources-0100,5,42,164195
C3,100,C3-resources-0100,5,43,166007
C3,100,C3-resources-0100,5,44,186304
C3,100,C3-resources-0100,5,45,176756
C3,100,C3-resources-0100,5,46,163521
C3,100,C3-resources-0100,5,47,166752
C3,100,C3-resources-0100,5,48,172538
C3,100,C3-resources-0100,5,49,181268
C3,100,C3-resources-0100,5,50,166043
C3,100,C3-resources-0100,5,51,179942
C3,100,C3-resources-0100,5,52,169867
C3,100,C3-resources-0100,5,53,166342
C3,100,C3-resources-0100,5,54,165664
C3,100,C3-resources-0100,5,55,168312
C3,100,C3-resources-0100,5,56,164980
C3,100,C3-resources-0100,5,57,178231
C3,100,C3-resources-0100,5,58,189038
C3,100,C3-resources-0100,5,59,183037
C3,100,C3-resources-0100,5,60,166520
C3,100,C3-resources-0100,5,61,173480
C3,100,C3-resources-0100,5,62,186298
C3,100,C3-resources-0100,5,63,168696
C3,100,C3-resources-0100,5,64,168202
C3,100,C3-resources-0100,5,65,164589
C3,100,C3-resources-0100,5,66,165604
C3,100,C3-resources-0100,5,67,165126
C3,100,C3-resources-0100,5,68,166128
C3,100,C3-resources-0100,5,69,165539
C3,100,C3-resources-0100,5,70,166591
C3,100,C3-resources-0100,5,71,164535
C3,100,C3-resources-0100,5,72,167047
C3,100,C3-resources-0100,5,73,164331
C3,100,C3-resources-0100,5,74,179466
C3,100,C3-resources-0100,5,75,191172
C3,100,C3-resources-0100,5,76,175113
C3,100,C3-resources-0100,5,77,168099
C3,100,C3-resources-0100,5,78,170778
C3,100,C3-resources-0100,5,79,168909
C3,100,C3-resources-0100,5,80,169836
C3,100,C3-resources-0100,5,81,177691
C3,100,C3-resources-0100,5,82,172037
C3,100,C3-resources-0100,5,83,176511
C3,100,C3-resources-0100,5,84,182011
C3,100,C3-resources-0100,5,85,171508
C3,100,C3-resources-0100,5,86,171752
C3,100,C3-resources-0100,5,87,167118
C3,100,C3-resources-0100,5,88,166503
C3,100,C3-resources-0100,5,89,164499
C3,100,C3-resources-0100,5,90,189477
C3,100,C3-resources-0100,5,91,163742
C3,100,C3-resources-0100,5,92,166912
C3,100,C3-resources-0100,5,93,168579
C3,100,C3-resources-0100,5,94,166325
C3,100,C3-resources-0100,5,95,170579
C3,100,C3-resources-0100,5,96,169505
C3,100,C3-resources-0100,5,97,179529
C3,100,C3-resources-0100,5,98,177133
C3,100,C3-resources-0100,5,99,175134
C3,100,C3-resources-0100,5,100,168087
C3,100,C3-resources-0100,6,1,174747
C3,100,C3-resources-0100,6,2,168279
C3,100,C3-resources-0100,6,3,170570
C3,100,C3-resources-0100,6,4,168585
C3,100,C3-resources-0100,6,5,170275
C3,100,C3-resources-0100,6,6,175288
C3,100,C3-resources-0100,6,7,177398
C3,100,C3-resources-0100,6,8,167951
C3,100,C3-resources-0100,6,9,175105
C3,100,C3-resources-0100,6,10,173126
C3,100,C3-resources-0100,6,11,170452
C3,100,C3-resources-0100,6,12,182380
C3,100,C3-resources-0100,6,13,171219
C3,100,C3-resources-0100,6,14,177778
C3,100,C3-resources-0100,6,15,180247
C3,100,C3-resources-0100,6,16,164907
C3,100,C3-resources-0100,6,17,166286
C3,100,C3-resources-0100,6,18,174392
C3,100,C3-resources-0100,6,19,196264
C3,100,C3-resources-0100,6,20,183427
C3,100,C3-resources-0100,6,21,165843
C3,100,C3-resources-0100,6,22,162655
C3,100,C3-resources-0100,6,23,163057
C3,100,C3-resources-0100,6,24,166249
C3,100,C3-resources-0100,6,25,165025
C3,100,C3-resources-0100,6,26,169480
C3,100,C3-resources-0100,6,27,173892
C3,100,C3-resources-0100,6,28,173641
C3,100,C3-resources-0100,6,29,176389
C3,100,C3-resources-0100,6,30,170518
C3,100,C3-resources-0100,6,31,168714
C3,100,C3-resources-0100,6,32,169477
C3,100,C3-resources-0100,6,33,168789
C3,100,C3-resources-0100,6,34,175607
C3,100,C3-resources-0100,6,35,178339
C3,100,C3-resources-0100,6,36,170257
C3,100,C3-resources-0100,6,37,167925
C3,100,C3-resources-0100,6,38,171037
C3,100,C3-resources-0100,6,39,168841
C3,100,C3-resources-0100,6,40,169848
C3,100,C3-resources-0100,6,41,175333
C3,100,C3-resources-0100,6,42,201021
C3,100,C3-resources-0100,6,43,199494
C3,100,C3-resources-0100,6,44,171805
C3,100,C3-resources-0100,6,45,168046
C3,100,C3-resources-0100,6,46,176802
C3,100,C3-resources-0100,6,47,175710
C3,100,C3-resources-0100,6,48,169779
C3,100,C3-resources-0100,6,49,168116
C3,100,C3-resources-0100,6,50,166928
C3,100,C3-resources-0100,6,51,164520
C3,100,C3-resources-0100,6,52,163486
C3,100,C3-resources-0100,6,53,164438
C3,100,C3-resources-0100,6,54,164812
C3,100,C3-resources-0100,6,55,164560
C3,100,C3-resources-0100,6,56,163255
C3,100,C3-resources-0100,6,57,172062
C3,100,C3-resources-0100,6,58,166130
C3,100,C3-resources-0100,6,59,166284
C3,100,C3-resources-0100,6,60,164198
C3,100,C3-resources-0100,6,61,166557
C3,100,C3-resources-0100,6,62,163983
C3,100,C3-resources-0100,6,63,166480
C3,100,C3-resources-0100,6,64,164208
C3,100,C3-resources-0100,6,65,179784
C3,100,C3-resources-0100,6,66,177728
C3,100,C3-resources-0100,6,67,191661
C3,100,C3-resources-0100,6,68,182604
C3,100,C3-resources-0100,6,69,204048
C3,100,C3-resources-0100,6,70,170426
C3,100,C3-resources-0100,6,71,164535
C3,100,C3-resources-0100,6,72,164476
C3,100,C3-resources-0100,6,73,166381
C3,100,C3-resources-0100,6,74,165914
C3,100,C3-resources-0100,6,75,166930
C3,100,C3-resources-0100,6,76,165003
C3,100,C3-resources-0100,6,77,166452
C3,100,C3-resources-0100,6,78,164279
C3,100,C3-resources-0100,6,79,167048
C3,100,C3-resources-0100,6,80,164450
C3,100,C3-resources-0100,6,81,166749
C3,100,C3-resources-0100,6,82,165020
C3,100,C3-resources-0100,6,83,163281
C3,100,C3-resources-0100,6,84,173379
C3,100,C3-resources-0100,6,85,173568
C3,100,C3-resources-0100,6,86,175491
C3,100,C3-resources-0100,6,87,180229
C3,100,C3-resources-0100,6,88,201837
C3,100,C3-resources-0100,6,89,193540
C3,100,C3-resources-0100,6,90,168890
C3,100,C3-resources-0100,6,91,163859
C3,100,C3-resources-0100,6,92,167668
C3,100,C3-resources-0100,6,93,171132
C3,100,C3-resources-0100,6,94,175118
C3,100,C3-resources-0100,6,95,165033
C3,100,C3-resources-0100,6,96,167059
C3,100,C3-resources-0100,6,97,165605
C3,100,C3-resources-0100,6,98,167241
C3,100,C3-resources-0100,6,99,164935
C3,100,C3-resources-0100,6,100,166858
C3,100,C3-resources-0100,7,1,170815
C3,100,C3-resources-0100,7,2,169021
C3,100,C3-resources-0100,7,3,164620
C3,100,C3-resources-0100,7,4,165084
C3,100,C3-resources-0100,7,5,165227
C3,100,C3-resources-0100,7,6,180698
C3,100,C3-resources-0100,7,7,176171
C3,100,C3-resources-0100,7,8,172896
C3,100,C3-resources-0100,7,9,171504
C3,100,C3-resources-0100,7,10,169906
C3,100,C3-resources-0100,7,11,170971
C3,100,C3-resources-0100,7,12,188219
C3,100,C3-resources-0100,7,13,178965
C3,100,C3-resources-0100,7,14,168698
C3,100,C3-resources-0100,7,15,170325
C3,100,C3-resources-0100,7,16,169904
C3,100,C3-resources-0100,7,17,189899
C3,100,C3-resources-0100,7,18,171337
C3,100,C3-resources-0100,7,19,193008
C3,100,C3-resources-0100,7,20,188362
C3,100,C3-resources-0100,7,21,180100
C3,100,C3-resources-0100,7,22,177816
C3,100,C3-resources-0100,7,23,172173
C3,100,C3-resources-0100,7,24,171427
C3,100,C3-resources-0100,7,25,170597
C3,100,C3-resources-0100,7,26,170555
C3,100,C3-resources-0100,7,27,171429
C3,100,C3-resources-0100,7,28,168542
C3,100,C3-resources-0100,7,29,170815
C3,100,C3-resources-0100,7,30,171464
C3,100,C3-resources-0100,7,31,171208
C3,100,C3-resources-0100,7,32,169459
C3,100,C3-resources-0100,7,33,170864
C3,100,C3-resources-0100,7,34,169283
C3,100,C3-resources-0100,7,35,193887
C3,100,C3-resources-0100,7,36,172484
C3,100,C3-resources-0100,7,37,170777
C3,100,C3-resources-0100,7,38,169947
C3,100,C3-resources-0100,7,39,170802
C3,100,C3-resources-0100,7,40,169786
C3,100,C3-resources-0100,7,41,173237
C3,100,C3-resources-0100,7,42,170059
C3,100,C3-resources-0100,7,43,177442
C3,100,C3-resources-0100,7,44,170251
C3,100,C3-resources-0100,7,45,167977
C3,100,C3-resources-0100,7,46,171893
C3,100,C3-resources-0100,7,47,167888
C3,100,C3-resources-0100,7,48,172092
C3,100,C3-resources-0100,7,49,175383
C3,100,C3-resources-0100,7,50,178290
C3,100,C3-resources-0100,7,51,169111
C3,100,C3-resources-0100,7,52,172931
C3,100,C3-resources-0100,7,53,169440
C3,100,C3-resources-0100,7,54,173387
C3,100,C3-resources-0100,7,55,182936
C3,100,C3-resources-0100,7,56,172220
C3,100,C3-resources-0100,7,57,176915
C3,100,C3-resources-0100,7,58,178578
C3,100,C3-resources-0100,7,59,167175
C3,100,C3-resources-0100,7,60,176269
C3,100,C3-resources-0100,7,61,176912
C3,100,C3-resources-0100,7,62,169821
C3,100,C3-resources-0100,7,63,166622
C3,100,C3-resources-0100,7,64,169951
C3,100,C3-resources-0100,7,65,168882
C3,100,C3-resources-0100,7,66,170547
C3,100,C3-resources-0100,7,67,172896
C3,100,C3-resources-0100,7,68,180777
C3,100,C3-resources-0100,7,69,176089
C3,100,C3-resources-0100,7,70,172427
C3,100,C3-resources-0100,7,71,179581
C3,100,C3-resources-0100,7,72,188748
C3,100,C3-resources-0100,7,73,178078
C3,100,C3-resources-0100,7,74,204820
C3,100,C3-resources-0100,7,75,168706
C3,100,C3-resources-0100,7,76,169191
C3,100,C3-resources-0100,7,77,169855
C3,100,C3-resources-0100,7,78,166932
C3,100,C3-resources-0100,7,79,170097
C3,100,C3-resources-0100,7,80,187172
C3,100,C3-resources-0100,7,81,173920
C3,100,C3-resources-0100,7,82,169728
C3,100,C3-resources-0100,7,83,174688
C3,100,C3-resources-0100,7,84,172229
C3,100,C3-resources-0100,7,85,172108
C3,100,C3-resources-0100,7,86,167553
C3,100,C3-resources-0100,7,87,169687
C3,100,C3-resources-0100,7,88,175728
C3,100,C3-resources-0100,7,89,178120
C3,100,C3-resources-0100,7,90,168235
C3,100,C3-resources-0100,7,91,169357
C3,100,C3-resources-0100,7,92,178247
C3,100,C3-resources-0100,7,93,172720
C3,100,C3-resources-0100,7,94,178497
C3,100,C3-resources-0100,7,95,183956
C3,100,C3-resources-0100,7,96,169382
C3,100,C3-resources-0100,7,97,170641
C3,100,C3-resources-0100,7,98,169924
C3,100,C3-resources-0100,7,99,171056
C3,100,C3-resources-0100,7,100,170964
C3,100,C3-resources-0100,8,1,175958
C3,100,C3-resources-0100,8,2,182482
C3,100,C3-resources-0100,8,3,181269
C3,100,C3-resources-0100,8,4,170719
C3,100,C3-resources-0100,8,5,172291
C3,100,C3-resources-0100,8,6,166224
C3,100,C3-resources-0100,8,7,165488
C3,100,C3-resources-0100,8,8,166590
C3,100,C3-resources-0100,8,9,164910
C3,100,C3-resources-0100,8,10,168434
C3,100,C3-resources-0100,8,11,165897
C3,100,C3-resources-0100,8,12,166664
C3,100,C3-resources-0100,8,13,164826
C3,100,C3-resources-0100,8,14,167723
C3,100,C3-resources-0100,8,15,165877
C3,100,C3-resources-0100,8,16,168318
C3,100,C3-resources-0100,8,17,165463
C3,100,C3-resources-0100,8,18,167334
C3,100,C3-resources-0100,8,19,164434
C3,100,C3-resources-0100,8,20,167377
C3,100,C3-resources-0100,8,21,163259
C3,100,C3-resources-0100,8,22,181697
C3,100,C3-resources-0100,8,23,173845
C3,100,C3-resources-0100,8,24,206556
C3,100,C3-resources-0100,8,25,237850
C3,100,C3-resources-0100,8,26,169973
C3,100,C3-resources-0100,8,27,165036
C3,100,C3-resources-0100,8,28,168201
C3,100,C3-resources-0100,8,29,174426
C3,100,C3-resources-0100,8,30,174263
C3,100,C3-resources-0100,8,31,166946
C3,100,C3-resources-0100,8,32,168413
C3,100,C3-resources-0100,8,33,166991
C3,100,C3-resources-0100,8,34,168366
C3,100,C3-resources-0100,8,35,178212
C3,100,C3-resources-0100,8,36,167047
C3,100,C3-resources-0100,8,37,164931
C3,100,C3-resources-0100,8,38,166948
C3,100,C3-resources-0100,8,39,167264
C3,100,C3-resources-0100,8,40,165972
C3,100,C3-resources-0100,8,41,167697
C3,100,C3-resources-0100,8,42,166489
C3,100,C3-resources-0100,8,43,167603
C3,100,C3-resources-0100,8,44,163792
C3,100,C3-resources-0100,8,45,166754
C3,100,C3-resources-0100,8,46,165360
C3,100,C3-resources-0100,8,47,167024
C3,100,C3-resources-0100,8,48,189931
C3,100,C3-resources-0100,8,49,205721
C3,100,C3-resources-0100,8,50,166099
C3,100,C3-resources-0100,8,51,166409
C3,100,C3-resources-0100,8,52,165101
C3,100,C3-resources-0100,8,53,166206
C3,100,C3-resources-0100,8,54,178014
C3,100,C3-resources-0100,8,55,168017
C3,100,C3-resources-0100,8,56,166657
C3,100,C3-resources-0100,8,57,170716
C3,100,C3-resources-0100,8,58,163423
C3,100,C3-resources-0100,8,59,164991
C3,100,C3-resources-0100,8,60,165769
C3,100,C3-resources-0100,8,61,165972
C3,100,C3-resources-0100,8,62,164190
C3,100,C3-resources-0100,8,63,164515
C3,100,C3-resources-0100,8,64,175767
C3,100,C3-resources-0100,8,65,166735
C3,100,C3-resources-0100,8,66,167231
C3,100,C3-resources-0100,8,67,172992
C3,100,C3-resources-0100,8,68,173326
C3,100,C3-resources-0100,8,69,167838
C3,100,C3-resources-0100,8,70,170835
C3,100,C3-resources-0100,8,71,169212
C3,100,C3-resources-0100,8,72,196757
C3,100,C3-resources-0100,8,73,177934
C3,100,C3-resources-0100,8,74,196521
C3,100,C3-resources-0100,8,75,171217
C3,100,C3-resources-0100,8,76,184109
C3,100,C3-resources-0100,8,77,182030
C3,100,C3-resources-0100,8,78,172452
C3,100,C3-resources-0100,8,79,172329
C3,100,C3-resources-0100,8,80,172302
C3,100,C3-resources-0100,8,81,168903
C3,100,C3-resources-0100,8,82,170489
C3,100,C3-resources-0100,8,83,168038
C3,100,C3-resources-0100,8,84,171847
C3,100,C3-resources-0100,8,85,168315
C3,100,C3-resources-0100,8,86,169710
C3,100,C3-resources-0100,8,87,169401
C3,100,C3-resources-0100,8,88,169733
C3,100,C3-resources-0100,8,89,168265
C3,100,C3-resources-0100,8,90,168778
C3,100,C3-resources-0100,8,91,170467
C3,100,C3-resources-0100,8,92,170782
C3,100,C3-resources-0100,8,93,169087
C3,100,C3-resources-0100,8,94,171991
C3,100,C3-resources-0100,8,95,197765
C3,100,C3-resources-0100,8,96,171934
C3,100,C3-resources-0100,8,97,170146
C3,100,C3-resources-0100,8,98,168123
C3,100,C3-resources-0100,8,99,170527
C3,100,C3-resources-0100,8,100,169712
C2,150,C2-resources-0150,1,1,42614
C2,150,C2-resources-0150,1,2,43177
C2,150,C2-resources-0150,1,3,43623
C2,150,C2-resources-0150,1,4,42449
C2,150,C2-resources-0150,1,5,43856
C2,150,C2-resources-0150,1,6,42888
C2,150,C2-resources-0150,1,7,43613
C2,150,C2-resources-0150,1,8,43647
C2,150,C2-resources-0150,1,9,45203
C2,150,C2-resources-0150,1,10,43132
C2,150,C2-resources-0150,1,11,42682
C2,150,C2-resources-0150,1,12,43251
C2,150,C2-resources-0150,1,13,42679
C2,150,C2-resources-0150,1,14,43209
C2,150,C2-resources-0150,1,15,43185
C2,150,C2-resources-0150,1,16,42863
C2,150,C2-resources-0150,1,17,42985
C2,150,C2-resources-0150,1,18,43756
C2,150,C2-resources-0150,1,19,44332
C2,150,C2-resources-0150,1,20,43128
C2,150,C2-resources-0150,1,21,43268
C2,150,C2-resources-0150,1,22,42453
C2,150,C2-resources-0150,1,23,43241
C2,150,C2-resources-0150,1,24,42759
C2,150,C2-resources-0150,1,25,42737
C2,150,C2-resources-0150,1,26,42881
C2,150,C2-resources-0150,1,27,42402
C2,150,C2-resources-0150,1,28,42619
C2,150,C2-resources-0150,1,29,44903
C2,150,C2-resources-0150,1,30,43328
C2,150,C2-resources-0150,1,31,42880
C2,150,C2-resources-0150,1,32,42298
C2,150,C2-resources-0150,1,33,42779
C2,150,C2-resources-0150,1,34,43199
C2,150,C2-resources-0150,1,35,52811
C2,150,C2-resources-0150,1,36,44617
C2,150,C2-resources-0150,1,37,42419
C2,150,C2-resources-0150,1,38,42890
C2,150,C2-resources-0150,1,39,215051
C2,150,C2-resources-0150,1,40,91069
C2,150,C2-resources-0150,1,41,49278
C2,150,C2-resources-0150,1,42,44346
C2,150,C2-resources-0150,1,43,42877
C2,150,C2-resources-0150,1,44,44686
C2,150,C2-resources-0150,1,45,42972
C2,150,C2-resources-0150,1,46,43828
C2,150,C2-resources-0150,1,47,53760
C2,150,C2-resources-0150,1,48,47635
C2,150,C2-resources-0150,1,49,50859
C2,150,C2-resources-0150,1,50,51421
C2,150,C2-resources-0150,1,51,43856
C2,150,C2-resources-0150,1,52,42527
C2,150,C2-resources-0150,1,53,43625
C2,150,C2-resources-0150,1,54,42750
C2,150,C2-resources-0150,1,55,48110
C2,150,C2-resources-0150,1,56,50904
C2,150,C2-resources-0150,1,57,43477
C2,150,C2-resources-0150,1,58,45582
C2,150,C2-resources-0150,1,59,44430
C2,150,C2-resources-0150,1,60,43357
C2,150,C2-resources-0150,1,61,44208
C2,150,C2-resources-0150,1,62,54959
C2,150,C2-resources-0150,1,63,51973
C2,150,C2-resources-0150,1,64,50515
C2,150,C2-resources-0150,1,65,43886
C2,150,C2-resources-0150,1,66,44763
C2,150,C2-resources-0150,1,67,43380
C2,150,C2-resources-0150,1,68,42881
C2,150,C2-resources-0150,1,69,42975
C2,150,C2-resources-0150,1,70,43676
C2,150,C2-resources-0150,1,71,43356
C2,150,C2-resources-0150,1,72,43623
C2,150,C2-resources-0150,1,73,43402
C2,150,C2-resources-0150,1,74,43334
C2,150,C2-resources-0150,1,75,43088
C2,150,C2-resources-0150,1,76,42566
C2,150,C2-resources-0150,1,77,47904
C2,150,C2-resources-0150,1,78,43581
C2,150,C2-resources-0150,1,79,42701
C2,150,C2-resources-0150,1,80,42585
C2,150,C2-resources-0150,1,81,42857
C2,150,C2-resources-0150,1,82,45094
C2,150,C2-resources-0150,1,83,43437
C2,150,C2-resources-0150,1,84,42351
C2,150,C2-resources-0150,1,85,43433
C2,150,C2-resources-0150,1,86,42712
C2,150,C2-resources-0150,1,87,45154
C2,150,C2-resources-0150,1,88,44042
C2,150,C2-resources-0150,1,89,42361
C2,150,C2-resources-0150,1,90,42231
C2,150,C2-resources-0150,1,91,42074
C2,150,C2-resources-0150,1,92,42664
C2,150,C2-resources-0150,1,93,43565
C2,150,C2-resources-0150,1,94,43554
C2,150,C2-resources-0150,1,95,44701
C2,150,C2-resources-0150,1,96,43086
C2,150,C2-resources-0150,1,97,42474
C2,150,C2-resources-0150,1,98,44989
C2,150,C2-resources-0150,1,99,42791
C2,150,C2-resources-0150,1,100,42625
C2,150,C2-resources-0150,2,1,47346
C2,150,C2-resources-0150,2,2,43514
C2,150,C2-resources-0150,2,3,43671
C2,150,C2-resources-0150,2,4,43158
C2,150,C2-resources-0150,2,5,43047
C2,150,C2-resources-0150,2,6,44945
C2,150,C2-resources-0150,2,7,47060
C2,150,C2-resources-0150,2,8,44589
C2,150,C2-resources-0150,2,9,58314
C2,150,C2-resources-0150,2,10,46964
C2,150,C2-resources-0150,2,11,49097
C2,150,C2-resources-0150,2,12,43260
C2,150,C2-resources-0150,2,13,43948
C2,150,C2-resources-0150,2,14,57180
C2,150,C2-resources-0150,2,15,51522
C2,150,C2-resources-0150,2,16,47600
C2,150,C2-resources-0150,2,17,49501
C2,150,C2-resources-0150,2,18,49145
C2,150,C2-resources-0150,2,19,53260
C2,150,C2-resources-0150,2,20,50023
C2,150,C2-resources-0150,2,21,48739
C2,150,C2-resources-0150,2,22,44278
C2,150,C2-resources-0150,2,23,43178
C2,150,C2-resources-0150,2,24,42563
C2,150,C2-resources-0150,2,25,43484
C2,150,C2-resources-0150,2,26,43067
C2,150,C2-resources-0150,2,27,42426
C2,150,C2-resources-0150,2,28,43179
C2,150,C2-resources-0150,2,29,43127
C2,150,C2-resources-0150,2,30,45040
C2,150,C2-resources-0150,2,31,42718
C2,150,C2-resources-0150,2,32,42362
C2,150,C2-resources-0150,2,33,42523
C2,150,C2-resources-0150,2,34,42554
C2,150,C2-resources-0150,2,35,43048
C2,150,C2-resources-0150,2,36,42603
C2,150,C2-resources-0150,2,37,42881
C2,150,C2-resources-0150,2,38,42482
C2,150,C2-resources-0150,2,39,42845
C2,150,C2-resources-0150,2,40,42196
C2,150,C2-resources-0150,2,41,46438
C2,150,C2-resources-0150,2,42,42772
C2,150,C2-resources-0150,2,43,42780
C2,150,C2-resources-0150,2,44,42734
C2,150,C2-resources-0150,2,45,42685
C2,150,C2-resources-0150,2,46,47990
C2,150,C2-resources-0150,2,47,43101
C2,150,C2-resources-0150,2,48,53727
C2,150,C2-resources-0150,2,49,53499
C2,150,C2-resources-0150,2,50,42944
C2,150,C2-resources-0150,2,51,45916
C2,150,C2-resources-0150,2,52,42886
C2,150,C2-resources-0150,2,53,43372
C2,150,C2-resources-0150,2,54,44391
C2,150,C2-resources-0150,2,55,43815
C2,150,C2-resources-0150,2,56,42973
C2,150,C2-resources-0150,2,57,43511
C2,150,C2-resources-0150,2,58,43012
C2,150,C2-resources-0150,2,59,42659
C2,150,C2-resources-0150,2,60,42532
C2,150,C2-resources-0150,2,61,43165
C2,150,C2-resources-0150,2,62,44512
C2,150,C2-resources-0150,2,63,43298
C2,150,C2-resources-0150,2,64,42841
C2,150,C2-resources-0150,2,65,42546
C2,150,C2-resources-0150,2,66,42471
C2,150,C2-resources-0150,2,67,42774
C2,150,C2-resources-0150,2,68,43855
C2,150,C2-resources-0150,2,69,43132
C2,150,C2-resources-0150,2,70,42825
C2,150,C2-resources-0150,2,71,42796
C2,150,C2-resources-0150,2,72,42827
C2,150,C2-resources-0150,2,73,45610
C2,150,C2-resources-0150,2,74,43336
C2,150,C2-resources-0150,2,75,42722
C2,150,C2-resources-0150,2,76,42597
C2,150,C2-resources-0150,2,77,42604
C2,150,C2-resources-0150,2,78,43452
C2,150,C2-resources-0150,2,79,42395
C2,150,C2-resources-0150,2,80,43104
C2,150,C2-resources-0150,2,81,43029
C2,150,C2-resources-0150,2,82,42913
C2,150,C2-resources-0150,2,83,42925
C2,150,C2-resources-0150,2,84,45256
C2,150,C2-resources-0150,2,85,42876
C2,150,C2-resources-0150,2,86,43774
C2,150,C2-resources-0150,2,87,43034
C2,150,C2-resources-0150,2,88,42587
C2,150,C2-resources-0150,2,89,43582
C2,150,C2-resources-0150,2,90,42501
C2,150,C2-resources-0150,2,91,42878
C2,150,C2-resources-0150,2,92,43162
C2,150,C2-resources-0150,2,93,42832
C2,150,C2-resources-0150,2,94,45444
C2,150,C2-resources-0150,2,95,42924
C2,150,C2-resources-0150,2,96,42734
C2,150,C2-resources-0150,2,97,42697
C2,150,C2-resources-0150,2,98,42764
C2,150,C2-resources-0150,2,99,42483
C2,150,C2-resources-0150,2,100,43773
C2,150,C2-resources-0150,3,1,45255
C2,150,C2-resources-0150,3,2,43296
C2,150,C2-resources-0150,3,3,42546
C2,150,C2-resources-0150,3,4,43099
C2,150,C2-resources-0150,3,5,44857
C2,150,C2-resources-0150,3,6,42745
C2,150,C2-resources-0150,3,7,42788
C2,150,C2-resources-0150,3,8,43194
C2,150,C2-resources-0150,3,9,43251
C2,150,C2-resources-0150,3,10,42959
C2,150,C2-resources-0150,3,11,42569
C2,150,C2-resources-0150,3,12,42478
C2,150,C2-resources-0150,3,13,42602
C2,150,C2-resources-0150,3,14,42676
C2,150,C2-resources-0150,3,15,42769
C2,150,C2-resources-0150,3,16,45729
C2,150,C2-resources-0150,3,17,42953
C2,150,C2-resources-0150,3,18,42809
C2,150,C2-resources-0150,3,19,42392
C2,150,C2-resources-0150,3,20,42918
C2,150,C2-resources-0150,3,21,43116
C2,150,C2-resources-0150,3,22,43151
C2,150,C2-resources-0150,3,23,43028
C2,150,C2-resources-0150,3,24,42736
C2,150,C2-resources-0150,3,25,42978
C2,150,C2-resources-0150,3,26,45556
C2,150,C2-resources-0150,3,27,42488
C2,150,C2-resources-0150,3,28,42774
C2,150,C2-resources-0150,3,29,43055
C2,150,C2-resources-0150,3,30,42974
C2,150,C2-resources-0150,3,31,42300
C2,150,C2-resources-0150,3,32,43092
C2,150,C2-resources-0150,3,33,42928
C2,150,C2-resources-0150,3,34,46246
C2,150,C2-resources-0150,3,35,43073
C2,150,C2-resources-0150,3,36,44398
C2,150,C2-resources-0150,3,37,46541
C2,150,C2-resources-0150,3,38,40378
C2,150,C2-resources-0150,3,39,40583
C2,150,C2-resources-0150,3,40,39879
C2,150,C2-resources-0150,3,41,39659
C2,150,C2-resources-0150,3,42,40419
C2,150,C2-resources-0150,3,43,39994
C2,150,C2-resources-0150,3,44,39572
C2,150,C2-resources-0150,3,45,40080
C2,150,C2-resources-0150,3,46,40929
C2,150,C2-resources-0150,3,47,42086
C2,150,C2-resources-0150,3,48,43895
C2,150,C2-resources-0150,3,49,45889
C2,150,C2-resources-0150,3,50,43938
C2,150,C2-resources-0150,3,51,45593
C2,150,C2-resources-0150,3,52,45078
C2,150,C2-resources-0150,3,53,45121
C2,150,C2-resources-0150,3,54,53242
C2,150,C2-resources-0150,3,55,41629
C2,150,C2-resources-0150,3,56,39998
C2,150,C2-resources-0150,3,57,41523
C2,150,C2-resources-0150,3,58,44512
C2,150,C2-resources-0150,3,59,42807
C2,150,C2-resources-0150,3,60,42023
C2,150,C2-resources-0150,3,61,39260
C2,150,C2-resources-0150,3,62,39180
C2,150,C2-resources-0150,3,63,39828
C2,150,C2-resources-0150,3,64,40154
C2,150,C2-resources-0150,3,65,39691
C2,150,C2-resources-0150,3,66,39429
C2,150,C2-resources-0150,3,67,39763
C2,150,C2-resources-0150,3,68,40128
C2,150,C2-resources-0150,3,69,41443
C2,150,C2-resources-0150,3,70,39456
C2,150,C2-resources-0150,3,71,39471
C2,150,C2-resources-0150,3,72,39934
C2,150,C2-resources-0150,3,73,41818
C2,150,C2-resources-0150,3,74,42324
C2,150,C2-resources-0150,3,75,43354
C2,150,C2-resources-0150,3,76,42465
C2,150,C2-resources-0150,3,77,43413
C2,150,C2-resources-0150,3,78,44533
C2,150,C2-resources-0150,3,79,43121
C2,150,C2-resources-0150,3,80,44590
C2,150,C2-resources-0150,3,81,42947
C2,150,C2-resources-0150,3,82,42558
C2,150,C2-resources-0150,3,83,43076
C2,150,C2-resources-0150,3,84,41285
C2,150,C2-resources-0150,3,85,40596
C2,150,C2-resources-0150,3,86,39451
C2,150,C2-resources-0150,3,87,39391
C2,150,C2-resources-0150,3,88,39706
C2,150,C2-resources-0150,3,89,39833
C2,150,C2-resources-0150,3,90,39761
C2,150,C2-resources-0150,3,91,41428
C2,150,C2-resources-0150,3,92,39614
C2,150,C2-resources-0150,3,93,39683
C2,150,C2-resources-0150,3,94,50831
C2,150,C2-resources-0150,3,95,39492
C2,150,C2-resources-0150,3,96,40240
C2,150,C2-resources-0150,3,97,40014
C2,150,C2-resources-0150,3,98,39738
C2,150,C2-resources-0150,3,99,39704
C2,150,C2-resources-0150,3,100,39540
C2,150,C2-resources-0150,4,1,44985
C2,150,C2-resources-0150,4,2,39796
C2,150,C2-resources-0150,4,3,39750
C2,150,C2-resources-0150,4,4,40321
C2,150,C2-resources-0150,4,5,39730
C2,150,C2-resources-0150,4,6,40356
C2,150,C2-resources-0150,4,7,40984
C2,150,C2-resources-0150,4,8,39898
C2,150,C2-resources-0150,4,9,40301
C2,150,C2-resources-0150,4,10,39583
C2,150,C2-resources-0150,4,11,39951
C2,150,C2-resources-0150,4,12,42082
C2,150,C2-resources-0150,4,13,39792
C2,150,C2-resources-0150,4,14,39515
C2,150,C2-resources-0150,4,15,39627
C2,150,C2-resources-0150,4,16,40063
C2,150,C2-resources-0150,4,17,40779
C2,150,C2-resources-0150,4,18,49731
C2,150,C2-resources-0150,4,19,40040
C2,150,C2-resources-0150,4,20,39519
C2,150,C2-resources-0150,4,21,39378
C2,150,C2-resources-0150,4,22,39713
C2,150,C2-resources-0150,4,23,41913
C2,150,C2-resources-0150,4,24,40015
C2,150,C2-resources-0150,4,25,40481
C2,150,C2-resources-0150,4,26,45084
C2,150,C2-resources-0150,4,27,46955
C2,150,C2-resources-0150,4,28,44390
C2,150,C2-resources-0150,4,29,43789
C2,150,C2-resources-0150,4,30,58617
C2,150,C2-resources-0150,4,31,44675
C2,150,C2-resources-0150,4,32,39688
C2,150,C2-resources-0150,4,33,41111
C2,150,C2-resources-0150,4,34,39874
C2,150,C2-resources-0150,4,35,40275
C2,150,C2-resources-0150,4,36,43535
C2,150,C2-resources-0150,4,37,41723
C2,150,C2-resources-0150,4,38,40910
C2,150,C2-resources-0150,4,39,41228
C2,150,C2-resources-0150,4,40,42008
C2,150,C2-resources-0150,4,41,42873
C2,150,C2-resources-0150,4,42,42031
C2,150,C2-resources-0150,4,43,42695
C2,150,C2-resources-0150,4,44,42287
C2,150,C2-resources-0150,4,45,39960
C2,150,C2-resources-0150,4,46,40022
C2,150,C2-resources-0150,4,47,39823
C2,150,C2-resources-0150,4,48,39667
C2,150,C2-resources-0150,4,49,39360
C2,150,C2-resources-0150,4,50,39541
C2,150,C2-resources-0150,4,51,40012
C2,150,C2-resources-0150,4,52,40047
C2,150,C2-resources-0150,4,53,40546
C2,150,C2-resources-0150,4,54,40309
C2,150,C2-resources-0150,4,55,43020
C2,150,C2-resources-0150,4,56,40949
C2,150,C2-resources-0150,4,57,39483
C2,150,C2-resources-0150,4,58,41680
C2,150,C2-resources-0150,4,59,40832
C2,150,C2-resources-0150,4,60,41196
C2,150,C2-resources-0150,4,61,39845
C2,150,C2-resources-0150,4,62,39579
C2,150,C2-resources-0150,4,63,39917
C2,150,C2-resources-0150,4,64,40056
C2,150,C2-resources-0150,4,65,40228
C2,150,C2-resources-0150,4,66,45690
C2,150,C2-resources-0150,4,67,42915
C2,150,C2-resources-0150,4,68,43650
C2,150,C2-resources-0150,4,69,42603
C2,150,C2-resources-0150,4,70,40451
C2,150,C2-resources-0150,4,71,43655
C2,150,C2-resources-0150,4,72,40545
C2,150,C2-resources-0150,4,73,39649
C2,150,C2-resources-0150,4,74,51963
C2,150,C2-resources-0150,4,75,42536
C2,150,C2-resources-0150,4,76,44783
C2,150,C2-resources-0150,4,77,42791
C2,150,C2-resources-0150,4,78,43014
C2,150,C2-resources-0150,4,79,43226
C2,150,C2-resources-0150,4,80,43608
C2,150,C2-resources-0150,4,81,43504
C2,150,C2-resources-0150,4,82,44407
C2,150,C2-resources-0150,4,83,43054
C2,150,C2-resources-0150,4,84,42345
C2,150,C2-resources-0150,4,85,40030
C2,150,C2-resources-0150,4,86,39931
C2,150,C2-resources-0150,4,87,42139
C2,150,C2-resources-0150,4,88,40191
C2,150,C2-resources-0150,4,89,39955
C2,150,C2-resources-0150,4,90,39389
C2,150,C2-resources-0150,4,91,39390
C2,150,C2-resources-0150,4,92,40021
C2,150,C2-resources-0150,4,93,40347
C2,150,C2-resources-0150,4,94,39476
C2,150,C2-resources-0150,4,95,40239
C2,150,C2-resources-0150,4,96,39543
C2,150,C2-resources-0150,4,97,39780
C2,150,C2-resources-0150,4,98,42119
C2,150,C2-resources-0150,4,99,39548
C2,150,C2-resources-0150,4,100,39702
C2,150,C2-resources-0150,5,1,42149
C2,150,C2-resources-0150,5,2,40039
C2,150,C2-resources-0150,5,3,40412
C2,150,C2-resources-0150,5,4,39517
C2,150,C2-resources-0150,5,5,39129
C2,150,C2-resources-0150,5,6,39420
C2,150,C2-resources-0150,5,7,39766
C2,150,C2-resources-0150,5,8,42364
C2,150,C2-resources-0150,5,9,42634
C2,150,C2-resources-0150,5,10,42666
C2,150,C2-resources-0150,5,11,41723
C2,150,C2-resources-0150,5,12,39689
C2,150,C2-resources-0150,5,13,39776
C2,150,C2-resources-0150,5,14,40677
C2,150,C2-resources-0150,5,15,40392
C2,150,C2-resources-0150,5,16,39470
C2,150,C2-resources-0150,5,17,40334
C2,150,C2-resources-0150,5,18,43042
C2,150,C2-resources-0150,5,19,44924
C2,150,C2-resources-0150,5,20,42649
C2,150,C2-resources-0150,5,21,46726
C2,150,C2-resources-0150,5,22,47225
C2,150,C2-resources-0150,5,23,39742
C2,150,C2-resources-0150,5,24,40288
C2,150,C2-resources-0150,5,25,39733
C2,150,C2-resources-0150,5,26,39889
C2,150,C2-resources-0150,5,27,39819
C2,150,C2-resources-0150,5,28,39583
C2,150,C2-resources-0150,5,29,39509
C2,150,C2-resources-0150,5,30,42642
C2,150,C2-resources-0150,5,31,39985
C2,150,C2-resources-0150,5,32,40083
C2,150,C2-resources-0150,5,33,39706
C2,150,C2-resources-0150,5,34,40108
C2,150,C2-resources-0150,5,35,39932
C2,150,C2-resources-0150,5,36,39841
C2,150,C2-resources-0150,5,37,39470
C2,150,C2-resources-0150,5,38,39937
C2,150,C2-resources-0150,5,39,39894
C2,150,C2-resources-0150,5,40,40818
C2,150,C2-resources-0150,5,41,40508
C2,150,C2-resources-0150,5,42,40184
C2,150,C2-resources-0150,5,43,40103
C2,150,C2-resources-0150,5,44,39507
C2,150,C2-resources-0150,5,45,39826
C2,150,C2-resources-0150,5,46,40467
C2,150,C2-resources-0150,5,47,40073
C2,150,C2-resources-0150,5,48,39794
C2,150,C2-resources-0150,5,49,39741
C2,150,C2-resources-0150,5,50,39574
C2,150,C2-resources-0150,5,51,41637
C2,150,C2-resources-0150,5,52,40291
C2,150,C2-resources-0150,5,53,39631
C2,150,C2-resources-0150,5,54,39941
C2,150,C2-resources-0150,5,55,39998
C2,150,C2-resources-0150,5,56,39451
C2,150,C2-resources-0150,5,57,40883
C2,150,C2-resources-0150,5,58,42968
C2,150,C2-resources-0150,5,59,40057
C2,150,C2-resources-0150,5,60,39224
C2,150,C2-resources-0150,5,61,40048
C2,150,C2-resources-0150,5,62,41897
C2,150,C2-resources-0150,5,63,39795
C2,150,C2-resources-0150,5,64,39563
C2,150,C2-resources-0150,5,65,40205
C2,150,C2-resources-0150,5,66,40067
C2,150,C2-resources-0150,5,67,40498
C2,150,C2-resources-0150,5,68,39616
C2,150,C2-resources-0150,5,69,40113
C2,150,C2-resources-0150,5,70,39479
C2,150,C2-resources-0150,5,71,39940
C2,150,C2-resources-0150,5,72,40015
C2,150,C2-resources-0150,5,73,41856
C2,150,C2-resources-0150,5,74,40115
C2,150,C2-resources-0150,5,75,39528
C2,150,C2-resources-0150,5,76,39641
C2,150,C2-resources-0150,5,77,39434
C2,150,C2-resources-0150,5,78,39909
C2,150,C2-resources-0150,5,79,39426
C2,150,C2-resources-0150,5,80,40147
C2,150,C2-resources-0150,5,81,39942
C2,150,C2-resources-0150,5,82,39448
C2,150,C2-resources-0150,5,83,41750
C2,150,C2-resources-0150,5,84,40227
C2,150,C2-resources-0150,5,85,40006
C2,150,C2-resources-0150,5,86,39584
C2,150,C2-resources-0150,5,87,40018
C2,150,C2-resources-0150,5,88,39900
C2,150,C2-resources-0150,5,89,40518
C2,150,C2-resources-0150,5,90,39669
C2,150,C2-resources-0150,5,91,40133
C2,150,C2-resources-0150,5,92,39624
C2,150,C2-resources-0150,5,93,39570
C2,150,C2-resources-0150,5,94,41855
C2,150,C2-resources-0150,5,95,40241
C2,150,C2-resources-0150,5,96,39663
C2,150,C2-resources-0150,5,97,39739
C2,150,C2-resources-0150,5,98,39780
C2,150,C2-resources-0150,5,99,40302
C2,150,C2-resources-0150,5,100,39500
C2,150,C2-resources-0150,6,1,42011
C2,150,C2-resources-0150,6,2,39619
C2,150,C2-resources-0150,6,3,40062
C2,150,C2-resources-0150,6,4,41701
C2,150,C2-resources-0150,6,5,42960
C2,150,C2-resources-0150,6,6,39825
C2,150,C2-resources-0150,6,7,39339
C2,150,C2-resources-0150,6,8,39794
C2,150,C2-resources-0150,6,9,39546
C2,150,C2-resources-0150,6,10,40224
C2,150,C2-resources-0150,6,11,39862
C2,150,C2-resources-0150,6,12,42950
C2,150,C2-resources-0150,6,13,41825
C2,150,C2-resources-0150,6,14,42359
C2,150,C2-resources-0150,6,15,44688
C2,150,C2-resources-0150,6,16,42439
C2,150,C2-resources-0150,6,17,39717
C2,150,C2-resources-0150,6,18,39585
C2,150,C2-resources-0150,6,19,40172
C2,150,C2-resources-0150,6,20,39789
C2,150,C2-resources-0150,6,21,40300
C2,150,C2-resources-0150,6,22,39736
C2,150,C2-resources-0150,6,23,39476
C2,150,C2-resources-0150,6,24,39990
C2,150,C2-resources-0150,6,25,39404
C2,150,C2-resources-0150,6,26,41624
C2,150,C2-resources-0150,6,27,39563
C2,150,C2-resources-0150,6,28,39485
C2,150,C2-resources-0150,6,29,39962
C2,150,C2-resources-0150,6,30,39623
C2,150,C2-resources-0150,6,31,39267
C2,150,C2-resources-0150,6,32,39913
C2,150,C2-resources-0150,6,33,39889
C2,150,C2-resources-0150,6,34,39844
C2,150,C2-resources-0150,6,35,39870
C2,150,C2-resources-0150,6,36,39633
C2,150,C2-resources-0150,6,37,42404
C2,150,C2-resources-0150,6,38,39619
C2,150,C2-resources-0150,6,39,39555
C2,150,C2-resources-0150,6,40,39341
C2,150,C2-resources-0150,6,41,39431
C2,150,C2-resources-0150,6,42,39597
C2,150,C2-resources-0150,6,43,39419
C2,150,C2-resources-0150,6,44,40061
C2,150,C2-resources-0150,6,45,39509
C2,150,C2-resources-0150,6,46,40334
C2,150,C2-resources-0150,6,47,39851
C2,150,C2-resources-0150,6,48,42722
C2,150,C2-resources-0150,6,49,40107
C2,150,C2-resources-0150,6,50,39852
C2,150,C2-resources-0150,6,51,39988
C2,150,C2-resources-0150,6,52,39632
C2,150,C2-resources-0150,6,53,39795
C2,150,C2-resources-0150,6,54,39736
C2,150,C2-resources-0150,6,55,39641
C2,150,C2-resources-0150,6,56,39499
C2,150,C2-resources-0150,6,57,39490
C2,150,C2-resources-0150,6,58,42220
C2,150,C2-resources-0150,6,59,40332
C2,150,C2-resources-0150,6,60,39781
C2,150,C2-resources-0150,6,61,40004
C2,150,C2-resources-0150,6,62,40062
C2,150,C2-resources-0150,6,63,39496
C2,150,C2-resources-0150,6,64,39788
C2,150,C2-resources-0150,6,65,39267
C2,150,C2-resources-0150,6,66,39965
C2,150,C2-resources-0150,6,67,40305
C2,150,C2-resources-0150,6,68,43684
C2,150,C2-resources-0150,6,69,41917
C2,150,C2-resources-0150,6,70,40049
C2,150,C2-resources-0150,6,71,39549
C2,150,C2-resources-0150,6,72,40014
C2,150,C2-resources-0150,6,73,39624
C2,150,C2-resources-0150,6,74,40466
C2,150,C2-resources-0150,6,75,40949
C2,150,C2-resources-0150,6,76,41313
C2,150,C2-resources-0150,6,77,39621
C2,150,C2-resources-0150,6,78,42695
C2,150,C2-resources-0150,6,79,40862
C2,150,C2-resources-0150,6,80,43729
C2,150,C2-resources-0150,6,81,39582
C2,150,C2-resources-0150,6,82,41095
C2,150,C2-resources-0150,6,83,41482
C2,150,C2-resources-0150,6,84,58433
C2,150,C2-resources-0150,6,85,46101
C2,150,C2-resources-0150,6,86,47530
C2,150,C2-resources-0150,6,87,39321
C2,150,C2-resources-0150,6,88,39307
C2,150,C2-resources-0150,6,89,41345
C2,150,C2-resources-0150,6,90,43816
C2,150,C2-resources-0150,6,91,43067
C2,150,C2-resources-0150,6,92,42524
C2,150,C2-resources-0150,6,93,42589
C2,150,C2-resources-0150,6,94,42340
C2,150,C2-resources-0150,6,95,42466
C2,150,C2-resources-0150,6,96,42640
C2,150,C2-resources-0150,6,97,42475
C2,150,C2-resources-0150,6,98,42269
C2,150,C2-resources-0150,6,99,42536
C2,150,C2-resources-0150,6,100,42495
C2,150,C2-resources-0150,7,1,46424
C2,150,C2-resources-0150,7,2,42436
C2,150,C2-resources-0150,7,3,42310
C2,150,C2-resources-0150,7,4,42204
C2,150,C2-resources-0150,7,5,44945
C2,150,C2-resources-0150,7,6,43099
C2,150,C2-resources-0150,7,7,48796
C2,150,C2-resources-0150,7,8,46772
C2,150,C2-resources-0150,7,9,40321
C2,150,C2-resources-0150,7,10,39594
C2,150,C2-resources-0150,7,11,39732
C2,150,C2-resources-0150,7,12,41665
C2,150,C2-resources-0150,7,13,40192
C2,150,C2-resources-0150,7,14,39404
C2,150,C2-resources-0150,7,15,39671
C2,150,C2-resources-0150,7,16,39748
C2,150,C2-resources-0150,7,17,40024
C2,150,C2-resources-0150,7,18,39530
C2,150,C2-resources-0150,7,19,40468
C2,150,C2-resources-0150,7,20,39910
C2,150,C2-resources-0150,7,21,40401
C2,150,C2-resources-0150,7,22,40644
C2,150,C2-resources-0150,7,23,42645
C2,150,C2-resources-0150,7,24,42119
C2,150,C2-resources-0150,7,25,40407
C2,150,C2-resources-0150,7,26,39910
C2,150,C2-resources-0150,7,27,39489
C2,150,C2-resources-0150,7,28,40858
C2,150,C2-resources-0150,7,29,40415
C2,150,C2-resources-0150,7,30,39801
C2,150,C2-resources-0150,7,31,40361
C2,150,C2-resources-0150,7,32,39943
C2,150,C2-resources-0150,7,33,41395
C2,150,C2-resources-0150,7,34,40453
C2,150,C2-resources-0150,7,35,40070
C2,150,C2-resources-0150,7,36,40136
C2,150,C2-resources-0150,7,37,40155
C2,150,C2-resources-0150,7,38,39684
C2,150,C2-resources-0150,7,39,40534
C2,150,C2-resources-0150,7,40,39985
C2,150,C2-resources-0150,7,41,39764
C2,150,C2-resources-0150,7,42,39752
C2,150,C2-resources-0150,7,43,39677
C2,150,C2-resources-0150,7,44,42154
C2,150,C2-resources-0150,7,45,39519
C2,150,C2-resources-0150,7,46,40077
C2,150,C2-resources-0150,7,47,39881
C2,150,C2-resources-0150,7,48,40046
C2,150,C2-resources-0150,7,49,40562
C2,150,C2-resources-0150,7,50,40000
C2,150,C2-resources-0150,7,51,39441
C2,150,C2-resources-0150,7,52,39633
C2,150,C2-resources-0150,7,53,39682
C2,150,C2-resources-0150,7,54,39661
C2,150,C2-resources-0150,7,55,42266
C2,150,C2-resources-0150,7,56,40340
C2,150,C2-resources-0150,7,57,39542
C2,150,C2-resources-0150,7,58,39300
C2,150,C2-resources-0150,7,59,39662
C2,150,C2-resources-0150,7,60,40081
C2,150,C2-resources-0150,7,61,39450
C2,150,C2-resources-0150,7,62,39727
C2,150,C2-resources-0150,7,63,39180
C2,150,C2-resources-0150,7,64,39871
C2,150,C2-resources-0150,7,65,41139
C2,150,C2-resources-0150,7,66,39645
C2,150,C2-resources-0150,7,67,39967
C2,150,C2-resources-0150,7,68,39886
C2,150,C2-resources-0150,7,69,39739
C2,150,C2-resources-0150,7,70,39676
C2,150,C2-resources-0150,7,71,40315
C2,150,C2-resources-0150,7,72,39661
C2,150,C2-resources-0150,7,73,39568
C2,150,C2-resources-0150,7,74,39697
C2,150,C2-resources-0150,7,75,39614
C2,150,C2-resources-0150,7,76,41897
C2,150,C2-resources-0150,7,77,40329
C2,150,C2-resources-0150,7,78,39844
C2,150,C2-resources-0150,7,79,40161
C2,150,C2-resources-0150,7,80,42691
C2,150,C2-resources-0150,7,81,43500
C2,150,C2-resources-0150,7,82,43581
C2,150,C2-resources-0150,7,83,44236
C2,150,C2-resources-0150,7,84,43630
C2,150,C2-resources-0150,7,85,43922
C2,150,C2-resources-0150,7,86,41574
C2,150,C2-resources-0150,7,87,42294
C2,150,C2-resources-0150,7,88,40331
C2,150,C2-resources-0150,7,89,39575
C2,150,C2-resources-0150,7,90,39571
C2,150,C2-resources-0150,7,91,39833
C2,150,C2-resources-0150,7,92,40425
C2,150,C2-resources-0150,7,93,39735
C2,150,C2-resources-0150,7,94,40231
C2,150,C2-resources-0150,7,95,40274
C2,150,C2-resources-0150,7,96,39813
C2,150,C2-resources-0150,7,97,41378
C2,150,C2-resources-0150,7,98,40205
C2,150,C2-resources-0150,7,99,39495
C2,150,C2-resources-0150,7,100,42343
C2,150,C2-resources-0150,8,1,44984
C2,150,C2-resources-0150,8,2,42528
C2,150,C2-resources-0150,8,3,43792
C2,150,C2-resources-0150,8,4,39599
C2,150,C2-resources-0150,8,5,39627
C2,150,C2-resources-0150,8,6,39384
C2,150,C2-resources-0150,8,7,39393
C2,150,C2-resources-0150,8,8,43342
C2,150,C2-resources-0150,8,9,39535
C2,150,C2-resources-0150,8,10,39782
C2,150,C2-resources-0150,8,11,39990
C2,150,C2-resources-0150,8,12,39484
C2,150,C2-resources-0150,8,13,39636
C2,150,C2-resources-0150,8,14,39761
C2,150,C2-resources-0150,8,15,39387
C2,150,C2-resources-0150,8,16,39546
C2,150,C2-resources-0150,8,17,39622
C2,150,C2-resources-0150,8,18,39936
C2,150,C2-resources-0150,8,19,42024
C2,150,C2-resources-0150,8,20,40126
C2,150,C2-resources-0150,8,21,39649
C2,150,C2-resources-0150,8,22,39831
C2,150,C2-resources-0150,8,23,39765
C2,150,C2-resources-0150,8,24,40923
C2,150,C2-resources-0150,8,25,39696
C2,150,C2-resources-0150,8,26,40032
C2,150,C2-resources-0150,8,27,40017
C2,150,C2-resources-0150,8,28,39811
C2,150,C2-resources-0150,8,29,39532
C2,150,C2-resources-0150,8,30,1457478
C2,150,C2-resources-0150,8,31,46533
C2,150,C2-resources-0150,8,32,40376
C2,150,C2-resources-0150,8,33,39839
C2,150,C2-resources-0150,8,34,39468
C2,150,C2-resources-0150,8,35,39938
C2,150,C2-resources-0150,8,36,40028
C2,150,C2-resources-0150,8,37,39431
C2,150,C2-resources-0150,8,38,39547
C2,150,C2-resources-0150,8,39,39843
C2,150,C2-resources-0150,8,40,43967
C2,150,C2-resources-0150,8,41,39962
C2,150,C2-resources-0150,8,42,39390
C2,150,C2-resources-0150,8,43,39461
C2,150,C2-resources-0150,8,44,39239
C2,150,C2-resources-0150,8,45,39889
C2,150,C2-resources-0150,8,46,40006
C2,150,C2-resources-0150,8,47,39403
C2,150,C2-resources-0150,8,48,39366
C2,150,C2-resources-0150,8,49,39489
C2,150,C2-resources-0150,8,50,41016
C2,150,C2-resources-0150,8,51,44653
C2,150,C2-resources-0150,8,52,42619
C2,150,C2-resources-0150,8,53,42449
C2,150,C2-resources-0150,8,54,41994
C2,150,C2-resources-0150,8,55,42471
C2,150,C2-resources-0150,8,56,42823
C2,150,C2-resources-0150,8,57,43324
C2,150,C2-resources-0150,8,58,42404
C2,150,C2-resources-0150,8,59,45509
C2,150,C2-resources-0150,8,60,55078
C2,150,C2-resources-0150,8,61,44476
C2,150,C2-resources-0150,8,62,41779
C2,150,C2-resources-0150,8,63,39953
C2,150,C2-resources-0150,8,64,42151
C2,150,C2-resources-0150,8,65,55737
C2,150,C2-resources-0150,8,66,47383
C2,150,C2-resources-0150,8,67,42969
C2,150,C2-resources-0150,8,68,42564
C2,150,C2-resources-0150,8,69,41289
C2,150,C2-resources-0150,8,70,39544
C2,150,C2-resources-0150,8,71,39420
C2,150,C2-resources-0150,8,72,41557
C2,150,C2-resources-0150,8,73,39932
C2,150,C2-resources-0150,8,74,39886
C2,150,C2-resources-0150,8,75,39794
C2,150,C2-resources-0150,8,76,39390
C2,150,C2-resources-0150,8,77,39457
C2,150,C2-resources-0150,8,78,39722
C2,150,C2-resources-0150,8,79,39557
C2,150,C2-resources-0150,8,80,39879
C2,150,C2-resources-0150,8,81,39372
C2,150,C2-resources-0150,8,82,39596
C2,150,C2-resources-0150,8,83,41520
C2,150,C2-resources-0150,8,84,39447
C2,150,C2-resources-0150,8,85,39595
C2,150,C2-resources-0150,8,86,39494
C2,150,C2-resources-0150,8,87,39758
C2,150,C2-resources-0150,8,88,40048
C2,150,C2-resources-0150,8,89,39520
C2,150,C2-resources-0150,8,90,39306
C2,150,C2-resources-0150,8,91,39699
C2,150,C2-resources-0150,8,92,39413
C2,150,C2-resources-0150,8,93,39184
C2,150,C2-resources-0150,8,94,42471
C2,150,C2-resources-0150,8,95,39649
C2,150,C2-resources-0150,8,96,39354
C2,150,C2-resources-0150,8,97,39746
C2,150,C2-resources-0150,8,98,39354
C2,150,C2-resources-0150,8,99,40484
C2,150,C2-resources-0150,8,100,39478
C5,500,C5-resources-0500,1,1,1254102
C5,500,C5-resources-0500,1,2,1206076
C5,500,C5-resources-0500,1,3,1254367
C5,500,C5-resources-0500,1,4,1295873
C5,500,C5-resources-0500,1,5,1195584
C5,500,C5-resources-0500,1,6,1205320
C5,500,C5-resources-0500,1,7,1201216
C5,500,C5-resources-0500,1,8,1239686
C5,500,C5-resources-0500,1,9,1185046
C5,500,C5-resources-0500,1,10,1212943
C5,500,C5-resources-0500,1,11,1227177
C5,500,C5-resources-0500,1,12,1202570
C5,500,C5-resources-0500,1,13,1237913
C5,500,C5-resources-0500,1,14,1263025
C5,500,C5-resources-0500,1,15,1228847
C5,500,C5-resources-0500,1,16,1295099
C5,500,C5-resources-0500,1,17,1268956
C5,500,C5-resources-0500,1,18,1569236
C5,500,C5-resources-0500,1,19,1319421
C5,500,C5-resources-0500,1,20,1313472
C5,500,C5-resources-0500,1,21,1277923
C5,500,C5-resources-0500,1,22,1266487
C5,500,C5-resources-0500,1,23,1251084
C5,500,C5-resources-0500,1,24,1212585
C5,500,C5-resources-0500,1,25,1254257
C5,500,C5-resources-0500,1,26,1202074
C5,500,C5-resources-0500,1,27,1245291
C5,500,C5-resources-0500,1,28,1225233
C5,500,C5-resources-0500,1,29,1228111
C5,500,C5-resources-0500,1,30,1276924
C5,500,C5-resources-0500,1,31,1239984
C5,500,C5-resources-0500,1,32,1230559
C5,500,C5-resources-0500,1,33,1292895
C5,500,C5-resources-0500,1,34,1219915
C5,500,C5-resources-0500,1,35,1235282
C5,500,C5-resources-0500,1,36,1203807
C5,500,C5-resources-0500,1,37,1181371
C5,500,C5-resources-0500,1,38,1195863
C5,500,C5-resources-0500,1,39,1220272
C5,500,C5-resources-0500,1,40,1255074
C5,500,C5-resources-0500,1,41,1239530
C5,500,C5-resources-0500,1,42,1220610
C5,500,C5-resources-0500,1,43,1288718
C5,500,C5-resources-0500,1,44,1191512
C5,500,C5-resources-0500,1,45,1207591
C5,500,C5-resources-0500,1,46,1217265
C5,500,C5-resources-0500,1,47,1178180
C5,500,C5-resources-0500,1,48,1187160
C5,500,C5-resources-0500,1,49,1234813
C5,500,C5-resources-0500,1,50,1227079
C5,500,C5-resources-0500,1,51,1229242
C5,500,C5-resources-0500,1,52,1230567
C5,500,C5-resources-0500,1,53,1213294
C5,500,C5-resources-0500,1,54,1189464
C5,500,C5-resources-0500,1,55,1180935
C5,500,C5-resources-0500,1,56,1229157
C5,500,C5-resources-0500,1,57,1288767
C5,500,C5-resources-0500,1,58,1239323
C5,500,C5-resources-0500,1,59,1234642
C5,500,C5-resources-0500,1,60,1268587
C5,500,C5-resources-0500,1,61,1207432
C5,500,C5-resources-0500,1,62,1190613
C5,500,C5-resources-0500,1,63,1201816
C5,500,C5-resources-0500,1,64,1202282
C5,500,C5-resources-0500,1,65,1228687
C5,500,C5-resources-0500,1,66,1252689
C5,500,C5-resources-0500,1,67,1230372
C5,500,C5-resources-0500,1,68,1189393
C5,500,C5-resources-0500,1,69,1267662
C5,500,C5-resources-0500,1,70,1233322
C5,500,C5-resources-0500,1,71,1198214
C5,500,C5-resources-0500,1,72,1312586
C5,500,C5-resources-0500,1,73,1243144
C5,500,C5-resources-0500,1,74,1254629
C5,500,C5-resources-0500,1,75,1196913
C5,500,C5-resources-0500,1,76,1203734
C5,500,C5-resources-0500,1,77,1189624
C5,500,C5-resources-0500,1,78,1194265
C5,500,C5-resources-0500,1,79,1244745
C5,500,C5-resources-0500,1,80,1291466
C5,500,C5-resources-0500,1,81,1201289
C5,500,C5-resources-0500,1,82,1286765
C5,500,C5-resources-0500,1,83,1200054
C5,500,C5-resources-0500,1,84,1283081
C5,500,C5-resources-0500,1,85,1280619
C5,500,C5-resources-0500,1,86,1276406
C5,500,C5-resources-0500,1,87,1275185
C5,500,C5-resources-0500,1,88,1282725
C5,500,C5-resources-0500,1,89,1233815
C5,500,C5-resources-0500,1,90,1251891
C5,500,C5-resources-0500,1,91,1222502
C5,500,C5-resources-0500,1,92,1218586
C5,500,C5-resources-0500,1,93,2952109
C5,500,C5-resources-0500,1,94,1482252
C5,500,C5-resources-0500,1,95,1330781
C5,500,C5-resources-0500,1,96,1334030
C5,500,C5-resources-0500,1,97,1273134
C5,500,C5-resources-0500,1,98,1274942
C5,500,C5-resources-0500,1,99,1304319
C5,500,C5-resources-0500,1,100,1335020
C5,500,C5-resources-0500,2,1,1259358
C5,500,C5-resources-0500,2,2,1277994
C5,500,C5-resources-0500,2,3,1201013
C5,500,C5-resources-0500,2,4,1200474
C5,500,C5-resources-0500,2,5,1243187
C5,500,C5-resources-0500,2,6,1253475
C5,500,C5-resources-0500,2,7,1214927
C5,500,C5-resources-0500,2,8,1227229
C5,500,C5-resources-0500,2,9,1296136
C5,500,C5-resources-0500,2,10,1257165
C5,500,C5-resources-0500,2,11,1276547
C5,500,C5-resources-0500,2,12,1346891
C5,500,C5-resources-0500,2,13,1204590
C5,500,C5-resources-0500,2,14,1201593
C5,500,C5-resources-0500,2,15,1298565
C5,500,C5-resources-0500,2,16,1265993
C5,500,C5-resources-0500,2,17,1258466
C5,500,C5-resources-0500,2,18,1219466
C5,500,C5-resources-0500,2,19,1220123
C5,500,C5-resources-0500,2,20,1201006
C5,500,C5-resources-0500,2,21,1209445
C5,500,C5-resources-0500,2,22,1272479
C5,500,C5-resources-0500,2,23,1266047
C5,500,C5-resources-0500,2,24,1227424
C5,500,C5-resources-0500,2,25,1272047
C5,500,C5-resources-0500,2,26,1211693
C5,500,C5-resources-0500,2,27,1218022
C5,500,C5-resources-0500,2,28,1245344
C5,500,C5-resources-0500,2,29,1199319
C5,500,C5-resources-0500,2,30,1250029
C5,500,C5-resources-0500,2,31,1227360
C5,500,C5-resources-0500,2,32,1184160
C5,500,C5-resources-0500,2,33,1197958
C5,500,C5-resources-0500,2,34,1205510
C5,500,C5-resources-0500,2,35,1214223
C5,500,C5-resources-0500,2,36,1181779
C5,500,C5-resources-0500,2,37,1175920
C5,500,C5-resources-0500,2,38,1295005
C5,500,C5-resources-0500,2,39,1254223
C5,500,C5-resources-0500,2,40,1175643
C5,500,C5-resources-0500,2,41,1208580
C5,500,C5-resources-0500,2,42,1221373
C5,500,C5-resources-0500,2,43,1195799
C5,500,C5-resources-0500,2,44,1262159
C5,500,C5-resources-0500,2,45,1231716
C5,500,C5-resources-0500,2,46,1236177
C5,500,C5-resources-0500,2,47,1235971
C5,500,C5-resources-0500,2,48,1241932
C5,500,C5-resources-0500,2,49,1197676
C5,500,C5-resources-0500,2,50,1196929
C5,500,C5-resources-0500,2,51,1259397
C5,500,C5-resources-0500,2,52,1216482
C5,500,C5-resources-0500,2,53,1221670
C5,500,C5-resources-0500,2,54,1217815
C5,500,C5-resources-0500,2,55,1261695
C5,500,C5-resources-0500,2,56,1195028
C5,500,C5-resources-0500,2,57,1202312
C5,500,C5-resources-0500,2,58,1179082
C5,500,C5-resources-0500,2,59,1200385
C5,500,C5-resources-0500,2,60,1197223
C5,500,C5-resources-0500,2,61,1261939
C5,500,C5-resources-0500,2,62,1236442
C5,500,C5-resources-0500,2,63,1226488
C5,500,C5-resources-0500,2,64,1244485
C5,500,C5-resources-0500,2,65,1275906
C5,500,C5-resources-0500,2,66,1252860
C5,500,C5-resources-0500,2,67,1242530
C5,500,C5-resources-0500,2,68,1226786
C5,500,C5-resources-0500,2,69,1212532
C5,500,C5-resources-0500,2,70,1248621
C5,500,C5-resources-0500,2,71,1200245
C5,500,C5-resources-0500,2,72,1174378
C5,500,C5-resources-0500,2,73,1217857
C5,500,C5-resources-0500,2,74,1205117
C5,500,C5-resources-0500,2,75,1333066
C5,500,C5-resources-0500,2,76,1288786
C5,500,C5-resources-0500,2,77,1272847
C5,500,C5-resources-0500,2,78,1294096
C5,500,C5-resources-0500,2,79,1263958
C5,500,C5-resources-0500,2,80,1288664
C5,500,C5-resources-0500,2,81,1265801
C5,500,C5-resources-0500,2,82,1209458
C5,500,C5-resources-0500,2,83,1285220
C5,500,C5-resources-0500,2,84,1287812
C5,500,C5-resources-0500,2,85,1208265
C5,500,C5-resources-0500,2,86,1229703
C5,500,C5-resources-0500,2,87,1198841
C5,500,C5-resources-0500,2,88,1228796
C5,500,C5-resources-0500,2,89,1253433
C5,500,C5-resources-0500,2,90,1307960
C5,500,C5-resources-0500,2,91,1235403
C5,500,C5-resources-0500,2,92,1273782
C5,500,C5-resources-0500,2,93,1316029
C5,500,C5-resources-0500,2,94,1200175
C5,500,C5-resources-0500,2,95,1244098
C5,500,C5-resources-0500,2,96,1266165
C5,500,C5-resources-0500,2,97,1242815
C5,500,C5-resources-0500,2,98,1258474
C5,500,C5-resources-0500,2,99,1253054
C5,500,C5-resources-0500,2,100,1222029
C5,500,C5-resources-0500,3,1,1241454
C5,500,C5-resources-0500,3,2,1207541
C5,500,C5-resources-0500,3,3,1233808
C5,500,C5-resources-0500,3,4,1174272
C5,500,C5-resources-0500,3,5,1284929
C5,500,C5-resources-0500,3,6,1282999
C5,500,C5-resources-0500,3,7,1221029
C5,500,C5-resources-0500,3,8,1228300
C5,500,C5-resources-0500,3,9,1210467
C5,500,C5-resources-0500,3,10,1216081
C5,500,C5-resources-0500,3,11,1217484
C5,500,C5-resources-0500,3,12,1240601
C5,500,C5-resources-0500,3,13,1268261
C5,500,C5-resources-0500,3,14,1222198
C5,500,C5-resources-0500,3,15,1211624
C5,500,C5-resources-0500,3,16,1251726
C5,500,C5-resources-0500,3,17,1226419
C5,500,C5-resources-0500,3,18,1245293
C5,500,C5-resources-0500,3,19,1219918
C5,500,C5-resources-0500,3,20,1304514
C5,500,C5-resources-0500,3,21,1248700
C5,500,C5-resources-0500,3,22,1246364
C5,500,C5-resources-0500,3,23,1219558
C5,500,C5-resources-0500,3,24,1249388
C5,500,C5-resources-0500,3,25,1247107
C5,500,C5-resources-0500,3,26,1202325
C5,500,C5-resources-0500,3,27,1215563
C5,500,C5-resources-0500,3,28,1292291
C5,500,C5-resources-0500,3,29,1222195
C5,500,C5-resources-0500,3,30,1224092
C5,500,C5-resources-0500,3,31,1265857
C5,500,C5-resources-0500,3,32,1213238
C5,500,C5-resources-0500,3,33,1257084
C5,500,C5-resources-0500,3,34,1252412
C5,500,C5-resources-0500,3,35,1289037
C5,500,C5-resources-0500,3,36,1209696
C5,500,C5-resources-0500,3,37,1219345
C5,500,C5-resources-0500,3,38,1206212
C5,500,C5-resources-0500,3,39,1212995
C5,500,C5-resources-0500,3,40,1219200
C5,500,C5-resources-0500,3,41,1253359
C5,500,C5-resources-0500,3,42,3249696
C5,500,C5-resources-0500,3,43,1399934
C5,500,C5-resources-0500,3,44,1308288
C5,500,C5-resources-0500,3,45,1301158
C5,500,C5-resources-0500,3,46,1248203
C5,500,C5-resources-0500,3,47,1210823
C5,500,C5-resources-0500,3,48,1228798
C5,500,C5-resources-0500,3,49,1261117
C5,500,C5-resources-0500,3,50,1208495
C5,500,C5-resources-0500,3,51,1192168
C5,500,C5-resources-0500,3,52,1206999
C5,500,C5-resources-0500,3,53,1187634
C5,500,C5-resources-0500,3,54,1222615
C5,500,C5-resources-0500,3,55,1183263
C5,500,C5-resources-0500,3,56,1236537
C5,500,C5-resources-0500,3,57,1250015
C5,500,C5-resources-0500,3,58,1191992
C5,500,C5-resources-0500,3,59,1211331
C5,500,C5-resources-0500,3,60,1219044
C5,500,C5-resources-0500,3,61,1225798
C5,500,C5-resources-0500,3,62,1251956
C5,500,C5-resources-0500,3,63,1205111
C5,500,C5-resources-0500,3,64,1251819
C5,500,C5-resources-0500,3,65,1352783
C5,500,C5-resources-0500,3,66,1250988
C5,500,C5-resources-0500,3,67,1254852
C5,500,C5-resources-0500,3,68,1247081
C5,500,C5-resources-0500,3,69,1187453
C5,500,C5-resources-0500,3,70,1226143
C5,500,C5-resources-0500,3,71,1262253
C5,500,C5-resources-0500,3,72,1516723
C5,500,C5-resources-0500,3,73,1225728
C5,500,C5-resources-0500,3,74,1216098
C5,500,C5-resources-0500,3,75,1287737
C5,500,C5-resources-0500,3,76,1253360
C5,500,C5-resources-0500,3,77,1226189
C5,500,C5-resources-0500,3,78,1299768
C5,500,C5-resources-0500,3,79,1215803
C5,500,C5-resources-0500,3,80,1216381
C5,500,C5-resources-0500,3,81,1204504
C5,500,C5-resources-0500,3,82,1235294
C5,500,C5-resources-0500,3,83,1245132
C5,500,C5-resources-0500,3,84,1230566
C5,500,C5-resources-0500,3,85,1247116
C5,500,C5-resources-0500,3,86,1267484
C5,500,C5-resources-0500,3,87,1240281
C5,500,C5-resources-0500,3,88,1285886
C5,500,C5-resources-0500,3,89,1294550
C5,500,C5-resources-0500,3,90,1201797
C5,500,C5-resources-0500,3,91,1253838
C5,500,C5-resources-0500,3,92,1195902
C5,500,C5-resources-0500,3,93,1366902
C5,500,C5-resources-0500,3,94,1252087
C5,500,C5-resources-0500,3,95,1244283
C5,500,C5-resources-0500,3,96,1193552
C5,500,C5-resources-0500,3,97,1238673
C5,500,C5-resources-0500,3,98,1235175
C5,500,C5-resources-0500,3,99,1271678
C5,500,C5-resources-0500,3,100,1311630
C5,500,C5-resources-0500,4,1,1227219
C5,500,C5-resources-0500,4,2,1247516
C5,500,C5-resources-0500,4,3,1229469
C5,500,C5-resources-0500,4,4,1207171
C5,500,C5-resources-0500,4,5,1204273
C5,500,C5-resources-0500,4,6,1202449
C5,500,C5-resources-0500,4,7,1252080
C5,500,C5-resources-0500,4,8,1234975
C5,500,C5-resources-0500,4,9,1257187
C5,500,C5-resources-0500,4,10,1286697
C5,500,C5-resources-0500,4,11,1308138
C5,500,C5-resources-0500,4,12,1218248
C5,500,C5-resources-0500,4,13,1233624
C5,500,C5-resources-0500,4,14,1192773
C5,500,C5-resources-0500,4,15,1192119
C5,500,C5-resources-0500,4,16,1216066
C5,500,C5-resources-0500,4,17,1229521
C5,500,C5-resources-0500,4,18,1227554
C5,500,C5-resources-0500,4,19,1253127
C5,500,C5-resources-0500,4,20,1246139
C5,500,C5-resources-0500,4,21,1233730
C5,500,C5-resources-0500,4,22,1225475
C5,500,C5-resources-0500,4,23,1262427
C5,500,C5-resources-0500,4,24,1291340
C5,500,C5-resources-0500,4,25,1303600
C5,500,C5-resources-0500,4,26,1415938
C5,500,C5-resources-0500,4,27,1276603
C5,500,C5-resources-0500,4,28,1216826
C5,500,C5-resources-0500,4,29,1323610
C5,500,C5-resources-0500,4,30,1287715
C5,500,C5-resources-0500,4,31,1313177
C5,500,C5-resources-0500,4,32,1359223
C5,500,C5-resources-0500,4,33,1279998
C5,500,C5-resources-0500,4,34,1262388
C5,500,C5-resources-0500,4,35,1308452
C5,500,C5-resources-0500,4,36,1207369
C5,500,C5-resources-0500,4,37,1185881
C5,500,C5-resources-0500,4,38,1247059
C5,500,C5-resources-0500,4,39,1281410
C5,500,C5-resources-0500,4,40,1226872
C5,500,C5-resources-0500,4,41,1183937
C5,500,C5-resources-0500,4,42,1203471
C5,500,C5-resources-0500,4,43,1201334
C5,500,C5-resources-0500,4,44,1215592
C5,500,C5-resources-0500,4,45,1303120
C5,500,C5-resources-0500,4,46,1291149
C5,500,C5-resources-0500,4,47,1247153
C5,500,C5-resources-0500,4,48,1309175
C5,500,C5-resources-0500,4,49,1248746
C5,500,C5-resources-0500,4,50,1252736
C5,500,C5-resources-0500,4,51,1237654
C5,500,C5-resources-0500,4,52,1279949
C5,500,C5-resources-0500,4,53,1393725
C5,500,C5-resources-0500,4,54,1301810
C5,500,C5-resources-0500,4,55,1267856
C5,500,C5-resources-0500,4,56,1196967
C5,500,C5-resources-0500,4,57,1227717
C5,500,C5-resources-0500,4,58,1187821
C5,500,C5-resources-0500,4,59,1184556
C5,500,C5-resources-0500,4,60,1301452
C5,500,C5-resources-0500,4,61,1247851
C5,500,C5-resources-0500,4,62,1204099
C5,500,C5-resources-0500,4,63,1210133
C5,500,C5-resources-0500,4,64,1250119
C5,500,C5-resources-0500,4,65,1238367
C5,500,C5-resources-0500,4,66,1219101
C5,500,C5-resources-0500,4,67,1243498
C5,500,C5-resources-0500,4,68,1250821
C5,500,C5-resources-0500,4,69,1244160
C5,500,C5-resources-0500,4,70,1273005
C5,500,C5-resources-0500,4,71,1200694
C5,500,C5-resources-0500,4,72,1216174
C5,500,C5-resources-0500,4,73,1199630
C5,500,C5-resources-0500,4,74,1256033
C5,500,C5-resources-0500,4,75,1262536
C5,500,C5-resources-0500,4,76,1284291
C5,500,C5-resources-0500,4,77,1291734
C5,500,C5-resources-0500,4,78,1185318
C5,500,C5-resources-0500,4,79,1205975
C5,500,C5-resources-0500,4,80,1269478
C5,500,C5-resources-0500,4,81,1235454
C5,500,C5-resources-0500,4,82,1296123
C5,500,C5-resources-0500,4,83,1266685
C5,500,C5-resources-0500,4,84,1207519
C5,500,C5-resources-0500,4,85,1176470
C5,500,C5-resources-0500,4,86,1211670
C5,500,C5-resources-0500,4,87,1228128
C5,500,C5-resources-0500,4,88,1189456
C5,500,C5-resources-0500,4,89,1230537
C5,500,C5-resources-0500,4,90,1266364
C5,500,C5-resources-0500,4,91,2781161
C5,500,C5-resources-0500,4,92,1420393
C5,500,C5-resources-0500,4,93,1231907
C5,500,C5-resources-0500,4,94,1206462
C5,500,C5-resources-0500,4,95,1246502
C5,500,C5-resources-0500,4,96,1234266
C5,500,C5-resources-0500,4,97,1195725
C5,500,C5-resources-0500,4,98,1297345
C5,500,C5-resources-0500,4,99,1211443
C5,500,C5-resources-0500,4,100,1218785
C5,500,C5-resources-0500,5,1,1288295
C5,500,C5-resources-0500,5,2,1246731
C5,500,C5-resources-0500,5,3,1378669
C5,500,C5-resources-0500,5,4,1252008
C5,500,C5-resources-0500,5,5,1240214
C5,500,C5-resources-0500,5,6,1276261
C5,500,C5-resources-0500,5,7,1278297
C5,500,C5-resources-0500,5,8,1317309
C5,500,C5-resources-0500,5,9,1192403
C5,500,C5-resources-0500,5,10,1239853
C5,500,C5-resources-0500,5,11,1313415
C5,500,C5-resources-0500,5,12,1191456
C5,500,C5-resources-0500,5,13,1194408
C5,500,C5-resources-0500,5,14,1312685
C5,500,C5-resources-0500,5,15,1242545
C5,500,C5-resources-0500,5,16,1251424
C5,500,C5-resources-0500,5,17,1238331
C5,500,C5-resources-0500,5,18,1262190
C5,500,C5-resources-0500,5,19,1196379
C5,500,C5-resources-0500,5,20,1241965
C5,500,C5-resources-0500,5,21,1185290
C5,500,C5-resources-0500,5,22,1207800
C5,500,C5-resources-0500,5,23,1174490
C5,500,C5-resources-0500,5,24,1217697
C5,500,C5-resources-0500,5,25,1254104
C5,500,C5-resources-0500,5,26,1306388
C5,500,C5-resources-0500,5,27,1301727
C5,500,C5-resources-0500,5,28,1235350
C5,500,C5-resources-0500,5,29,1217951
C5,500,C5-resources-0500,5,30,1356865
C5,500,C5-resources-0500,5,31,1242092
C5,500,C5-resources-0500,5,32,1237047
C5,500,C5-resources-0500,5,33,1480571
C5,500,C5-resources-0500,5,34,1243806
C5,500,C5-resources-0500,5,35,1230091
C5,500,C5-resources-0500,5,36,1236048
C5,500,C5-resources-0500,5,37,1215809
C5,500,C5-resources-0500,5,38,1192059
C5,500,C5-resources-0500,5,39,1221095
C5,500,C5-resources-0500,5,40,1332253
C5,500,C5-resources-0500,5,41,1262912
C5,500,C5-resources-0500,5,42,1263762
C5,500,C5-resources-0500,5,43,1271222
C5,500,C5-resources-0500,5,44,1249382
C5,500,C5-resources-0500,5,45,1249097
C5,500,C5-resources-0500,5,46,1221151
C5,500,C5-resources-0500,5,47,1199778
C5,500,C5-resources-0500,5,48,1251841
C5,500,C5-resources-0500,5,49,1208045
C5,500,C5-resources-0500,5,50,1213424
C5,500,C5-resources-0500,5,51,1182828
C5,500,C5-resources-0500,5,52,1257628
C5,500,C5-resources-0500,5,53,1224794
C5,500,C5-resources-0500,5,54,1177615
C5,500,C5-resources-0500,5,55,1315317
C5,500,C5-resources-0500,5,56,1230881
C5,500,C5-resources-0500,5,57,1210946
C5,500,C5-resources-0500,5,58,1209321
C5,500,C5-resources-0500,5,59,1228073
C5,500,C5-resources-0500,5,60,1234175
C5,500,C5-resources-0500,5,61,1283249
C5,500,C5-resources-0500,5,62,1265960
C5,500,C5-resources-0500,5,63,1266330
C5,500,C5-resources-0500,5,64,1244692
C5,500,C5-resources-0500,5,65,1228987
C5,500,C5-resources-0500,5,66,1233550
C5,500,C5-resources-0500,5,67,1228016
C5,500,C5-resources-0500,5,68,1225822
C5,500,C5-resources-0500,5,69,1240420
C5,500,C5-resources-0500,5,70,1254692
C5,500,C5-resources-0500,5,71,1262639
C5,500,C5-resources-0500,5,72,1226513
C5,500,C5-resources-0500,5,73,1223789
C5,500,C5-resources-0500,5,74,1231876
C5,500,C5-resources-0500,5,75,1219399
C5,500,C5-resources-0500,5,76,1206205
C5,500,C5-resources-0500,5,77,1211121
C5,500,C5-resources-0500,5,78,1284960
C5,500,C5-resources-0500,5,79,1234087
C5,500,C5-resources-0500,5,80,1235478
C5,500,C5-resources-0500,5,81,1237065
C5,500,C5-resources-0500,5,82,1250127
C5,500,C5-resources-0500,5,83,1233348
C5,500,C5-resources-0500,5,84,1300296
C5,500,C5-resources-0500,5,85,1293270
C5,500,C5-resources-0500,5,86,1268440
C5,500,C5-resources-0500,5,87,1284016
C5,500,C5-resources-0500,5,88,1264604
C5,500,C5-resources-0500,5,89,1237340
C5,500,C5-resources-0500,5,90,1198522
C5,500,C5-resources-0500,5,91,1239160
C5,500,C5-resources-0500,5,92,1245915
C5,500,C5-resources-0500,5,93,1273904
C5,500,C5-resources-0500,5,94,1278899
C5,500,C5-resources-0500,5,95,1260489
C5,500,C5-resources-0500,5,96,1224204
C5,500,C5-resources-0500,5,97,1264154
C5,500,C5-resources-0500,5,98,1257998
C5,500,C5-resources-0500,5,99,1235004
C5,500,C5-resources-0500,5,100,1224433
C5,500,C5-resources-0500,6,1,1245983
C5,500,C5-resources-0500,6,2,1206499
C5,500,C5-resources-0500,6,3,1206606
C5,500,C5-resources-0500,6,4,1247563
C5,500,C5-resources-0500,6,5,1220795
C5,500,C5-resources-0500,6,6,1311483
C5,500,C5-resources-0500,6,7,1287081
C5,500,C5-resources-0500,6,8,1381486
C5,500,C5-resources-0500,6,9,1259224
C5,500,C5-resources-0500,6,10,1332174
C5,500,C5-resources-0500,6,11,1263380
C5,500,C5-resources-0500,6,12,1238166
C5,500,C5-resources-0500,6,13,1222979
C5,500,C5-resources-0500,6,14,1240522
C5,500,C5-resources-0500,6,15,1306419
C5,500,C5-resources-0500,6,16,1218927
C5,500,C5-resources-0500,6,17,1221491
C5,500,C5-resources-0500,6,18,1197972
C5,500,C5-resources-0500,6,19,1221371
C5,500,C5-resources-0500,6,20,1203203
C5,500,C5-resources-0500,6,21,1237522
C5,500,C5-resources-0500,6,22,1276169
C5,500,C5-resources-0500,6,23,1270887
C5,500,C5-resources-0500,6,24,1221334
C5,500,C5-resources-0500,6,25,1214750
C5,500,C5-resources-0500,6,26,1253818
C5,500,C5-resources-0500,6,27,1203193
C5,500,C5-resources-0500,6,28,1187815
C5,500,C5-resources-0500,6,29,1239214
C5,500,C5-resources-0500,6,30,1266491
C5,500,C5-resources-0500,6,31,1230079
C5,500,C5-resources-0500,6,32,1224010
C5,500,C5-resources-0500,6,33,1225146
C5,500,C5-resources-0500,6,34,1204249
C5,500,C5-resources-0500,6,35,1222069
C5,500,C5-resources-0500,6,36,1240396
C5,500,C5-resources-0500,6,37,1219154
C5,500,C5-resources-0500,6,38,1230871
C5,500,C5-resources-0500,6,39,1230478
C5,500,C5-resources-0500,6,40,2972393
C5,500,C5-resources-0500,6,41,1375465
C5,500,C5-resources-0500,6,42,1246726
C5,500,C5-resources-0500,6,43,1210050
C5,500,C5-resources-0500,6,44,1242935
C5,500,C5-resources-0500,6,45,1193019
C5,500,C5-resources-0500,6,46,1193781
C5,500,C5-resources-0500,6,47,1289875
C5,500,C5-resources-0500,6,48,1253772
C5,500,C5-resources-0500,6,49,1213727
C5,500,C5-resources-0500,6,50,1219028
C5,500,C5-resources-0500,6,51,1265629
C5,500,C5-resources-0500,6,52,1201684
C5,500,C5-resources-0500,6,53,1226244
C5,500,C5-resources-0500,6,54,1207085
C5,500,C5-resources-0500,6,55,1177932
C5,500,C5-resources-0500,6,56,1186127
C5,500,C5-resources-0500,6,57,1275135
C5,500,C5-resources-0500,6,58,1211830
C5,500,C5-resources-0500,6,59,1268681
C5,500,C5-resources-0500,6,60,1272553
C5,500,C5-resources-0500,6,61,1258339
C5,500,C5-resources-0500,6,62,1265992
C5,500,C5-resources-0500,6,63,1292344
C5,500,C5-resources-0500,6,64,1264564
C5,500,C5-resources-0500,6,65,1249991
C5,500,C5-resources-0500,6,66,1395454
C5,500,C5-resources-0500,6,67,1412845
C5,500,C5-resources-0500,6,68,1247510
C5,500,C5-resources-0500,6,69,1273553
C5,500,C5-resources-0500,6,70,1230997
C5,500,C5-resources-0500,6,71,1223017
C5,500,C5-resources-0500,6,72,1222504
C5,500,C5-resources-0500,6,73,1190021
C5,500,C5-resources-0500,6,74,1215269
C5,500,C5-resources-0500,6,75,1237121
C5,500,C5-resources-0500,6,76,1246647
C5,500,C5-resources-0500,6,77,1211003
C5,500,C5-resources-0500,6,78,1202910
C5,500,C5-resources-0500,6,79,1272731
C5,500,C5-resources-0500,6,80,1232952
C5,500,C5-resources-0500,6,81,1247053
C5,500,C5-resources-0500,6,82,1270597
C5,500,C5-resources-0500,6,83,1253754
C5,500,C5-resources-0500,6,84,1240248
C5,500,C5-resources-0500,6,85,1228607
C5,500,C5-resources-0500,6,86,1276691
C5,500,C5-resources-0500,6,87,1281977
C5,500,C5-resources-0500,6,88,1205959
C5,500,C5-resources-0500,6,89,1440479
C5,500,C5-resources-0500,6,90,1302765
C5,500,C5-resources-0500,6,91,1241449
C5,500,C5-resources-0500,6,92,1267494
C5,500,C5-resources-0500,6,93,1296527
C5,500,C5-resources-0500,6,94,1246849
C5,500,C5-resources-0500,6,95,1297050
C5,500,C5-resources-0500,6,96,1344870
C5,500,C5-resources-0500,6,97,1323434
C5,500,C5-resources-0500,6,98,1315647
C5,500,C5-resources-0500,6,99,1211897
C5,500,C5-resources-0500,6,100,1236765
C5,500,C5-resources-0500,7,1,1348215
C5,500,C5-resources-0500,7,2,1286098
C5,500,C5-resources-0500,7,3,1215880
C5,500,C5-resources-0500,7,4,1229416
C5,500,C5-resources-0500,7,5,1194911
C5,500,C5-resources-0500,7,6,1183768
C5,500,C5-resources-0500,7,7,1246855
C5,500,C5-resources-0500,7,8,1194658
C5,500,C5-resources-0500,7,9,1251069
C5,500,C5-resources-0500,7,10,1218861
C5,500,C5-resources-0500,7,11,1272763
C5,500,C5-resources-0500,7,12,1179121
C5,500,C5-resources-0500,7,13,1222018
C5,500,C5-resources-0500,7,14,1228163
C5,500,C5-resources-0500,7,15,1238589
C5,500,C5-resources-0500,7,16,1249065
C5,500,C5-resources-0500,7,17,1312049
C5,500,C5-resources-0500,7,18,1201076
C5,500,C5-resources-0500,7,19,1217591
C5,500,C5-resources-0500,7,20,1320558
C5,500,C5-resources-0500,7,21,1203522
C5,500,C5-resources-0500,7,22,1245137
C5,500,C5-resources-0500,7,23,1245061
C5,500,C5-resources-0500,7,24,1251995
C5,500,C5-resources-0500,7,25,1216220
C5,500,C5-resources-0500,7,26,1265031
C5,500,C5-resources-0500,7,27,1217565
C5,500,C5-resources-0500,7,28,1205499
C5,500,C5-resources-0500,7,29,1199247
C5,500,C5-resources-0500,7,30,1239637
C5,500,C5-resources-0500,7,31,1215078
C5,500,C5-resources-0500,7,32,1207937
C5,500,C5-resources-0500,7,33,1272484
C5,500,C5-resources-0500,7,34,1204729
C5,500,C5-resources-0500,7,35,1211848
C5,500,C5-resources-0500,7,36,1266513
C5,500,C5-resources-0500,7,37,1231258
C5,500,C5-resources-0500,7,38,1224936
C5,500,C5-resources-0500,7,39,1232446
C5,500,C5-resources-0500,7,40,1234634
C5,500,C5-resources-0500,7,41,1225529
C5,500,C5-resources-0500,7,42,1182857
C5,500,C5-resources-0500,7,43,1238934
C5,500,C5-resources-0500,7,44,1208493
C5,500,C5-resources-0500,7,45,1235451
C5,500,C5-resources-0500,7,46,1261204
C5,500,C5-resources-0500,7,47,1288001
C5,500,C5-resources-0500,7,48,1216357
C5,500,C5-resources-0500,7,49,1242125
C5,500,C5-resources-0500,7,50,1194757
C5,500,C5-resources-0500,7,51,1190336
C5,500,C5-resources-0500,7,52,1189568
C5,500,C5-resources-0500,7,53,1184944
C5,500,C5-resources-0500,7,54,1202109
C5,500,C5-resources-0500,7,55,1250339
C5,500,C5-resources-0500,7,56,1338050
C5,500,C5-resources-0500,7,57,1293616
C5,500,C5-resources-0500,7,58,1258395
C5,500,C5-resources-0500,7,59,1278309
C5,500,C5-resources-0500,7,60,1230473
C5,500,C5-resources-0500,7,61,1242036
C5,500,C5-resources-0500,7,62,1300413
C5,500,C5-resources-0500,7,63,1226945
C5,500,C5-resources-0500,7,64,1226743
C5,500,C5-resources-0500,7,65,1221200
C5,500,C5-resources-0500,7,66,1227188
C5,500,C5-resources-0500,7,67,1209579
C5,500,C5-resources-0500,7,68,1237934
C5,500,C5-resources-0500,7,69,1377757
C5,500,C5-resources-0500,7,70,1260347
C5,500,C5-resources-0500,7,71,1250609
C5,500,C5-resources-0500,7,72,1240788
C5,500,C5-resources-0500,7,73,1226863
C5,500,C5-resources-0500,7,74,1246149
C5,500,C5-resources-0500,7,75,1246504
C5,500,C5-resources-0500,7,76,1215098
C5,500,C5-resources-0500,7,77,1271334
C5,500,C5-resources-0500,7,78,1205078
C5,500,C5-resources-0500,7,79,1253781
C5,500,C5-resources-0500,7,80,1244920
C5,500,C5-resources-0500,7,81,1203541
C5,500,C5-resources-0500,7,82,1200359
C5,500,C5-resources-0500,7,83,1236854
C5,500,C5-resources-0500,7,84,1216410
C5,500,C5-resources-0500,7,85,1233111
C5,500,C5-resources-0500,7,86,1222298
C5,500,C5-resources-0500,7,87,1180207
C5,500,C5-resources-0500,7,88,1226256
C5,500,C5-resources-0500,7,89,1278908
C5,500,C5-resources-0500,7,90,3188527
C5,500,C5-resources-0500,7,91,1298477
C5,500,C5-resources-0500,7,92,1238983
C5,500,C5-resources-0500,7,93,1228151
C5,500,C5-resources-0500,7,94,1184060
C5,500,C5-resources-0500,7,95,1192145
C5,500,C5-resources-0500,7,96,1225337
C5,500,C5-resources-0500,7,97,1219887
C5,500,C5-resources-0500,7,98,1230385
C5,500,C5-resources-0500,7,99,1268049
C5,500,C5-resources-0500,7,100,1216301
C5,500,C5-resources-0500,8,1,1218762
C5,500,C5-resources-0500,8,2,1226654
C5,500,C5-resources-0500,8,3,1221952
C5,500,C5-resources-0500,8,4,1188592
C5,500,C5-resources-0500,8,5,1234650
C5,500,C5-resources-0500,8,6,1314245
C5,500,C5-resources-0500,8,7,1217169
C5,500,C5-resources-0500,8,8,1247559
C5,500,C5-resources-0500,8,9,1262692
C5,500,C5-resources-0500,8,10,1250722
C5,500,C5-resources-0500,8,11,1203534
C5,500,C5-resources-0500,8,12,1245533
C5,500,C5-resources-0500,8,13,1252857
C5,500,C5-resources-0500,8,14,1232083
C5,500,C5-resources-0500,8,15,1227501
C5,500,C5-resources-0500,8,16,1233368
C5,500,C5-resources-0500,8,17,1234991
C5,500,C5-resources-0500,8,18,1228992
C5,500,C5-resources-0500,8,19,1214708
C5,500,C5-resources-0500,8,20,1235424
C5,500,C5-resources-0500,8,21,1246527
C5,500,C5-resources-0500,8,22,1274837
C5,500,C5-resources-0500,8,23,1216050
C5,500,C5-resources-0500,8,24,1233014
C5,500,C5-resources-0500,8,25,1281343
C5,500,C5-resources-0500,8,26,1207664
C5,500,C5-resources-0500,8,27,1241221
C5,500,C5-resources-0500,8,28,1297688
C5,500,C5-resources-0500,8,29,1278477
C5,500,C5-resources-0500,8,30,1201317
C5,500,C5-resources-0500,8,31,1185809
C5,500,C5-resources-0500,8,32,1220422
C5,500,C5-resources-0500,8,33,1214360
C5,500,C5-resources-0500,8,34,1193071
C5,500,C5-resources-0500,8,35,1235796
C5,500,C5-resources-0500,8,36,1240366
C5,500,C5-resources-0500,8,37,1275315
C5,500,C5-resources-0500,8,38,1290911
C5,500,C5-resources-0500,8,39,1218508
C5,500,C5-resources-0500,8,40,1240528
C5,500,C5-resources-0500,8,41,1309519
C5,500,C5-resources-0500,8,42,1260959
C5,500,C5-resources-0500,8,43,1271726
C5,500,C5-resources-0500,8,44,1295253
C5,500,C5-resources-0500,8,45,1290450
C5,500,C5-resources-0500,8,46,1207686
C5,500,C5-resources-0500,8,47,1195784
C5,500,C5-resources-0500,8,48,1235151
C5,500,C5-resources-0500,8,49,1225113
C5,500,C5-resources-0500,8,50,1197499
C5,500,C5-resources-0500,8,51,1324516
C5,500,C5-resources-0500,8,52,1206598
C5,500,C5-resources-0500,8,53,1209148
C5,500,C5-resources-0500,8,54,1237183
C5,500,C5-resources-0500,8,55,1193063
C5,500,C5-resources-0500,8,56,1243302
C5,500,C5-resources-0500,8,57,1297198
C5,500,C5-resources-0500,8,58,1231673
C5,500,C5-resources-0500,8,59,1252578
C5,500,C5-resources-0500,8,60,1189056
C5,500,C5-resources-0500,8,61,1217582
C5,500,C5-resources-0500,8,62,1210494
C5,500,C5-resources-0500,8,63,1220091
C5,500,C5-resources-0500,8,64,1270617
C5,500,C5-resources-0500,8,65,1235372
C5,500,C5-resources-0500,8,66,1222570
C5,500,C5-resources-0500,8,67,1254372
C5,500,C5-resources-0500,8,68,1281541
C5,500,C5-resources-0500,8,69,1211485
C5,500,C5-resources-0500,8,70,1227737
C5,500,C5-resources-0500,8,71,1231274
C5,500,C5-resources-0500,8,72,1218443
C5,500,C5-resources-0500,8,73,1245778
C5,500,C5-resources-0500,8,74,1269255
C5,500,C5-resources-0500,8,75,1199866
C5,500,C5-resources-0500,8,76,1211140
C5,500,C5-resources-0500,8,77,1319213
C5,500,C5-resources-0500,8,78,1269217
C5,500,C5-resources-0500,8,79,1216228
C5,500,C5-resources-0500,8,80,1299650
C5,500,C5-resources-0500,8,81,1276179
C5,500,C5-resources-0500,8,82,1275213
C5,500,C5-resources-0500,8,83,1281284
C5,500,C5-resources-0500,8,84,1220548
C5,500,C5-resources-0500,8,85,1212433
C5,500,C5-resources-0500,8,86,1213924
C5,500,C5-resources-0500,8,87,1205527
C5,500,C5-resources-0500,8,88,1217193
C5,500,C5-resources-0500,8,89,1354392
C5,500,C5-resources-0500,8,90,1219641
C5,500,C5-resources-0500,8,91,1198880
C5,500,C5-resources-0500,8,92,1222614
C5,500,C5-resources-0500,8,93,1219334
C5,500,C5-resources-0500,8,94,1202724
C5,500,C5-resources-0500,8,95,1208114
C5,500,C5-resources-0500,8,96,1261500
C5,500,C5-resources-0500,8,97,1229920
C5,500,C5-resources-0500,8,98,1235413
C5,500,C5-resources-0500,8,99,1266073
C5,500,C5-resources-0500,8,100,1225492
C5,2000,C5-resources-2000,1,1,1205556
C5,2000,C5-resources-2000,1,2,1267863
C5,2000,C5-resources-2000,1,3,1301292
C5,2000,C5-resources-2000,1,4,1249577
C5,2000,C5-resources-2000,1,5,1286334
C5,2000,C5-resources-2000,1,6,1304167
C5,2000,C5-resources-2000,1,7,1294070
C5,2000,C5-resources-2000,1,8,1207933
C5,2000,C5-resources-2000,1,9,1215283
C5,2000,C5-resources-2000,1,10,1290479
C5,2000,C5-resources-2000,1,11,1212417
C5,2000,C5-resources-2000,1,12,1239732
C5,2000,C5-resources-2000,1,13,1269720
C5,2000,C5-resources-2000,1,14,1225297
C5,2000,C5-resources-2000,1,15,1220132
C5,2000,C5-resources-2000,1,16,1223188
C5,2000,C5-resources-2000,1,17,1232200
C5,2000,C5-resources-2000,1,18,1179037
C5,2000,C5-resources-2000,1,19,1206575
C5,2000,C5-resources-2000,1,20,1256824
C5,2000,C5-resources-2000,1,21,1236623
C5,2000,C5-resources-2000,1,22,1216758
C5,2000,C5-resources-2000,1,23,1286808
C5,2000,C5-resources-2000,1,24,1191240
C5,2000,C5-resources-2000,1,25,1180769
C5,2000,C5-resources-2000,1,26,1261068
C5,2000,C5-resources-2000,1,27,1208869
C5,2000,C5-resources-2000,1,28,1199403
C5,2000,C5-resources-2000,1,29,1236961
C5,2000,C5-resources-2000,1,30,1201362
C5,2000,C5-resources-2000,1,31,1212692
C5,2000,C5-resources-2000,1,32,1207551
C5,2000,C5-resources-2000,1,33,1228028
C5,2000,C5-resources-2000,1,34,1208286
C5,2000,C5-resources-2000,1,35,1223395
C5,2000,C5-resources-2000,1,36,1249798
C5,2000,C5-resources-2000,1,37,1224351
C5,2000,C5-resources-2000,1,38,1206691
C5,2000,C5-resources-2000,1,39,1199404
C5,2000,C5-resources-2000,1,40,1220002
C5,2000,C5-resources-2000,1,41,1185929
C5,2000,C5-resources-2000,1,42,1254235
C5,2000,C5-resources-2000,1,43,1268423
C5,2000,C5-resources-2000,1,44,1204764
C5,2000,C5-resources-2000,1,45,1215260
C5,2000,C5-resources-2000,1,46,1247497
C5,2000,C5-resources-2000,1,47,1213394
C5,2000,C5-resources-2000,1,48,1223758
C5,2000,C5-resources-2000,1,49,1232416
C5,2000,C5-resources-2000,1,50,1195664
C5,2000,C5-resources-2000,1,51,1266850
C5,2000,C5-resources-2000,1,52,1290228
C5,2000,C5-resources-2000,1,53,1206645
C5,2000,C5-resources-2000,1,54,1231537
C5,2000,C5-resources-2000,1,55,1179497
C5,2000,C5-resources-2000,1,56,1204104
C5,2000,C5-resources-2000,1,57,1217783
C5,2000,C5-resources-2000,1,58,1208150
C5,2000,C5-resources-2000,1,59,1339422
C5,2000,C5-resources-2000,1,60,1187702
C5,2000,C5-resources-2000,1,61,1189170
C5,2000,C5-resources-2000,1,62,1206214
C5,2000,C5-resources-2000,1,63,1184147
C5,2000,C5-resources-2000,1,64,1190178
C5,2000,C5-resources-2000,1,65,1241921
C5,2000,C5-resources-2000,1,66,1242518
C5,2000,C5-resources-2000,1,67,1224200
C5,2000,C5-resources-2000,1,68,1212759
C5,2000,C5-resources-2000,1,69,1264911
C5,2000,C5-resources-2000,1,70,1199743
C5,2000,C5-resources-2000,1,71,1214240
C5,2000,C5-resources-2000,1,72,1263134
C5,2000,C5-resources-2000,1,73,1219470
C5,2000,C5-resources-2000,1,74,1250428
C5,2000,C5-resources-2000,1,75,1235363
C5,2000,C5-resources-2000,1,76,1278473
C5,2000,C5-resources-2000,1,77,1198391
C5,2000,C5-resources-2000,1,78,1249978
C5,2000,C5-resources-2000,1,79,1184878
C5,2000,C5-resources-2000,1,80,1231475
C5,2000,C5-resources-2000,1,81,1247589
C5,2000,C5-resources-2000,1,82,1282035
C5,2000,C5-resources-2000,1,83,1231518
C5,2000,C5-resources-2000,1,84,1273072
C5,2000,C5-resources-2000,1,85,1332048
C5,2000,C5-resources-2000,1,86,1264034
C5,2000,C5-resources-2000,1,87,1211770
C5,2000,C5-resources-2000,1,88,1334097
C5,2000,C5-resources-2000,1,89,4088415
C5,2000,C5-resources-2000,1,90,1433650
C5,2000,C5-resources-2000,1,91,1318046
C5,2000,C5-resources-2000,1,92,1272472
C5,2000,C5-resources-2000,1,93,1266816
C5,2000,C5-resources-2000,1,94,1263947
C5,2000,C5-resources-2000,1,95,1247204
C5,2000,C5-resources-2000,1,96,1200785
C5,2000,C5-resources-2000,1,97,1214643
C5,2000,C5-resources-2000,1,98,1219985
C5,2000,C5-resources-2000,1,99,1222311
C5,2000,C5-resources-2000,1,100,1237779
C5,2000,C5-resources-2000,2,1,1314380
C5,2000,C5-resources-2000,2,2,1222794
C5,2000,C5-resources-2000,2,3,1205672
C5,2000,C5-resources-2000,2,4,1201847
C5,2000,C5-resources-2000,2,5,1268076
C5,2000,C5-resources-2000,2,6,1231872
C5,2000,C5-resources-2000,2,7,1185095
C5,2000,C5-resources-2000,2,8,1271681
C5,2000,C5-resources-2000,2,9,1282632
C5,2000,C5-resources-2000,2,10,1194213
C5,2000,C5-resources-2000,2,11,1284294
C5,2000,C5-resources-2000,2,12,1242563
C5,2000,C5-resources-2000,2,13,1188615
C5,2000,C5-resources-2000,2,14,1206241
C5,2000,C5-resources-2000,2,15,1208185
C5,2000,C5-resources-2000,2,16,1246131
C5,2000,C5-resources-2000,2,17,1226451
C5,2000,C5-resources-2000,2,18,1220584
C5,2000,C5-resources-2000,2,19,1208367
C5,2000,C5-resources-2000,2,20,1253728
C5,2000,C5-resources-2000,2,21,1244060
C5,2000,C5-resources-2000,2,22,1214920
C5,2000,C5-resources-2000,2,23,1227511
C5,2000,C5-resources-2000,2,24,1308504
C5,2000,C5-resources-2000,2,25,1239344
C5,2000,C5-resources-2000,2,26,1201241
C5,2000,C5-resources-2000,2,27,1288745
C5,2000,C5-resources-2000,2,28,1251600
C5,2000,C5-resources-2000,2,29,1210543
C5,2000,C5-resources-2000,2,30,1221612
C5,2000,C5-resources-2000,2,31,1274408
C5,2000,C5-resources-2000,2,32,1226050
C5,2000,C5-resources-2000,2,33,1217611
C5,2000,C5-resources-2000,2,34,1259694
C5,2000,C5-resources-2000,2,35,1206065
C5,2000,C5-resources-2000,2,36,1187139
C5,2000,C5-resources-2000,2,37,1239675
C5,2000,C5-resources-2000,2,38,1211354
C5,2000,C5-resources-2000,2,39,1226685
C5,2000,C5-resources-2000,2,40,1261343
C5,2000,C5-resources-2000,2,41,1229199
C5,2000,C5-resources-2000,2,42,1234811
C5,2000,C5-resources-2000,2,43,1237966
C5,2000,C5-resources-2000,2,44,1231975
C5,2000,C5-resources-2000,2,45,1215239
C5,2000,C5-resources-2000,2,46,1243556
C5,2000,C5-resources-2000,2,47,1285483
C5,2000,C5-resources-2000,2,48,1212040
C5,2000,C5-resources-2000,2,49,1187836
C5,2000,C5-resources-2000,2,50,1266252
C5,2000,C5-resources-2000,2,51,1232303
C5,2000,C5-resources-2000,2,52,1180986
C5,2000,C5-resources-2000,2,53,1210512
C5,2000,C5-resources-2000,2,54,1255410
C5,2000,C5-resources-2000,2,55,1258910
C5,2000,C5-resources-2000,2,56,1248148
C5,2000,C5-resources-2000,2,57,1231650
C5,2000,C5-resources-2000,2,58,1283062
C5,2000,C5-resources-2000,2,59,1207991
C5,2000,C5-resources-2000,2,60,1267883
C5,2000,C5-resources-2000,2,61,1227374
C5,2000,C5-resources-2000,2,62,1229636
C5,2000,C5-resources-2000,2,63,1229214
C5,2000,C5-resources-2000,2,64,1238214
C5,2000,C5-resources-2000,2,65,1215402
C5,2000,C5-resources-2000,2,66,1247571
C5,2000,C5-resources-2000,2,67,1287086
C5,2000,C5-resources-2000,2,68,1210592
C5,2000,C5-resources-2000,2,69,1290076
C5,2000,C5-resources-2000,2,70,1257500
C5,2000,C5-resources-2000,2,71,1206511
C5,2000,C5-resources-2000,2,72,1240085
C5,2000,C5-resources-2000,2,73,1203787
C5,2000,C5-resources-2000,2,74,1203908
C5,2000,C5-resources-2000,2,75,1192300
C5,2000,C5-resources-2000,2,76,1243266
C5,2000,C5-resources-2000,2,77,1278753
C5,2000,C5-resources-2000,2,78,1233917
C5,2000,C5-resources-2000,2,79,1266337
C5,2000,C5-resources-2000,2,80,1258091
C5,2000,C5-resources-2000,2,81,1264932
C5,2000,C5-resources-2000,2,82,1347873
C5,2000,C5-resources-2000,2,83,1252849
C5,2000,C5-resources-2000,2,84,1224260
C5,2000,C5-resources-2000,2,85,1239339
C5,2000,C5-resources-2000,2,86,1224551
C5,2000,C5-resources-2000,2,87,1204491
C5,2000,C5-resources-2000,2,88,1202190
C5,2000,C5-resources-2000,2,89,1260261
C5,2000,C5-resources-2000,2,90,1230597
C5,2000,C5-resources-2000,2,91,1222778
C5,2000,C5-resources-2000,2,92,1274065
C5,2000,C5-resources-2000,2,93,1223598
C5,2000,C5-resources-2000,2,94,1231938
C5,2000,C5-resources-2000,2,95,1268467
C5,2000,C5-resources-2000,2,96,1211247
C5,2000,C5-resources-2000,2,97,1201416
C5,2000,C5-resources-2000,2,98,1214428
C5,2000,C5-resources-2000,2,99,1232151
C5,2000,C5-resources-2000,2,100,1260039
C5,2000,C5-resources-2000,3,1,1315167
C5,2000,C5-resources-2000,3,2,1205680
C5,2000,C5-resources-2000,3,3,1195729
C5,2000,C5-resources-2000,3,4,1218709
C5,2000,C5-resources-2000,3,5,1257847
C5,2000,C5-resources-2000,3,6,1224043
C5,2000,C5-resources-2000,3,7,1248146
C5,2000,C5-resources-2000,3,8,1305089
C5,2000,C5-resources-2000,3,9,1209719
C5,2000,C5-resources-2000,3,10,1249960
C5,2000,C5-resources-2000,3,11,1290032
C5,2000,C5-resources-2000,3,12,1209868
C5,2000,C5-resources-2000,3,13,1183011
C5,2000,C5-resources-2000,3,14,1264306
C5,2000,C5-resources-2000,3,15,1242300
C5,2000,C5-resources-2000,3,16,1236156
C5,2000,C5-resources-2000,3,17,1263333
C5,2000,C5-resources-2000,3,18,1247939
C5,2000,C5-resources-2000,3,19,1214092
C5,2000,C5-resources-2000,3,20,1229488
C5,2000,C5-resources-2000,3,21,1255366
C5,2000,C5-resources-2000,3,22,1281436
C5,2000,C5-resources-2000,3,23,1222898
C5,2000,C5-resources-2000,3,24,1256428
C5,2000,C5-resources-2000,3,25,1212564
C5,2000,C5-resources-2000,3,26,1241140
C5,2000,C5-resources-2000,3,27,1279041
C5,2000,C5-resources-2000,3,28,1253291
C5,2000,C5-resources-2000,3,29,1236455
C5,2000,C5-resources-2000,3,30,1301231
C5,2000,C5-resources-2000,3,31,1188839
C5,2000,C5-resources-2000,3,32,1211138
C5,2000,C5-resources-2000,3,33,1286978
C5,2000,C5-resources-2000,3,34,1244219
C5,2000,C5-resources-2000,3,35,1268040
C5,2000,C5-resources-2000,3,36,3440592
C5,2000,C5-resources-2000,3,37,1379901
C5,2000,C5-resources-2000,3,38,1309837
C5,2000,C5-resources-2000,3,39,1214091
C5,2000,C5-resources-2000,3,40,1205617
C5,2000,C5-resources-2000,3,41,1211188
C5,2000,C5-resources-2000,3,42,1267290
C5,2000,C5-resources-2000,3,43,1249362
C5,2000,C5-resources-2000,3,44,1295792
C5,2000,C5-resources-2000,3,45,1205451
C5,2000,C5-resources-2000,3,46,1256165
C5,2000,C5-resources-2000,3,47,1246255
C5,2000,C5-resources-2000,3,48,1242798
C5,2000,C5-resources-2000,3,49,1243458
C5,2000,C5-resources-2000,3,50,1333650
C5,2000,C5-resources-2000,3,51,1249915
C5,2000,C5-resources-2000,3,52,1202242
C5,2000,C5-resources-2000,3,53,1213133
C5,2000,C5-resources-2000,3,54,1212281
C5,2000,C5-resources-2000,3,55,1206442
C5,2000,C5-resources-2000,3,56,1200796
C5,2000,C5-resources-2000,3,57,1242673
C5,2000,C5-resources-2000,3,58,1263803
C5,2000,C5-resources-2000,3,59,1207835
C5,2000,C5-resources-2000,3,60,1239815
C5,2000,C5-resources-2000,3,61,1249184
C5,2000,C5-resources-2000,3,62,1195109
C5,2000,C5-resources-2000,3,63,1208730
C5,2000,C5-resources-2000,3,64,1194806
C5,2000,C5-resources-2000,3,65,1290718
C5,2000,C5-resources-2000,3,66,1248066
C5,2000,C5-resources-2000,3,67,1216172
C5,2000,C5-resources-2000,3,68,1190478
C5,2000,C5-resources-2000,3,69,1182848
C5,2000,C5-resources-2000,3,70,1210733
C5,2000,C5-resources-2000,3,71,1202176
C5,2000,C5-resources-2000,3,72,1185845
C5,2000,C5-resources-2000,3,73,1217909
C5,2000,C5-resources-2000,3,74,1239397
C5,2000,C5-resources-2000,3,75,1181211
C5,2000,C5-resources-2000,3,76,1184891
C5,2000,C5-resources-2000,3,77,1291255
C5,2000,C5-resources-2000,3,78,1223749
C5,2000,C5-resources-2000,3,79,1190401
C5,2000,C5-resources-2000,3,80,1208033
C5,2000,C5-resources-2000,3,81,1217562
C5,2000,C5-resources-2000,3,82,1214673
C5,2000,C5-resources-2000,3,83,1185984
C5,2000,C5-resources-2000,3,84,1228966
C5,2000,C5-resources-2000,3,85,1179071
C5,2000,C5-resources-2000,3,86,1240119
C5,2000,C5-resources-2000,3,87,1286227
C5,2000,C5-resources-2000,3,88,1220771
C5,2000,C5-resources-2000,3,89,1188317
C5,2000,C5-resources-2000,3,90,1241010
C5,2000,C5-resources-2000,3,91,1223862
C5,2000,C5-resources-2000,3,92,1178427
C5,2000,C5-resources-2000,3,93,1263809
C5,2000,C5-resources-2000,3,94,1225576
C5,2000,C5-resources-2000,3,95,1242851
C5,2000,C5-resources-2000,3,96,1242942
C5,2000,C5-resources-2000,3,97,1240537
C5,2000,C5-resources-2000,3,98,1208695
C5,2000,C5-resources-2000,3,99,1176520
C5,2000,C5-resources-2000,3,100,1231906
C5,2000,C5-resources-2000,4,1,1202756
C5,2000,C5-resources-2000,4,2,1242949
C5,2000,C5-resources-2000,4,3,1205154
C5,2000,C5-resources-2000,4,4,1185828
C5,2000,C5-resources-2000,4,5,1221645
C5,2000,C5-resources-2000,4,6,1245891
C5,2000,C5-resources-2000,4,7,1229119
C5,2000,C5-resources-2000,4,8,1236453
C5,2000,C5-resources-2000,4,9,1228985
C5,2000,C5-resources-2000,4,10,1234831
C5,2000,C5-resources-2000,4,11,1214453
C5,2000,C5-resources-2000,4,12,1229331
C5,2000,C5-resources-2000,4,13,1236162
C5,2000,C5-resources-2000,4,14,1214223
C5,2000,C5-resources-2000,4,15,1281508
C5,2000,C5-resources-2000,4,16,1289523
C5,2000,C5-resources-2000,4,17,1252488
C5,2000,C5-resources-2000,4,18,1240303
C5,2000,C5-resources-2000,4,19,1229107
C5,2000,C5-resources-2000,4,20,1185971
C5,2000,C5-resources-2000,4,21,1270255
C5,2000,C5-resources-2000,4,22,1215968
C5,2000,C5-resources-2000,4,23,1252077
C5,2000,C5-resources-2000,4,24,1341925
C5,2000,C5-resources-2000,4,25,1272561
C5,2000,C5-resources-2000,4,26,1251075
C5,2000,C5-resources-2000,4,27,1237442
C5,2000,C5-resources-2000,4,28,1248073
C5,2000,C5-resources-2000,4,29,1253919
C5,2000,C5-resources-2000,4,30,1247545
C5,2000,C5-resources-2000,4,31,1237877
C5,2000,C5-resources-2000,4,32,1326302
C5,2000,C5-resources-2000,4,33,1234575
C5,2000,C5-resources-2000,4,34,1241846
C5,2000,C5-resources-2000,4,35,1236804
C5,2000,C5-resources-2000,4,36,1249598
C5,2000,C5-resources-2000,4,37,1248047
C5,2000,C5-resources-2000,4,38,1317559
C5,2000,C5-resources-2000,4,39,1278329
C5,2000,C5-resources-2000,4,40,1231484
C5,2000,C5-resources-2000,4,41,1234758
C5,2000,C5-resources-2000,4,42,1261638
C5,2000,C5-resources-2000,4,43,1226224
C5,2000,C5-resources-2000,4,44,1235220
C5,2000,C5-resources-2000,4,45,1229019
C5,2000,C5-resources-2000,4,46,1217103
C5,2000,C5-resources-2000,4,47,1255459
C5,2000,C5-resources-2000,4,48,1268918
C5,2000,C5-resources-2000,4,49,1251077
C5,2000,C5-resources-2000,4,50,1234693
C5,2000,C5-resources-2000,4,51,1266368
C5,2000,C5-resources-2000,4,52,1212960
C5,2000,C5-resources-2000,4,53,1213310
C5,2000,C5-resources-2000,4,54,1285371
C5,2000,C5-resources-2000,4,55,1245635
C5,2000,C5-resources-2000,4,56,1251818
C5,2000,C5-resources-2000,4,57,1209522
C5,2000,C5-resources-2000,4,58,1271450
C5,2000,C5-resources-2000,4,59,1209541
C5,2000,C5-resources-2000,4,60,1275595
C5,2000,C5-resources-2000,4,61,1253654
C5,2000,C5-resources-2000,4,62,1232759
C5,2000,C5-resources-2000,4,63,1232630
C5,2000,C5-resources-2000,4,64,1241573
C5,2000,C5-resources-2000,4,65,1218878
C5,2000,C5-resources-2000,4,66,1227026
C5,2000,C5-resources-2000,4,67,1246779
C5,2000,C5-resources-2000,4,68,1202336
C5,2000,C5-resources-2000,4,69,1231549
C5,2000,C5-resources-2000,4,70,1259251
C5,2000,C5-resources-2000,4,71,1227891
C5,2000,C5-resources-2000,4,72,1241367
C5,2000,C5-resources-2000,4,73,1226876
C5,2000,C5-resources-2000,4,74,1220831
C5,2000,C5-resources-2000,4,75,1207237
C5,2000,C5-resources-2000,4,76,1230505
C5,2000,C5-resources-2000,4,77,1259117
C5,2000,C5-resources-2000,4,78,1219272
C5,2000,C5-resources-2000,4,79,1213994
C5,2000,C5-resources-2000,4,80,1298354
C5,2000,C5-resources-2000,4,81,1242694
C5,2000,C5-resources-2000,4,82,1230403
C5,2000,C5-resources-2000,4,83,3999526
C5,2000,C5-resources-2000,4,84,1412714
C5,2000,C5-resources-2000,4,85,1249032
C5,2000,C5-resources-2000,4,86,1223740
C5,2000,C5-resources-2000,4,87,1219605
C5,2000,C5-resources-2000,4,88,1225552
C5,2000,C5-resources-2000,4,89,1256440
C5,2000,C5-resources-2000,4,90,1361015
C5,2000,C5-resources-2000,4,91,1256686
C5,2000,C5-resources-2000,4,92,1233262
C5,2000,C5-resources-2000,4,93,1247620
C5,2000,C5-resources-2000,4,94,1264891
C5,2000,C5-resources-2000,4,95,1206884
C5,2000,C5-resources-2000,4,96,1227211
C5,2000,C5-resources-2000,4,97,1280340
C5,2000,C5-resources-2000,4,98,1260583
C5,2000,C5-resources-2000,4,99,1218804
C5,2000,C5-resources-2000,4,100,1238927
C5,2000,C5-resources-2000,5,1,1218770
C5,2000,C5-resources-2000,5,2,1211861
C5,2000,C5-resources-2000,5,3,1224663
C5,2000,C5-resources-2000,5,4,1220993
C5,2000,C5-resources-2000,5,5,1303762
C5,2000,C5-resources-2000,5,6,1269958
C5,2000,C5-resources-2000,5,7,1257851
C5,2000,C5-resources-2000,5,8,1222664
C5,2000,C5-resources-2000,5,9,1212338
C5,2000,C5-resources-2000,5,10,1236352
C5,2000,C5-resources-2000,5,11,1234467
C5,2000,C5-resources-2000,5,12,1253129
C5,2000,C5-resources-2000,5,13,1376715
C5,2000,C5-resources-2000,5,14,1292711
C5,2000,C5-resources-2000,5,15,1281232
C5,2000,C5-resources-2000,5,16,1322042
C5,2000,C5-resources-2000,5,17,1280202
C5,2000,C5-resources-2000,5,18,1234282
C5,2000,C5-resources-2000,5,19,1303679
C5,2000,C5-resources-2000,5,20,1432327
C5,2000,C5-resources-2000,5,21,1271583
C5,2000,C5-resources-2000,5,22,1273791
C5,2000,C5-resources-2000,5,23,1248761
C5,2000,C5-resources-2000,5,24,1308755
C5,2000,C5-resources-2000,5,25,1378429
C5,2000,C5-resources-2000,5,26,1255464
C5,2000,C5-resources-2000,5,27,1351950
C5,2000,C5-resources-2000,5,28,1265684
C5,2000,C5-resources-2000,5,29,1230822
C5,2000,C5-resources-2000,5,30,1247963
C5,2000,C5-resources-2000,5,31,1238774
C5,2000,C5-resources-2000,5,32,1259172
C5,2000,C5-resources-2000,5,33,1236906
C5,2000,C5-resources-2000,5,34,1262607
C5,2000,C5-resources-2000,5,35,1337447
C5,2000,C5-resources-2000,5,36,1251586
C5,2000,C5-resources-2000,5,37,1221357
C5,2000,C5-resources-2000,5,38,1223741
C5,2000,C5-resources-2000,5,39,1197670
C5,2000,C5-resources-2000,5,40,1225156
C5,2000,C5-resources-2000,5,41,1265759
C5,2000,C5-resources-2000,5,42,1243560
C5,2000,C5-resources-2000,5,43,1229037
C5,2000,C5-resources-2000,5,44,1227749
C5,2000,C5-resources-2000,5,45,1225935
C5,2000,C5-resources-2000,5,46,1223135
C5,2000,C5-resources-2000,5,47,1204049
C5,2000,C5-resources-2000,5,48,1301646
C5,2000,C5-resources-2000,5,49,1218480
C5,2000,C5-resources-2000,5,50,1298872
C5,2000,C5-resources-2000,5,51,1264180
C5,2000,C5-resources-2000,5,52,1267645
C5,2000,C5-resources-2000,5,53,1210738
C5,2000,C5-resources-2000,5,54,1245665
C5,2000,C5-resources-2000,5,55,1197195
C5,2000,C5-resources-2000,5,56,1197756
C5,2000,C5-resources-2000,5,57,1283953
C5,2000,C5-resources-2000,5,58,1263820
C5,2000,C5-resources-2000,5,59,1246864
C5,2000,C5-resources-2000,5,60,1267505
C5,2000,C5-resources-2000,5,61,1242320
C5,2000,C5-resources-2000,5,62,1240424
C5,2000,C5-resources-2000,5,63,1238780
C5,2000,C5-resources-2000,5,64,1261691
C5,2000,C5-resources-2000,5,65,1281393
C5,2000,C5-resources-2000,5,66,1236115
C5,2000,C5-resources-2000,5,67,1235822
C5,2000,C5-resources-2000,5,68,1210714
C5,2000,C5-resources-2000,5,69,1250216
C5,2000,C5-resources-2000,5,70,1293438
C5,2000,C5-resources-2000,5,71,1233208
C5,2000,C5-resources-2000,5,72,1242062
C5,2000,C5-resources-2000,5,73,1281793
C5,2000,C5-resources-2000,5,74,1280758
C5,2000,C5-resources-2000,5,75,1249808
C5,2000,C5-resources-2000,5,76,1223500
C5,2000,C5-resources-2000,5,77,1250889
C5,2000,C5-resources-2000,5,78,1202187
C5,2000,C5-resources-2000,5,79,1216237
C5,2000,C5-resources-2000,5,80,1266784
C5,2000,C5-resources-2000,5,81,1267938
C5,2000,C5-resources-2000,5,82,1250820
C5,2000,C5-resources-2000,5,83,1240328
C5,2000,C5-resources-2000,5,84,1278587
C5,2000,C5-resources-2000,5,85,1244954
C5,2000,C5-resources-2000,5,86,1310076
C5,2000,C5-resources-2000,5,87,1299314
C5,2000,C5-resources-2000,5,88,1275995
C5,2000,C5-resources-2000,5,89,1383776
C5,2000,C5-resources-2000,5,90,1273984
C5,2000,C5-resources-2000,5,91,1247079
C5,2000,C5-resources-2000,5,92,1367039
C5,2000,C5-resources-2000,5,93,1236683
C5,2000,C5-resources-2000,5,94,1304519
C5,2000,C5-resources-2000,5,95,1287682
C5,2000,C5-resources-2000,5,96,1262518
C5,2000,C5-resources-2000,5,97,1229325
C5,2000,C5-resources-2000,5,98,1227561
C5,2000,C5-resources-2000,5,99,1219873
C5,2000,C5-resources-2000,5,100,1258986
C5,2000,C5-resources-2000,6,1,1397020
C5,2000,C5-resources-2000,6,2,1310201
C5,2000,C5-resources-2000,6,3,1293828
C5,2000,C5-resources-2000,6,4,1255013
C5,2000,C5-resources-2000,6,5,1246175
C5,2000,C5-resources-2000,6,6,1263640
C5,2000,C5-resources-2000,6,7,1251039
C5,2000,C5-resources-2000,6,8,1213887
C5,2000,C5-resources-2000,6,9,1262318
C5,2000,C5-resources-2000,6,10,1212080
C5,2000,C5-resources-2000,6,11,1237476
C5,2000,C5-resources-2000,6,12,1251298
C5,2000,C5-resources-2000,6,13,1225325
C5,2000,C5-resources-2000,6,14,1260600
C5,2000,C5-resources-2000,6,15,1244237
C5,2000,C5-resources-2000,6,16,1231993
C5,2000,C5-resources-2000,6,17,1253648
C5,2000,C5-resources-2000,6,18,1235795
C5,2000,C5-resources-2000,6,19,1239371
C5,2000,C5-resources-2000,6,20,1250720
C5,2000,C5-resources-2000,6,21,1231834
C5,2000,C5-resources-2000,6,22,1254204
C5,2000,C5-resources-2000,6,23,1242094
C5,2000,C5-resources-2000,6,24,1309212
C5,2000,C5-resources-2000,6,25,1230940
C5,2000,C5-resources-2000,6,26,1260229
C5,2000,C5-resources-2000,6,27,1256620
C5,2000,C5-resources-2000,6,28,1258841
C5,2000,C5-resources-2000,6,29,1213190
C5,2000,C5-resources-2000,6,30,1230376
C5,2000,C5-resources-2000,6,31,3539978
C5,2000,C5-resources-2000,6,32,1367968
C5,2000,C5-resources-2000,6,33,1252448
C5,2000,C5-resources-2000,6,34,1208116
C5,2000,C5-resources-2000,6,35,1206780
C5,2000,C5-resources-2000,6,36,1211545
C5,2000,C5-resources-2000,6,37,1259330
C5,2000,C5-resources-2000,6,38,1231943
C5,2000,C5-resources-2000,6,39,1223006
C5,2000,C5-resources-2000,6,40,1229894
C5,2000,C5-resources-2000,6,41,1233954
C5,2000,C5-resources-2000,6,42,1263215
C5,2000,C5-resources-2000,6,43,1204774
C5,2000,C5-resources-2000,6,44,1274049
C5,2000,C5-resources-2000,6,45,1255720
C5,2000,C5-resources-2000,6,46,1236253
C5,2000,C5-resources-2000,6,47,1246367
C5,2000,C5-resources-2000,6,48,1239835
C5,2000,C5-resources-2000,6,49,1237161
C5,2000,C5-resources-2000,6,50,1271380
C5,2000,C5-resources-2000,6,51,1259445
C5,2000,C5-resources-2000,6,52,1266717
C5,2000,C5-resources-2000,6,53,1309670
C5,2000,C5-resources-2000,6,54,1288908
C5,2000,C5-resources-2000,6,55,1242371
C5,2000,C5-resources-2000,6,56,1214819
C5,2000,C5-resources-2000,6,57,1251269
C5,2000,C5-resources-2000,6,58,1211466
C5,2000,C5-resources-2000,6,59,1223611
C5,2000,C5-resources-2000,6,60,1293072
C5,2000,C5-resources-2000,6,61,1247606
C5,2000,C5-resources-2000,6,62,1280256
C5,2000,C5-resources-2000,6,63,1298978
C5,2000,C5-resources-2000,6,64,1342294
C5,2000,C5-resources-2000,6,65,1296940
C5,2000,C5-resources-2000,6,66,1288217
C5,2000,C5-resources-2000,6,67,1367700
C5,2000,C5-resources-2000,6,68,1268871
C5,2000,C5-resources-2000,6,69,1242373
C5,2000,C5-resources-2000,6,70,1273136
C5,2000,C5-resources-2000,6,71,1220886
C5,2000,C5-resources-2000,6,72,1222749
C5,2000,C5-resources-2000,6,73,1255598
C5,2000,C5-resources-2000,6,74,1319428
C5,2000,C5-resources-2000,6,75,1333285
C5,2000,C5-resources-2000,6,76,1292080
C5,2000,C5-resources-2000,6,77,1270587
C5,2000,C5-resources-2000,6,78,1273840
C5,2000,C5-resources-2000,6,79,1324200
C5,2000,C5-resources-2000,6,80,1243212
C5,2000,C5-resources-2000,6,81,1258036
C5,2000,C5-resources-2000,6,82,1386456
C5,2000,C5-resources-2000,6,83,1261555
C5,2000,C5-resources-2000,6,84,1269227
C5,2000,C5-resources-2000,6,85,1274758
C5,2000,C5-resources-2000,6,86,1217567
C5,2000,C5-resources-2000,6,87,1222142
C5,2000,C5-resources-2000,6,88,1257816
C5,2000,C5-resources-2000,6,89,1252422
C5,2000,C5-resources-2000,6,90,1230588
C5,2000,C5-resources-2000,6,91,1302965
C5,2000,C5-resources-2000,6,92,1251714
C5,2000,C5-resources-2000,6,93,1238804
C5,2000,C5-resources-2000,6,94,1233118
C5,2000,C5-resources-2000,6,95,1221511
C5,2000,C5-resources-2000,6,96,1249202
C5,2000,C5-resources-2000,6,97,1253436
C5,2000,C5-resources-2000,6,98,1264976
C5,2000,C5-resources-2000,6,99,1245104
C5,2000,C5-resources-2000,6,100,1228083
C5,2000,C5-resources-2000,7,1,1294877
C5,2000,C5-resources-2000,7,2,1227001
C5,2000,C5-resources-2000,7,3,1225261
C5,2000,C5-resources-2000,7,4,1292738
C5,2000,C5-resources-2000,7,5,1264041
C5,2000,C5-resources-2000,7,6,1220561
C5,2000,C5-resources-2000,7,7,1246096
C5,2000,C5-resources-2000,7,8,1248357
C5,2000,C5-resources-2000,7,9,1244743
C5,2000,C5-resources-2000,7,10,1227385
C5,2000,C5-resources-2000,7,11,1261791
C5,2000,C5-resources-2000,7,12,1244689
C5,2000,C5-resources-2000,7,13,1225340
C5,2000,C5-resources-2000,7,14,1282133
C5,2000,C5-resources-2000,7,15,1211218
C5,2000,C5-resources-2000,7,16,1203486
C5,2000,C5-resources-2000,7,17,1242264
C5,2000,C5-resources-2000,7,18,1198650
C5,2000,C5-resources-2000,7,19,1231899
C5,2000,C5-resources-2000,7,20,1262773
C5,2000,C5-resources-2000,7,21,1231587
C5,2000,C5-resources-2000,7,22,1217880
C5,2000,C5-resources-2000,7,23,1244199
C5,2000,C5-resources-2000,7,24,1225921
C5,2000,C5-resources-2000,7,25,1199534
C5,2000,C5-resources-2000,7,26,1243846
C5,2000,C5-resources-2000,7,27,1273734
C5,2000,C5-resources-2000,7,28,1248618
C5,2000,C5-resources-2000,7,29,1236155
C5,2000,C5-resources-2000,7,30,1200756
C5,2000,C5-resources-2000,7,31,1217931
C5,2000,C5-resources-2000,7,32,1206264
C5,2000,C5-resources-2000,7,33,1215237
C5,2000,C5-resources-2000,7,34,1259660
C5,2000,C5-resources-2000,7,35,1262596
C5,2000,C5-resources-2000,7,36,1300238
C5,2000,C5-resources-2000,7,37,1250763
C5,2000,C5-resources-2000,7,38,1249196
C5,2000,C5-resources-2000,7,39,1223052
C5,2000,C5-resources-2000,7,40,1229986
C5,2000,C5-resources-2000,7,41,1239521
C5,2000,C5-resources-2000,7,42,1319073
C5,2000,C5-resources-2000,7,43,1408884
C5,2000,C5-resources-2000,7,44,1241737
C5,2000,C5-resources-2000,7,45,1234805
C5,2000,C5-resources-2000,7,46,1269311
C5,2000,C5-resources-2000,7,47,1237996
C5,2000,C5-resources-2000,7,48,1225632
C5,2000,C5-resources-2000,7,49,1310035
C5,2000,C5-resources-2000,7,50,1315100
C5,2000,C5-resources-2000,7,51,1285429
C5,2000,C5-resources-2000,7,52,1285385
C5,2000,C5-resources-2000,7,53,1238274
C5,2000,C5-resources-2000,7,54,1295710
C5,2000,C5-resources-2000,7,55,1313713
C5,2000,C5-resources-2000,7,56,1290459
C5,2000,C5-resources-2000,7,57,1237523
C5,2000,C5-resources-2000,7,58,1272495
C5,2000,C5-resources-2000,7,59,1240009
C5,2000,C5-resources-2000,7,60,1340051
C5,2000,C5-resources-2000,7,61,1329588
C5,2000,C5-resources-2000,7,62,1294436
C5,2000,C5-resources-2000,7,63,1264275
C5,2000,C5-resources-2000,7,64,1308832
C5,2000,C5-resources-2000,7,65,1270265
C5,2000,C5-resources-2000,7,66,1228364
C5,2000,C5-resources-2000,7,67,1252649
C5,2000,C5-resources-2000,7,68,1231467
C5,2000,C5-resources-2000,7,69,1199119
C5,2000,C5-resources-2000,7,70,1259697
C5,2000,C5-resources-2000,7,71,1290090
C5,2000,C5-resources-2000,7,72,1277333
C5,2000,C5-resources-2000,7,73,1214645
C5,2000,C5-resources-2000,7,74,1240585
C5,2000,C5-resources-2000,7,75,1256513
C5,2000,C5-resources-2000,7,76,1234040
C5,2000,C5-resources-2000,7,77,1280114
C5,2000,C5-resources-2000,7,78,3318200
C5,2000,C5-resources-2000,7,79,1420192
C5,2000,C5-resources-2000,7,80,1266076
C5,2000,C5-resources-2000,7,81,1208878
C5,2000,C5-resources-2000,7,82,1264711
C5,2000,C5-resources-2000,7,83,1269292
C5,2000,C5-resources-2000,7,84,1202658
C5,2000,C5-resources-2000,7,85,1217638
C5,2000,C5-resources-2000,7,86,1189896
C5,2000,C5-resources-2000,7,87,1217033
C5,2000,C5-resources-2000,7,88,1229648
C5,2000,C5-resources-2000,7,89,1230703
C5,2000,C5-resources-2000,7,90,1233507
C5,2000,C5-resources-2000,7,91,1283981
C5,2000,C5-resources-2000,7,92,1267350
C5,2000,C5-resources-2000,7,93,1239384
C5,2000,C5-resources-2000,7,94,1234781
C5,2000,C5-resources-2000,7,95,1261291
C5,2000,C5-resources-2000,7,96,1213741
C5,2000,C5-resources-2000,7,97,1219838
C5,2000,C5-resources-2000,7,98,1268111
C5,2000,C5-resources-2000,7,99,1243907
C5,2000,C5-resources-2000,7,100,1237720
C5,2000,C5-resources-2000,8,1,1296190
C5,2000,C5-resources-2000,8,2,1246513
C5,2000,C5-resources-2000,8,3,1256174
C5,2000,C5-resources-2000,8,4,1275228
C5,2000,C5-resources-2000,8,5,1209159
C5,2000,C5-resources-2000,8,6,1285785
C5,2000,C5-resources-2000,8,7,1256113
C5,2000,C5-resources-2000,8,8,1302716
C5,2000,C5-resources-2000,8,9,1244169
C5,2000,C5-resources-2000,8,10,1252040
C5,2000,C5-resources-2000,8,11,1278120
C5,2000,C5-resources-2000,8,12,1286280
C5,2000,C5-resources-2000,8,13,1434047
C5,2000,C5-resources-2000,8,14,1331341
C5,2000,C5-resources-2000,8,15,1271519
C5,2000,C5-resources-2000,8,16,1214903
C5,2000,C5-resources-2000,8,17,1281927
C5,2000,C5-resources-2000,8,18,1239143
C5,2000,C5-resources-2000,8,19,1263798
C5,2000,C5-resources-2000,8,20,1304713
C5,2000,C5-resources-2000,8,21,1243042
C5,2000,C5-resources-2000,8,22,1204379
C5,2000,C5-resources-2000,8,23,1226660
C5,2000,C5-resources-2000,8,24,1254381
C5,2000,C5-resources-2000,8,25,1205671
C5,2000,C5-resources-2000,8,26,1203426
C5,2000,C5-resources-2000,8,27,1242965
C5,2000,C5-resources-2000,8,28,1237174
C5,2000,C5-resources-2000,8,29,1218356
C5,2000,C5-resources-2000,8,30,1290454
C5,2000,C5-resources-2000,8,31,1291529
C5,2000,C5-resources-2000,8,32,1300607
C5,2000,C5-resources-2000,8,33,1367111
C5,2000,C5-resources-2000,8,34,1274742
C5,2000,C5-resources-2000,8,35,1336037
C5,2000,C5-resources-2000,8,36,1302602
C5,2000,C5-resources-2000,8,37,1244667
C5,2000,C5-resources-2000,8,38,1249754
C5,2000,C5-resources-2000,8,39,1266150
C5,2000,C5-resources-2000,8,40,1288931
C5,2000,C5-resources-2000,8,41,1311536
C5,2000,C5-resources-2000,8,42,1273116
C5,2000,C5-resources-2000,8,43,1238468
C5,2000,C5-resources-2000,8,44,1265159
C5,2000,C5-resources-2000,8,45,1251832
C5,2000,C5-resources-2000,8,46,1263214
C5,2000,C5-resources-2000,8,47,1219172
C5,2000,C5-resources-2000,8,48,1250368
C5,2000,C5-resources-2000,8,49,1278153
C5,2000,C5-resources-2000,8,50,1290667
C5,2000,C5-resources-2000,8,51,1262766
C5,2000,C5-resources-2000,8,52,1248478
C5,2000,C5-resources-2000,8,53,1209752
C5,2000,C5-resources-2000,8,54,1246513
C5,2000,C5-resources-2000,8,55,1235754
C5,2000,C5-resources-2000,8,56,1227496
C5,2000,C5-resources-2000,8,57,1321633
C5,2000,C5-resources-2000,8,58,1268223
C5,2000,C5-resources-2000,8,59,1241204
C5,2000,C5-resources-2000,8,60,1269964
C5,2000,C5-resources-2000,8,61,1256645
C5,2000,C5-resources-2000,8,62,1260068
C5,2000,C5-resources-2000,8,63,1223250
C5,2000,C5-resources-2000,8,64,1258189
C5,2000,C5-resources-2000,8,65,1241551
C5,2000,C5-resources-2000,8,66,1229061
C5,2000,C5-resources-2000,8,67,1280728
C5,2000,C5-resources-2000,8,68,1225816
C5,2000,C5-resources-2000,8,69,1258533
C5,2000,C5-resources-2000,8,70,1245323
C5,2000,C5-resources-2000,8,71,1270987
C5,2000,C5-resources-2000,8,72,1219804
C5,2000,C5-resources-2000,8,73,1333871
C5,2000,C5-resources-2000,8,74,1229079
C5,2000,C5-resources-2000,8,75,1232873
C5,2000,C5-resources-2000,8,76,1218500
C5,2000,C5-resources-2000,8,77,1225960
C5,2000,C5-resources-2000,8,78,1228815
C5,2000,C5-resources-2000,8,79,1229693
C5,2000,C5-resources-2000,8,80,1264133
C5,2000,C5-resources-2000,8,81,1249720
C5,2000,C5-resources-2000,8,82,1219773
C5,2000,C5-resources-2000,8,83,1216913
C5,2000,C5-resources-2000,8,84,1241560
C5,2000,C5-resources-2000,8,85,1254423
C5,2000,C5-resources-2000,8,86,1278646
C5,2000,C5-resources-2000,8,87,1275498
C5,2000,C5-resources-2000,8,88,1316874
C5,2000,C5-resources-2000,8,89,1275460
C5,2000,C5-resources-2000,8,90,1356977
C5,2000,C5-resources-2000,8,91,1282283
C5,2000,C5-resources-2000,8,92,1271204
C5,2000,C5-resources-2000,8,93,1317910
C5,2000,C5-resources-2000,8,94,1230542
C5,2000,C5-resources-2000,8,95,1285046
C5,2000,C5-resources-2000,8,96,1276843
C5,2000,C5-resources-2000,8,97,1241393
C5,2000,C5-resources-2000,8,98,1246575
C5,2000,C5-resources-2000,8,99,1252418
C5,2000,C5-resources-2000,8,100,1221542
C2,50,C2-resources-0050,1,1,39931
C2,50,C2-resources-0050,1,2,42082
C2,50,C2-resources-0050,1,3,41229
C2,50,C2-resources-0050,1,4,40406
C2,50,C2-resources-0050,1,5,40157
C2,50,C2-resources-0050,1,6,39733
C2,50,C2-resources-0050,1,7,39829
C2,50,C2-resources-0050,1,8,43020
C2,50,C2-resources-0050,1,9,40052
C2,50,C2-resources-0050,1,10,40112
C2,50,C2-resources-0050,1,11,39883
C2,50,C2-resources-0050,1,12,39570
C2,50,C2-resources-0050,1,13,40157
C2,50,C2-resources-0050,1,14,39962
C2,50,C2-resources-0050,1,15,39771
C2,50,C2-resources-0050,1,16,42419
C2,50,C2-resources-0050,1,17,42596
C2,50,C2-resources-0050,1,18,44423
C2,50,C2-resources-0050,1,19,40020
C2,50,C2-resources-0050,1,20,39862
C2,50,C2-resources-0050,1,21,40863
C2,50,C2-resources-0050,1,22,40370
C2,50,C2-resources-0050,1,23,40128
C2,50,C2-resources-0050,1,24,40916
C2,50,C2-resources-0050,1,25,40175
C2,50,C2-resources-0050,1,26,40530
C2,50,C2-resources-0050,1,27,40672
C2,50,C2-resources-0050,1,28,40707
C2,50,C2-resources-0050,1,29,43590
C2,50,C2-resources-0050,1,30,40374
C2,50,C2-resources-0050,1,31,40826
C2,50,C2-resources-0050,1,32,40867
C2,50,C2-resources-0050,1,33,39852
C2,50,C2-resources-0050,1,34,39907
C2,50,C2-resources-0050,1,35,41317
C2,50,C2-resources-0050,1,36,40151
C2,50,C2-resources-0050,1,37,40095
C2,50,C2-resources-0050,1,38,39959
C2,50,C2-resources-0050,1,39,41100
C2,50,C2-resources-0050,1,40,39920
C2,50,C2-resources-0050,1,41,40048
C2,50,C2-resources-0050,1,42,40397
C2,50,C2-resources-0050,1,43,40228
C2,50,C2-resources-0050,1,44,39942
C2,50,C2-resources-0050,1,45,40018
C2,50,C2-resources-0050,1,46,42015
C2,50,C2-resources-0050,1,47,40164
C2,50,C2-resources-0050,1,48,40017
C2,50,C2-resources-0050,1,49,42445
C2,50,C2-resources-0050,1,50,42531
C2,50,C2-resources-0050,1,51,43203
C2,50,C2-resources-0050,1,52,43802
C2,50,C2-resources-0050,1,53,42287
C2,50,C2-resources-0050,1,54,42967
C2,50,C2-resources-0050,1,55,42586
C2,50,C2-resources-0050,1,56,45225
C2,50,C2-resources-0050,1,57,43757
C2,50,C2-resources-0050,1,58,43553
C2,50,C2-resources-0050,1,59,42571
C2,50,C2-resources-0050,1,60,42853
C2,50,C2-resources-0050,1,61,44425
C2,50,C2-resources-0050,1,62,43779
C2,50,C2-resources-0050,1,63,44020
C2,50,C2-resources-0050,1,64,42395
C2,50,C2-resources-0050,1,65,43611
C2,50,C2-resources-0050,1,66,44110
C2,50,C2-resources-0050,1,67,44805
C2,50,C2-resources-0050,1,68,43850
C2,50,C2-resources-0050,1,69,43341
C2,50,C2-resources-0050,1,70,43113
C2,50,C2-resources-0050,1,71,42806
C2,50,C2-resources-0050,1,72,44038
C2,50,C2-resources-0050,1,73,43039
C2,50,C2-resources-0050,1,74,42454
C2,50,C2-resources-0050,1,75,42752
C2,50,C2-resources-0050,1,76,43038
C2,50,C2-resources-0050,1,77,46476
C2,50,C2-resources-0050,1,78,58121
C2,50,C2-resources-0050,1,79,45958
C2,50,C2-resources-0050,1,80,44892
C2,50,C2-resources-0050,1,81,48781
C2,50,C2-resources-0050,1,82,49897
C2,50,C2-resources-0050,1,83,43608
C2,50,C2-resources-0050,1,84,43384
C2,50,C2-resources-0050,1,85,42602
C2,50,C2-resources-0050,1,86,43361
C2,50,C2-resources-0050,1,87,47083
C2,50,C2-resources-0050,1,88,43245
C2,50,C2-resources-0050,1,89,44046
C2,50,C2-resources-0050,1,90,43378
C2,50,C2-resources-0050,1,91,43313
C2,50,C2-resources-0050,1,92,43225
C2,50,C2-resources-0050,1,93,52087
C2,50,C2-resources-0050,1,94,44059
C2,50,C2-resources-0050,1,95,47407
C2,50,C2-resources-0050,1,96,48767
C2,50,C2-resources-0050,1,97,48437
C2,50,C2-resources-0050,1,98,47179
C2,50,C2-resources-0050,1,99,49804
C2,50,C2-resources-0050,1,100,44657
C2,50,C2-resources-0050,2,1,54050
C2,50,C2-resources-0050,2,2,44505
C2,50,C2-resources-0050,2,3,71677
C2,50,C2-resources-0050,2,4,44269
C2,50,C2-resources-0050,2,5,43310
C2,50,C2-resources-0050,2,6,43135
C2,50,C2-resources-0050,2,7,42737
C2,50,C2-resources-0050,2,8,43964
C2,50,C2-resources-0050,2,9,43566
C2,50,C2-resources-0050,2,10,42718
C2,50,C2-resources-0050,2,11,42488
C2,50,C2-resources-0050,2,12,43240
C2,50,C2-resources-0050,2,13,44699
C2,50,C2-resources-0050,2,14,44746
C2,50,C2-resources-0050,2,15,42385
C2,50,C2-resources-0050,2,16,42281
C2,50,C2-resources-0050,2,17,42215
C2,50,C2-resources-0050,2,18,46848
C2,50,C2-resources-0050,2,19,43175
C2,50,C2-resources-0050,2,20,42585
C2,50,C2-resources-0050,2,21,43103
C2,50,C2-resources-0050,2,22,43710
C2,50,C2-resources-0050,2,23,43128
C2,50,C2-resources-0050,2,24,46387
C2,50,C2-resources-0050,2,25,396462
C2,50,C2-resources-0050,2,26,156325
C2,50,C2-resources-0050,2,27,124091
C2,50,C2-resources-0050,2,28,99965
C2,50,C2-resources-0050,2,29,107554
C2,50,C2-resources-0050,2,30,106707
C2,50,C2-resources-0050,2,31,106103
C2,50,C2-resources-0050,2,32,128449
C2,50,C2-resources-0050,2,33,142681
C2,50,C2-resources-0050,2,34,126365
C2,50,C2-resources-0050,2,35,119716
C2,50,C2-resources-0050,2,36,131176
C2,50,C2-resources-0050,2,37,130638
C2,50,C2-resources-0050,2,38,118665
C2,50,C2-resources-0050,2,39,98158
C2,50,C2-resources-0050,2,40,101014
C2,50,C2-resources-0050,2,41,94234
C2,50,C2-resources-0050,2,42,93870
C2,50,C2-resources-0050,2,43,94026
C2,50,C2-resources-0050,2,44,95661
C2,50,C2-resources-0050,2,45,102277
C2,50,C2-resources-0050,2,46,95528
C2,50,C2-resources-0050,2,47,93803
C2,50,C2-resources-0050,2,48,104598
C2,50,C2-resources-0050,2,49,43295
C2,50,C2-resources-0050,2,50,40991
C2,50,C2-resources-0050,2,51,41394
C2,50,C2-resources-0050,2,52,40210
C2,50,C2-resources-0050,2,53,40097
C2,50,C2-resources-0050,2,54,40727
C2,50,C2-resources-0050,2,55,40467
C2,50,C2-resources-0050,2,56,50517
C2,50,C2-resources-0050,2,57,43141
C2,50,C2-resources-0050,2,58,42789
C2,50,C2-resources-0050,2,59,39534
C2,50,C2-resources-0050,2,60,39703
C2,50,C2-resources-0050,2,61,40567
C2,50,C2-resources-0050,2,62,40649
C2,50,C2-resources-0050,2,63,40007
C2,50,C2-resources-0050,2,64,40339
C2,50,C2-resources-0050,2,65,40234
C2,50,C2-resources-0050,2,66,40046
C2,50,C2-resources-0050,2,67,41923
C2,50,C2-resources-0050,2,68,40318
C2,50,C2-resources-0050,2,69,39819
C2,50,C2-resources-0050,2,70,39767
C2,50,C2-resources-0050,2,71,40064
C2,50,C2-resources-0050,2,72,40566
C2,50,C2-resources-0050,2,73,40532
C2,50,C2-resources-0050,2,74,40770
C2,50,C2-resources-0050,2,75,39908
C2,50,C2-resources-0050,2,76,39626
C2,50,C2-resources-0050,2,77,42092
C2,50,C2-resources-0050,2,78,39996
C2,50,C2-resources-0050,2,79,40606
C2,50,C2-resources-0050,2,80,39892
C2,50,C2-resources-0050,2,81,40247
C2,50,C2-resources-0050,2,82,40193
C2,50,C2-resources-0050,2,83,40380
C2,50,C2-resources-0050,2,84,40131
C2,50,C2-resources-0050,2,85,40592
C2,50,C2-resources-0050,2,86,39970
C2,50,C2-resources-0050,2,87,40340
C2,50,C2-resources-0050,2,88,44285
C2,50,C2-resources-0050,2,89,45776
C2,50,C2-resources-0050,2,90,43263
C2,50,C2-resources-0050,2,91,42867
C2,50,C2-resources-0050,2,92,42973
C2,50,C2-resources-0050,2,93,43072
C2,50,C2-resources-0050,2,94,43120
C2,50,C2-resources-0050,2,95,43213
C2,50,C2-resources-0050,2,96,42558
C2,50,C2-resources-0050,2,97,43326
C2,50,C2-resources-0050,2,98,48331
C2,50,C2-resources-0050,2,99,46199
C2,50,C2-resources-0050,2,100,42520
C2,50,C2-resources-0050,3,1,46048
C2,50,C2-resources-0050,3,2,43195
C2,50,C2-resources-0050,3,3,42919
C2,50,C2-resources-0050,3,4,42949
C2,50,C2-resources-0050,3,5,42513
C2,50,C2-resources-0050,3,6,42497
C2,50,C2-resources-0050,3,7,42524
C2,50,C2-resources-0050,3,8,42676
C2,50,C2-resources-0050,3,9,53140
C2,50,C2-resources-0050,3,10,52748
C2,50,C2-resources-0050,3,11,48754
C2,50,C2-resources-0050,3,12,41180
C2,50,C2-resources-0050,3,13,39509
C2,50,C2-resources-0050,3,14,40714
C2,50,C2-resources-0050,3,15,42561
C2,50,C2-resources-0050,3,16,43335
C2,50,C2-resources-0050,3,17,46390
C2,50,C2-resources-0050,3,18,41187
C2,50,C2-resources-0050,3,19,41178
C2,50,C2-resources-0050,3,20,43382
C2,50,C2-resources-0050,3,21,42005
C2,50,C2-resources-0050,3,22,40840
C2,50,C2-resources-0050,3,23,40433
C2,50,C2-resources-0050,3,24,40815
C2,50,C2-resources-0050,3,25,40298
C2,50,C2-resources-0050,3,26,40619
C2,50,C2-resources-0050,3,27,39950
C2,50,C2-resources-0050,3,28,39838
C2,50,C2-resources-0050,3,29,40105
C2,50,C2-resources-0050,3,30,40373
C2,50,C2-resources-0050,3,31,42733
C2,50,C2-resources-0050,3,32,40119
C2,50,C2-resources-0050,3,33,39887
C2,50,C2-resources-0050,3,34,40969
C2,50,C2-resources-0050,3,35,40205
C2,50,C2-resources-0050,3,36,40518
C2,50,C2-resources-0050,3,37,42199
C2,50,C2-resources-0050,3,38,43095
C2,50,C2-resources-0050,3,39,43575
C2,50,C2-resources-0050,3,40,43166
C2,50,C2-resources-0050,3,41,45580
C2,50,C2-resources-0050,3,42,46685
C2,50,C2-resources-0050,3,43,43417
C2,50,C2-resources-0050,3,44,45746
C2,50,C2-resources-0050,3,45,45824
C2,50,C2-resources-0050,3,46,42669
C2,50,C2-resources-0050,3,47,42550
C2,50,C2-resources-0050,3,48,42151
C2,50,C2-resources-0050,3,49,41309
C2,50,C2-resources-0050,3,50,42496
C2,50,C2-resources-0050,3,51,42837
C2,50,C2-resources-0050,3,52,46647
C2,50,C2-resources-0050,3,53,46562
C2,50,C2-resources-0050,3,54,47334
C2,50,C2-resources-0050,3,55,60584
C2,50,C2-resources-0050,3,56,48670
C2,50,C2-resources-0050,3,57,43034
C2,50,C2-resources-0050,3,58,41403
C2,50,C2-resources-0050,3,59,40080
C2,50,C2-resources-0050,3,60,40834
C2,50,C2-resources-0050,3,61,41320
C2,50,C2-resources-0050,3,62,39920
C2,50,C2-resources-0050,3,63,43293
C2,50,C2-resources-0050,3,64,41222
C2,50,C2-resources-0050,3,65,40721
C2,50,C2-resources-0050,3,66,40537
C2,50,C2-resources-0050,3,67,40707
C2,50,C2-resources-0050,3,68,40882
C2,50,C2-resources-0050,3,69,39988
C2,50,C2-resources-0050,3,70,40183
C2,50,C2-resources-0050,3,71,40179
C2,50,C2-resources-0050,3,72,40496
C2,50,C2-resources-0050,3,73,40121
C2,50,C2-resources-0050,3,74,43976
C2,50,C2-resources-0050,3,75,40435
C2,50,C2-resources-0050,3,76,40921
C2,50,C2-resources-0050,3,77,39725
C2,50,C2-resources-0050,3,78,40583
C2,50,C2-resources-0050,3,79,41099
C2,50,C2-resources-0050,3,80,40339
C2,50,C2-resources-0050,3,81,40783
C2,50,C2-resources-0050,3,82,42518
C2,50,C2-resources-0050,3,83,40393
C2,50,C2-resources-0050,3,84,42763
C2,50,C2-resources-0050,3,85,41026
C2,50,C2-resources-0050,3,86,41217
C2,50,C2-resources-0050,3,87,40961
C2,50,C2-resources-0050,3,88,39871
C2,50,C2-resources-0050,3,89,51871
C2,50,C2-resources-0050,3,90,53302
C2,50,C2-resources-0050,3,91,40518
C2,50,C2-resources-0050,3,92,40972
C2,50,C2-resources-0050,3,93,40837
C2,50,C2-resources-0050,3,94,41134
C2,50,C2-resources-0050,3,95,46725
C2,50,C2-resources-0050,3,96,45181
C2,50,C2-resources-0050,3,97,48128
C2,50,C2-resources-0050,3,98,60710
C2,50,C2-resources-0050,3,99,57435
C2,50,C2-resources-0050,3,100,49093
C2,50,C2-resources-0050,4,1,43598
C2,50,C2-resources-0050,4,2,40757
C2,50,C2-resources-0050,4,3,39908
C2,50,C2-resources-0050,4,4,40306
C2,50,C2-resources-0050,4,5,40502
C2,50,C2-resources-0050,4,6,43550
C2,50,C2-resources-0050,4,7,41012
C2,50,C2-resources-0050,4,8,39977
C2,50,C2-resources-0050,4,9,41056
C2,50,C2-resources-0050,4,10,41070
C2,50,C2-resources-0050,4,11,41151
C2,50,C2-resources-0050,4,12,40393
C2,50,C2-resources-0050,4,13,40645
C2,50,C2-resources-0050,4,14,40832
C2,50,C2-resources-0050,4,15,40548
C2,50,C2-resources-0050,4,16,41837
C2,50,C2-resources-0050,4,17,40305
C2,50,C2-resources-0050,4,18,41178
C2,50,C2-resources-0050,4,19,40098
C2,50,C2-resources-0050,4,20,40352
C2,50,C2-resources-0050,4,21,39909
C2,50,C2-resources-0050,4,22,40977
C2,50,C2-resources-0050,4,23,40000
C2,50,C2-resources-0050,4,24,40430
C2,50,C2-resources-0050,4,25,40316
C2,50,C2-resources-0050,4,26,40234
C2,50,C2-resources-0050,4,27,42382
C2,50,C2-resources-0050,4,28,40323
C2,50,C2-resources-0050,4,29,39499
C2,50,C2-resources-0050,4,30,40232
C2,50,C2-resources-0050,4,31,40914
C2,50,C2-resources-0050,4,32,39904
C2,50,C2-resources-0050,4,33,40534
C2,50,C2-resources-0050,4,34,39915
C2,50,C2-resources-0050,4,35,40475
C2,50,C2-resources-0050,4,36,40084
C2,50,C2-resources-0050,4,37,39784
C2,50,C2-resources-0050,4,38,41932
C2,50,C2-resources-0050,4,39,40460
C2,50,C2-resources-0050,4,40,40767
C2,50,C2-resources-0050,4,41,40927
C2,50,C2-resources-0050,4,42,40468
C2,50,C2-resources-0050,4,43,40134
C2,50,C2-resources-0050,4,44,40490
C2,50,C2-resources-0050,4,45,40704
C2,50,C2-resources-0050,4,46,40395
C2,50,C2-resources-0050,4,47,40591
C2,50,C2-resources-0050,4,48,40282
C2,50,C2-resources-0050,4,49,43331
C2,50,C2-resources-0050,4,50,40814
C2,50,C2-resources-0050,4,51,39525
C2,50,C2-resources-0050,4,52,39828
C2,50,C2-resources-0050,4,53,39826
C2,50,C2-resources-0050,4,54,41113
C2,50,C2-resources-0050,4,55,40393
C2,50,C2-resources-0050,4,56,40022
C2,50,C2-resources-0050,4,57,39705
C2,50,C2-resources-0050,4,58,40222
C2,50,C2-resources-0050,4,59,42649
C2,50,C2-resources-0050,4,60,40565
C2,50,C2-resources-0050,4,61,40215
C2,50,C2-resources-0050,4,62,39813
C2,50,C2-resources-0050,4,63,41542
C2,50,C2-resources-0050,4,64,39960
C2,50,C2-resources-0050,4,65,40468
C2,50,C2-resources-0050,4,66,40337
C2,50,C2-resources-0050,4,67,40316
C2,50,C2-resources-0050,4,68,40226
C2,50,C2-resources-0050,4,69,39884
C2,50,C2-resources-0050,4,70,43332
C2,50,C2-resources-0050,4,71,41670
C2,50,C2-resources-0050,4,72,40844
C2,50,C2-resources-0050,4,73,40012
C2,50,C2-resources-0050,4,74,39863
C2,50,C2-resources-0050,4,75,40748
C2,50,C2-resources-0050,4,76,40412
C2,50,C2-resources-0050,4,77,40792
C2,50,C2-resources-0050,4,78,43273
C2,50,C2-resources-0050,4,79,43070
C2,50,C2-resources-0050,4,80,44359
C2,50,C2-resources-0050,4,81,44838
C2,50,C2-resources-0050,4,82,41432
C2,50,C2-resources-0050,4,83,40440
C2,50,C2-resources-0050,4,84,40180
C2,50,C2-resources-0050,4,85,39864
C2,50,C2-resources-0050,4,86,40423
C2,50,C2-resources-0050,4,87,39912
C2,50,C2-resources-0050,4,88,39643
C2,50,C2-resources-0050,4,89,40253
C2,50,C2-resources-0050,4,90,39647
C2,50,C2-resources-0050,4,91,47615
C2,50,C2-resources-0050,4,92,44024
C2,50,C2-resources-0050,4,93,43178
C2,50,C2-resources-0050,4,94,43141
C2,50,C2-resources-0050,4,95,40049
C2,50,C2-resources-0050,4,96,40242
C2,50,C2-resources-0050,4,97,40265
C2,50,C2-resources-0050,4,98,39688
C2,50,C2-resources-0050,4,99,45038
C2,50,C2-resources-0050,4,100,41995
C2,50,C2-resources-0050,5,1,43233
C2,50,C2-resources-0050,5,2,42858
C2,50,C2-resources-0050,5,3,40406
C2,50,C2-resources-0050,5,4,40288
C2,50,C2-resources-0050,5,5,40750
C2,50,C2-resources-0050,5,6,40838
C2,50,C2-resources-0050,5,7,40473
C2,50,C2-resources-0050,5,8,40136
C2,50,C2-resources-0050,5,9,40079
C2,50,C2-resources-0050,5,10,40409
C2,50,C2-resources-0050,5,11,39839
C2,50,C2-resources-0050,5,12,39894
C2,50,C2-resources-0050,5,13,42664
C2,50,C2-resources-0050,5,14,40516
C2,50,C2-resources-0050,5,15,40613
C2,50,C2-resources-0050,5,16,40562
C2,50,C2-resources-0050,5,17,40359
C2,50,C2-resources-0050,5,18,40177
C2,50,C2-resources-0050,5,19,40430
C2,50,C2-resources-0050,5,20,39731
C2,50,C2-resources-0050,5,21,41079
C2,50,C2-resources-0050,5,22,40562
C2,50,C2-resources-0050,5,23,40329
C2,50,C2-resources-0050,5,24,40786
C2,50,C2-resources-0050,5,25,40286
C2,50,C2-resources-0050,5,26,39848
C2,50,C2-resources-0050,5,27,40068
C2,50,C2-resources-0050,5,28,40167
C2,50,C2-resources-0050,5,29,40445
C2,50,C2-resources-0050,5,30,40087
C2,50,C2-resources-0050,5,31,40054
C2,50,C2-resources-0050,5,32,40177
C2,50,C2-resources-0050,5,33,42274
C2,50,C2-resources-0050,5,34,50164
C2,50,C2-resources-0050,5,35,47815
C2,50,C2-resources-0050,5,36,47653
C2,50,C2-resources-0050,5,37,48475
C2,50,C2-resources-0050,5,38,48204
C2,50,C2-resources-0050,5,39,44299
C2,50,C2-resources-0050,5,40,41437
C2,50,C2-resources-0050,5,41,39676
C2,50,C2-resources-0050,5,42,39710
C2,50,C2-resources-0050,5,43,39877
C2,50,C2-resources-0050,5,44,39720
C2,50,C2-resources-0050,5,45,43853
C2,50,C2-resources-0050,5,46,42562
C2,50,C2-resources-0050,5,47,42579
C2,50,C2-resources-0050,5,48,40170
C2,50,C2-resources-0050,5,49,40204
C2,50,C2-resources-0050,5,50,40277
C2,50,C2-resources-0050,5,51,40306
C2,50,C2-resources-0050,5,52,40413
C2,50,C2-resources-0050,5,53,39779
C2,50,C2-resources-0050,5,54,39915
C2,50,C2-resources-0050,5,55,39587
C2,50,C2-resources-0050,5,56,42335
C2,50,C2-resources-0050,5,57,40091
C2,50,C2-resources-0050,5,58,39729
C2,50,C2-resources-0050,5,59,39696
C2,50,C2-resources-0050,5,60,39644
C2,50,C2-resources-0050,5,61,40391
C2,50,C2-resources-0050,5,62,39994
C2,50,C2-resources-0050,5,63,40146
C2,50,C2-resources-0050,5,64,39464
C2,50,C2-resources-0050,5,65,39874
C2,50,C2-resources-0050,5,66,41600
C2,50,C2-resources-0050,5,67,40588
C2,50,C2-resources-0050,5,68,39935
C2,50,C2-resources-0050,5,69,43639
C2,50,C2-resources-0050,5,70,47999
C2,50,C2-resources-0050,5,71,40280
C2,50,C2-resources-0050,5,72,40948
C2,50,C2-resources-0050,5,73,39729
C2,50,C2-resources-0050,5,74,39660
C2,50,C2-resources-0050,5,75,39935
C2,50,C2-resources-0050,5,76,39700
C2,50,C2-resources-0050,5,77,42592
C2,50,C2-resources-0050,5,78,40429
C2,50,C2-resources-0050,5,79,40031
C2,50,C2-resources-0050,5,80,39559
C2,50,C2-resources-0050,5,81,39434
C2,50,C2-resources-0050,5,82,40891
C2,50,C2-resources-0050,5,83,45762
C2,50,C2-resources-0050,5,84,43084
C2,50,C2-resources-0050,5,85,43172
C2,50,C2-resources-0050,5,86,43482
C2,50,C2-resources-0050,5,87,44115
C2,50,C2-resources-0050,5,88,42550
C2,50,C2-resources-0050,5,89,39781
C2,50,C2-resources-0050,5,90,40194
C2,50,C2-resources-0050,5,91,40145
C2,50,C2-resources-0050,5,92,40415
C2,50,C2-resources-0050,5,93,48845
C2,50,C2-resources-0050,5,94,54537
C2,50,C2-resources-0050,5,95,41251
C2,50,C2-resources-0050,5,96,40155
C2,50,C2-resources-0050,5,97,40723
C2,50,C2-resources-0050,5,98,40015
C2,50,C2-resources-0050,5,99,40684
C2,50,C2-resources-0050,5,100,40576
C2,50,C2-resources-0050,6,1,45053
C2,50,C2-resources-0050,6,2,43152
C2,50,C2-resources-0050,6,3,41159
C2,50,C2-resources-0050,6,4,40907
C2,50,C2-resources-0050,6,5,40659
C2,50,C2-resources-0050,6,6,40236
C2,50,C2-resources-0050,6,7,42736
C2,50,C2-resources-0050,6,8,46959
C2,50,C2-resources-0050,6,9,47617
C2,50,C2-resources-0050,6,10,40029
C2,50,C2-resources-0050,6,11,40173
C2,50,C2-resources-0050,6,12,40535
C2,50,C2-resources-0050,6,13,39856
C2,50,C2-resources-0050,6,14,39762
C2,50,C2-resources-0050,6,15,40142
C2,50,C2-resources-0050,6,16,39302
C2,50,C2-resources-0050,6,17,40359
C2,50,C2-resources-0050,6,18,39412
C2,50,C2-resources-0050,6,19,39920
C2,50,C2-resources-0050,6,20,42444
C2,50,C2-resources-0050,6,21,39759
C2,50,C2-resources-0050,6,22,40126
C2,50,C2-resources-0050,6,23,39741
C2,50,C2-resources-0050,6,24,39577
C2,50,C2-resources-0050,6,25,40400
C2,50,C2-resources-0050,6,26,39984
C2,50,C2-resources-0050,6,27,39517
C2,50,C2-resources-0050,6,28,39458
C2,50,C2-resources-0050,6,29,40501
C2,50,C2-resources-0050,6,30,39893
C2,50,C2-resources-0050,6,31,42328
C2,50,C2-resources-0050,6,32,40028
C2,50,C2-resources-0050,6,33,39719
C2,50,C2-resources-0050,6,34,39424
C2,50,C2-resources-0050,6,35,39611
C2,50,C2-resources-0050,6,36,40601
C2,50,C2-resources-0050,6,37,39865
C2,50,C2-resources-0050,6,38,39663
C2,50,C2-resources-0050,6,39,39545
C2,50,C2-resources-0050,6,40,39819
C2,50,C2-resources-0050,6,41,41739
C2,50,C2-resources-0050,6,42,40021
C2,50,C2-resources-0050,6,43,40052
C2,50,C2-resources-0050,6,44,40200
C2,50,C2-resources-0050,6,45,41683
C2,50,C2-resources-0050,6,46,41425
C2,50,C2-resources-0050,6,47,40604
C2,50,C2-resources-0050,6,48,39740
C2,50,C2-resources-0050,6,49,40008
C2,50,C2-resources-0050,6,50,40128
C2,50,C2-resources-0050,6,51,40215
C2,50,C2-resources-0050,6,52,42845
C2,50,C2-resources-0050,6,53,39861
C2,50,C2-resources-0050,6,54,39560
C2,50,C2-resources-0050,6,55,39836
C2,50,C2-resources-0050,6,56,39414
C2,50,C2-resources-0050,6,57,40498
C2,50,C2-resources-0050,6,58,39494
C2,50,C2-resources-0050,6,59,39606
C2,50,C2-resources-0050,6,60,40215
C2,50,C2-resources-0050,6,61,39920
C2,50,C2-resources-0050,6,62,39509
C2,50,C2-resources-0050,6,63,42307
C2,50,C2-resources-0050,6,64,40591
C2,50,C2-resources-0050,6,65,39710
C2,50,C2-resources-0050,6,66,40369
C2,50,C2-resources-0050,6,67,39507
C2,50,C2-resources-0050,6,68,40753
C2,50,C2-resources-0050,6,69,39850
C2,50,C2-resources-0050,6,70,40250
C2,50,C2-resources-0050,6,71,39684
C2,50,C2-resources-0050,6,72,39569
C2,50,C2-resources-0050,6,73,41125
C2,50,C2-resources-0050,6,74,40502
C2,50,C2-resources-0050,6,75,40360
C2,50,C2-resources-0050,6,76,46993
C2,50,C2-resources-0050,6,77,42857
C2,50,C2-resources-0050,6,78,43180
C2,50,C2-resources-0050,6,79,43610
C2,50,C2-resources-0050,6,80,42958
C2,50,C2-resources-0050,6,81,41117
C2,50,C2-resources-0050,6,82,40418
C2,50,C2-resources-0050,6,83,40102
C2,50,C2-resources-0050,6,84,43340
C2,50,C2-resources-0050,6,85,40025
C2,50,C2-resources-0050,6,86,40202
C2,50,C2-resources-0050,6,87,40096
C2,50,C2-resources-0050,6,88,39971
C2,50,C2-resources-0050,6,89,40100
C2,50,C2-resources-0050,6,90,41012
C2,50,C2-resources-0050,6,91,42538
C2,50,C2-resources-0050,6,92,55610
C2,50,C2-resources-0050,6,93,41538
C2,50,C2-resources-0050,6,94,49886
C2,50,C2-resources-0050,6,95,64627
C2,50,C2-resources-0050,6,96,68024
C2,50,C2-resources-0050,6,97,70547
C2,50,C2-resources-0050,6,98,60976
C2,50,C2-resources-0050,6,99,41915
C2,50,C2-resources-0050,6,100,40968
C2,50,C2-resources-0050,7,1,47582
C2,50,C2-resources-0050,7,2,40215
C2,50,C2-resources-0050,7,3,40559
C2,50,C2-resources-0050,7,4,43028
C2,50,C2-resources-0050,7,5,42916
C2,50,C2-resources-0050,7,6,47193
C2,50,C2-resources-0050,7,7,40280
C2,50,C2-resources-0050,7,8,40020
C2,50,C2-resources-0050,7,9,40182
C2,50,C2-resources-0050,7,10,40170
C2,50,C2-resources-0050,7,11,41512
C2,50,C2-resources-0050,7,12,40063
C2,50,C2-resources-0050,7,13,40451
C2,50,C2-resources-0050,7,14,40358
C2,50,C2-resources-0050,7,15,41116
C2,50,C2-resources-0050,7,16,46102
C2,50,C2-resources-0050,7,17,40882
C2,50,C2-resources-0050,7,18,39800
C2,50,C2-resources-0050,7,19,40185
C2,50,C2-resources-0050,7,20,39664
C2,50,C2-resources-0050,7,21,40159
C2,50,C2-resources-0050,7,22,40136
C2,50,C2-resources-0050,7,23,40057
C2,50,C2-resources-0050,7,24,39832
C2,50,C2-resources-0050,7,25,40017
C2,50,C2-resources-0050,7,26,39491
C2,50,C2-resources-0050,7,27,43851
C2,50,C2-resources-0050,7,28,40727
C2,50,C2-resources-0050,7,29,40070
C2,50,C2-resources-0050,7,30,39618
C2,50,C2-resources-0050,7,31,40291
C2,50,C2-resources-0050,7,32,41336
C2,50,C2-resources-0050,7,33,40234
C2,50,C2-resources-0050,7,34,39704
C2,50,C2-resources-0050,7,35,39639
C2,50,C2-resources-0050,7,36,39886
C2,50,C2-resources-0050,7,37,39441
C2,50,C2-resources-0050,7,38,42417
C2,50,C2-resources-0050,7,39,40142
C2,50,C2-resources-0050,7,40,40465
C2,50,C2-resources-0050,7,41,39997
C2,50,C2-resources-0050,7,42,39972
C2,50,C2-resources-0050,7,43,40763
C2,50,C2-resources-0050,7,44,39932
C2,50,C2-resources-0050,7,45,40596
C2,50,C2-resources-0050,7,46,40073
C2,50,C2-resources-0050,7,47,39688
C2,50,C2-resources-0050,7,48,41157
C2,50,C2-resources-0050,7,49,39612
C2,50,C2-resources-0050,7,50,40355
C2,50,C2-resources-0050,7,51,39691
C2,50,C2-resources-0050,7,52,39978
C2,50,C2-resources-0050,7,53,40314
C2,50,C2-resources-0050,7,54,51297
C2,50,C2-resources-0050,7,55,41337
C2,50,C2-resources-0050,7,56,39791
C2,50,C2-resources-0050,7,57,39523
C2,50,C2-resources-0050,7,58,40010
C2,50,C2-resources-0050,7,59,42130
C2,50,C2-resources-0050,7,60,40525
C2,50,C2-resources-0050,7,61,44048
C2,50,C2-resources-0050,7,62,44241
C2,50,C2-resources-0050,7,63,41316
C2,50,C2-resources-0050,7,64,40423
C2,50,C2-resources-0050,7,65,40208
C2,50,C2-resources-0050,7,66,60196
C2,50,C2-resources-0050,7,67,49089
C2,50,C2-resources-0050,7,68,53550
C2,50,C2-resources-0050,7,69,58904
C2,50,C2-resources-0050,7,70,43444
C2,50,C2-resources-0050,7,71,44882
C2,50,C2-resources-0050,7,72,40303
C2,50,C2-resources-0050,7,73,40079
C2,50,C2-resources-0050,7,74,39906
C2,50,C2-resources-0050,7,75,40815
C2,50,C2-resources-0050,7,76,43889
C2,50,C2-resources-0050,7,77,40019
C2,50,C2-resources-0050,7,78,39652
C2,50,C2-resources-0050,7,79,40193
C2,50,C2-resources-0050,7,80,40383
C2,50,C2-resources-0050,7,81,42155
C2,50,C2-resources-0050,7,82,39446
C2,50,C2-resources-0050,7,83,40210
C2,50,C2-resources-0050,7,84,39870
C2,50,C2-resources-0050,7,85,40281
C2,50,C2-resources-0050,7,86,40772
C2,50,C2-resources-0050,7,87,39610
C2,50,C2-resources-0050,7,88,40375
C2,50,C2-resources-0050,7,89,39654
C2,50,C2-resources-0050,7,90,40112
C2,50,C2-resources-0050,7,91,41969
C2,50,C2-resources-0050,7,92,40628
C2,50,C2-resources-0050,7,93,39620
C2,50,C2-resources-0050,7,94,40084
C2,50,C2-resources-0050,7,95,39771
C2,50,C2-resources-0050,7,96,39987
C2,50,C2-resources-0050,7,97,40255
C2,50,C2-resources-0050,7,98,39986
C2,50,C2-resources-0050,7,99,39719
C2,50,C2-resources-0050,7,100,39943
C2,50,C2-resources-0050,8,1,42742
C2,50,C2-resources-0050,8,2,42411
C2,50,C2-resources-0050,8,3,40494
C2,50,C2-resources-0050,8,4,45201
C2,50,C2-resources-0050,8,5,44463
C2,50,C2-resources-0050,8,6,59333
C2,50,C2-resources-0050,8,7,46292
C2,50,C2-resources-0050,8,8,40646
C2,50,C2-resources-0050,8,9,39753
C2,50,C2-resources-0050,8,10,40118
C2,50,C2-resources-0050,8,11,42990
C2,50,C2-resources-0050,8,12,42921
C2,50,C2-resources-0050,8,13,46454
C2,50,C2-resources-0050,8,14,43270
C2,50,C2-resources-0050,8,15,41733
C2,50,C2-resources-0050,8,16,42634
C2,50,C2-resources-0050,8,17,40093
C2,50,C2-resources-0050,8,18,43556
C2,50,C2-resources-0050,8,19,44393
C2,50,C2-resources-0050,8,20,47343
C2,50,C2-resources-0050,8,21,40325
C2,50,C2-resources-0050,8,22,40358
C2,50,C2-resources-0050,8,23,42345
C2,50,C2-resources-0050,8,24,40114
C2,50,C2-resources-0050,8,25,39625
C2,50,C2-resources-0050,8,26,39892
C2,50,C2-resources-0050,8,27,39974
C2,50,C2-resources-0050,8,28,40144
C2,50,C2-resources-0050,8,29,40244
C2,50,C2-resources-0050,8,30,50569
C2,50,C2-resources-0050,8,31,66370
C2,50,C2-resources-0050,8,32,68591
C2,50,C2-resources-0050,8,33,63661
C2,50,C2-resources-0050,8,34,45815
C2,50,C2-resources-0050,8,35,40770
C2,50,C2-resources-0050,8,36,47861
C2,50,C2-resources-0050,8,37,41298
C2,50,C2-resources-0050,8,38,40688
C2,50,C2-resources-0050,8,39,40788
C2,50,C2-resources-0050,8,40,39947
C2,50,C2-resources-0050,8,41,39871
C2,50,C2-resources-0050,8,42,39739
C2,50,C2-resources-0050,8,43,39928
C2,50,C2-resources-0050,8,44,39895
C2,50,C2-resources-0050,8,45,43085
C2,50,C2-resources-0050,8,46,40489
C2,50,C2-resources-0050,8,47,39954
C2,50,C2-resources-0050,8,48,40661
C2,50,C2-resources-0050,8,49,39985
C2,50,C2-resources-0050,8,50,42051
C2,50,C2-resources-0050,8,51,40808
C2,50,C2-resources-0050,8,52,47976
C2,50,C2-resources-0050,8,53,41216
C2,50,C2-resources-0050,8,54,46550
C2,50,C2-resources-0050,8,55,42833
C2,50,C2-resources-0050,8,56,43195
C2,50,C2-resources-0050,8,57,44549
C2,50,C2-resources-0050,8,58,40368
C2,50,C2-resources-0050,8,59,39840
C2,50,C2-resources-0050,8,60,39915
C2,50,C2-resources-0050,8,61,41275
C2,50,C2-resources-0050,8,62,39615
C2,50,C2-resources-0050,8,63,39989
C2,50,C2-resources-0050,8,64,40053
C2,50,C2-resources-0050,8,65,39993
C2,50,C2-resources-0050,8,66,42956
C2,50,C2-resources-0050,8,67,40243
C2,50,C2-resources-0050,8,68,40441
C2,50,C2-resources-0050,8,69,39933
C2,50,C2-resources-0050,8,70,39966
C2,50,C2-resources-0050,8,71,40466
C2,50,C2-resources-0050,8,72,41561
C2,50,C2-resources-0050,8,73,44603
C2,50,C2-resources-0050,8,74,40362
C2,50,C2-resources-0050,8,75,39793
C2,50,C2-resources-0050,8,76,40699
C2,50,C2-resources-0050,8,77,1200051
C2,50,C2-resources-0050,8,78,90004
C2,50,C2-resources-0050,8,79,42524
C2,50,C2-resources-0050,8,80,39907
C2,50,C2-resources-0050,8,81,39793
C2,50,C2-resources-0050,8,82,41899
C2,50,C2-resources-0050,8,83,39593
C2,50,C2-resources-0050,8,84,40028
C2,50,C2-resources-0050,8,85,40459
C2,50,C2-resources-0050,8,86,39879
C2,50,C2-resources-0050,8,87,39506
C2,50,C2-resources-0050,8,88,48782
C2,50,C2-resources-0050,8,89,40090
C2,50,C2-resources-0050,8,90,39847
C2,50,C2-resources-0050,8,91,40086
C2,50,C2-resources-0050,8,92,40118
C2,50,C2-resources-0050,8,93,39740
C2,50,C2-resources-0050,8,94,39797
C2,50,C2-resources-0050,8,95,39352
C2,50,C2-resources-0050,8,96,39448
C2,50,C2-resources-0050,8,97,39837
C2,50,C2-resources-0050,8,98,42592
C2,50,C2-resources-0050,8,99,39773
C2,50,C2-resources-0050,8,100,39418
