resource_name,attribute_name,attribute_value
data/abac_benchmark/resource_0001,r_attr_01,value_06
data/abac_benchmark/resource_0001,r_attr_02,value_03
data/abac_benchmark/resource_0001,r_attr_03,value_00
data/abac_benchmark/resource_0001,r_attr_04,value_05
data/abac_benchmark/resource_0002,r_attr_01,value_07
data/abac_benchmark/resource_0002,r_attr_02,value_01
data/abac_benchmark/resource_0002,r_attr_03,value_07
data/abac_benchmark/resource_0002,r_attr_04,value_00
data/abac_benchmark/resource_0003,r_attr_01,value_02
data/abac_benchmark/resource_0003,r_attr_02,value_04
data/abac_benchmark/resource_0003,r_attr_03,value_04
data/abac_benchmark/resource_0003,r_attr_04,value_03
data/abac_benchmark/resource_0004,r_attr_01,value_04
data/abac_benchmark/resource_0004,r_attr_02,value_03
data/abac_benchmark/resource_0004,r_attr_03,value_02
data/abac_benchmark/resource_0004,r_attr_04,value_04
data/abac_benchmark/resource_0005,r_attr_01,value_03
data/abac_benchmark/resource_0005,r_attr_02,value_03
data/abac_benchmark/resource_0005,r_attr_03,value_02
data/abac_benchmark/resource_0005,r_attr_04,value_04
data/abac_benchmark/resource_0006,r_attr_01,value_05
data/abac_benchmark/resource_0006,r_attr_02,value_01
data/abac_benchmark/resource_0006,r_attr_03,value_04
data/abac_benchmark/resource_0006,r_attr_04,value_05
data/abac_benchmark/resource_0007,r_attr_01,value_02
data/abac_benchmark/resource_0007,r_attr_02,value_07
data/abac_benchmark/resource_0007,r_attr_03,value_04
data/abac_benchmark/resource_0007,r_attr_04,value_00
data/abac_benchmark/resource_0008,r_attr_01,value_02
data/abac_benchmark/resource_0008,r_attr_02,value_05
data/abac_benchmark/resource_0008,r_attr_03,value_04
data/abac_benchmark/resource_0008,r_attr_04,value_06
data/abac_benchmark/resource_0009,r_attr_01,value_05
data/abac_benchmark/resource_0009,r_attr_02,value_06
data/abac_benchmark/resource_0009,r_attr_03,value_02
data/abac_benchmark/resource_0009,r_attr_04,value_05
data/abac_benchmark/resource_0010,r_attr_01,value_04
data/abac_benchmark/resource_0010,r_attr_02,value_03
data/abac_benchmark/resource_0010,r_attr_03,value_06
data/abac_benchmark/resource_0010,r_attr_04,value_04
data/abac_benchmark/resource_0011,r_attr_01,value_05
data/abac_benchmark/resource_0011,r_attr_02,value_07
data/abac_benchmark/resource_0011,r_attr_03,value_07
data/abac_benchmark/resource_0011,r_attr_04,value_04
data/abac_benchmark/resource_0012,r_attr_01,value_01
data/abac_benchmark/resource_0012,r_attr_02,value_03
data/abac_benchmark/resource_0012,r_attr_03,value_01
data/abac_benchmark/resource_0012,r_attr_04,value_03
data/abac_benchmark/resource_0013,r_attr_01,value_06
data/abac_benchmark/resource_0013,r_attr_02,value_02
data/abac_benchmark/resource_0013,r_attr_03,value_06
data/abac_benchmark/resource_0013,r_attr_04,value_00
data/abac_benchmark/resource_0014,r_attr_01,value_07
data/abac_benchmark/resource_0014,r_attr_02,value_03
data/abac_benchmark/resource_0014,r_attr_03,value_03
data/abac_benchmark/resource_0014,r_attr_04,value_05
data/abac_benchmark/resource_0015,r_attr_01,value_07
data/abac_benchmark/resource_0015,r_attr_02,value_00
data/abac_benchmark/resource_0015,r_attr_03,value_05
data/abac_benchmark/resource_0015,r_attr_04,value_00
data/abac_benchmark/resource_0016,r_attr_01,value_07
data/abac_benchmark/resource_0016,r_attr_02,value_04
data/abac_benchmark/resource_0016,r_attr_03,value_04
data/abac_benchmark/resource_0016,r_attr_04,value_03
data/abac_benchmark/resource_0017,r_attr_01,value_05
data/abac_benchmark/resource_0017,r_attr_02,value_07
data/abac_benchmark/resource_0017,r_attr_03,value_05
data/abac_benchmark/resource_0017,r_attr_04,value_07
data/abac_benchmark/resource_0018,r_attr_01,value_06
data/abac_benchmark/resource_0018,r_attr_02,value_04
data/abac_benchmark/resource_0018,r_attr_03,value_01
data/abac_benchmark/resource_0018,r_attr_04,value_06
data/abac_benchmark/resource_0019,r_attr_01,value_03
data/abac_benchmark/resource_0019,r_attr_02,value_07
data/abac_benchmark/resource_0019,r_attr_03,value_02
data/abac_benchmark/resource_0019,r_attr_04,value_01
data/abac_benchmark/resource_0020,r_attr_01,value_03
data/abac_benchmark/resource_0020,r_attr_02,value_01
data/abac_benchmark/resource_0020,r_attr_03,value_04
data/abac_benchmark/resource_0020,r_attr_04,value_05
data/abac_benchmark/resource_0021,r_attr_01,value_05
data/abac_benchmark/resource_0021,r_attr_02,value_04
data/abac_benchmark/resource_0021,r_attr_03,value_03
data/abac_benchmark/resource_0021,r_attr_04,value_03
data/abac_benchmark/resource_0022,r_attr_01,value_03
data/abac_benchmark/resource_0022,r_attr_02,value_03
data/abac_benchmark/resource_0022,r_attr_03,value_07
data/abac_benchmark/resource_0022,r_attr_04,value_05
data/abac_benchmark/resource_0023,r_attr_01,value_00
data/abac_benchmark/resource_0023,r_attr_02,value_05
data/abac_benchmark/resource_0023,r_attr_03,value_00
data/abac_benchmark/resource_0023,r_attr_04,value_01
data/abac_benchmark/resource_0024,r_attr_01,value_06
data/abac_benchmark/resource_0024,r_attr_02,value_02
data/abac_benchmark/resource_0024,r_attr_03,value_07
data/abac_benchmark/resource_0024,r_attr_04,value_00
data/abac_benchmark/resource_0025,r_attr_01,value_07
data/abac_benchmark/resource_0025,r_attr_02,value_00
data/abac_benchmark/resource_0025,r_attr_03,value_06
data/abac_benchmark/resource_0025,r_attr_04,value_01
data/abac_benchmark/resource_0026,r_attr_01,value_03
data/abac_benchmark/resource_0026,r_attr_02,value_01
data/abac_benchmark/resource_0026,r_attr_03,value_05
data/abac_benchmark/resource_0026,r_attr_04,value_06
data/abac_benchmark/resource_0027,r_attr_01,value_03
data/abac_benchmark/resource_0027,r_attr_02,value_04
data/abac_benchmark/resource_0027,r_attr_03,value_00
data/abac_benchmark/resource_0027,r_attr_04,value_00
data/abac_benchmark/resource_0028,r_attr_01,value_05
data/abac_benchmark/resource_0028,r_attr_02,value_05
data/abac_benchmark/resource_0028,r_attr_03,value_04
data/abac_benchmark/resource_0028,r_attr_04,value_02
data/abac_benchmark/resource_0029,r_attr_01,value_02
data/abac_benchmark/resource_0029,r_attr_02,value_01
data/abac_benchmark/resource_0029,r_attr_03,value_02
data/abac_benchmark/resource_0029,r_attr_04,value_04
data/abac_benchmark/resource_0030,r_attr_01,value_05
data/abac_benchmark/resource_0030,r_attr_02,value_06
data/abac_benchmark/resource_0030,r_attr_03,value_01
data/abac_benchmark/resource_0030,r_attr_04,value_01
data/abac_benchmark/resource_0031,r_attr_01,value_02
data/abac_benchmark/resource_0031,r_attr_02,value_03
data/abac_benchmark/resource_0031,r_attr_03,value_01
data/abac_benchmark/resource_0031,r_attr_04,value_05
data/abac_benchmark/resource_0032,r_attr_01,value_04
data/abac_benchmark/resource_0032,r_attr_02,value_02
data/abac_benchmark/resource_0032,r_attr_03,value_06
data/abac_benchmark/resource_0032,r_attr_04,value_07
data/abac_benchmark/resource_0033,r_attr_01,value_04
data/abac_benchmark/resource_0033,r_attr_02,value_01
data/abac_benchmark/resource_0033,r_attr_03,value_07
data/abac_benchmark/resource_0033,r_attr_04,value_07
data/abac_benchmark/resource_0034,r_attr_01,value_02
data/abac_benchmark/resource_0034,r_attr_02,value_05
data/abac_benchmark/resource_0034,r_attr_03,value_01
data/abac_benchmark/resource_0034,r_attr_04,value_06
data/abac_benchmark/resource_0035,r_attr_01,value_03
data/abac_benchmark/resource_0035,r_attr_02,value_03
data/abac_benchmark/resource_0035,r_attr_03,value_02
data/abac_benchmark/resource_0035,r_attr_04,value_02
data/abac_benchmark/resource_0036,r_attr_01,value_06
data/abac_benchmark/resource_0036,r_attr_02,value_02
data/abac_benchmark/resource_0036,r_attr_03,value_05
data/abac_benchmark/resource_0036,r_attr_04,value_04
data/abac_benchmark/resource_0037,r_attr_01,value_06
data/abac_benchmark/resource_0037,r_attr_02,value_05
data/abac_benchmark/resource_0037,r_attr_03,value_05
data/abac_benchmark/resource_0037,r_attr_04,value_05
data/abac_benchmark/resource_0038,r_attr_01,value_00
data/abac_benchmark/resource_0038,r_attr_02,value_01
data/abac_benchmark/resource_0038,r_attr_03,value_02
data/abac_benchmark/resource_0038,r_attr_04,value_00
data/abac_benchmark/resource_0039,r_attr_01,value_00
data/abac_benchmark/resource_0039,r_attr_02,value_07
data/abac_benchmark/resource_0039,r_attr_03,value_05
data/abac_benchmark/resource_0039,r_attr_04,value_02
data/abac_benchmark/resource_0040,r_attr_01,value_03
data/abac_benchmark/resource_0040,r_attr_02,value_02
data/abac_benchmark/resource_0040,r_attr_03,value_07
data/abac_benchmark/resource_0040,r_attr_04,value_02
data/abac_benchmark/resource_0041,r_attr_01,value_07
data/abac_benchmark/resource_0041,r_attr_02,value_05
data/abac_benchmark/resource_0041,r_attr_03,value_02
data/abac_benchmark/resource_0041,r_attr_04,value_07
data/abac_benchmark/resource_0042,r_attr_01,value_03
data/abac_benchmark/resource_0042,r_attr_02,value_07
data/abac_benchmark/resource_0042,r_attr_03,value_01
data/abac_benchmark/resource_0042,r_attr_04,value_07
data/abac_benchmark/resource_0043,r_attr_01,value_02
data/abac_benchmark/resource_0043,r_attr_02,value_05
data/abac_benchmark/resource_0043,r_attr_03,value_01
data/abac_benchmark/resource_0043,r_attr_04,value_05
data/abac_benchmark/resource_0044,r_attr_01,value_01
data/abac_benchmark/resource_0044,r_attr_02,value_01
data/abac_benchmark/resource_0044,r_attr_03,value_06
data/abac_benchmark/resource_0044,r_attr_04,value_03
data/abac_benchmark/resource_0045,r_attr_01,value_02
data/abac_benchmark/resource_0045,r_attr_02,value_05
data/abac_benchmark/resource_0045,r_attr_03,value_00
data/abac_benchmark/resource_0045,r_attr_04,value_07
data/abac_benchmark/resource_0046,r_attr_01,value_04
data/abac_benchmark/resource_0046,r_attr_02,value_05
data/abac_benchmark/resource_0046,r_attr_03,value_04
data/abac_benchmark/resource_0046,r_attr_04,value_03
data/abac_benchmark/resource_0047,r_attr_01,value_05
data/abac_benchmark/resource_0047,r_attr_02,value_02
data/abac_benchmark/resource_0047,r_attr_03,value_07
data/abac_benchmark/resource_0047,r_attr_04,value_04
data/abac_benchmark/resource_0048,r_attr_01,value_05
data/abac_benchmark/resource_0048,r_attr_02,value_06
data/abac_benchmark/resource_0048,r_attr_03,value_03
data/abac_benchmark/resource_0048,r_attr_04,value_05
data/abac_benchmark/resource_0049,r_attr_01,value_03
data/abac_benchmark/resource_0049,r_attr_02,value_04
data/abac_benchmark/resource_0049,r_attr_03,value_06
data/abac_benchmark/resource_0049,r_attr_04,value_07
data/abac_benchmark/resource_0050,r_attr_01,value_03
data/abac_benchmark/resource_0050,r_attr_02,value_05
data/abac_benchmark/resource_0050,r_attr_03,value_02
data/abac_benchmark/resource_0050,r_attr_04,value_04
data/abac_benchmark/resource_0051,r_attr_01,value_02
data/abac_benchmark/resource_0051,r_attr_02,value_04
data/abac_benchmark/resource_0051,r_attr_03,value_01
data/abac_benchmark/resource_0051,r_attr_04,value_03
data/abac_benchmark/resource_0052,r_attr_01,value_01
data/abac_benchmark/resource_0052,r_attr_02,value_06
data/abac_benchmark/resource_0052,r_attr_03,value_04
data/abac_benchmark/resource_0052,r_attr_04,value_03
data/abac_benchmark/resource_0053,r_attr_01,value_03
data/abac_benchmark/resource_0053,r_attr_02,value_05
data/abac_benchmark/resource_0053,r_attr_03,value_04
data/abac_benchmark/resource_0053,r_attr_04,value_04
data/abac_benchmark/resource_0054,r_attr_01,value_07
data/abac_benchmark/resource_0054,r_attr_02,value_01
data/abac_benchmark/resource_0054,r_attr_03,value_04
data/abac_benchmark/resource_0054,r_attr_04,value_07
data/abac_benchmark/resource_0055,r_attr_01,value_00
data/abac_benchmark/resource_0055,r_attr_02,value_05
data/abac_benchmark/resource_0055,r_attr_03,value_04
data/abac_benchmark/resource_0055,r_attr_04,value_06
data/abac_benchmark/resource_0056,r_attr_01,value_04
data/abac_benchmark/resource_0056,r_attr_02,value_04
data/abac_benchmark/resource_0056,r_attr_03,value_07
data/abac_benchmark/resource_0056,r_attr_04,value_07
data/abac_benchmark/resource_0057,r_attr_01,value_06
data/abac_benchmark/resource_0057,r_attr_02,value_00
data/abac_benchmark/resource_0057,r_attr_03,value_07
data/abac_benchmark/resource_0057,r_attr_04,value_00
data/abac_benchmark/resource_0058,r_attr_01,value_01
data/abac_benchmark/resource_0058,r_attr_02,value_07
data/abac_benchmark/resource_0058,r_attr_03,value_01
data/abac_benchmark/resource_0058,r_attr_04,value_07
data/abac_benchmark/resource_0059,r_attr_01,value_06
data/abac_benchmark/resource_0059,r_attr_02,value_06
data/abac_benchmark/resource_0059,r_attr_03,value_07
data/abac_benchmark/resource_0059,r_attr_04,value_06
data/abac_benchmark/resource_0060,r_attr_01,value_06
data/abac_benchmark/resource_0060,r_attr_02,value_07
data/abac_benchmark/resource_0060,r_attr_03,value_05
data/abac_benchmark/resource_0060,r_attr_04,value_03
data/abac_benchmark/resource_0061,r_attr_01,value_00
data/abac_benchmark/resource_0061,r_attr_02,value_03
data/abac_benchmark/resource_0061,r_attr_03,value_02
data/abac_benchmark/resource_0061,r_attr_04,value_05
data/abac_benchmark/resource_0062,r_attr_01,value_02
data/abac_benchmark/resource_0062,r_attr_02,value_02
data/abac_benchmark/resource_0062,r_attr_03,value_02
data/abac_benchmark/resource_0062,r_attr_04,value_00
data/abac_benchmark/resource_0063,r_attr_01,value_05
data/abac_benchmark/resource_0063,r_attr_02,value_03
data/abac_benchmark/resource_0063,r_attr_03,value_01
data/abac_benchmark/resource_0063,r_attr_04,value_04
data/abac_benchmark/resource_0064,r_attr_01,value_01
data/abac_benchmark/resource_0064,r_attr_02,value_02
data/abac_benchmark/resource_0064,r_attr_03,value_04
data/abac_benchmark/resource_0064,r_attr_04,value_06
data/abac_benchmark/resource_0065,r_attr_01,value_01
data/abac_benchmark/resource_0065,r_attr_02,value_04
data/abac_benchmark/resource_0065,r_attr_03,value_04
data/abac_benchmark/resource_0065,r_attr_04,value_04
data/abac_benchmark/resource_0066,r_attr_01,value_00
data/abac_benchmark/resource_0066,r_attr_02,value_00
data/abac_benchmark/resource_0066,r_attr_03,value_03
data/abac_benchmark/resource_0066,r_attr_04,value_07
data/abac_benchmark/resource_0067,r_attr_01,value_01
data/abac_benchmark/resource_0067,r_attr_02,value_04
data/abac_benchmark/resource_0067,r_attr_03,value_03
data/abac_benchmark/resource_0067,r_attr_04,value_06
data/abac_benchmark/resource_0068,r_attr_01,value_02
data/abac_benchmark/resource_0068,r_attr_02,value_02
data/abac_benchmark/resource_0068,r_attr_03,value_06
data/abac_benchmark/resource_0068,r_attr_04,value_00
data/abac_benchmark/resource_0069,r_attr_01,value_01
data/abac_benchmark/resource_0069,r_attr_02,value_05
data/abac_benchmark/resource_0069,r_attr_03,value_06
data/abac_benchmark/resource_0069,r_attr_04,value_04
data/abac_benchmark/resource_0070,r_attr_01,value_04
data/abac_benchmark/resource_0070,r_attr_02,value_03
data/abac_benchmark/resource_0070,r_attr_03,value_05
data/abac_benchmark/resource_0070,r_attr_04,value_01
data/abac_benchmark/resource_0071,r_attr_01,value_07
data/abac_benchmark/resource_0071,r_attr_02,value_02
data/abac_benchmark/resource_0071,r_attr_03,value_07
data/abac_benchmark/resource_0071,r_attr_04,value_00
data/abac_benchmark/resource_0072,r_attr_01,value_06
data/abac_benchmark/resource_0072,r_attr_02,value_05
data/abac_benchmark/resource_0072,r_attr_03,value_05
data/abac_benchmark/resource_0072,r_attr_04,value_02
data/abac_benchmark/resource_0073,r_attr_01,value_00
data/abac_benchmark/resource_0073,r_attr_02,value_03
data/abac_benchmark/resource_0073,r_attr_03,value_01
data/abac_benchmark/resource_0073,r_attr_04,value_07
data/abac_benchmark/resource_0074,r_attr_01,value_04
data/abac_benchmark/resource_0074,r_attr_02,value_04
data/abac_benchmark/resource_0074,r_attr_03,value_07
data/abac_benchmark/resource_0074,r_attr_04,value_07
data/abac_benchmark/resource_0075,r_attr_01,value_04
data/abac_benchmark/resource_0075,r_attr_02,value_05
data/abac_benchmark/resource_0075,r_attr_03,value_06
data/abac_benchmark/resource_0075,r_attr_04,value_01
data/abac_benchmark/resource_0076,r_attr_01,value_01
data/abac_benchmark/resource_0076,r_attr_02,value_06
data/abac_benchmark/resource_0076,r_attr_03,value_03
data/abac_benchmark/resource_0076,r_attr_04,value_06
data/abac_benchmark/resource_0077,r_attr_01,value_05
data/abac_benchmark/resource_0077,r_attr_02,value_05
data/abac_benchmark/resource_0077,r_attr_03,value_03
data/abac_benchmark/resource_0077,r_attr_04,value_02
data/abac_benchmark/resource_0078,r_attr_01,value_03
data/abac_benchmark/resource_0078,r_attr_02,value_06
data/abac_benchmark/resource_0078,r_attr_03,value_07
data/abac_benchmark/resource_0078,r_attr_04,value_01
data/abac_benchmark/resource_0079,r_attr_01,value_03
data/abac_benchmark/resource_0079,r_attr_02,value_02
data/abac_benchmark/resource_0079,r_attr_03,value_07
data/abac_benchmark/resource_0079,r_attr_04,value_04
data/abac_benchmark/resource_0080,r_attr_01,value_04
data/abac_benchmark/resource_0080,r_attr_02,value_00
data/abac_benchmark/resource_0080,r_attr_03,value_01
data/abac_benchmark/resource_0080,r_attr_04,value_04
data/abac_benchmark/resource_0081,r_attr_01,value_03
data/abac_benchmark/resource_0081,r_attr_02,value_01
data/abac_benchmark/resource_0081,r_attr_03,value_00
data/abac_benchmark/resource_0081,r_attr_04,value_02
data/abac_benchmark/resource_0082,r_attr_01,value_04
data/abac_benchmark/resource_0082,r_attr_02,value_03
data/abac_benchmark/resource_0082,r_attr_03,value_02
data/abac_benchmark/resource_0082,r_attr_04,value_02
data/abac_benchmark/resource_0083,r_attr_01,value_04
data/abac_benchmark/resource_0083,r_attr_02,value_02
data/abac_benchmark/resource_0083,r_attr_03,value_03
data/abac_benchmark/resource_0083,r_attr_04,value_07
data/abac_benchmark/resource_0084,r_attr_01,value_00
data/abac_benchmark/resource_0084,r_attr_02,value_02
data/abac_benchmark/resource_0084,r_attr_03,value_01
data/abac_benchmark/resource_0084,r_attr_04,value_07
data/abac_benchmark/resource_0085,r_attr_01,value_01
data/abac_benchmark/resource_0085,r_attr_02,value_06
data/abac_benchmark/resource_0085,r_attr_03,value_00
data/abac_benchmark/resource_0085,r_attr_04,value_07
data/abac_benchmark/resource_0086,r_attr_01,value_06
data/abac_benchmark/resource_0086,r_attr_02,value_07
data/abac_benchmark/resource_0086,r_attr_03,value_07
data/abac_benchmark/resource_0086,r_attr_04,value_01
data/abac_benchmark/resource_0087,r_attr_01,value_07
data/abac_benchmark/resource_0087,r_attr_02,value_03
data/abac_benchmark/resource_0087,r_attr_03,value_05
data/abac_benchmark/resource_0087,r_attr_04,value_00
data/abac_benchmark/resource_0088,r_attr_01,value_01
data/abac_benchmark/resource_0088,r_attr_02,value_02
data/abac_benchmark/resource_0088,r_attr_03,value_03
data/abac_benchmark/resource_0088,r_attr_04,value_03
data/abac_benchmark/resource_0089,r_attr_01,value_00
data/abac_benchmark/resource_0089,r_attr_02,value_01
data/abac_benchmark/resource_0089,r_attr_03,value_01
data/abac_benchmark/resource_0089,r_attr_04,value_00
data/abac_benchmark/resource_0090,r_attr_01,value_07
data/abac_benchmark/resource_0090,r_attr_02,value_06
data/abac_benchmark/resource_0090,r_attr_03,value_00
data/abac_benchmark/resource_0090,r_attr_04,value_00
data/abac_benchmark/resource_0091,r_attr_01,value_01
data/abac_benchmark/resource_0091,r_attr_02,value_03
data/abac_benchmark/resource_0091,r_attr_03,value_00
data/abac_benchmark/resource_0091,r_attr_04,value_06
data/abac_benchmark/resource_0092,r_attr_01,value_04
data/abac_benchmark/resource_0092,r_attr_02,value_00
data/abac_benchmark/resource_0092,r_attr_03,value_02
data/abac_benchmark/resource_0092,r_attr_04,value_01
data/abac_benchmark/resource_0093,r_attr_01,value_06
data/abac_benchmark/resource_0093,r_attr_02,value_03
data/abac_benchmark/resource_0093,r_attr_03,value_02
data/abac_benchmark/resource_0093,r_attr_04,value_06
data/abac_benchmark/resource_0094,r_attr_01,value_05
data/abac_benchmark/resource_0094,r_attr_02,value_07
data/abac_benchmark/resource_0094,r_attr_03,value_00
data/abac_benchmark/resource_0094,r_attr_04,value_01
data/abac_benchmark/resource_0095,r_attr_01,value_05
data/abac_benchmark/resource_0095,r_attr_02,value_07
data/abac_benchmark/resource_0095,r_attr_03,value_01
data/abac_benchmark/resource_0095,r_attr_04,value_04
data/abac_benchmark/resource_0096,r_attr_01,value_03
data/abac_benchmark/resource_0096,r_attr_02,value_06
data/abac_benchmark/resource_0096,r_attr_03,value_06
data/abac_benchmark/resource_0096,r_attr_04,value_05
data/abac_benchmark/resource_0097,r_attr_01,value_00
data/abac_benchmark/resource_0097,r_attr_02,value_01
data/abac_benchmark/resource_0097,r_attr_03,value_00
data/abac_benchmark/resource_0097,r_attr_04,value_06
data/abac_benchmark/resource_0098,r_attr_01,value_02
data/abac_benchmark/resource_0098,r_attr_02,value_01
data/abac_benchmark/resource_0098,r_attr_03,value_01
data/abac_benchmark/resource_0098,r_attr_04,value_03
data/abac_benchmark/resource_0099,r_attr_01,value_02
data/abac_benchmark/resource_0099,r_attr_02,value_00
data/abac_benchmark/resource_0099,r_attr_03,value_00
data/abac_benchmark/resource_0099,r_attr_04,value_03
data/abac_benchmark/resource_0100,r_attr_01,value_04
data/abac_benchmark/resource_0100,r_attr_02,value_00
data/abac_benchmark/resource_0100,r_attr_03,value_04
data/abac_benchmark/resource_0100,r_attr_04,value_00
data/abac_benchmark/resource_0101,r_attr_01,value_05
data/abac_benchmark/resource_0101,r_attr_02,value_01
data/abac_benchmark/resource_0101,r_attr_03,value_06
data/abac_benchmark/resource_0101,r_attr_04,value_06
data/abac_benchmark/resource_0102,r_attr_01,value_00
data/abac_benchmark/resource_0102,r_attr_02,value_05
data/abac_benchmark/resource_0102,r_attr_03,value_02
data/abac_benchmark/resource_0102,r_attr_04,value_05
data/abac_benchmark/resource_0103,r_attr_01,value_04
data/abac_benchmark/resource_0103,r_attr_02,value_06
data/abac_benchmark/resource_0103,r_attr_03,value_06
data/abac_benchmark/resource_0103,r_attr_04,value_04
data/abac_benchmark/resource_0104,r_attr_01,value_00
data/abac_benchmark/resource_0104,r_attr_02,value_07
data/abac_benchmark/resource_0104,r_attr_03,value_03
data/abac_benchmark/resource_0104,r_attr_04,value_05
data/abac_benchmark/resource_0105,r_attr_01,value_00
data/abac_benchmark/resource_0105,r_attr_02,value_00
data/abac_benchmark/resource_0105,r_attr_03,value_07
data/abac_benchmark/resource_0105,r_attr_04,value_01
data/abac_benchmark/resource_0106,r_attr_01,value_05
data/abac_benchmark/resource_0106,r_attr_02,value_04
data/abac_benchmark/resource_0106,r_attr_03,value_01
data/abac_benchmark/resource_0106,r_attr_04,value_03
data/abac_benchmark/resource_0107,r_attr_01,value_04
data/abac_benchmark/resource_0107,r_attr_02,value_00
data/abac_benchmark/resource_0107,r_attr_03,value_02
data/abac_benchmark/resource_0107,r_attr_04,value_05
data/abac_benchmark/resource_0108,r_attr_01,value_05
data/abac_benchmark/resource_0108,r_attr_02,value_02
data/abac_benchmark/resource_0108,r_attr_03,value_01
data/abac_benchmark/resource_0108,r_attr_04,value_06
data/abac_benchmark/resource_0109,r_attr_01,value_01
data/abac_benchmark/resource_0109,r_attr_02,value_02
data/abac_benchmark/resource_0109,r_attr_03,value_07
data/abac_benchmark/resource_0109,r_attr_04,value_04
data/abac_benchmark/resource_0110,r_attr_01,value_03
data/abac_benchmark/resource_0110,r_attr_02,value_03
data/abac_benchmark/resource_0110,r_attr_03,value_04
data/abac_benchmark/resource_0110,r_attr_04,value_01
data/abac_benchmark/resource_0111,r_attr_01,value_01
data/abac_benchmark/resource_0111,r_attr_02,value_00
data/abac_benchmark/resource_0111,r_attr_03,value_03
data/abac_benchmark/resource_0111,r_attr_04,value_05
data/abac_benchmark/resource_0112,r_attr_01,value_01
data/abac_benchmark/resource_0112,r_attr_02,value_01
data/abac_benchmark/resource_0112,r_attr_03,value_05
data/abac_benchmark/resource_0112,r_attr_04,value_04
data/abac_benchmark/resource_0113,r_attr_01,value_05
data/abac_benchmark/resource_0113,r_attr_02,value_00
data/abac_benchmark/resource_0113,r_attr_03,value_02
data/abac_benchmark/resource_0113,r_attr_04,value_00
data/abac_benchmark/resource_0114,r_attr_01,value_06
data/abac_benchmark/resource_0114,r_attr_02,value_04
data/abac_benchmark/resource_0114,r_attr_03,value_06
data/abac_benchmark/resource_0114,r_attr_04,value_01
data/abac_benchmark/resource_0115,r_attr_01,value_01
data/abac_benchmark/resource_0115,r_attr_02,value_02
data/abac_benchmark/resource_0115,r_attr_03,value_05
data/abac_benchmark/resource_0115,r_attr_04,value_02
data/abac_benchmark/resource_0116,r_attr_01,value_07
data/abac_benchmark/resource_0116,r_attr_02,value_01
data/abac_benchmark/resource_0116,r_attr_03,value_05
data/abac_benchmark/resource_0116,r_attr_04,value_02
data/abac_benchmark/resource_0117,r_attr_01,value_05
data/abac_benchmark/resource_0117,r_attr_02,value_05
data/abac_benchmark/resource_0117,r_attr_03,value_02
data/abac_benchmark/resource_0117,r_attr_04,value_06
data/abac_benchmark/resource_0118,r_attr_01,value_05
data/abac_benchmark/resource_0118,r_attr_02,value_02
data/abac_benchmark/resource_0118,r_attr_03,value_05
data/abac_benchmark/resource_0118,r_attr_04,value_03
data/abac_benchmark/resource_0119,r_attr_01,value_02
data/abac_benchmark/resource_0119,r_attr_02,value_01
data/abac_benchmark/resource_0119,r_attr_03,value_03
data/abac_benchmark/resource_0119,r_attr_04,value_00
data/abac_benchmark/resource_0120,r_attr_01,value_01
data/abac_benchmark/resource_0120,r_attr_02,value_06
data/abac_benchmark/resource_0120,r_attr_03,value_00
data/abac_benchmark/resource_0120,r_attr_04,value_03
data/abac_benchmark/resource_0121,r_attr_01,value_07
data/abac_benchmark/resource_0121,r_attr_02,value_06
data/abac_benchmark/resource_0121,r_attr_03,value_06
data/abac_benchmark/resource_0121,r_attr_04,value_00
data/abac_benchmark/resource_0122,r_attr_01,value_03
data/abac_benchmark/resource_0122,r_attr_02,value_06
data/abac_benchmark/resource_0122,r_attr_03,value_06
data/abac_benchmark/resource_0122,r_attr_04,value_06
data/abac_benchmark/resource_0123,r_attr_01,value_00
data/abac_benchmark/resource_0123,r_attr_02,value_07
data/abac_benchmark/resource_0123,r_attr_03,value_07
data/abac_benchmark/resource_0123,r_attr_04,value_04
data/abac_benchmark/resource_0124,r_attr_01,value_00
data/abac_benchmark/resource_0124,r_attr_02,value_06
data/abac_benchmark/resource_0124,r_attr_03,value_06
data/abac_benchmark/resource_0124,r_attr_04,value_00
data/abac_benchmark/resource_0125,r_attr_01,value_06
data/abac_benchmark/resource_0125,r_attr_02,value_01
data/abac_benchmark/resource_0125,r_attr_03,value_02
data/abac_benchmark/resource_0125,r_attr_04,value_02
data/abac_benchmark/resource_0126,r_attr_01,value_02
data/abac_benchmark/resource_0126,r_attr_02,value_07
data/abac_benchmark/resource_0126,r_attr_03,value_00
data/abac_benchmark/resource_0126,r_attr_04,value_01
data/abac_benchmark/resource_0127,r_attr_01,value_06
data/abac_benchmark/resource_0127,r_attr_02,value_07
data/abac_benchmark/resource_0127,r_attr_03,value_03
data/abac_benchmark/resource_0127,r_attr_04,value_05
data/abac_benchmark/resource_0128,r_attr_01,value_04
data/abac_benchmark/resource_0128,r_attr_02,value_05
data/abac_benchmark/resource_0128,r_attr_03,value_03
data/abac_benchmark/resource_0128,r_attr_04,value_04
data/abac_benchmark/resource_0129,r_attr_01,value_03
data/abac_benchmark/resource_0129,r_attr_02,value_06
data/abac_benchmark/resource_0129,r_attr_03,value_00
data/abac_benchmark/resource_0129,r_attr_04,value_02
data/abac_benchmark/resource_0130,r_attr_01,value_03
data/abac_benchmark/resource_0130,r_attr_02,value_03
data/abac_benchmark/resource_0130,r_attr_03,value_07
data/abac_benchmark/resource_0130,r_attr_04,value_07
data/abac_benchmark/resource_0131,r_attr_01,value_02
data/abac_benchmark/resource_0131,r_attr_02,value_05
data/abac_benchmark/resource_0131,r_attr_03,value_03
data/abac_benchmark/resource_0131,r_attr_04,value_05
data/abac_benchmark/resource_0132,r_attr_01,value_02
data/abac_benchmark/resource_0132,r_attr_02,value_00
data/abac_benchmark/resource_0132,r_attr_03,value_00
data/abac_benchmark/resource_0132,r_attr_04,value_00
data/abac_benchmark/resource_0133,r_attr_01,value_07
data/abac_benchmark/resource_0133,r_attr_02,value_02
data/abac_benchmark/resource_0133,r_attr_03,value_01
data/abac_benchmark/resource_0133,r_attr_04,value_00
data/abac_benchmark/resource_0134,r_attr_01,value_03
data/abac_benchmark/resource_0134,r_attr_02,value_06
data/abac_benchmark/resource_0134,r_attr_03,value_03
data/abac_benchmark/resource_0134,r_attr_04,value_06
data/abac_benchmark/resource_0135,r_attr_01,value_00
data/abac_benchmark/resource_0135,r_attr_02,value_06
data/abac_benchmark/resource_0135,r_attr_03,value_06
data/abac_benchmark/resource_0135,r_attr_04,value_01
data/abac_benchmark/resource_0136,r_attr_01,value_02
data/abac_benchmark/resource_0136,r_attr_02,value_03
data/abac_benchmark/resource_0136,r_attr_03,value_06
data/abac_benchmark/resource_0136,r_attr_04,value_03
data/abac_benchmark/resource_0137,r_attr_01,value_05
data/abac_benchmark/resource_0137,r_attr_02,value_06
data/abac_benchmark/resource_0137,r_attr_03,value_06
data/abac_benchmark/resource_0137,r_attr_04,value_06
data/abac_benchmark/resource_0138,r_attr_01,value_02
data/abac_benchmark/resource_0138,r_attr_02,value_00
data/abac_benchmark/resource_0138,r_attr_03,value_04
data/abac_benchmark/resource_0138,r_attr_04,value_02
data/abac_benchmark/resource_0139,r_attr_01,value_00
data/abac_benchmark/resource_0139,r_attr_02,value_05
data/abac_benchmark/resource_0139,r_attr_03,value_02
data/abac_benchmark/resource_0139,r_attr_04,value_07
data/abac_benchmark/resource_0140,r_attr_01,value_07
data/abac_benchmark/resource_0140,r_attr_02,value_04
data/abac_benchmark/resource_0140,r_attr_03,value_01
data/abac_benchmark/resource_0140,r_attr_04,value_05
data/abac_benchmark/resource_0141,r_attr_01,value_04
data/abac_benchmark/resource_0141,r_attr_02,value_06
data/abac_benchmark/resource_0141,r_attr_03,value_00
data/abac_benchmark/resource_0141,r_attr_04,value_07
data/abac_benchmark/resource_0142,r_attr_01,value_07
data/abac_benchmark/resource_0142,r_attr_02,value_06
data/abac_benchmark/resource_0142,r_attr_03,value_06
data/abac_benchmark/resource_0142,r_attr_04,value_04
data/abac_benchmark/resource_0143,r_attr_01,value_05
data/abac_benchmark/resource_0143,r_attr_02,value_00
data/abac_benchmark/resource_0143,r_attr_03,value_05
data/abac_benchmark/resource_0143,r_attr_04,value_00
data/abac_benchmark/resource_0144,r_attr_01,value_01
data/abac_benchmark/resource_0144,r_attr_02,value_00
data/abac_benchmark/resource_0144,r_attr_03,value_04
data/abac_benchmark/resource_0144,r_attr_04,value_04
data/abac_benchmark/resource_0145,r_attr_01,value_07
data/abac_benchmark/resource_0145,r_attr_02,value_05
data/abac_benchmark/resource_0145,r_attr_03,value_01
data/abac_benchmark/resource_0145,r_attr_04,value_03
data/abac_benchmark/resource_0146,r_attr_01,value_07
data/abac_benchmark/resource_0146,r_attr_02,value_01
data/abac_benchmark/resource_0146,r_attr_03,value_03
data/abac_benchmark/resource_0146,r_attr_04,value_00
data/abac_benchmark/resource_0147,r_attr_01,value_02
data/abac_benchmark/resource_0147,r_attr_02,value_05
data/abac_benchmark/resource_0147,r_attr_03,value_01
data/abac_benchmark/resource_0147,r_attr_04,value_05
data/abac_benchmark/resource_0148,r_attr_01,value_01
data/abac_benchmark/resource_0148,r_attr_02,value_02
data/abac_benchmark/resource_0148,r_attr_03,value_04
data/abac_benchmark/resource_0148,r_attr_04,value_07
data/abac_benchmark/resource_0149,r_attr_01,value_03
data/abac_benchmark/resource_0149,r_attr_02,value_01
data/abac_benchmark/resource_0149,r_attr_03,value_00
data/abac_benchmark/resource_0149,r_attr_04,value_05
data/abac_benchmark/resource_0150,r_attr_01,value_06
data/abac_benchmark/resource_0150,r_attr_02,value_07
data/abac_benchmark/resource_0150,r_attr_03,value_02
data/abac_benchmark/resource_0150,r_attr_04,value_05
data/abac_benchmark/resource_0151,r_attr_01,value_05
data/abac_benchmark/resource_0151,r_attr_02,value_04
data/abac_benchmark/resource_0151,r_attr_03,value_02
data/abac_benchmark/resource_0151,r_attr_04,value_05
data/abac_benchmark/resource_0152,r_attr_01,value_03
data/abac_benchmark/resource_0152,r_attr_02,value_05
data/abac_benchmark/resource_0152,r_attr_03,value_03
data/abac_benchmark/resource_0152,r_attr_04,value_04
data/abac_benchmark/resource_0153,r_attr_01,value_06
data/abac_benchmark/resource_0153,r_attr_02,value_00
data/abac_benchmark/resource_0153,r_attr_03,value_07
data/abac_benchmark/resource_0153,r_attr_04,value_03
data/abac_benchmark/resource_0154,r_attr_01,value_01
data/abac_benchmark/resource_0154,r_attr_02,value_07
data/abac_benchmark/resource_0154,r_attr_03,value_05
data/abac_benchmark/resource_0154,r_attr_04,value_06
data/abac_benchmark/resource_0155,r_attr_01,value_01
data/abac_benchmark/resource_0155,r_attr_02,value_03
data/abac_benchmark/resource_0155,r_attr_03,value_04
data/abac_benchmark/resource_0155,r_attr_04,value_02
data/abac_benchmark/resource_0156,r_attr_01,value_04
data/abac_benchmark/resource_0156,r_attr_02,value_00
data/abac_benchmark/resource_0156,r_attr_03,value_07
data/abac_benchmark/resource_0156,r_attr_04,value_03
data/abac_benchmark/resource_0157,r_attr_01,value_00
data/abac_benchmark/resource_0157,r_attr_02,value_02
data/abac_benchmark/resource_0157,r_attr_03,value_07
data/abac_benchmark/resource_0157,r_attr_04,value_04
data/abac_benchmark/resource_0158,r_attr_01,value_06
data/abac_benchmark/resource_0158,r_attr_02,value_01
data/abac_benchmark/resource_0158,r_attr_03,value_05
data/abac_benchmark/resource_0158,r_attr_04,value_04
data/abac_benchmark/resource_0159,r_attr_01,value_03
data/abac_benchmark/resource_0159,r_attr_02,value_04
data/abac_benchmark/resource_0159,r_attr_03,value_04
data/abac_benchmark/resource_0159,r_attr_04,value_00
data/abac_benchmark/resource_0160,r_attr_01,value_01
data/abac_benchmark/resource_0160,r_attr_02,value_04
data/abac_benchmark/resource_0160,r_attr_03,value_05
data/abac_benchmark/resource_0160,r_attr_04,value_02
data/abac_benchmark/resource_0161,r_attr_01,value_05
data/abac_benchmark/resource_0161,r_attr_02,value_06
data/abac_benchmark/resource_0161,r_attr_03,value_01
data/abac_benchmark/resource_0161,r_attr_04,value_04
data/abac_benchmark/resource_0162,r_attr_01,value_07
data/abac_benchmark/resource_0162,r_attr_02,value_05
data/abac_benchmark/resource_0162,r_attr_03,value_03
data/abac_benchmark/resource_0162,r_attr_04,value_07
data/abac_benchmark/resource_0163,r_attr_01,value_01
data/abac_benchmark/resource_0163,r_attr_02,value_07
data/abac_benchmark/resource_0163,r_attr_03,value_02
data/abac_benchmark/resource_0163,r_attr_04,value_07
data/abac_benchmark/resource_0164,r_attr_01,value_01
data/abac_benchmark/resource_0164,r_attr_02,value_05
data/abac_benchmark/resource_0164,r_attr_03,value_05
data/abac_benchmark/resource_0164,r_attr_04,value_05
data/abac_benchmark/resource_0165,r_attr_01,value_05
data/abac_benchmark/resource_0165,r_attr_02,value_06
data/abac_benchmark/resource_0165,r_attr_03,value_02
data/abac_benchmark/resource_0165,r_attr_04,value_03
data/abac_benchmark/resource_0166,r_attr_01,value_06
data/abac_benchmark/resource_0166,r_attr_02,value_07
data/abac_benchmark/resource_0166,r_attr_03,value_03
data/abac_benchmark/resource_0166,r_attr_04,value_04
data/abac_benchmark/resource_0167,r_attr_01,value_01
data/abac_benchmark/resource_0167,r_attr_02,value_07
data/abac_benchmark/resource_0167,r_attr_03,value_00
data/abac_benchmark/resource_0167,r_attr_04,value_00
data/abac_benchmark/resource_0168,r_attr_01,value_06
data/abac_benchmark/resource_0168,r_attr_02,value_04
data/abac_benchmark/resource_0168,r_attr_03,value_01
data/abac_benchmark/resource_0168,r_attr_04,value_07
data/abac_benchmark/resource_0169,r_attr_01,value_06
data/abac_benchmark/resource_0169,r_attr_02,value_00
data/abac_benchmark/resource_0169,r_attr_03,value_00
data/abac_benchmark/resource_0169,r_attr_04,value_03
data/abac_benchmark/resource_0170,r_attr_01,value_06
data/abac_benchmark/resource_0170,r_attr_02,value_03
data/abac_benchmark/resource_0170,r_attr_03,value_00
data/abac_benchmark/resource_0170,r_attr_04,value_07
data/abac_benchmark/resource_0171,r_attr_01,value_00
data/abac_benchmark/resource_0171,r_attr_02,value_01
data/abac_benchmark/resource_0171,r_attr_03,value_01
data/abac_benchmark/resource_0171,r_attr_04,value_02
data/abac_benchmark/resource_0172,r_attr_01,value_07
data/abac_benchmark/resource_0172,r_attr_02,value_00
data/abac_benchmark/resource_0172,r_attr_03,value_01
data/abac_benchmark/resource_0172,r_attr_04,value_06
data/abac_benchmark/resource_0173,r_attr_01,value_01
data/abac_benchmark/resource_0173,r_attr_02,value_06
data/abac_benchmark/resource_0173,r_attr_03,value_05
data/abac_benchmark/resource_0173,r_attr_04,value_05
data/abac_benchmark/resource_0174,r_attr_01,value_02
data/abac_benchmark/resource_0174,r_attr_02,value_07
data/abac_benchmark/resource_0174,r_attr_03,value_05
data/abac_benchmark/resource_0174,r_attr_04,value_06
data/abac_benchmark/resource_0175,r_attr_01,value_00
data/abac_benchmark/resource_0175,r_attr_02,value_00
data/abac_benchmark/resource_0175,r_attr_03,value_07
data/abac_benchmark/resource_0175,r_attr_04,value_00
data/abac_benchmark/resource_0176,r_attr_01,value_07
data/abac_benchmark/resource_0176,r_attr_02,value_03
data/abac_benchmark/resource_0176,r_attr_03,value_04
data/abac_benchmark/resource_0176,r_attr_04,value_06
data/abac_benchmark/resource_0177,r_attr_01,value_03
data/abac_benchmark/resource_0177,r_attr_02,value_02
data/abac_benchmark/resource_0177,r_attr_03,value_06
data/abac_benchmark/resource_0177,r_attr_04,value_07
data/abac_benchmark/resource_0178,r_attr_01,value_00
data/abac_benchmark/resource_0178,r_attr_02,value_03
data/abac_benchmark/resource_0178,r_attr_03,value_02
data/abac_benchmark/resource_0178,r_attr_04,value_06
data/abac_benchmark/resource_0179,r_attr_01,value_01
data/abac_benchmark/resource_0179,r_attr_02,value_00
data/abac_benchmark/resource_0179,r_attr_03,value_00
data/abac_benchmark/resource_0179,r_attr_04,value_06
data/abac_benchmark/resource_0180,r_attr_01,value_07
data/abac_benchmark/resource_0180,r_attr_02,value_05
data/abac_benchmark/resource_0180,r_attr_03,value_02
data/abac_benchmark/resource_0180,r_attr_04,value_06
data/abac_benchmark/resource_0181,r_attr_01,value_05
data/abac_benchmark/resource_0181,r_attr_02,value_01
data/abac_benchmark/resource_0181,r_attr_03,value_03
data/abac_benchmark/resource_0181,r_attr_04,value_02
data/abac_benchmark/resource_0182,r_attr_01,value_05
data/abac_benchmark/resource_0182,r_attr_02,value_05
data/abac_benchmark/resource_0182,r_attr_03,value_07
data/abac_benchmark/resource_0182,r_attr_04,value_04
data/abac_benchmark/resource_0183,r_attr_01,value_03
data/abac_benchmark/resource_0183,r_attr_02,value_07
data/abac_benchmark/resource_0183,r_attr_03,value_01
data/abac_benchmark/resource_0183,r_attr_04,value_01
data/abac_benchmark/resource_0184,r_attr_01,value_03
data/abac_benchmark/resource_0184,r_attr_02,value_05
data/abac_benchmark/resource_0184,r_attr_03,value_07
data/abac_benchmark/resource_0184,r_attr_04,value_02
data/abac_benchmark/resource_0185,r_attr_01,value_06
data/abac_benchmark/resource_0185,r_attr_02,value_04
data/abac_benchmark/resource_0185,r_attr_03,value_00
data/abac_benchmark/resource_0185,r_attr_04,value_05
data/abac_benchmark/resource_0186,r_attr_01,value_00
data/abac_benchmark/resource_0186,r_attr_02,value_04
data/abac_benchmark/resource_0186,r_attr_03,value_02
data/abac_benchmark/resource_0186,r_attr_04,value_07
data/abac_benchmark/resource_0187,r_attr_01,value_06
data/abac_benchmark/resource_0187,r_attr_02,value_02
data/abac_benchmark/resource_0187,r_attr_03,value_00
data/abac_benchmark/resource_0187,r_attr_04,value_02
data/abac_benchmark/resource_0188,r_attr_01,value_06
data/abac_benchmark/resource_0188,r_attr_02,value_00
data/abac_benchmark/resource_0188,r_attr_03,value_07
data/abac_benchmark/resource_0188,r_attr_04,value_00
data/abac_benchmark/resource_0189,r_attr_01,value_06
data/abac_benchmark/resource_0189,r_attr_02,value_05
data/abac_benchmark/resource_0189,r_attr_03,value_06
data/abac_benchmark/resource_0189,r_attr_04,value_04
data/abac_benchmark/resource_0190,r_attr_01,value_07
data/abac_benchmark/resource_0190,r_attr_02,value_06
data/abac_benchmark/resource_0190,r_attr_03,value_07
data/abac_benchmark/resource_0190,r_attr_04,value_00
data/abac_benchmark/resource_0191,r_attr_01,value_07
data/abac_benchmark/resource_0191,r_attr_02,value_00
data/abac_benchmark/resource_0191,r_attr_03,value_02
data/abac_benchmark/resource_0191,r_attr_04,value_00
data/abac_benchmark/resource_0192,r_attr_01,value_05
data/abac_benchmark/resource_0192,r_attr_02,value_06
data/abac_benchmark/resource_0192,r_attr_03,value_06
data/abac_benchmark/resource_0192,r_attr_04,value_02
data/abac_benchmark/resource_0193,r_attr_01,value_02
data/abac_benchmark/resource_0193,r_attr_02,value_07
data/abac_benchmark/resource_0193,r_attr_03,value_02
data/abac_benchmark/resource_0193,r_attr_04,value_00
data/abac_benchmark/resource_0194,r_attr_01,value_05
data/abac_benchmark/resource_0194,r_attr_02,value_02
data/abac_benchmark/resource_0194,r_attr_03,value_05
data/abac_benchmark/resource_0194,r_attr_04,value_05
data/abac_benchmark/resource_0195,r_attr_01,value_06
data/abac_benchmark/resource_0195,r_attr_02,value_06
data/abac_benchmark/resource_0195,r_attr_03,value_02
data/abac_benchmark/resource_0195,r_attr_04,value_04
data/abac_benchmark/resource_0196,r_attr_01,value_02
data/abac_benchmark/resource_0196,r_attr_02,value_04
data/abac_benchmark/resource_0196,r_attr_03,value_02
data/abac_benchmark/resource_0196,r_attr_04,value_00
data/abac_benchmark/resource_0197,r_attr_01,value_06
data/abac_benchmark/resource_0197,r_attr_02,value_07
data/abac_benchmark/resource_0197,r_attr_03,value_02
data/abac_benchmark/resource_0197,r_attr_04,value_04
data/abac_benchmark/resource_0198,r_attr_01,value_06
data/abac_benchmark/resource_0198,r_attr_02,value_03
data/abac_benchmark/resource_0198,r_attr_03,value_04
data/abac_benchmark/resource_0198,r_attr_04,value_03
data/abac_benchmark/resource_0199,r_attr_01,value_00
data/abac_benchmark/resource_0199,r_attr_02,value_04
data/abac_benchmark/resource_0199,r_attr_03,value_00
data/abac_benchmark/resource_0199,r_attr_04,value_01
data/abac_benchmark/resource_0200,r_attr_01,value_04
data/abac_benchmark/resource_0200,r_attr_02,value_04
data/abac_benchmark/resource_0200,r_attr_03,value_05
data/abac_benchmark/resource_0200,r_attr_04,value_02
data/abac_benchmark/resource_0201,r_attr_01,value_02
data/abac_benchmark/resource_0201,r_attr_02,value_00
data/abac_benchmark/resource_0201,r_attr_03,value_01
data/abac_benchmark/resource_0201,r_attr_04,value_07
data/abac_benchmark/resource_0202,r_attr_01,value_01
data/abac_benchmark/resource_0202,r_attr_02,value_05
data/abac_benchmark/resource_0202,r_attr_03,value_01
data/abac_benchmark/resource_0202,r_attr_04,value_05
data/abac_benchmark/resource_0203,r_attr_01,value_06
data/abac_benchmark/resource_0203,r_attr_02,value_04
data/abac_benchmark/resource_0203,r_attr_03,value_04
data/abac_benchmark/resource_0203,r_attr_04,value_07
data/abac_benchmark/resource_0204,r_attr_01,value_06
data/abac_benchmark/resource_0204,r_attr_02,value_07
data/abac_benchmark/resource_0204,r_attr_03,value_02
data/abac_benchmark/resource_0204,r_attr_04,value_06
data/abac_benchmark/resource_0205,r_attr_01,value_01
data/abac_benchmark/resource_0205,r_attr_02,value_04
data/abac_benchmark/resource_0205,r_attr_03,value_06
data/abac_benchmark/resource_0205,r_attr_04,value_00
data/abac_benchmark/resource_0206,r_attr_01,value_04
data/abac_benchmark/resource_0206,r_attr_02,value_03
data/abac_benchmark/resource_0206,r_attr_03,value_00
data/abac_benchmark/resource_0206,r_attr_04,value_01
data/abac_benchmark/resource_0207,r_attr_01,value_06
data/abac_benchmark/resource_0207,r_attr_02,value_06
data/abac_benchmark/resource_0207,r_attr_03,value_05
data/abac_benchmark/resource_0207,r_attr_04,value_07
data/abac_benchmark/resource_0208,r_attr_01,value_07
data/abac_benchmark/resource_0208,r_attr_02,value_04
data/abac_benchmark/resource_0208,r_attr_03,value_02
data/abac_benchmark/resource_0208,r_attr_04,value_00
data/abac_benchmark/resource_0209,r_attr_01,value_06
data/abac_benchmark/resource_0209,r_attr_02,value_00
data/abac_benchmark/resource_0209,r_attr_03,value_01
data/abac_benchmark/resource_0209,r_attr_04,value_00
data/abac_benchmark/resource_0210,r_attr_01,value_04
data/abac_benchmark/resource_0210,r_attr_02,value_00
data/abac_benchmark/resource_0210,r_attr_03,value_01
data/abac_benchmark/resource_0210,r_attr_04,value_04
data/abac_benchmark/resource_0211,r_attr_01,value_01
data/abac_benchmark/resource_0211,r_attr_02,value_05
data/abac_benchmark/resource_0211,r_attr_03,value_07
data/abac_benchmark/resource_0211,r_attr_04,value_00
data/abac_benchmark/resource_0212,r_attr_01,value_03
data/abac_benchmark/resource_0212,r_attr_02,value_06
data/abac_benchmark/resource_0212,r_attr_03,value_05
data/abac_benchmark/resource_0212,r_attr_04,value_05
data/abac_benchmark/resource_0213,r_attr_01,value_00
data/abac_benchmark/resource_0213,r_attr_02,value_06
data/abac_benchmark/resource_0213,r_attr_03,value_05
data/abac_benchmark/resource_0213,r_attr_04,value_06
data/abac_benchmark/resource_0214,r_attr_01,value_02
data/abac_benchmark/resource_0214,r_attr_02,value_03
data/abac_benchmark/resource_0214,r_attr_03,value_02
data/abac_benchmark/resource_0214,r_attr_04,value_07
data/abac_benchmark/resource_0215,r_attr_01,value_05
data/abac_benchmark/resource_0215,r_attr_02,value_03
data/abac_benchmark/resource_0215,r_attr_03,value_05
data/abac_benchmark/resource_0215,r_attr_04,value_05
data/abac_benchmark/resource_0216,r_attr_01,value_01
data/abac_benchmark/resource_0216,r_attr_02,value_01
data/abac_benchmark/resource_0216,r_attr_03,value_07
data/abac_benchmark/resource_0216,r_attr_04,value_00
data/abac_benchmark/resource_0217,r_attr_01,value_04
data/abac_benchmark/resource_0217,r_attr_02,value_04
data/abac_benchmark/resource_0217,r_attr_03,value_07
data/abac_benchmark/resource_0217,r_attr_04,value_02
data/abac_benchmark/resource_0218,r_attr_01,value_01
data/abac_benchmark/resource_0218,r_attr_02,value_03
data/abac_benchmark/resource_0218,r_attr_03,value_02
data/abac_benchmark/resource_0218,r_attr_04,value_02
data/abac_benchmark/resource_0219,r_attr_01,value_02
data/abac_benchmark/resource_0219,r_attr_02,value_00
data/abac_benchmark/resource_0219,r_attr_03,value_03
data/abac_benchmark/resource_0219,r_attr_04,value_00
data/abac_benchmark/resource_0220,r_attr_01,value_00
data/abac_benchmark/resource_0220,r_attr_02,value_06
data/abac_benchmark/resource_0220,r_attr_03,value_04
data/abac_benchmark/resource_0220,r_attr_04,value_02
data/abac_benchmark/resource_0221,r_attr_01,value_01
data/abac_benchmark/resource_0221,r_attr_02,value_01
data/abac_benchmark/resource_0221,r_attr_03,value_06
data/abac_benchmark/resource_0221,r_attr_04,value_04
data/abac_benchmark/resource_0222,r_attr_01,value_00
data/abac_benchmark/resource_0222,r_attr_02,value_00
data/abac_benchmark/resource_0222,r_attr_03,value_07
data/abac_benchmark/resource_0222,r_attr_04,value_03
data/abac_benchmark/resource_0223,r_attr_01,value_01
data/abac_benchmark/resource_0223,r_attr_02,value_02
data/abac_benchmark/resource_0223,r_attr_03,value_06
data/abac_benchmark/resource_0223,r_attr_04,value_00
data/abac_benchmark/resource_0224,r_attr_01,value_07
data/abac_benchmark/resource_0224,r_attr_02,value_03
data/abac_benchmark/resource_0224,r_attr_03,value_04
data/abac_benchmark/resource_0224,r_attr_04,value_03
data/abac_benchmark/resource_0225,r_attr_01,value_03
data/abac_benchmark/resource_0225,r_attr_02,value_02
data/abac_benchmark/resource_0225,r_attr_03,value_03
data/abac_benchmark/resource_0225,r_attr_04,value_02
data/abac_benchmark/resource_0226,r_attr_01,value_03
data/abac_benchmark/resource_0226,r_attr_02,value_03
data/abac_benchmark/resource_0226,r_attr_03,value_01
data/abac_benchmark/resource_0226,r_attr_04,value_02
data/abac_benchmark/resource_0227,r_attr_01,value_04
data/abac_benchmark/resource_0227,r_attr_02,value_06
data/abac_benchmark/resource_0227,r_attr_03,value_04
data/abac_benchmark/resource_0227,r_attr_04,value_00
data/abac_benchmark/resource_0228,r_attr_01,value_06
data/abac_benchmark/resource_0228,r_attr_02,value_04
data/abac_benchmark/resource_0228,r_attr_03,value_06
data/abac_benchmark/resource_0228,r_attr_04,value_02
data/abac_benchmark/resource_0229,r_attr_01,value_05
data/abac_benchmark/resource_0229,r_attr_02,value_00
data/abac_benchmark/resource_0229,r_attr_03,value_03
data/abac_benchmark/resource_0229,r_attr_04,value_03
data/abac_benchmark/resource_0230,r_attr_01,value_07
data/abac_benchmark/resource_0230,r_attr_02,value_06
data/abac_benchmark/resource_0230,r_attr_03,value_01
data/abac_benchmark/resource_0230,r_attr_04,value_07
data/abac_benchmark/resource_0231,r_attr_01,value_07
data/abac_benchmark/resource_0231,r_attr_02,value_07
data/abac_benchmark/resource_0231,r_attr_03,value_00
data/abac_benchmark/resource_0231,r_attr_04,value_00
data/abac_benchmark/resource_0232,r_attr_01,value_03
data/abac_benchmark/resource_0232,r_attr_02,value_07
data/abac_benchmark/resource_0232,r_attr_03,value_01
data/abac_benchmark/resource_0232,r_attr_04,value_00
data/abac_benchmark/resource_0233,r_attr_01,value_07
data/abac_benchmark/resource_0233,r_attr_02,value_03
data/abac_benchmark/resource_0233,r_attr_03,value_00
data/abac_benchmark/resource_0233,r_attr_04,value_03
data/abac_benchmark/resource_0234,r_attr_01,value_05
data/abac_benchmark/resource_0234,r_attr_02,value_00
data/abac_benchmark/resource_0234,r_attr_03,value_05
data/abac_benchmark/resource_0234,r_attr_04,value_03
data/abac_benchmark/resource_0235,r_attr_01,value_05
data/abac_benchmark/resource_0235,r_attr_02,value_06
data/abac_benchmark/resource_0235,r_attr_03,value_06
data/abac_benchmark/resource_0235,r_attr_04,value_03
data/abac_benchmark/resource_0236,r_attr_01,value_04
data/abac_benchmark/resource_0236,r_attr_02,value_03
data/abac_benchmark/resource_0236,r_attr_03,value_00
data/abac_benchmark/resource_0236,r_attr_04,value_05
data/abac_benchmark/resource_0237,r_attr_01,value_01
data/abac_benchmark/resource_0237,r_attr_02,value_05
data/abac_benchmark/resource_0237,r_attr_03,value_07
data/abac_benchmark/resource_0237,r_attr_04,value_00
data/abac_benchmark/resource_0238,r_attr_01,value_00
data/abac_benchmark/resource_0238,r_attr_02,value_04
data/abac_benchmark/resource_0238,r_attr_03,value_06
data/abac_benchmark/resource_0238,r_attr_04,value_04
data/abac_benchmark/resource_0239,r_attr_01,value_02
data/abac_benchmark/resource_0239,r_attr_02,value_00
data/abac_benchmark/resource_0239,r_attr_03,value_05
data/abac_benchmark/resource_0239,r_attr_04,value_05
data/abac_benchmark/resource_0240,r_attr_01,value_02
data/abac_benchmark/resource_0240,r_attr_02,value_00
data/abac_benchmark/resource_0240,r_attr_03,value_06
data/abac_benchmark/resource_0240,r_attr_04,value_01
data/abac_benchmark/resource_0241,r_attr_01,value_01
data/abac_benchmark/resource_0241,r_attr_02,value_07
data/abac_benchmark/resource_0241,r_attr_03,value_01
data/abac_benchmark/resource_0241,r_attr_04,value_07
data/abac_benchmark/resource_0242,r_attr_01,value_03
data/abac_benchmark/resource_0242,r_attr_02,value_04
data/abac_benchmark/resource_0242,r_attr_03,value_05
data/abac_benchmark/resource_0242,r_attr_04,value_03
data/abac_benchmark/resource_0243,r_attr_01,value_05
data/abac_benchmark/resource_0243,r_attr_02,value_04
data/abac_benchmark/resource_0243,r_attr_03,value_03
data/abac_benchmark/resource_0243,r_attr_04,value_06
data/abac_benchmark/resource_0244,r_attr_01,value_04
data/abac_benchmark/resource_0244,r_attr_02,value_07
data/abac_benchmark/resource_0244,r_attr_03,value_02
data/abac_benchmark/resource_0244,r_attr_04,value_07
data/abac_benchmark/resource_0245,r_attr_01,value_01
data/abac_benchmark/resource_0245,r_attr_02,value_05
data/abac_benchmark/resource_0245,r_attr_03,value_05
data/abac_benchmark/resource_0245,r_attr_04,value_02
data/abac_benchmark/resource_0246,r_attr_01,value_05
data/abac_benchmark/resource_0246,r_attr_02,value_07
data/abac_benchmark/resource_0246,r_attr_03,value_01
data/abac_benchmark/resource_0246,r_attr_04,value_06
data/abac_benchmark/resource_0247,r_attr_01,value_02
data/abac_benchmark/resource_0247,r_attr_02,value_07
data/abac_benchmark/resource_0247,r_attr_03,value_05
data/abac_benchmark/resource_0247,r_attr_04,value_00
data/abac_benchmark/resource_0248,r_attr_01,value_07
data/abac_benchmark/resource_0248,r_attr_02,value_07
data/abac_benchmark/resource_0248,r_attr_03,value_05
data/abac_benchmark/resource_0248,r_attr_04,value_04
data/abac_benchmark/resource_0249,r_attr_01,value_04
data/abac_benchmark/resource_0249,r_attr_02,value_07
data/abac_benchmark/resource_0249,r_attr_03,value_02
data/abac_benchmark/resource_0249,r_attr_04,value_03
data/abac_benchmark/resource_0250,r_attr_01,value_04
data/abac_benchmark/resource_0250,r_attr_02,value_05
data/abac_benchmark/resource_0250,r_attr_03,value_03
data/abac_benchmark/resource_0250,r_attr_04,value_01
data/abac_benchmark/resource_0251,r_attr_01,value_05
data/abac_benchmark/resource_0251,r_attr_02,value_02
data/abac_benchmark/resource_0251,r_attr_03,value_00
data/abac_benchmark/resource_0251,r_attr_04,value_03
data/abac_benchmark/resource_0252,r_attr_01,value_06
data/abac_benchmark/resource_0252,r_attr_02,value_02
data/abac_benchmark/resource_0252,r_attr_03,value_00
data/abac_benchmark/resource_0252,r_attr_04,value_05
data/abac_benchmark/resource_0253,r_attr_01,value_03
data/abac_benchmark/resource_0253,r_attr_02,value_04
data/abac_benchmark/resource_0253,r_attr_03,value_04
data/abac_benchmark/resource_0253,r_attr_04,value_07
data/abac_benchmark/resource_0254,r_attr_01,value_07
data/abac_benchmark/resource_0254,r_attr_02,value_05
data/abac_benchmark/resource_0254,r_attr_03,value_02
data/abac_benchmark/resource_0254,r_attr_04,value_03
data/abac_benchmark/resource_0255,r_attr_01,value_07
data/abac_benchmark/resource_0255,r_attr_02,value_00
data/abac_benchmark/resource_0255,r_attr_03,value_01
data/abac_benchmark/resource_0255,r_attr_04,value_03
data/abac_benchmark/resource_0256,r_attr_01,value_02
data/abac_benchmark/resource_0256,r_attr_02,value_01
data/abac_benchmark/resource_0256,r_attr_03,value_00
data/abac_benchmark/resource_0256,r_attr_04,value_06
data/abac_benchmark/resource_0257,r_attr_01,value_07
data/abac_benchmark/resource_0257,r_attr_02,value_04
data/abac_benchmark/resource_0257,r_attr_03,value_00
data/abac_benchmark/resource_0257,r_attr_04,value_04
data/abac_benchmark/resource_0258,r_attr_01,value_06
data/abac_benchmark/resource_0258,r_attr_02,value_03
data/abac_benchmark/resource_0258,r_attr_03,value_04
data/abac_benchmark/resource_0258,r_attr_04,value_02
data/abac_benchmark/resource_0259,r_attr_01,value_00
data/abac_benchmark/resource_0259,r_attr_02,value_04
data/abac_benchmark/resource_0259,r_attr_03,value_01
data/abac_benchmark/resource_0259,r_attr_04,value_07
data/abac_benchmark/resource_0260,r_attr_01,value_04
data/abac_benchmark/resource_0260,r_attr_02,value_01
data/abac_benchmark/resource_0260,r_attr_03,value_07
data/abac_benchmark/resource_0260,r_attr_04,value_05
data/abac_benchmark/resource_0261,r_attr_01,value_05
data/abac_benchmark/resource_0261,r_attr_02,value_03
data/abac_benchmark/resource_0261,r_attr_03,value_04
data/abac_benchmark/resource_0261,r_attr_04,value_05
data/abac_benchmark/resource_0262,r_attr_01,value_04
data/abac_benchmark/resource_0262,r_attr_02,value_06
data/abac_benchmark/resource_0262,r_attr_03,value_04
data/abac_benchmark/resource_0262,r_attr_04,value_01
data/abac_benchmark/resource_0263,r_attr_01,value_05
data/abac_benchmark/resource_0263,r_attr_02,value_03
data/abac_benchmark/resource_0263,r_attr_03,value_03
data/abac_benchmark/resource_0263,r_attr_04,value_00
data/abac_benchmark/resource_0264,r_attr_01,value_04
data/abac_benchmark/resource_0264,r_attr_02,value_00
data/abac_benchmark/resource_0264,r_attr_03,value_07
data/abac_benchmark/resource_0264,r_attr_04,value_03
data/abac_benchmark/resource_0265,r_attr_01,value_01
data/abac_benchmark/resource_0265,r_attr_02,value_04
data/abac_benchmark/resource_0265,r_attr_03,value_04
data/abac_benchmark/resource_0265,r_attr_04,value_01
data/abac_benchmark/resource_0266,r_attr_01,value_05
data/abac_benchmark/resource_0266,r_attr_02,value_05
data/abac_benchmark/resource_0266,r_attr_03,value_06
data/abac_benchmark/resource_0266,r_attr_04,value_06
data/abac_benchmark/resource_0267,r_attr_01,value_03
data/abac_benchmark/resource_0267,r_attr_02,value_04
data/abac_benchmark/resource_0267,r_attr_03,value_04
data/abac_benchmark/resource_0267,r_attr_04,value_02
data/abac_benchmark/resource_0268,r_attr_01,value_02
data/abac_benchmark/resource_0268,r_attr_02,value_07
data/abac_benchmark/resource_0268,r_attr_03,value_00
data/abac_benchmark/resource_0268,r_attr_04,value_07
data/abac_benchmark/resource_0269,r_attr_01,value_00
data/abac_benchmark/resource_0269,r_attr_02,value_06
data/abac_benchmark/resource_0269,r_attr_03,value_00
data/abac_benchmark/resource_0269,r_attr_04,value_02
data/abac_benchmark/resource_0270,r_attr_01,value_00
data/abac_benchmark/resource_0270,r_attr_02,value_00
data/abac_benchmark/resource_0270,r_attr_03,value_01
data/abac_benchmark/resource_0270,r_attr_04,value_07
data/abac_benchmark/resource_0271,r_attr_01,value_00
data/abac_benchmark/resource_0271,r_attr_02,value_01
data/abac_benchmark/resource_0271,r_attr_03,value_01
data/abac_benchmark/resource_0271,r_attr_04,value_07
data/abac_benchmark/resource_0272,r_attr_01,value_07
data/abac_benchmark/resource_0272,r_attr_02,value_07
data/abac_benchmark/resource_0272,r_attr_03,value_05
data/abac_benchmark/resource_0272,r_attr_04,value_06
data/abac_benchmark/resource_0273,r_attr_01,value_00
data/abac_benchmark/resource_0273,r_attr_02,value_06
data/abac_benchmark/resource_0273,r_attr_03,value_01
data/abac_benchmark/resource_0273,r_attr_04,value_00
data/abac_benchmark/resource_0274,r_attr_01,value_00
data/abac_benchmark/resource_0274,r_attr_02,value_07
data/abac_benchmark/resource_0274,r_attr_03,value_03
data/abac_benchmark/resource_0274,r_attr_04,value_07
data/abac_benchmark/resource_0275,r_attr_01,value_04
data/abac_benchmark/resource_0275,r_attr_02,value_07
data/abac_benchmark/resource_0275,r_attr_03,value_06
data/abac_benchmark/resource_0275,r_attr_04,value_07
data/abac_benchmark/resource_0276,r_attr_01,value_03
data/abac_benchmark/resource_0276,r_attr_02,value_00
data/abac_benchmark/resource_0276,r_attr_03,value_02
data/abac_benchmark/resource_0276,r_attr_04,value_03
data/abac_benchmark/resource_0277,r_attr_01,value_06
data/abac_benchmark/resource_0277,r_attr_02,value_00
data/abac_benchmark/resource_0277,r_attr_03,value_05
data/abac_benchmark/resource_0277,r_attr_04,value_01
data/abac_benchmark/resource_0278,r_attr_01,value_02
data/abac_benchmark/resource_0278,r_attr_02,value_01
data/abac_benchmark/resource_0278,r_attr_03,value_07
data/abac_benchmark/resource_0278,r_attr_04,value_06
data/abac_benchmark/resource_0279,r_attr_01,value_07
data/abac_benchmark/resource_0279,r_attr_02,value_04
data/abac_benchmark/resource_0279,r_attr_03,value_05
data/abac_benchmark/resource_0279,r_attr_04,value_00
data/abac_benchmark/resource_0280,r_attr_01,value_00
data/abac_benchmark/resource_0280,r_attr_02,value_06
data/abac_benchmark/resource_0280,r_attr_03,value_05
data/abac_benchmark/resource_0280,r_attr_04,value_01
data/abac_benchmark/resource_0281,r_attr_01,value_04
data/abac_benchmark/resource_0281,r_attr_02,value_04
data/abac_benchmark/resource_0281,r_attr_03,value_03
data/abac_benchmark/resource_0281,r_attr_04,value_04
data/abac_benchmark/resource_0282,r_attr_01,value_01
data/abac_benchmark/resource_0282,r_attr_02,value_02
data/abac_benchmark/resource_0282,r_attr_03,value_07
data/abac_benchmark/resource_0282,r_attr_04,value_04
data/abac_benchmark/resource_0283,r_attr_01,value_06
data/abac_benchmark/resource_0283,r_attr_02,value_04
data/abac_benchmark/resource_0283,r_attr_03,value_07
data/abac_benchmark/resource_0283,r_attr_04,value_02
data/abac_benchmark/resource_0284,r_attr_01,value_03
data/abac_benchmark/resource_0284,r_attr_02,value_01
data/abac_benchmark/resource_0284,r_attr_03,value_07
data/abac_benchmark/resource_0284,r_attr_04,value_01
data/abac_benchmark/resource_0285,r_attr_01,value_03
data/abac_benchmark/resource_0285,r_attr_02,value_04
data/abac_benchmark/resource_0285,r_attr_03,value_06
data/abac_benchmark/resource_0285,r_attr_04,value_07
data/abac_benchmark/resource_0286,r_attr_01,value_05
data/abac_benchmark/resource_0286,r_attr_02,value_06
data/abac_benchmark/resource_0286,r_attr_03,value_02
data/abac_benchmark/resource_0286,r_attr_04,value_03
data/abac_benchmark/resource_0287,r_attr_01,value_02
data/abac_benchmark/resource_0287,r_attr_02,value_01
data/abac_benchmark/resource_0287,r_attr_03,value_03
data/abac_benchmark/resource_0287,r_attr_04,value_04
data/abac_benchmark/resource_0288,r_attr_01,value_00
data/abac_benchmark/resource_0288,r_attr_02,value_03
data/abac_benchmark/resource_0288,r_attr_03,value_05
data/abac_benchmark/resource_0288,r_attr_04,value_05
data/abac_benchmark/resource_0289,r_attr_01,value_05
data/abac_benchmark/resource_0289,r_attr_02,value_07
data/abac_benchmark/resource_0289,r_attr_03,value_05
data/abac_benchmark/resource_0289,r_attr_04,value_05
data/abac_benchmark/resource_0290,r_attr_01,value_00
data/abac_benchmark/resource_0290,r_attr_02,value_04
data/abac_benchmark/resource_0290,r_attr_03,value_06
data/abac_benchmark/resource_0290,r_attr_04,value_04
data/abac_benchmark/resource_0291,r_attr_01,value_01
data/abac_benchmark/resource_0291,r_attr_02,value_04
data/abac_benchmark/resource_0291,r_attr_03,value_00
data/abac_benchmark/resource_0291,r_attr_04,value_01
data/abac_benchmark/resource_0292,r_attr_01,value_06
data/abac_benchmark/resource_0292,r_attr_02,value_03
data/abac_benchmark/resource_0292,r_attr_03,value_04
data/abac_benchmark/resource_0292,r_attr_04,value_05
data/abac_benchmark/resource_0293,r_attr_01,value_07
data/abac_benchmark/resource_0293,r_attr_02,value_03
data/abac_benchmark/resource_0293,r_attr_03,value_04
data/abac_benchmark/resource_0293,r_attr_04,value_05
data/abac_benchmark/resource_0294,r_attr_01,value_05
data/abac_benchmark/resource_0294,r_attr_02,value_05
data/abac_benchmark/resource_0294,r_attr_03,value_01
data/abac_benchmark/resource_0294,r_attr_04,value_02
data/abac_benchmark/resource_0295,r_attr_01,value_00
data/abac_benchmark/resource_0295,r_attr_02,value_04
data/abac_benchmark/resource_0295,r_attr_03,value_05
data/abac_benchmark/resource_0295,r_attr_04,value_04
data/abac_benchmark/resource_0296,r_attr_01,value_02
data/abac_benchmark/resource_0296,r_attr_02,value_01
data/abac_benchmark/resource_0296,r_attr_03,value_03
data/abac_benchmark/resource_0296,r_attr_04,value_03
data/abac_benchmark/resource_0297,r_attr_01,value_04
data/abac_benchmark/resource_0297,r_attr_02,value_00
data/abac_benchmark/resource_0297,r_attr_03,value_02
data/abac_benchmark/resource_0297,r_attr_04,value_04
data/abac_benchmark/resource_0298,r_attr_01,value_04
data/abac_benchmark/resource_0298,r_attr_02,value_05
data/abac_benchmark/resource_0298,r_attr_03,value_03
data/abac_benchmark/resource_0298,r_attr_04,value_04
data/abac_benchmark/resource_0299,r_attr_01,value_05
data/abac_benchmark/resource_0299,r_attr_02,value_06
data/abac_benchmark/resource_0299,r_attr_03,value_03
data/abac_benchmark/resource_0299,r_attr_04,value_00
data/abac_benchmark/resource_0300,r_attr_01,value_06
data/abac_benchmark/resource_0300,r_attr_02,value_00
data/abac_benchmark/resource_0300,r_attr_03,value_01
data/abac_benchmark/resource_0300,r_attr_04,value_01
data/abac_benchmark/resource_0301,r_attr_01,value_05
data/abac_benchmark/resource_0301,r_attr_02,value_04
data/abac_benchmark/resource_0301,r_attr_03,value_02
data/abac_benchmark/resource_0301,r_attr_04,value_00
data/abac_benchmark/resource_0302,r_attr_01,value_01
data/abac_benchmark/resource_0302,r_attr_02,value_05
data/abac_benchmark/resource_0302,r_attr_03,value_03
data/abac_benchmark/resource_0302,r_attr_04,value_07
data/abac_benchmark/resource_0303,r_attr_01,value_06
data/abac_benchmark/resource_0303,r_attr_02,value_00
data/abac_benchmark/resource_0303,r_attr_03,value_04
data/abac_benchmark/resource_0303,r_attr_04,value_07
data/abac_benchmark/resource_0304,r_attr_01,value_04
data/abac_benchmark/resource_0304,r_attr_02,value_03
data/abac_benchmark/resource_0304,r_attr_03,value_02
data/abac_benchmark/resource_0304,r_attr_04,value_03
data/abac_benchmark/resource_0305,r_attr_01,value_03
data/abac_benchmark/resource_0305,r_attr_02,value_01
data/abac_benchmark/resource_0305,r_attr_03,value_04
data/abac_benchmark/resource_0305,r_attr_04,value_01
data/abac_benchmark/resource_0306,r_attr_01,value_06
data/abac_benchmark/resource_0306,r_attr_02,value_05
data/abac_benchmark/resource_0306,r_attr_03,value_00
data/abac_benchmark/resource_0306,r_attr_04,value_00
data/abac_benchmark/resource_0307,r_attr_01,value_01
data/abac_benchmark/resource_0307,r_attr_02,value_06
data/abac_benchmark/resource_0307,r_attr_03,value_03
data/abac_benchmark/resource_0307,r_attr_04,value_06
data/abac_benchmark/resource_0308,r_attr_01,value_05
data/abac_benchmark/resource_0308,r_attr_02,value_00
data/abac_benchmark/resource_0308,r_attr_03,value_03
data/abac_benchmark/resource_0308,r_attr_04,value_04
data/abac_benchmark/resource_0309,r_attr_01,value_01
data/abac_benchmark/resource_0309,r_attr_02,value_07
data/abac_benchmark/resource_0309,r_attr_03,value_00
data/abac_benchmark/resource_0309,r_attr_04,value_04
data/abac_benchmark/resource_0310,r_attr_01,value_05
data/abac_benchmark/resource_0310,r_attr_02,value_01
data/abac_benchmark/resource_0310,r_attr_03,value_05
data/abac_benchmark/resource_0310,r_attr_04,value_03
data/abac_benchmark/resource_0311,r_attr_01,value_06
data/abac_benchmark/resource_0311,r_attr_02,value_05
data/abac_benchmark/resource_0311,r_attr_03,value_07
data/abac_benchmark/resource_0311,r_attr_04,value_02
data/abac_benchmark/resource_0312,r_attr_01,value_07
data/abac_benchmark/resource_0312,r_attr_02,value_00
data/abac_benchmark/resource_0312,r_attr_03,value_07
data/abac_benchmark/resource_0312,r_attr_04,value_05
data/abac_benchmark/resource_0313,r_attr_01,value_02
data/abac_benchmark/resource_0313,r_attr_02,value_02
data/abac_benchmark/resource_0313,r_attr_03,value_07
data/abac_benchmark/resource_0313,r_attr_04,value_04
data/abac_benchmark/resource_0314,r_attr_01,value_00
data/abac_benchmark/resource_0314,r_attr_02,value_01
data/abac_benchmark/resource_0314,r_attr_03,value_01
data/abac_benchmark/resource_0314,r_attr_04,value_06
data/abac_benchmark/resource_0315,r_attr_01,value_04
data/abac_benchmark/resource_0315,r_attr_02,value_05
data/abac_benchmark/resource_0315,r_attr_03,value_04
data/abac_benchmark/resource_0315,r_attr_04,value_07
data/abac_benchmark/resource_0316,r_attr_01,value_01
data/abac_benchmark/resource_0316,r_attr_02,value_04
data/abac_benchmark/resource_0316,r_attr_03,value_07
data/abac_benchmark/resource_0316,r_attr_04,value_05
data/abac_benchmark/resource_0317,r_attr_01,value_01
data/abac_benchmark/resource_0317,r_attr_02,value_07
data/abac_benchmark/resource_0317,r_attr_03,value_06
data/abac_benchmark/resource_0317,r_attr_04,value_01
data/abac_benchmark/resource_0318,r_attr_01,value_04
data/abac_benchmark/resource_0318,r_attr_02,value_02
data/abac_benchmark/resource_0318,r_attr_03,value_01
data/abac_benchmark/resource_0318,r_attr_04,value_07
data/abac_benchmark/resource_0319,r_attr_01,value_03
data/abac_benchmark/resource_0319,r_attr_02,value_01
data/abac_benchmark/resource_0319,r_attr_03,value_01
data/abac_benchmark/resource_0319,r_attr_04,value_02
data/abac_benchmark/resource_0320,r_attr_01,value_06
data/abac_benchmark/resource_0320,r_attr_02,value_00
data/abac_benchmark/resource_0320,r_attr_03,value_00
data/abac_benchmark/resource_0320,r_attr_04,value_04
data/abac_benchmark/resource_0321,r_attr_01,value_02
data/abac_benchmark/resource_0321,r_attr_02,value_05
data/abac_benchmark/resource_0321,r_attr_03,value_03
data/abac_benchmark/resource_0321,r_attr_04,value_01
data/abac_benchmark/resource_0322,r_attr_01,value_06
data/abac_benchmark/resource_0322,r_attr_02,value_02
data/abac_benchmark/resource_0322,r_attr_03,value_04
data/abac_benchmark/resource_0322,r_attr_04,value_03
data/abac_benchmark/resource_0323,r_attr_01,value_01
data/abac_benchmark/resource_0323,r_attr_02,value_04
data/abac_benchmark/resource_0323,r_attr_03,value_07
data/abac_benchmark/resource_0323,r_attr_04,value_07
data/abac_benchmark/resource_0324,r_attr_01,value_04
data/abac_benchmark/resource_0324,r_attr_02,value_07
data/abac_benchmark/resource_0324,r_attr_03,value_01
data/abac_benchmark/resource_0324,r_attr_04,value_02
data/abac_benchmark/resource_0325,r_attr_01,value_01
data/abac_benchmark/resource_0325,r_attr_02,value_00
data/abac_benchmark/resource_0325,r_attr_03,value_02
data/abac_benchmark/resource_0325,r_attr_04,value_04
data/abac_benchmark/resource_0326,r_attr_01,value_05
data/abac_benchmark/resource_0326,r_attr_02,value_02
data/abac_benchmark/resource_0326,r_attr_03,value_03
data/abac_benchmark/resource_0326,r_attr_04,value_01
data/abac_benchmark/resource_0327,r_attr_01,value_02
data/abac_benchmark/resource_0327,r_attr_02,value_06
data/abac_benchmark/resource_0327,r_attr_03,value_02
data/abac_benchmark/resource_0327,r_attr_04,value_01
data/abac_benchmark/resource_0328,r_attr_01,value_07
data/abac_benchmark/resource_0328,r_attr_02,value_00
data/abac_benchmark/resource_0328,r_attr_03,value_04
data/abac_benchmark/resource_0328,r_attr_04,value_05
data/abac_benchmark/resource_0329,r_attr_01,value_01
data/abac_benchmark/resource_0329,r_attr_02,value_02
data/abac_benchmark/resource_0329,r_attr_03,value_06
data/abac_benchmark/resource_0329,r_attr_04,value_05
data/abac_benchmark/resource_0330,r_attr_01,value_03
data/abac_benchmark/resource_0330,r_attr_02,value_07
data/abac_benchmark/resource_0330,r_attr_03,value_07
data/abac_benchmark/resource_0330,r_attr_04,value_06
data/abac_benchmark/resource_0331,r_attr_01,value_07
data/abac_benchmark/resource_0331,r_attr_02,value_02
data/abac_benchmark/resource_0331,r_attr_03,value_01
data/abac_benchmark/resource_0331,r_attr_04,value_04
data/abac_benchmark/resource_0332,r_attr_01,value_07
data/abac_benchmark/resource_0332,r_attr_02,value_07
data/abac_benchmark/resource_0332,r_attr_03,value_07
data/abac_benchmark/resource_0332,r_attr_04,value_01
data/abac_benchmark/resource_0333,r_attr_01,value_06
data/abac_benchmark/resource_0333,r_attr_02,value_05
data/abac_benchmark/resource_0333,r_attr_03,value_05
data/abac_benchmark/resource_0333,r_attr_04,value_00
data/abac_benchmark/resource_0334,r_attr_01,value_03
data/abac_benchmark/resource_0334,r_attr_02,value_01
data/abac_benchmark/resource_0334,r_attr_03,value_02
data/abac_benchmark/resource_0334,r_attr_04,value_07
data/abac_benchmark/resource_0335,r_attr_01,value_06
data/abac_benchmark/resource_0335,r_attr_02,value_07
data/abac_benchmark/resource_0335,r_attr_03,value_05
data/abac_benchmark/resource_0335,r_attr_04,value_02
data/abac_benchmark/resource_0336,r_attr_01,value_05
data/abac_benchmark/resource_0336,r_attr_02,value_01
data/abac_benchmark/resource_0336,r_attr_03,value_03
data/abac_benchmark/resource_0336,r_attr_04,value_06
data/abac_benchmark/resource_0337,r_attr_01,value_00
data/abac_benchmark/resource_0337,r_attr_02,value_04
data/abac_benchmark/resource_0337,r_attr_03,value_02
data/abac_benchmark/resource_0337,r_attr_04,value_06
data/abac_benchmark/resource_0338,r_attr_01,value_05
data/abac_benchmark/resource_0338,r_attr_02,value_04
data/abac_benchmark/resource_0338,r_attr_03,value_07
data/abac_benchmark/resource_0338,r_attr_04,value_07
data/abac_benchmark/resource_0339,r_attr_01,value_02
data/abac_benchmark/resource_0339,r_attr_02,value_03
data/abac_benchmark/resource_0339,r_attr_03,value_02
data/abac_benchmark/resource_0339,r_attr_04,value_02
data/abac_benchmark/resource_0340,r_attr_01,value_03
data/abac_benchmark/resource_0340,r_attr_02,value_07
data/abac_benchmark/resource_0340,r_attr_03,value_03
data/abac_benchmark/resource_0340,r_attr_04,value_00
data/abac_benchmark/resource_0341,r_attr_01,value_02
data/abac_benchmark/resource_0341,r_attr_02,value_02
data/abac_benchmark/resource_0341,r_attr_03,value_00
data/abac_benchmark/resource_0341,r_attr_04,value_03
data/abac_benchmark/resource_0342,r_attr_01,value_05
data/abac_benchmark/resource_0342,r_attr_02,value_06
data/abac_benchmark/resource_0342,r_attr_03,value_05
data/abac_benchmark/resource_0342,r_attr_04,value_07
data/abac_benchmark/resource_0343,r_attr_01,value_03
data/abac_benchmark/resource_0343,r_attr_02,value_00
data/abac_benchmark/resource_0343,r_attr_03,value_01
data/abac_benchmark/resource_0343,r_attr_04,value_05
data/abac_benchmark/resource_0344,r_attr_01,value_02
data/abac_benchmark/resource_0344,r_attr_02,value_04
data/abac_benchmark/resource_0344,r_attr_03,value_00
data/abac_benchmark/resource_0344,r_attr_04,value_01
data/abac_benchmark/resource_0345,r_attr_01,value_02
data/abac_benchmark/resource_0345,r_attr_02,value_01
data/abac_benchmark/resource_0345,r_attr_03,value_03
data/abac_benchmark/resource_0345,r_attr_04,value_00
data/abac_benchmark/resource_0346,r_attr_01,value_01
data/abac_benchmark/resource_0346,r_attr_02,value_00
data/abac_benchmark/resource_0346,r_attr_03,value_05
data/abac_benchmark/resource_0346,r_attr_04,value_04
data/abac_benchmark/resource_0347,r_attr_01,value_03
data/abac_benchmark/resource_0347,r_attr_02,value_02
data/abac_benchmark/resource_0347,r_attr_03,value_02
data/abac_benchmark/resource_0347,r_attr_04,value_03
data/abac_benchmark/resource_0348,r_attr_01,value_07
data/abac_benchmark/resource_0348,r_attr_02,value_02
data/abac_benchmark/resource_0348,r_attr_03,value_05
data/abac_benchmark/resource_0348,r_attr_04,value_04
data/abac_benchmark/resource_0349,r_attr_01,value_00
data/abac_benchmark/resource_0349,r_attr_02,value_05
data/abac_benchmark/resource_0349,r_attr_03,value_03
data/abac_benchmark/resource_0349,r_attr_04,value_05
data/abac_benchmark/resource_0350,r_attr_01,value_06
data/abac_benchmark/resource_0350,r_attr_02,value_00
data/abac_benchmark/resource_0350,r_attr_03,value_01
data/abac_benchmark/resource_0350,r_attr_04,value_06
data/abac_benchmark/resource_0351,r_attr_01,value_02
data/abac_benchmark/resource_0351,r_attr_02,value_03
data/abac_benchmark/resource_0351,r_attr_03,value_02
data/abac_benchmark/resource_0351,r_attr_04,value_05
data/abac_benchmark/resource_0352,r_attr_01,value_04
data/abac_benchmark/resource_0352,r_attr_02,value_07
data/abac_benchmark/resource_0352,r_attr_03,value_05
data/abac_benchmark/resource_0352,r_attr_04,value_02
data/abac_benchmark/resource_0353,r_attr_01,value_05
data/abac_benchmark/resource_0353,r_attr_02,value_05
data/abac_benchmark/resource_0353,r_attr_03,value_04
data/abac_benchmark/resource_0353,r_attr_04,value_07
data/abac_benchmark/resource_0354,r_attr_01,value_04
data/abac_benchmark/resource_0354,r_attr_02,value_07
data/abac_benchmark/resource_0354,r_attr_03,value_04
data/abac_benchmark/resource_0354,r_attr_04,value_04
data/abac_benchmark/resource_0355,r_attr_01,value_04
data/abac_benchmark/resource_0355,r_attr_02,value_04
data/abac_benchmark/resource_0355,r_attr_03,value_04
data/abac_benchmark/resource_0355,r_attr_04,value_05
data/abac_benchmark/resource_0356,r_attr_01,value_04
data/abac_benchmark/resource_0356,r_attr_02,value_04
data/abac_benchmark/resource_0356,r_attr_03,value_04
data/abac_benchmark/resource_0356,r_attr_04,value_04
data/abac_benchmark/resource_0357,r_attr_01,value_05
data/abac_benchmark/resource_0357,r_attr_02,value_03
data/abac_benchmark/resource_0357,r_attr_03,value_05
data/abac_benchmark/resource_0357,r_attr_04,value_07
data/abac_benchmark/resource_0358,r_attr_01,value_00
data/abac_benchmark/resource_0358,r_attr_02,value_01
data/abac_benchmark/resource_0358,r_attr_03,value_07
data/abac_benchmark/resource_0358,r_attr_04,value_03
data/abac_benchmark/resource_0359,r_attr_01,value_07
data/abac_benchmark/resource_0359,r_attr_02,value_05
data/abac_benchmark/resource_0359,r_attr_03,value_01
data/abac_benchmark/resource_0359,r_attr_04,value_05
data/abac_benchmark/resource_0360,r_attr_01,value_00
data/abac_benchmark/resource_0360,r_attr_02,value_04
data/abac_benchmark/resource_0360,r_attr_03,value_01
data/abac_benchmark/resource_0360,r_attr_04,value_00
data/abac_benchmark/resource_0361,r_attr_01,value_00
data/abac_benchmark/resource_0361,r_attr_02,value_02
data/abac_benchmark/resource_0361,r_attr_03,value_01
data/abac_benchmark/resource_0361,r_attr_04,value_05
data/abac_benchmark/resource_0362,r_attr_01,value_02
data/abac_benchmark/resource_0362,r_attr_02,value_03
data/abac_benchmark/resource_0362,r_attr_03,value_00
data/abac_benchmark/resource_0362,r_attr_04,value_02
data/abac_benchmark/resource_0363,r_attr_01,value_01
data/abac_benchmark/resource_0363,r_attr_02,value_06
data/abac_benchmark/resource_0363,r_attr_03,value_06
data/abac_benchmark/resource_0363,r_attr_04,value_01
data/abac_benchmark/resource_0364,r_attr_01,value_02
data/abac_benchmark/resource_0364,r_attr_02,value_01
data/abac_benchmark/resource_0364,r_attr_03,value_00
data/abac_benchmark/resource_0364,r_attr_04,value_04
data/abac_benchmark/resource_0365,r_attr_01,value_04
data/abac_benchmark/resource_0365,r_attr_02,value_01
data/abac_benchmark/resource_0365,r_attr_03,value_02
data/abac_benchmark/resource_0365,r_attr_04,value_04
data/abac_benchmark/resource_0366,r_attr_01,value_04
data/abac_benchmark/resource_0366,r_attr_02,value_02
data/abac_benchmark/resource_0366,r_attr_03,value_03
data/abac_benchmark/resource_0366,r_attr_04,value_07
data/abac_benchmark/resource_0367,r_attr_01,value_06
data/abac_benchmark/resource_0367,r_attr_02,value_03
data/abac_benchmark/resource_0367,r_attr_03,value_06
data/abac_benchmark/resource_0367,r_attr_04,value_04
data/abac_benchmark/resource_0368,r_attr_01,value_05
data/abac_benchmark/resource_0368,r_attr_02,value_01
data/abac_benchmark/resource_0368,r_attr_03,value_07
data/abac_benchmark/resource_0368,r_attr_04,value_04
data/abac_benchmark/resource_0369,r_attr_01,value_06
data/abac_benchmark/resource_0369,r_attr_02,value_02
data/abac_benchmark/resource_0369,r_attr_03,value_05
data/abac_benchmark/resource_0369,r_attr_04,value_00
data/abac_benchmark/resource_0370,r_attr_01,value_05
data/abac_benchmark/resource_0370,r_attr_02,value_03
data/abac_benchmark/resource_0370,r_attr_03,value_06
data/abac_benchmark/resource_0370,r_attr_04,value_01
data/abac_benchmark/resource_0371,r_attr_01,value_04
data/abac_benchmark/resource_0371,r_attr_02,value_05
data/abac_benchmark/resource_0371,r_attr_03,value_03
data/abac_benchmark/resource_0371,r_attr_04,value_03
data/abac_benchmark/resource_0372,r_attr_01,value_00
data/abac_benchmark/resource_0372,r_attr_02,value_02
data/abac_benchmark/resource_0372,r_attr_03,value_05
data/abac_benchmark/resource_0372,r_attr_04,value_07
data/abac_benchmark/resource_0373,r_attr_01,value_03
data/abac_benchmark/resource_0373,r_attr_02,value_00
data/abac_benchmark/resource_0373,r_attr_03,value_02
data/abac_benchmark/resource_0373,r_attr_04,value_04
data/abac_benchmark/resource_0374,r_attr_01,value_04
data/abac_benchmark/resource_0374,r_attr_02,value_01
data/abac_benchmark/resource_0374,r_attr_03,value_06
data/abac_benchmark/resource_0374,r_attr_04,value_00
data/abac_benchmark/resource_0375,r_attr_01,value_03
data/abac_benchmark/resource_0375,r_attr_02,value_07
data/abac_benchmark/resource_0375,r_attr_03,value_06
data/abac_benchmark/resource_0375,r_attr_04,value_07
data/abac_benchmark/resource_0376,r_attr_01,value_04
data/abac_benchmark/resource_0376,r_attr_02,value_07
data/abac_benchmark/resource_0376,r_attr_03,value_01
data/abac_benchmark/resource_0376,r_attr_04,value_01
data/abac_benchmark/resource_0377,r_attr_01,value_03
data/abac_benchmark/resource_0377,r_attr_02,value_04
data/abac_benchmark/resource_0377,r_attr_03,value_04
data/abac_benchmark/resource_0377,r_attr_04,value_02
data/abac_benchmark/resource_0378,r_attr_01,value_01
data/abac_benchmark/resource_0378,r_attr_02,value_07
data/abac_benchmark/resource_0378,r_attr_03,value_05
data/abac_benchmark/resource_0378,r_attr_04,value_05
data/abac_benchmark/resource_0379,r_attr_01,value_04
data/abac_benchmark/resource_0379,r_attr_02,value_07
data/abac_benchmark/resource_0379,r_attr_03,value_07
data/abac_benchmark/resource_0379,r_attr_04,value_07
data/abac_benchmark/resource_0380,r_attr_01,value_04
data/abac_benchmark/resource_0380,r_attr_02,value_02
data/abac_benchmark/resource_0380,r_attr_03,value_00
data/abac_benchmark/resource_0380,r_attr_04,value_06
data/abac_benchmark/resource_0381,r_attr_01,value_04
data/abac_benchmark/resource_0381,r_attr_02,value_00
data/abac_benchmark/resource_0381,r_attr_03,value_00
data/abac_benchmark/resource_0381,r_attr_04,value_04
data/abac_benchmark/resource_0382,r_attr_01,value_07
data/abac_benchmark/resource_0382,r_attr_02,value_04
data/abac_benchmark/resource_0382,r_attr_03,value_06
data/abac_benchmark/resource_0382,r_attr_04,value_05
data/abac_benchmark/resource_0383,r_attr_01,value_02
data/abac_benchmark/resource_0383,r_attr_02,value_02
data/abac_benchmark/resource_0383,r_attr_03,value_01
data/abac_benchmark/resource_0383,r_attr_04,value_07
data/abac_benchmark/resource_0384,r_attr_01,value_06
data/abac_benchmark/resource_0384,r_attr_02,value_02
data/abac_benchmark/resource_0384,r_attr_03,value_07
data/abac_benchmark/resource_0384,r_attr_04,value_03
data/abac_benchmark/resource_0385,r_attr_01,value_00
data/abac_benchmark/resource_0385,r_attr_02,value_01
data/abac_benchmark/resource_0385,r_attr_03,value_06
data/abac_benchmark/resource_0385,r_attr_04,value_05
data/abac_benchmark/resource_0386,r_attr_01,value_01
data/abac_benchmark/resource_0386,r_attr_02,value_07
data/abac_benchmark/resource_0386,r_attr_03,value_01
data/abac_benchmark/resource_0386,r_attr_04,value_07
data/abac_benchmark/resource_0387,r_attr_01,value_05
data/abac_benchmark/resource_0387,r_attr_02,value_01
data/abac_benchmark/resource_0387,r_attr_03,value_03
data/abac_benchmark/resource_0387,r_attr_04,value_03
data/abac_benchmark/resource_0388,r_attr_01,value_05
data/abac_benchmark/resource_0388,r_attr_02,value_07
data/abac_benchmark/resource_0388,r_attr_03,value_02
data/abac_benchmark/resource_0388,r_attr_04,value_01
data/abac_benchmark/resource_0389,r_attr_01,value_05
data/abac_benchmark/resource_0389,r_attr_02,value_05
data/abac_benchmark/resource_0389,r_attr_03,value_03
data/abac_benchmark/resource_0389,r_attr_04,value_06
data/abac_benchmark/resource_0390,r_attr_01,value_03
data/abac_benchmark/resource_0390,r_attr_02,value_07
data/abac_benchmark/resource_0390,r_attr_03,value_02
data/abac_benchmark/resource_0390,r_attr_04,value_07
data/abac_benchmark/resource_0391,r_attr_01,value_00
data/abac_benchmark/resource_0391,r_attr_02,value_07
data/abac_benchmark/resource_0391,r_attr_03,value_01
data/abac_benchmark/resource_0391,r_attr_04,value_01
data/abac_benchmark/resource_0392,r_attr_01,value_07
data/abac_benchmark/resource_0392,r_attr_02,value_03
data/abac_benchmark/resource_0392,r_attr_03,value_06
data/abac_benchmark/resource_0392,r_attr_04,value_06
data/abac_benchmark/resource_0393,r_attr_01,value_02
data/abac_benchmark/resource_0393,r_attr_02,value_00
data/abac_benchmark/resource_0393,r_attr_03,value_07
data/abac_benchmark/resource_0393,r_attr_04,value_04
data/abac_benchmark/resource_0394,r_attr_01,value_02
data/abac_benchmark/resource_0394,r_attr_02,value_07
data/abac_benchmark/resource_0394,r_attr_03,value_02
data/abac_benchmark/resource_0394,r_attr_04,value_04
data/abac_benchmark/resource_0395,r_attr_01,value_01
data/abac_benchmark/resource_0395,r_attr_02,value_07
data/abac_benchmark/resource_0395,r_attr_03,value_02
data/abac_benchmark/resource_0395,r_attr_04,value_02
data/abac_benchmark/resource_0396,r_attr_01,value_07
data/abac_benchmark/resource_0396,r_attr_02,value_02
data/abac_benchmark/resource_0396,r_attr_03,value_04
data/abac_benchmark/resource_0396,r_attr_04,value_00
data/abac_benchmark/resource_0397,r_attr_01,value_05
data/abac_benchmark/resource_0397,r_attr_02,value_02
data/abac_benchmark/resource_0397,r_attr_03,value_00
data/abac_benchmark/resource_0397,r_attr_04,value_06
data/abac_benchmark/resource_0398,r_attr_01,value_03
data/abac_benchmark/resource_0398,r_attr_02,value_05
data/abac_benchmark/resource_0398,r_attr_03,value_00
data/abac_benchmark/resource_0398,r_attr_04,value_05
data/abac_benchmark/resource_0399,r_attr_01,value_07
data/abac_benchmark/resource_0399,r_attr_02,value_00
data/abac_benchmark/resource_0399,r_attr_03,value_04
data/abac_benchmark/resource_0399,r_attr_04,value_05
data/abac_benchmark/resource_0400,r_attr_01,value_05
data/abac_benchmark/resource_0400,r_attr_02,value_03
data/abac_benchmark/resource_0400,r_attr_03,value_07
data/abac_benchmark/resource_0400,r_attr_04,value_05
data/abac_benchmark/resource_0401,r_attr_01,value_07
data/abac_benchmark/resource_0401,r_attr_02,value_02
data/abac_benchmark/resource_0401,r_attr_03,value_03
data/abac_benchmark/resource_0401,r_attr_04,value_05
data/abac_benchmark/resource_0402,r_attr_01,value_07
data/abac_benchmark/resource_0402,r_attr_02,value_00
data/abac_benchmark/resource_0402,r_attr_03,value_04
data/abac_benchmark/resource_0402,r_attr_04,value_01
data/abac_benchmark/resource_0403,r_attr_01,value_03
data/abac_benchmark/resource_0403,r_attr_02,value_07
data/abac_benchmark/resource_0403,r_attr_03,value_05
data/abac_benchmark/resource_0403,r_attr_04,value_04
data/abac_benchmark/resource_0404,r_attr_01,value_02
data/abac_benchmark/resource_0404,r_attr_02,value_03
data/abac_benchmark/resource_0404,r_attr_03,value_02
data/abac_benchmark/resource_0404,r_attr_04,value_02
data/abac_benchmark/resource_0405,r_attr_01,value_04
data/abac_benchmark/resource_0405,r_attr_02,value_03
data/abac_benchmark/resource_0405,r_attr_03,value_07
data/abac_benchmark/resource_0405,r_attr_04,value_04
data/abac_benchmark/resource_0406,r_attr_01,value_05
data/abac_benchmark/resource_0406,r_attr_02,value_01
data/abac_benchmark/resource_0406,r_attr_03,value_07
data/abac_benchmark/resource_0406,r_attr_04,value_00
data/abac_benchmark/resource_0407,r_attr_01,value_04
data/abac_benchmark/resource_0407,r_attr_02,value_02
data/abac_benchmark/resource_0407,r_attr_03,value_07
data/abac_benchmark/resource_0407,r_attr_04,value_06
data/abac_benchmark/resource_0408,r_attr_01,value_02
data/abac_benchmark/resource_0408,r_attr_02,value_04
data/abac_benchmark/resource_0408,r_attr_03,value_01
data/abac_benchmark/resource_0408,r_attr_04,value_01
data/abac_benchmark/resource_0409,r_attr_01,value_01
data/abac_benchmark/resource_0409,r_attr_02,value_02
data/abac_benchmark/resource_0409,r_attr_03,value_04
data/abac_benchmark/resource_0409,r_attr_04,value_07
data/abac_benchmark/resource_0410,r_attr_01,value_05
data/abac_benchmark/resource_0410,r_attr_02,value_01
data/abac_benchmark/resource_0410,r_attr_03,value_01
data/abac_benchmark/resource_0410,r_attr_04,value_00
data/abac_benchmark/resource_0411,r_attr_01,value_07
data/abac_benchmark/resource_0411,r_attr_02,value_04
data/abac_benchmark/resource_0411,r_attr_03,value_00
data/abac_benchmark/resource_0411,r_attr_04,value_02
data/abac_benchmark/resource_0412,r_attr_01,value_04
data/abac_benchmark/resource_0412,r_attr_02,value_04
data/abac_benchmark/resource_0412,r_attr_03,value_01
data/abac_benchmark/resource_0412,r_attr_04,value_03
data/abac_benchmark/resource_0413,r_attr_01,value_06
data/abac_benchmark/resource_0413,r_attr_02,value_07
data/abac_benchmark/resource_0413,r_attr_03,value_01
data/abac_benchmark/resource_0413,r_attr_04,value_04
data/abac_benchmark/resource_0414,r_attr_01,value_02
data/abac_benchmark/resource_0414,r_attr_02,value_00
data/abac_benchmark/resource_0414,r_attr_03,value_07
data/abac_benchmark/resource_0414,r_attr_04,value_04
data/abac_benchmark/resource_0415,r_attr_01,value_03
data/abac_benchmark/resource_0415,r_attr_02,value_06
data/abac_benchmark/resource_0415,r_attr_03,value_03
data/abac_benchmark/resource_0415,r_attr_04,value_07
data/abac_benchmark/resource_0416,r_attr_01,value_05
data/abac_benchmark/resource_0416,r_attr_02,value_01
data/abac_benchmark/resource_0416,r_attr_03,value_02
data/abac_benchmark/resource_0416,r_attr_04,value_02
data/abac_benchmark/resource_0417,r_attr_01,value_03
data/abac_benchmark/resource_0417,r_attr_02,value_05
data/abac_benchmark/resource_0417,r_attr_03,value_02
data/abac_benchmark/resource_0417,r_attr_04,value_00
data/abac_benchmark/resource_0418,r_attr_01,value_07
data/abac_benchmark/resource_0418,r_attr_02,value_04
data/abac_benchmark/resource_0418,r_attr_03,value_02
data/abac_benchmark/resource_0418,r_attr_04,value_01
data/abac_benchmark/resource_0419,r_attr_01,value_04
data/abac_benchmark/resource_0419,r_attr_02,value_04
data/abac_benchmark/resource_0419,r_attr_03,value_00
data/abac_benchmark/resource_0419,r_attr_04,value_05
data/abac_benchmark/resource_0420,r_attr_01,value_02
data/abac_benchmark/resource_0420,r_attr_02,value_04
data/abac_benchmark/resource_0420,r_attr_03,value_02
data/abac_benchmark/resource_0420,r_attr_04,value_04
data/abac_benchmark/resource_0421,r_attr_01,value_06
data/abac_benchmark/resource_0421,r_attr_02,value_03
data/abac_benchmark/resource_0421,r_attr_03,value_05
data/abac_benchmark/resource_0421,r_attr_04,value_05
data/abac_benchmark/resource_0422,r_attr_01,value_00
data/abac_benchmark/resource_0422,r_attr_02,value_06
data/abac_benchmark/resource_0422,r_attr_03,value_05
data/abac_benchmark/resource_0422,r_attr_04,value_02
data/abac_benchmark/resource_0423,r_attr_01,value_00
data/abac_benchmark/resource_0423,r_attr_02,value_02
data/abac_benchmark/resource_0423,r_attr_03,value_02
data/abac_benchmark/resource_0423,r_attr_04,value_00
data/abac_benchmark/resource_0424,r_attr_01,value_01
data/abac_benchmark/resource_0424,r_attr_02,value_06
data/abac_benchmark/resource_0424,r_attr_03,value_00
data/abac_benchmark/resource_0424,r_attr_04,value_06
data/abac_benchmark/resource_0425,r_attr_01,value_02
data/abac_benchmark/resource_0425,r_attr_02,value_04
data/abac_benchmark/resource_0425,r_attr_03,value_06
data/abac_benchmark/resource_0425,r_attr_04,value_06
data/abac_benchmark/resource_0426,r_attr_01,value_07
data/abac_benchmark/resource_0426,r_attr_02,value_02
data/abac_benchmark/resource_0426,r_attr_03,value_07
data/abac_benchmark/resource_0426,r_attr_04,value_03
data/abac_benchmark/resource_0427,r_attr_01,value_07
data/abac_benchmark/resource_0427,r_attr_02,value_05
data/abac_benchmark/resource_0427,r_attr_03,value_00
data/abac_benchmark/resource_0427,r_attr_04,value_01
data/abac_benchmark/resource_0428,r_attr_01,value_07
data/abac_benchmark/resource_0428,r_attr_02,value_04
data/abac_benchmark/resource_0428,r_attr_03,value_00
data/abac_benchmark/resource_0428,r_attr_04,value_01
data/abac_benchmark/resource_0429,r_attr_01,value_00
data/abac_benchmark/resource_0429,r_attr_02,value_01
data/abac_benchmark/resource_0429,r_attr_03,value_01
data/abac_benchmark/resource_0429,r_attr_04,value_06
data/abac_benchmark/resource_0430,r_attr_01,value_06
data/abac_benchmark/resource_0430,r_attr_02,value_04
data/abac_benchmark/resource_0430,r_attr_03,value_05
data/abac_benchmark/resource_0430,r_attr_04,value_07
data/abac_benchmark/resource_0431,r_attr_01,value_04
data/abac_benchmark/resource_0431,r_attr_02,value_06
data/abac_benchmark/resource_0431,r_attr_03,value_00
data/abac_benchmark/resource_0431,r_attr_04,value_06
data/abac_benchmark/resource_0432,r_attr_01,value_02
data/abac_benchmark/resource_0432,r_attr_02,value_04
data/abac_benchmark/resource_0432,r_attr_03,value_06
data/abac_benchmark/resource_0432,r_attr_04,value_01
data/abac_benchmark/resource_0433,r_attr_01,value_00
data/abac_benchmark/resource_0433,r_attr_02,value_04
data/abac_benchmark/resource_0433,r_attr_03,value_04
data/abac_benchmark/resource_0433,r_attr_04,value_01
data/abac_benchmark/resource_0434,r_attr_01,value_05
data/abac_benchmark/resource_0434,r_attr_02,value_07
data/abac_benchmark/resource_0434,r_attr_03,value_02
data/abac_benchmark/resource_0434,r_attr_04,value_07
data/abac_benchmark/resource_0435,r_attr_01,value_07
data/abac_benchmark/resource_0435,r_attr_02,value_00
data/abac_benchmark/resource_0435,r_attr_03,value_00
data/abac_benchmark/resource_0435,r_attr_04,value_02
data/abac_benchmark/resource_0436,r_attr_01,value_01
data/abac_benchmark/resource_0436,r_attr_02,value_01
data/abac_benchmark/resource_0436,r_attr_03,value_01
data/abac_benchmark/resource_0436,r_attr_04,value_03
data/abac_benchmark/resource_0437,r_attr_01,value_00
data/abac_benchmark/resource_0437,r_attr_02,value_00
data/abac_benchmark/resource_0437,r_attr_03,value_03
data/abac_benchmark/resource_0437,r_attr_04,value_03
data/abac_benchmark/resource_0438,r_attr_01,value_03
data/abac_benchmark/resource_0438,r_attr_02,value_05
data/abac_benchmark/resource_0438,r_attr_03,value_07
data/abac_benchmark/resource_0438,r_attr_04,value_05
data/abac_benchmark/resource_0439,r_attr_01,value_07
data/abac_benchmark/resource_0439,r_attr_02,value_00
data/abac_benchmark/resource_0439,r_attr_03,value_04
data/abac_benchmark/resource_0439,r_attr_04,value_07
data/abac_benchmark/resource_0440,r_attr_01,value_07
data/abac_benchmark/resource_0440,r_attr_02,value_00
data/abac_benchmark/resource_0440,r_attr_03,value_04
data/abac_benchmark/resource_0440,r_attr_04,value_05
data/abac_benchmark/resource_0441,r_attr_01,value_04
data/abac_benchmark/resource_0441,r_attr_02,value_00
data/abac_benchmark/resource_0441,r_attr_03,value_06
data/abac_benchmark/resource_0441,r_attr_04,value_07
data/abac_benchmark/resource_0442,r_attr_01,value_01
data/abac_benchmark/resource_0442,r_attr_02,value_04
data/abac_benchmark/resource_0442,r_attr_03,value_02
data/abac_benchmark/resource_0442,r_attr_04,value_05
data/abac_benchmark/resource_0443,r_attr_01,value_02
data/abac_benchmark/resource_0443,r_attr_02,value_01
data/abac_benchmark/resource_0443,r_attr_03,value_06
data/abac_benchmark/resource_0443,r_attr_04,value_02
data/abac_benchmark/resource_0444,r_attr_01,value_06
data/abac_benchmark/resource_0444,r_attr_02,value_01
data/abac_benchmark/resource_0444,r_attr_03,value_07
data/abac_benchmark/resource_0444,r_attr_04,value_00
data/abac_benchmark/resource_0445,r_attr_01,value_03
data/abac_benchmark/resource_0445,r_attr_02,value_06
data/abac_benchmark/resource_0445,r_attr_03,value_04
data/abac_benchmark/resource_0445,r_attr_04,value_00
data/abac_benchmark/resource_0446,r_attr_01,value_00
data/abac_benchmark/resource_0446,r_attr_02,value_03
data/abac_benchmark/resource_0446,r_attr_03,value_02
data/abac_benchmark/resource_0446,r_attr_04,value_06
data/abac_benchmark/resource_0447,r_attr_01,value_03
data/abac_benchmark/resource_0447,r_attr_02,value_07
data/abac_benchmark/resource_0447,r_attr_03,value_04
data/abac_benchmark/resource_0447,r_attr_04,value_01
data/abac_benchmark/resource_0448,r_attr_01,value_06
data/abac_benchmark/resource_0448,r_attr_02,value_07
data/abac_benchmark/resource_0448,r_attr_03,value_01
data/abac_benchmark/resource_0448,r_attr_04,value_01
data/abac_benchmark/resource_0449,r_attr_01,value_06
data/abac_benchmark/resource_0449,r_attr_02,value_02
data/abac_benchmark/resource_0449,r_attr_03,value_05
data/abac_benchmark/resource_0449,r_attr_04,value_07
data/abac_benchmark/resource_0450,r_attr_01,value_04
data/abac_benchmark/resource_0450,r_attr_02,value_01
data/abac_benchmark/resource_0450,r_attr_03,value_01
data/abac_benchmark/resource_0450,r_attr_04,value_02
data/abac_benchmark/resource_0451,r_attr_01,value_05
data/abac_benchmark/resource_0451,r_attr_02,value_05
data/abac_benchmark/resource_0451,r_attr_03,value_01
data/abac_benchmark/resource_0451,r_attr_04,value_02
data/abac_benchmark/resource_0452,r_attr_01,value_05
data/abac_benchmark/resource_0452,r_attr_02,value_03
data/abac_benchmark/resource_0452,r_attr_03,value_02
data/abac_benchmark/resource_0452,r_attr_04,value_01
data/abac_benchmark/resource_0453,r_attr_01,value_05
data/abac_benchmark/resource_0453,r_attr_02,value_04
data/abac_benchmark/resource_0453,r_attr_03,value_00
data/abac_benchmark/resource_0453,r_attr_04,value_01
data/abac_benchmark/resource_0454,r_attr_01,value_05
data/abac_benchmark/resource_0454,r_attr_02,value_00
data/abac_benchmark/resource_0454,r_attr_03,value_00
data/abac_benchmark/resource_0454,r_attr_04,value_03
data/abac_benchmark/resource_0455,r_attr_01,value_04
data/abac_benchmark/resource_0455,r_attr_02,value_02
data/abac_benchmark/resource_0455,r_attr_03,value_07
data/abac_benchmark/resource_0455,r_attr_04,value_02
data/abac_benchmark/resource_0456,r_attr_01,value_05
data/abac_benchmark/resource_0456,r_attr_02,value_06
data/abac_benchmark/resource_0456,r_attr_03,value_03
data/abac_benchmark/resource_0456,r_attr_04,value_05
data/abac_benchmark/resource_0457,r_attr_01,value_05
data/abac_benchmark/resource_0457,r_attr_02,value_02
data/abac_benchmark/resource_0457,r_attr_03,value_01
data/abac_benchmark/resource_0457,r_attr_04,value_04
data/abac_benchmark/resource_0458,r_attr_01,value_05
data/abac_benchmark/resource_0458,r_attr_02,value_00
data/abac_benchmark/resource_0458,r_attr_03,value_04
data/abac_benchmark/resource_0458,r_attr_04,value_03
data/abac_benchmark/resource_0459,r_attr_01,value_02
data/abac_benchmark/resource_0459,r_attr_02,value_07
data/abac_benchmark/resource_0459,r_attr_03,value_03
data/abac_benchmark/resource_0459,r_attr_04,value_00
data/abac_benchmark/resource_0460,r_attr_01,value_06
data/abac_benchmark/resource_0460,r_attr_02,value_04
data/abac_benchmark/resource_0460,r_attr_03,value_04
data/abac_benchmark/resource_0460,r_attr_04,value_03
data/abac_benchmark/resource_0461,r_attr_01,value_01
data/abac_benchmark/resource_0461,r_attr_02,value_05
data/abac_benchmark/resource_0461,r_attr_03,value_05
data/abac_benchmark/resource_0461,r_attr_04,value_01
data/abac_benchmark/resource_0462,r_attr_01,value_05
data/abac_benchmark/resource_0462,r_attr_02,value_05
data/abac_benchmark/resource_0462,r_attr_03,value_06
data/abac_benchmark/resource_0462,r_attr_04,value_00
data/abac_benchmark/resource_0463,r_attr_01,value_01
data/abac_benchmark/resource_0463,r_attr_02,value_00
data/abac_benchmark/resource_0463,r_attr_03,value_00
data/abac_benchmark/resource_0463,r_attr_04,value_02
data/abac_benchmark/resource_0464,r_attr_01,value_00
data/abac_benchmark/resource_0464,r_attr_02,value_04
data/abac_benchmark/resource_0464,r_attr_03,value_01
data/abac_benchmark/resource_0464,r_attr_04,value_06
data/abac_benchmark/resource_0465,r_attr_01,value_07
data/abac_benchmark/resource_0465,r_attr_02,value_06
data/abac_benchmark/resource_0465,r_attr_03,value_06
data/abac_benchmark/resource_0465,r_attr_04,value_00
data/abac_benchmark/resource_0466,r_attr_01,value_03
data/abac_benchmark/resource_0466,r_attr_02,value_00
data/abac_benchmark/resource_0466,r_attr_03,value_03
data/abac_benchmark/resource_0466,r_attr_04,value_06
data/abac_benchmark/resource_0467,r_attr_01,value_03
data/abac_benchmark/resource_0467,r_attr_02,value_01
data/abac_benchmark/resource_0467,r_attr_03,value_02
data/abac_benchmark/resource_0467,r_attr_04,value_01
data/abac_benchmark/resource_0468,r_attr_01,value_07
data/abac_benchmark/resource_0468,r_attr_02,value_00
data/abac_benchmark/resource_0468,r_attr_03,value_01
data/abac_benchmark/resource_0468,r_attr_04,value_02
data/abac_benchmark/resource_0469,r_attr_01,value_02
data/abac_benchmark/resource_0469,r_attr_02,value_01
data/abac_benchmark/resource_0469,r_attr_03,value_02
data/abac_benchmark/resource_0469,r_attr_04,value_04
data/abac_benchmark/resource_0470,r_attr_01,value_03
data/abac_benchmark/resource_0470,r_attr_02,value_05
data/abac_benchmark/resource_0470,r_attr_03,value_05
data/abac_benchmark/resource_0470,r_attr_04,value_06
data/abac_benchmark/resource_0471,r_attr_01,value_01
data/abac_benchmark/resource_0471,r_attr_02,value_00
data/abac_benchmark/resource_0471,r_attr_03,value_01
data/abac_benchmark/resource_0471,r_attr_04,value_03
data/abac_benchmark/resource_0472,r_attr_01,value_06
data/abac_benchmark/resource_0472,r_attr_02,value_00
data/abac_benchmark/resource_0472,r_attr_03,value_00
data/abac_benchmark/resource_0472,r_attr_04,value_02
data/abac_benchmark/resource_0473,r_attr_01,value_07
data/abac_benchmark/resource_0473,r_attr_02,value_00
data/abac_benchmark/resource_0473,r_attr_03,value_06
data/abac_benchmark/resource_0473,r_attr_04,value_06
data/abac_benchmark/resource_0474,r_attr_01,value_02
data/abac_benchmark/resource_0474,r_attr_02,value_04
data/abac_benchmark/resource_0474,r_attr_03,value_00
data/abac_benchmark/resource_0474,r_attr_04,value_03
data/abac_benchmark/resource_0475,r_attr_01,value_01
data/abac_benchmark/resource_0475,r_attr_02,value_00
data/abac_benchmark/resource_0475,r_attr_03,value_03
data/abac_benchmark/resource_0475,r_attr_04,value_00
data/abac_benchmark/resource_0476,r_attr_01,value_04
data/abac_benchmark/resource_0476,r_attr_02,value_07
data/abac_benchmark/resource_0476,r_attr_03,value_01
data/abac_benchmark/resource_0476,r_attr_04,value_04
data/abac_benchmark/resource_0477,r_attr_01,value_02
data/abac_benchmark/resource_0477,r_attr_02,value_00
data/abac_benchmark/resource_0477,r_attr_03,value_07
data/abac_benchmark/resource_0477,r_attr_04,value_03
data/abac_benchmark/resource_0478,r_attr_01,value_05
data/abac_benchmark/resource_0478,r_attr_02,value_04
data/abac_benchmark/resource_0478,r_attr_03,value_02
data/abac_benchmark/resource_0478,r_attr_04,value_00
data/abac_benchmark/resource_0479,r_attr_01,value_01
data/abac_benchmark/resource_0479,r_attr_02,value_04
data/abac_benchmark/resource_0479,r_attr_03,value_07
data/abac_benchmark/resource_0479,r_attr_04,value_00
data/abac_benchmark/resource_0480,r_attr_01,value_01
data/abac_benchmark/resource_0480,r_attr_02,value_00
data/abac_benchmark/resource_0480,r_attr_03,value_00
data/abac_benchmark/resource_0480,r_attr_04,value_07
data/abac_benchmark/resource_0481,r_attr_01,value_05
data/abac_benchmark/resource_0481,r_attr_02,value_03
data/abac_benchmark/resource_0481,r_attr_03,value_07
data/abac_benchmark/resource_0481,r_attr_04,value_03
data/abac_benchmark/resource_0482,r_attr_01,value_00
data/abac_benchmark/resource_0482,r_attr_02,value_00
data/abac_benchmark/resource_0482,r_attr_03,value_06
data/abac_benchmark/resource_0482,r_attr_04,value_01
data/abac_benchmark/resource_0483,r_attr_01,value_05
data/abac_benchmark/resource_0483,r_attr_02,value_03
data/abac_benchmark/resource_0483,r_attr_03,value_07
data/abac_benchmark/resource_0483,r_attr_04,value_04
data/abac_benchmark/resource_0484,r_attr_01,value_06
data/abac_benchmark/resource_0484,r_attr_02,value_07
data/abac_benchmark/resource_0484,r_attr_03,value_01
data/abac_benchmark/resource_0484,r_attr_04,value_05
data/abac_benchmark/resource_0485,r_attr_01,value_01
data/abac_benchmark/resource_0485,r_attr_02,value_07
data/abac_benchmark/resource_0485,r_attr_03,value_07
data/abac_benchmark/resource_0485,r_attr_04,value_03
data/abac_benchmark/resource_0486,r_attr_01,value_01
data/abac_benchmark/resource_0486,r_attr_02,value_04
data/abac_benchmark/resource_0486,r_attr_03,value_07
data/abac_benchmark/resource_0486,r_attr_04,value_02
data/abac_benchmark/resource_0487,r_attr_01,value_06
data/abac_benchmark/resource_0487,r_attr_02,value_06
data/abac_benchmark/resource_0487,r_attr_03,value_06
data/abac_benchmark/resource_0487,r_attr_04,value_01
data/abac_benchmark/resource_0488,r_attr_01,value_05
data/abac_benchmark/resource_0488,r_attr_02,value_05
data/abac_benchmark/resource_0488,r_attr_03,value_02
data/abac_benchmark/resource_0488,r_attr_04,value_00
data/abac_benchmark/resource_0489,r_attr_01,value_03
data/abac_benchmark/resource_0489,r_attr_02,value_06
data/abac_benchmark/resource_0489,r_attr_03,value_07
data/abac_benchmark/resource_0489,r_attr_04,value_02
data/abac_benchmark/resource_0490,r_attr_01,value_05
data/abac_benchmark/resource_0490,r_attr_02,value_06
data/abac_benchmark/resource_0490,r_attr_03,value_05
data/abac_benchmark/resource_0490,r_attr_04,value_01
data/abac_benchmark/resource_0491,r_attr_01,value_01
data/abac_benchmark/resource_0491,r_attr_02,value_05
data/abac_benchmark/resource_0491,r_attr_03,value_03
data/abac_benchmark/resource_0491,r_attr_04,value_02
data/abac_benchmark/resource_0492,r_attr_01,value_04
data/abac_benchmark/resource_0492,r_attr_02,value_06
data/abac_benchmark/resource_0492,r_attr_03,value_03
data/abac_benchmark/resource_0492,r_attr_04,value_03
data/abac_benchmark/resource_0493,r_attr_01,value_06
data/abac_benchmark/resource_0493,r_attr_02,value_04
data/abac_benchmark/resource_0493,r_attr_03,value_01
data/abac_benchmark/resource_0493,r_attr_04,value_07
data/abac_benchmark/resource_0494,r_attr_01,value_04
data/abac_benchmark/resource_0494,r_attr_02,value_00
data/abac_benchmark/resource_0494,r_attr_03,value_06
data/abac_benchmark/resource_0494,r_attr_04,value_04
data/abac_benchmark/resource_0495,r_attr_01,value_06
data/abac_benchmark/resource_0495,r_attr_02,value_00
data/abac_benchmark/resource_0495,r_attr_03,value_04
data/abac_benchmark/resource_0495,r_attr_04,value_02
data/abac_benchmark/resource_0496,r_attr_01,value_06
data/abac_benchmark/resource_0496,r_attr_02,value_01
data/abac_benchmark/resource_0496,r_attr_03,value_07
data/abac_benchmark/resource_0496,r_attr_04,value_06
data/abac_benchmark/resource_0497,r_attr_01,value_03
data/abac_benchmark/resource_0497,r_attr_02,value_00
data/abac_benchmark/resource_0497,r_attr_03,value_00
data/abac_benchmark/resource_0497,r_attr_04,value_03
data/abac_benchmark/resource_0498,r_attr_01,value_03
data/abac_benchmark/resource_0498,r_attr_02,value_06
data/abac_benchmark/resource_0498,r_attr_03,value_07
data/abac_benchmark/resource_0498,r_attr_04,value_02
data/abac_benchmark/resource_0499,r_attr_01,value_03
data/abac_benchmark/resource_0499,r_attr_02,value_02
data/abac_benchmark/resource_0499,r_attr_03,value_03
data/abac_benchmark/resource_0499,r_attr_04,value_05
data/abac_benchmark/resource_0500,r_attr_01,value_05
data/abac_benchmark/resource_0500,r_attr_02,value_04
data/abac_benchmark/resource_0500,r_attr_03,value_00
data/abac_benchmark/resource_0500,r_attr_04,value_01
