resource_name,attribute_name,attribute_value
data/abac_benchmark/resource_0001,r_attr_01,value_61
data/abac_benchmark/resource_0001,r_attr_02,value_16
data/abac_benchmark/resource_0001,r_attr_03,value_09
data/abac_benchmark/resource_0001,r_attr_04,value_44
data/abac_benchmark/resource_0001,r_attr_05,value_52
data/abac_benchmark/resource_0001,r_attr_06,value_19
data/abac_benchmark/resource_0001,r_attr_07,value_07
data/abac_benchmark/resource_0001,r_attr_08,value_06
data/abac_benchmark/resource_0001,r_attr_09,value_24
data/abac_benchmark/resource_0001,r_attr_10,value_34
data/abac_benchmark/resource_0001,r_attr_11,value_46
data/abac_benchmark/resource_0001,r_attr_12,value_59
data/abac_benchmark/resource_0001,r_attr_13,value_12
data/abac_benchmark/resource_0001,r_attr_14,value_56
data/abac_benchmark/resource_0001,r_attr_15,value_29
data/abac_benchmark/resource_0001,r_attr_16,value_35
data/abac_benchmark/resource_0002,r_attr_01,value_36
data/abac_benchmark/resource_0002,r_attr_02,value_45
data/abac_benchmark/resource_0002,r_attr_03,value_32
data/abac_benchmark/resource_0002,r_attr_04,value_15
data/abac_benchmark/resource_0002,r_attr_05,value_02
data/abac_benchmark/resource_0002,r_attr_06,value_28
data/abac_benchmark/resource_0002,r_attr_07,value_49
data/abac_benchmark/resource_0002,r_attr_08,value_20
data/abac_benchmark/resource_0002,r_attr_09,value_31
data/abac_benchmark/resource_0002,r_attr_10,value_60
data/abac_benchmark/resource_0002,r_attr_11,value_20
data/abac_benchmark/resource_0002,r_attr_12,value_02
data/abac_benchmark/resource_0002,r_attr_13,value_17
data/abac_benchmark/resource_0002,r_attr_14,value_43
data/abac_benchmark/resource_0002,r_attr_15,value_39
data/abac_benchmark/resource_0002,r_attr_16,value_01
data/abac_benchmark/resource_0003,r_attr_01,value_43
data/abac_benchmark/resource_0003,r_attr_02,value_14
data/abac_benchmark/resource_0003,r_attr_03,value_17
data/abac_benchmark/resource_0003,r_attr_04,value_26
data/abac_benchmark/resource_0003,r_attr_05,value_54
data/abac_benchmark/resource_0003,r_attr_06,value_29
data/abac_benchmark/resource_0003,r_attr_07,value_43
data/abac_benchmark/resource_0003,r_attr_08,value_27
data/abac_benchmark/resource_0003,r_attr_09,value_52
data/abac_benchmark/resource_0003,r_attr_10,value_56
data/abac_benchmark/resource_0003,r_attr_11,value_23
data/abac_benchmark/resource_0003,r_attr_12,value_27
data/abac_benchmark/resource_0003,r_attr_13,value_20
data/abac_benchmark/resource_0003,r_attr_14,value_18
data/abac_benchmark/resource_0003,r_attr_15,value_23
data/abac_benchmark/resource_0003,r_attr_16,value_45
data/abac_benchmark/resource_0004,r_attr_01,value_03
data/abac_benchmark/resource_0004,r_attr_02,value_04
data/abac_benchmark/resource_0004,r_attr_03,value_28
data/abac_benchmark/resource_0004,r_attr_04,value_62
data/abac_benchmark/resource_0004,r_attr_05,value_01
data/abac_benchmark/resource_0004,r_attr_06,value_55
data/abac_benchmark/resource_0004,r_attr_07,value_48
data/abac_benchmark/resource_0004,r_attr_08,value_42
data/abac_benchmark/resource_0004,r_attr_09,value_43
data/abac_benchmark/resource_0004,r_attr_10,value_28
data/abac_benchmark/resource_0004,r_attr_11,value_43
data/abac_benchmark/resource_0004,r_attr_12,value_62
data/abac_benchmark/resource_0004,r_attr_13,value_51
data/abac_benchmark/resource_0004,r_attr_14,value_41
data/abac_benchmark/resource_0004,r_attr_15,value_07
data/abac_benchmark/resource_0004,r_attr_16,value_48
data/abac_benchmark/resource_0005,r_attr_01,value_57
data/abac_benchmark/resource_0005,r_attr_02,value_61
data/abac_benchmark/resource_0005,r_attr_03,value_03
data/abac_benchmark/resource_0005,r_attr_04,value_35
data/abac_benchmark/resource_0005,r_attr_05,value_34
data/abac_benchmark/resource_0005,r_attr_06,value_47
data/abac_benchmark/resource_0005,r_attr_07,value_15
data/abac_benchmark/resource_0005,r_attr_08,value_39
data/abac_benchmark/resource_0005,r_attr_09,value_30
data/abac_benchmark/resource_0005,r_attr_10,value_17
data/abac_benchmark/resource_0005,r_attr_11,value_59
data/abac_benchmark/resource_0005,r_attr_12,value_15
data/abac_benchmark/resource_0005,r_attr_13,value_55
data/abac_benchmark/resource_0005,r_attr_14,value_46
data/abac_benchmark/resource_0005,r_attr_15,value_54
data/abac_benchmark/resource_0005,r_attr_16,value_33
data/abac_benchmark/resource_0006,r_attr_01,value_31
data/abac_benchmark/resource_0006,r_attr_02,value_19
data/abac_benchmark/resource_0006,r_attr_03,value_29
data/abac_benchmark/resource_0006,r_attr_04,value_13
data/abac_benchmark/resource_0006,r_attr_05,value_24
data/abac_benchmark/resource_0006,r_attr_06,value_14
data/abac_benchmark/resource_0006,r_attr_07,value_08
data/abac_benchmark/resource_0006,r_attr_08,value_45
data/abac_benchmark/resource_0006,r_attr_09,value_08
data/abac_benchmark/resource_0006,r_attr_10,value_00
data/abac_benchmark/resource_0006,r_attr_11,value_29
data/abac_benchmark/resource_0006,r_attr_12,value_14
data/abac_benchmark/resource_0006,r_attr_13,value_34
data/abac_benchmark/resource_0006,r_attr_14,value_40
data/abac_benchmark/resource_0006,r_attr_15,value_59
data/abac_benchmark/resource_0006,r_attr_16,value_15
data/abac_benchmark/resource_0007,r_attr_01,value_28
data/abac_benchmark/resource_0007,r_attr_02,value_30
data/abac_benchmark/resource_0007,r_attr_03,value_45
data/abac_benchmark/resource_0007,r_attr_04,value_25
data/abac_benchmark/resource_0007,r_attr_05,value_46
data/abac_benchmark/resource_0007,r_attr_06,value_56
data/abac_benchmark/resource_0007,r_attr_07,value_59
data/abac_benchmark/resource_0007,r_attr_08,value_13
data/abac_benchmark/resource_0007,r_attr_09,value_08
data/abac_benchmark/resource_0007,r_attr_10,value_41
data/abac_benchmark/resource_0007,r_attr_11,value_57
data/abac_benchmark/resource_0007,r_attr_12,value_60
data/abac_benchmark/resource_0007,r_attr_13,value_23
data/abac_benchmark/resource_0007,r_attr_14,value_01
data/abac_benchmark/resource_0007,r_attr_15,value_24
data/abac_benchmark/resource_0007,r_attr_16,value_45
data/abac_benchmark/resource_0008,r_attr_01,value_19
data/abac_benchmark/resource_0008,r_attr_02,value_14
data/abac_benchmark/resource_0008,r_attr_03,value_29
data/abac_benchmark/resource_0008,r_attr_04,value_25
data/abac_benchmark/resource_0008,r_attr_05,value_00
data/abac_benchmark/resource_0008,r_attr_06,value_02
data/abac_benchmark/resource_0008,r_attr_07,value_04
data/abac_benchmark/resource_0008,r_attr_08,value_02
data/abac_benchmark/resource_0008,r_attr_09,value_35
data/abac_benchmark/resource_0008,r_attr_10,value_56
data/abac_benchmark/resource_0008,r_attr_11,value_26
data/abac_benchmark/resource_0008,r_attr_12,value_48
data/abac_benchmark/resource_0008,r_attr_13,value_07
data/abac_benchmark/resource_0008,r_attr_14,value_62
data/abac_benchmark/resource_0008,r_attr_15,value_34
data/abac_benchmark/resource_0008,r_attr_16,value_55
data/abac_benchmark/resource_0009,r_attr_01,value_11
data/abac_benchmark/resource_0009,r_attr_02,value_09
data/abac_benchmark/resource_0009,r_attr_03,value_56
data/abac_benchmark/resource_0009,r_attr_04,value_07
data/abac_benchmark/resource_0009,r_attr_05,value_02
data/abac_benchmark/resource_0009,r_attr_06,value_48
data/abac_benchmark/resource_0009,r_attr_07,value_38
data/abac_benchmark/resource_0009,r_attr_08,value_61
data/abac_benchmark/resource_0009,r_attr_09,value_30
data/abac_benchmark/resource_0009,r_attr_10,value_57
data/abac_benchmark/resource_0009,r_attr_11,value_05
data/abac_benchmark/resource_0009,r_attr_12,value_60
data/abac_benchmark/resource_0009,r_attr_13,value_55
data/abac_benchmark/resource_0009,r_attr_14,value_34
data/abac_benchmark/resource_0009,r_attr_15,value_37
data/abac_benchmark/resource_0009,r_attr_16,value_29
data/abac_benchmark/resource_0010,r_attr_01,value_59
data/abac_benchmark/resource_0010,r_attr_02,value_06
data/abac_benchmark/resource_0010,r_attr_03,value_31
data/abac_benchmark/resource_0010,r_attr_04,value_22
data/abac_benchmark/resource_0010,r_attr_05,value_11
data/abac_benchmark/resource_0010,r_attr_06,value_05
data/abac_benchmark/resource_0010,r_attr_07,value_05
data/abac_benchmark/resource_0010,r_attr_08,value_54
data/abac_benchmark/resource_0010,r_attr_09,value_57
data/abac_benchmark/resource_0010,r_attr_10,value_51
data/abac_benchmark/resource_0010,r_attr_11,value_26
data/abac_benchmark/resource_0010,r_attr_12,value_04
data/abac_benchmark/resource_0010,r_attr_13,value_42
data/abac_benchmark/resource_0010,r_attr_14,value_61
data/abac_benchmark/resource_0010,r_attr_15,value_02
data/abac_benchmark/resource_0010,r_attr_16,value_23
data/abac_benchmark/resource_0011,r_attr_01,value_58
data/abac_benchmark/resource_0011,r_attr_02,value_54
data/abac_benchmark/resource_0011,r_attr_03,value_58
data/abac_benchmark/resource_0011,r_attr_04,value_32
data/abac_benchmark/resource_0011,r_attr_05,value_22
data/abac_benchmark/resource_0011,r_attr_06,value_42
data/abac_benchmark/resource_0011,r_attr_07,value_50
data/abac_benchmark/resource_0011,r_attr_08,value_27
data/abac_benchmark/resource_0011,r_attr_09,value_43
data/abac_benchmark/resource_0011,r_attr_10,value_07
data/abac_benchmark/resource_0011,r_attr_11,value_08
data/abac_benchmark/resource_0011,r_attr_12,value_01
data/abac_benchmark/resource_0011,r_attr_13,value_32
data/abac_benchmark/resource_0011,r_attr_14,value_41
data/abac_benchmark/resource_0011,r_attr_15,value_31
data/abac_benchmark/resource_0011,r_attr_16,value_03
data/abac_benchmark/resource_0012,r_attr_01,value_23
data/abac_benchmark/resource_0012,r_attr_02,value_12
data/abac_benchmark/resource_0012,r_attr_03,value_57
data/abac_benchmark/resource_0012,r_attr_04,value_28
data/abac_benchmark/resource_0012,r_attr_05,value_09
data/abac_benchmark/resource_0012,r_attr_06,value_63
data/abac_benchmark/resource_0012,r_attr_07,value_34
data/abac_benchmark/resource_0012,r_attr_08,value_10
data/abac_benchmark/resource_0012,r_attr_09,value_19
data/abac_benchmark/resource_0012,r_attr_10,value_48
data/abac_benchmark/resource_0012,r_attr_11,value_54
data/abac_benchmark/resource_0012,r_attr_12,value_56
data/abac_benchmark/resource_0012,r_attr_13,value_14
data/abac_benchmark/resource_0012,r_attr_14,value_42
data/abac_benchmark/resource_0012,r_attr_15,value_02
data/abac_benchmark/resource_0012,r_attr_16,value_09
data/abac_benchmark/resource_0013,r_attr_01,value_54
data/abac_benchmark/resource_0013,r_attr_02,value_38
data/abac_benchmark/resource_0013,r_attr_03,value_08
data/abac_benchmark/resource_0013,r_attr_04,value_15
data/abac_benchmark/resource_0013,r_attr_05,value_41
data/abac_benchmark/resource_0013,r_attr_06,value_48
data/abac_benchmark/resource_0013,r_attr_07,value_61
data/abac_benchmark/resource_0013,r_attr_08,value_39
data/abac_benchmark/resource_0013,r_attr_09,value_38
data/abac_benchmark/resource_0013,r_attr_10,value_33
data/abac_benchmark/resource_0013,r_attr_11,value_63
data/abac_benchmark/resource_0013,r_attr_12,value_60
data/abac_benchmark/resource_0013,r_attr_13,value_50
data/abac_benchmark/resource_0013,r_attr_14,value_42
data/abac_benchmark/resource_0013,r_attr_15,value_12
data/abac_benchmark/resource_0013,r_attr_16,value_22
data/abac_benchmark/resource_0014,r_attr_01,value_28
data/abac_benchmark/resource_0014,r_attr_02,value_59
data/abac_benchmark/resource_0014,r_attr_03,value_43
data/abac_benchmark/resource_0014,r_attr_04,value_35
data/abac_benchmark/resource_0014,r_attr_05,value_27
data/abac_benchmark/resource_0014,r_attr_06,value_09
data/abac_benchmark/resource_0014,r_attr_07,value_52
data/abac_benchmark/resource_0014,r_attr_08,value_21
data/abac_benchmark/resource_0014,r_attr_09,value_37
data/abac_benchmark/resource_0014,r_attr_10,value_60
data/abac_benchmark/resource_0014,r_attr_11,value_17
data/abac_benchmark/resource_0014,r_attr_12,value_28
data/abac_benchmark/resource_0014,r_attr_13,value_55
data/abac_benchmark/resource_0014,r_attr_14,value_61
data/abac_benchmark/resource_0014,r_attr_15,value_18
data/abac_benchmark/resource_0014,r_attr_16,value_11
data/abac_benchmark/resource_0015,r_attr_01,value_46
data/abac_benchmark/resource_0015,r_attr_02,value_57
data/abac_benchmark/resource_0015,r_attr_03,value_13
data/abac_benchmark/resource_0015,r_attr_04,value_17
data/abac_benchmark/resource_0015,r_attr_05,value_61
data/abac_benchmark/resource_0015,r_attr_06,value_02
data/abac_benchmark/resource_0015,r_attr_07,value_48
data/abac_benchmark/resource_0015,r_attr_08,value_57
data/abac_benchmark/resource_0015,r_attr_09,value_61
data/abac_benchmark/resource_0015,r_attr_10,value_00
data/abac_benchmark/resource_0015,r_attr_11,value_44
data/abac_benchmark/resource_0015,r_attr_12,value_63
data/abac_benchmark/resource_0015,r_attr_13,value_53
data/abac_benchmark/resource_0015,r_attr_14,value_15
data/abac_benchmark/resource_0015,r_attr_15,value_37
data/abac_benchmark/resource_0015,r_attr_16,value_61
data/abac_benchmark/resource_0016,r_attr_01,value_14
data/abac_benchmark/resource_0016,r_attr_02,value_11
data/abac_benchmark/resource_0016,r_attr_03,value_09
data/abac_benchmark/resource_0016,r_attr_04,value_29
data/abac_benchmark/resource_0016,r_attr_05,value_26
data/abac_benchmark/resource_0016,r_attr_06,value_27
data/abac_benchmark/resource_0016,r_attr_07,value_41
data/abac_benchmark/resource_0016,r_attr_08,value_06
data/abac_benchmark/resource_0016,r_attr_09,value_11
data/abac_benchmark/resource_0016,r_attr_10,value_20
data/abac_benchmark/resource_0016,r_attr_11,value_34
data/abac_benchmark/resource_0016,r_attr_12,value_44
data/abac_benchmark/resource_0016,r_attr_13,value_19
data/abac_benchmark/resource_0016,r_attr_14,value_49
data/abac_benchmark/resource_0016,r_attr_15,value_38
data/abac_benchmark/resource_0016,r_attr_16,value_22
data/abac_benchmark/resource_0017,r_attr_01,value_33
data/abac_benchmark/resource_0017,r_attr_02,value_29
data/abac_benchmark/resource_0017,r_attr_03,value_28
data/abac_benchmark/resource_0017,r_attr_04,value_50
data/abac_benchmark/resource_0017,r_attr_05,value_38
data/abac_benchmark/resource_0017,r_attr_06,value_32
data/abac_benchmark/resource_0017,r_attr_07,value_24
data/abac_benchmark/resource_0017,r_attr_08,value_57
data/abac_benchmark/resource_0017,r_attr_09,value_62
data/abac_benchmark/resource_0017,r_attr_10,value_27
data/abac_benchmark/resource_0017,r_attr_11,value_10
data/abac_benchmark/resource_0017,r_attr_12,value_30
data/abac_benchmark/resource_0017,r_attr_13,value_17
data/abac_benchmark/resource_0017,r_attr_14,value_25
data/abac_benchmark/resource_0017,r_attr_15,value_31
data/abac_benchmark/resource_0017,r_attr_16,value_12
data/abac_benchmark/resource_0018,r_attr_01,value_57
data/abac_benchmark/resource_0018,r_attr_02,value_57
data/abac_benchmark/resource_0018,r_attr_03,value_50
data/abac_benchmark/resource_0018,r_attr_04,value_02
data/abac_benchmark/resource_0018,r_attr_05,value_30
data/abac_benchmark/resource_0018,r_attr_06,value_22
data/abac_benchmark/resource_0018,r_attr_07,value_52
data/abac_benchmark/resource_0018,r_attr_08,value_58
data/abac_benchmark/resource_0018,r_attr_09,value_44
data/abac_benchmark/resource_0018,r_attr_10,value_30
data/abac_benchmark/resource_0018,r_attr_11,value_18
data/abac_benchmark/resource_0018,r_attr_12,value_61
data/abac_benchmark/resource_0018,r_attr_13,value_09
data/abac_benchmark/resource_0018,r_attr_14,value_33
data/abac_benchmark/resource_0018,r_attr_15,value_22
data/abac_benchmark/resource_0018,r_attr_16,value_32
data/abac_benchmark/resource_0019,r_attr_01,value_59
data/abac_benchmark/resource_0019,r_attr_02,value_36
data/abac_benchmark/resource_0019,r_attr_03,value_15
data/abac_benchmark/resource_0019,r_attr_04,value_15
data/abac_benchmark/resource_0019,r_attr_05,value_26
data/abac_benchmark/resource_0019,r_attr_06,value_59
data/abac_benchmark/resource_0019,r_attr_07,value_01
data/abac_benchmark/resource_0019,r_attr_08,value_44
data/abac_benchmark/resource_0019,r_attr_09,value_01
data/abac_benchmark/resource_0019,r_attr_10,value_34
data/abac_benchmark/resource_0019,r_attr_11,value_23
data/abac_benchmark/resource_0019,r_attr_12,value_06
data/abac_benchmark/resource_0019,r_attr_13,value_11
data/abac_benchmark/resource_0019,r_attr_14,value_54
data/abac_benchmark/resource_0019,r_attr_15,value_51
data/abac_benchmark/resource_0019,r_attr_16,value_57
data/abac_benchmark/resource_0020,r_attr_01,value_63
data/abac_benchmark/resource_0020,r_attr_02,value_02
data/abac_benchmark/resource_0020,r_attr_03,value_41
data/abac_benchmark/resource_0020,r_attr_04,value_46
data/abac_benchmark/resource_0020,r_attr_05,value_23
data/abac_benchmark/resource_0020,r_attr_06,value_05
data/abac_benchmark/resource_0020,r_attr_07,value_17
data/abac_benchmark/resource_0020,r_attr_08,value_46
data/abac_benchmark/resource_0020,r_attr_09,value_49
data/abac_benchmark/resource_0020,r_attr_10,value_04
data/abac_benchmark/resource_0020,r_attr_11,value_63
data/abac_benchmark/resource_0020,r_attr_12,value_29
data/abac_benchmark/resource_0020,r_attr_13,value_35
data/abac_benchmark/resource_0020,r_attr_14,value_56
data/abac_benchmark/resource_0020,r_attr_15,value_22
data/abac_benchmark/resource_0020,r_attr_16,value_46
data/abac_benchmark/resource_0021,r_attr_01,value_10
data/abac_benchmark/resource_0021,r_attr_02,value_00
data/abac_benchmark/resource_0021,r_attr_03,value_30
data/abac_benchmark/resource_0021,r_attr_04,value_59
data/abac_benchmark/resource_0021,r_attr_05,value_27
data/abac_benchmark/resource_0021,r_attr_06,value_41
data/abac_benchmark/resource_0021,r_attr_07,value_30
data/abac_benchmark/resource_0021,r_attr_08,value_03
data/abac_benchmark/resource_0021,r_attr_09,value_54
data/abac_benchmark/resource_0021,r_attr_10,value_39
data/abac_benchmark/resource_0021,r_attr_11,value_28
data/abac_benchmark/resource_0021,r_attr_12,value_32
data/abac_benchmark/resource_0021,r_attr_13,value_32
data/abac_benchmark/resource_0021,r_attr_14,value_62
data/abac_benchmark/resource_0021,r_attr_15,value_07
data/abac_benchmark/resource_0021,r_attr_16,value_52
data/abac_benchmark/resource_0022,r_attr_01,value_05
data/abac_benchmark/resource_0022,r_attr_02,value_55
data/abac_benchmark/resource_0022,r_attr_03,value_43
data/abac_benchmark/resource_0022,r_attr_04,value_58
data/abac_benchmark/resource_0022,r_attr_05,value_24
data/abac_benchmark/resource_0022,r_attr_06,value_48
data/abac_benchmark/resource_0022,r_attr_07,value_38
data/abac_benchmark/resource_0022,r_attr_08,value_06
data/abac_benchmark/resource_0022,r_attr_09,value_45
data/abac_benchmark/resource_0022,r_attr_10,value_26
data/abac_benchmark/resource_0022,r_attr_11,value_09
data/abac_benchmark/resource_0022,r_attr_12,value_35
data/abac_benchmark/resource_0022,r_attr_13,value_45
data/abac_benchmark/resource_0022,r_attr_14,value_47
data/abac_benchmark/resource_0022,r_attr_15,value_20
data/abac_benchmark/resource_0022,r_attr_16,value_28
data/abac_benchmark/resource_0023,r_attr_01,value_52
data/abac_benchmark/resource_0023,r_attr_02,value_31
data/abac_benchmark/resource_0023,r_attr_03,value_01
data/abac_benchmark/resource_0023,r_attr_04,value_49
data/abac_benchmark/resource_0023,r_attr_05,value_32
data/abac_benchmark/resource_0023,r_attr_06,value_07
data/abac_benchmark/resource_0023,r_attr_07,value_47
data/abac_benchmark/resource_0023,r_attr_08,value_57
data/abac_benchmark/resource_0023,r_attr_09,value_46
data/abac_benchmark/resource_0023,r_attr_10,value_44
data/abac_benchmark/resource_0023,r_attr_11,value_08
data/abac_benchmark/resource_0023,r_attr_12,value_28
data/abac_benchmark/resource_0023,r_attr_13,value_42
data/abac_benchmark/resource_0023,r_attr_14,value_09
data/abac_benchmark/resource_0023,r_attr_15,value_15
data/abac_benchmark/resource_0023,r_attr_16,value_03
data/abac_benchmark/resource_0024,r_attr_01,value_44
data/abac_benchmark/resource_0024,r_attr_02,value_25
data/abac_benchmark/resource_0024,r_attr_03,value_43
data/abac_benchmark/resource_0024,r_attr_04,value_39
data/abac_benchmark/resource_0024,r_attr_05,value_34
data/abac_benchmark/resource_0024,r_attr_06,value_47
data/abac_benchmark/resource_0024,r_attr_07,value_41
data/abac_benchmark/resource_0024,r_attr_08,value_53
data/abac_benchmark/resource_0024,r_attr_09,value_22
data/abac_benchmark/resource_0024,r_attr_10,value_55
data/abac_benchmark/resource_0024,r_attr_11,value_12
data/abac_benchmark/resource_0024,r_attr_12,value_38
data/abac_benchmark/resource_0024,r_attr_13,value_40
data/abac_benchmark/resource_0024,r_attr_14,value_25
data/abac_benchmark/resource_0024,r_attr_15,value_44
data/abac_benchmark/resource_0024,r_attr_16,value_50
data/abac_benchmark/resource_0025,r_attr_01,value_57
data/abac_benchmark/resource_0025,r_attr_02,value_38
data/abac_benchmark/resource_0025,r_attr_03,value_12
data/abac_benchmark/resource_0025,r_attr_04,value_34
data/abac_benchmark/resource_0025,r_attr_05,value_27
data/abac_benchmark/resource_0025,r_attr_06,value_29
data/abac_benchmark/resource_0025,r_attr_07,value_54
data/abac_benchmark/resource_0025,r_attr_08,value_48
data/abac_benchmark/resource_0025,r_attr_09,value_06
data/abac_benchmark/resource_0025,r_attr_10,value_42
data/abac_benchmark/resource_0025,r_attr_11,value_11
data/abac_benchmark/resource_0025,r_attr_12,value_20
data/abac_benchmark/resource_0025,r_attr_13,value_43
data/abac_benchmark/resource_0025,r_attr_14,value_42
data/abac_benchmark/resource_0025,r_attr_15,value_20
data/abac_benchmark/resource_0025,r_attr_16,value_59
data/abac_benchmark/resource_0026,r_attr_01,value_52
data/abac_benchmark/resource_0026,r_attr_02,value_19
data/abac_benchmark/resource_0026,r_attr_03,value_13
data/abac_benchmark/resource_0026,r_attr_04,value_60
data/abac_benchmark/resource_0026,r_attr_05,value_40
data/abac_benchmark/resource_0026,r_attr_06,value_11
data/abac_benchmark/resource_0026,r_attr_07,value_53
data/abac_benchmark/resource_0026,r_attr_08,value_52
data/abac_benchmark/resource_0026,r_attr_09,value_40
data/abac_benchmark/resource_0026,r_attr_10,value_17
data/abac_benchmark/resource_0026,r_attr_11,value_33
data/abac_benchmark/resource_0026,r_attr_12,value_34
data/abac_benchmark/resource_0026,r_attr_13,value_43
data/abac_benchmark/resource_0026,r_attr_14,value_63
data/abac_benchmark/resource_0026,r_attr_15,value_03
data/abac_benchmark/resource_0026,r_attr_16,value_44
data/abac_benchmark/resource_0027,r_attr_01,value_59
data/abac_benchmark/resource_0027,r_attr_02,value_31
data/abac_benchmark/resource_0027,r_attr_03,value_21
data/abac_benchmark/resource_0027,r_attr_04,value_11
data/abac_benchmark/resource_0027,r_attr_05,value_51
data/abac_benchmark/resource_0027,r_attr_06,value_42
data/abac_benchmark/resource_0027,r_attr_07,value_43
data/abac_benchmark/resource_0027,r_attr_08,value_39
data/abac_benchmark/resource_0027,r_attr_09,value_22
data/abac_benchmark/resource_0027,r_attr_10,value_45
data/abac_benchmark/resource_0027,r_attr_11,value_11
data/abac_benchmark/resource_0027,r_attr_12,value_14
data/abac_benchmark/resource_0027,r_attr_13,value_20
data/abac_benchmark/resource_0027,r_attr_14,value_07
data/abac_benchmark/resource_0027,r_attr_15,value_50
data/abac_benchmark/resource_0027,r_attr_16,value_63
data/abac_benchmark/resource_0028,r_attr_01,value_31
data/abac_benchmark/resource_0028,r_attr_02,value_01
data/abac_benchmark/resource_0028,r_attr_03,value_09
data/abac_benchmark/resource_0028,r_attr_04,value_00
data/abac_benchmark/resource_0028,r_attr_05,value_18
data/abac_benchmark/resource_0028,r_attr_06,value_27
data/abac_benchmark/resource_0028,r_attr_07,value_29
data/abac_benchmark/resource_0028,r_attr_08,value_30
data/abac_benchmark/resource_0028,r_attr_09,value_35
data/abac_benchmark/resource_0028,r_attr_10,value_09
data/abac_benchmark/resource_0028,r_attr_11,value_15
data/abac_benchmark/resource_0028,r_attr_12,value_17
data/abac_benchmark/resource_0028,r_attr_13,value_34
data/abac_benchmark/resource_0028,r_attr_14,value_12
data/abac_benchmark/resource_0028,r_attr_15,value_53
data/abac_benchmark/resource_0028,r_attr_16,value_18
data/abac_benchmark/resource_0029,r_attr_01,value_17
data/abac_benchmark/resource_0029,r_attr_02,value_51
data/abac_benchmark/resource_0029,r_attr_03,value_20
data/abac_benchmark/resource_0029,r_attr_04,value_54
data/abac_benchmark/resource_0029,r_attr_05,value_38
data/abac_benchmark/resource_0029,r_attr_06,value_58
data/abac_benchmark/resource_0029,r_attr_07,value_59
data/abac_benchmark/resource_0029,r_attr_08,value_42
data/abac_benchmark/resource_0029,r_attr_09,value_58
data/abac_benchmark/resource_0029,r_attr_10,value_55
data/abac_benchmark/resource_0029,r_attr_11,value_18
data/abac_benchmark/resource_0029,r_attr_12,value_25
data/abac_benchmark/resource_0029,r_attr_13,value_59
data/abac_benchmark/resource_0029,r_attr_14,value_15
data/abac_benchmark/resource_0029,r_attr_15,value_59
data/abac_benchmark/resource_0029,r_attr_16,value_27
data/abac_benchmark/resource_0030,r_attr_01,value_09
data/abac_benchmark/resource_0030,r_attr_02,value_13
data/abac_benchmark/resource_0030,r_attr_03,value_11
data/abac_benchmark/resource_0030,r_attr_04,value_34
data/abac_benchmark/resource_0030,r_attr_05,value_60
data/abac_benchmark/resource_0030,r_attr_06,value_61
data/abac_benchmark/resource_0030,r_attr_07,value_38
data/abac_benchmark/resource_0030,r_attr_08,value_23
data/abac_benchmark/resource_0030,r_attr_09,value_46
data/abac_benchmark/resource_0030,r_attr_10,value_03
data/abac_benchmark/resource_0030,r_attr_11,value_61
data/abac_benchmark/resource_0030,r_attr_12,value_39
data/abac_benchmark/resource_0030,r_attr_13,value_60
data/abac_benchmark/resource_0030,r_attr_14,value_06
data/abac_benchmark/resource_0030,r_attr_15,value_48
data/abac_benchmark/resource_0030,r_attr_16,value_07
data/abac_benchmark/resource_0031,r_attr_01,value_26
data/abac_benchmark/resource_0031,r_attr_02,value_32
data/abac_benchmark/resource_0031,r_attr_03,value_17
data/abac_benchmark/resource_0031,r_attr_04,value_59
data/abac_benchmark/resource_0031,r_attr_05,value_30
data/abac_benchmark/resource_0031,r_attr_06,value_32
data/abac_benchmark/resource_0031,r_attr_07,value_06
data/abac_benchmark/resource_0031,r_attr_08,value_20
data/abac_benchmark/resource_0031,r_attr_09,value_30
data/abac_benchmark/resource_0031,r_attr_10,value_48
data/abac_benchmark/resource_0031,r_attr_11,value_22
data/abac_benchmark/resource_0031,r_attr_12,value_13
data/abac_benchmark/resource_0031,r_attr_13,value_09
data/abac_benchmark/resource_0031,r_attr_14,value_14
data/abac_benchmark/resource_0031,r_attr_15,value_18
data/abac_benchmark/resource_0031,r_attr_16,value_38
data/abac_benchmark/resource_0032,r_attr_01,value_60
data/abac_benchmark/resource_0032,r_attr_02,value_28
data/abac_benchmark/resource_0032,r_attr_03,value_53
data/abac_benchmark/resource_0032,r_attr_04,value_59
data/abac_benchmark/resource_0032,r_attr_05,value_48
data/abac_benchmark/resource_0032,r_attr_06,value_56
data/abac_benchmark/resource_0032,r_attr_07,value_18
data/abac_benchmark/resource_0032,r_attr_08,value_31
data/abac_benchmark/resource_0032,r_attr_09,value_19
data/abac_benchmark/resource_0032,r_attr_10,value_33
data/abac_benchmark/resource_0032,r_attr_11,value_22
data/abac_benchmark/resource_0032,r_attr_12,value_08
data/abac_benchmark/resource_0032,r_attr_13,value_40
data/abac_benchmark/resource_0032,r_attr_14,value_29
data/abac_benchmark/resource_0032,r_attr_15,value_26
data/abac_benchmark/resource_0032,r_attr_16,value_32
data/abac_benchmark/resource_0033,r_attr_01,value_40
data/abac_benchmark/resource_0033,r_attr_02,value_57
data/abac_benchmark/resource_0033,r_attr_03,value_03
data/abac_benchmark/resource_0033,r_attr_04,value_35
data/abac_benchmark/resource_0033,r_attr_05,value_39
data/abac_benchmark/resource_0033,r_attr_06,value_58
data/abac_benchmark/resource_0033,r_attr_07,value_51
data/abac_benchmark/resource_0033,r_attr_08,value_24
data/abac_benchmark/resource_0033,r_attr_09,value_45
data/abac_benchmark/resource_0033,r_attr_10,value_33
data/abac_benchmark/resource_0033,r_attr_11,value_58
data/abac_benchmark/resource_0033,r_attr_12,value_31
data/abac_benchmark/resource_0033,r_attr_13,value_25
data/abac_benchmark/resource_0033,r_attr_14,value_41
data/abac_benchmark/resource_0033,r_attr_15,value_41
data/abac_benchmark/resource_0033,r_attr_16,value_63
data/abac_benchmark/resource_0034,r_attr_01,value_53
data/abac_benchmark/resource_0034,r_attr_02,value_22
data/abac_benchmark/resource_0034,r_attr_03,value_41
data/abac_benchmark/resource_0034,r_attr_04,value_02
data/abac_benchmark/resource_0034,r_attr_05,value_28
data/abac_benchmark/resource_0034,r_attr_06,value_06
data/abac_benchmark/resource_0034,r_attr_07,value_61
data/abac_benchmark/resource_0034,r_attr_08,value_41
data/abac_benchmark/resource_0034,r_attr_09,value_36
data/abac_benchmark/resource_0034,r_attr_10,value_24
data/abac_benchmark/resource_0034,r_attr_11,value_54
data/abac_benchmark/resource_0034,r_attr_12,value_27
data/abac_benchmark/resource_0034,r_attr_13,value_22
data/abac_benchmark/resource_0034,r_attr_14,value_58
data/abac_benchmark/resource_0034,r_attr_15,value_48
data/abac_benchmark/resource_0034,r_attr_16,value_48
data/abac_benchmark/resource_0035,r_attr_01,value_34
data/abac_benchmark/resource_0035,r_attr_02,value_37
data/abac_benchmark/resource_0035,r_attr_03,value_06
data/abac_benchmark/resource_0035,r_attr_04,value_23
data/abac_benchmark/resource_0035,r_attr_05,value_34
data/abac_benchmark/resource_0035,r_attr_06,value_25
data/abac_benchmark/resource_0035,r_attr_07,value_52
data/abac_benchmark/resource_0035,r_attr_08,value_19
data/abac_benchmark/resource_0035,r_attr_09,value_62
data/abac_benchmark/resource_0035,r_attr_10,value_60
data/abac_benchmark/resource_0035,r_attr_11,value_45
data/abac_benchmark/resource_0035,r_attr_12,value_30
data/abac_benchmark/resource_0035,r_attr_13,value_18
data/abac_benchmark/resource_0035,r_attr_14,value_42
data/abac_benchmark/resource_0035,r_attr_15,value_58
data/abac_benchmark/resource_0035,r_attr_16,value_18
data/abac_benchmark/resource_0036,r_attr_01,value_44
data/abac_benchmark/resource_0036,r_attr_02,value_54
data/abac_benchmark/resource_0036,r_attr_03,value_46
data/abac_benchmark/resource_0036,r_attr_04,value_26
data/abac_benchmark/resource_0036,r_attr_05,value_08
data/abac_benchmark/resource_0036,r_attr_06,value_12
data/abac_benchmark/resource_0036,r_attr_07,value_21
data/abac_benchmark/resource_0036,r_attr_08,value_30
data/abac_benchmark/resource_0036,r_attr_09,value_57
data/abac_benchmark/resource_0036,r_attr_10,value_33
data/abac_benchmark/resource_0036,r_attr_11,value_61
data/abac_benchmark/resource_0036,r_attr_12,value_27
data/abac_benchmark/resource_0036,r_attr_13,value_57
data/abac_benchmark/resource_0036,r_attr_14,value_52
data/abac_benchmark/resource_0036,r_attr_15,value_32
data/abac_benchmark/resource_0036,r_attr_16,value_43
data/abac_benchmark/resource_0037,r_attr_01,value_57
data/abac_benchmark/resource_0037,r_attr_02,value_34
data/abac_benchmark/resource_0037,r_attr_03,value_01
data/abac_benchmark/resource_0037,r_attr_04,value_51
data/abac_benchmark/resource_0037,r_attr_05,value_13
data/abac_benchmark/resource_0037,r_attr_06,value_53
data/abac_benchmark/resource_0037,r_attr_07,value_38
data/abac_benchmark/resource_0037,r_attr_08,value_38
data/abac_benchmark/resource_0037,r_attr_09,value_29
data/abac_benchmark/resource_0037,r_attr_10,value_39
data/abac_benchmark/resource_0037,r_attr_11,value_03
data/abac_benchmark/resource_0037,r_attr_12,value_00
data/abac_benchmark/resource_0037,r_attr_13,value_40
data/abac_benchmark/resource_0037,r_attr_14,value_60
data/abac_benchmark/resource_0037,r_attr_15,value_35
data/abac_benchmark/resource_0037,r_attr_16,value_54
data/abac_benchmark/resource_0038,r_attr_01,value_07
data/abac_benchmark/resource_0038,r_attr_02,value_55
data/abac_benchmark/resource_0038,r_attr_03,value_29
data/abac_benchmark/resource_0038,r_attr_04,value_13
data/abac_benchmark/resource_0038,r_attr_05,value_02
data/abac_benchmark/resource_0038,r_attr_06,value_38
data/abac_benchmark/resource_0038,r_attr_07,value_44
data/abac_benchmark/resource_0038,r_attr_08,value_41
data/abac_benchmark/resource_0038,r_attr_09,value_20
data/abac_benchmark/resource_0038,r_attr_10,value_61
data/abac_benchmark/resource_0038,r_attr_11,value_50
data/abac_benchmark/resource_0038,r_attr_12,value_08
data/abac_benchmark/resource_0038,r_attr_13,value_10
data/abac_benchmark/resource_0038,r_attr_14,value_61
data/abac_benchmark/resource_0038,r_attr_15,value_41
data/abac_benchmark/resource_0038,r_attr_16,value_50
data/abac_benchmark/resource_0039,r_attr_01,value_32
data/abac_benchmark/resource_0039,r_attr_02,value_14
data/abac_benchmark/resource_0039,r_attr_03,value_26
data/abac_benchmark/resource_0039,r_attr_04,value_26
data/abac_benchmark/resource_0039,r_attr_05,value_19
data/abac_benchmark/resource_0039,r_attr_06,value_01
data/abac_benchmark/resource_0039,r_attr_07,value_38
data/abac_benchmark/resource_0039,r_attr_08,value_31
data/abac_benchmark/resource_0039,r_attr_09,value_29
data/abac_benchmark/resource_0039,r_attr_10,value_33
data/abac_benchmark/resource_0039,r_attr_11,value_33
data/abac_benchmark/resource_0039,r_attr_12,value_26
data/abac_benchmark/resource_0039,r_attr_13,value_35
data/abac_benchmark/resource_0039,r_attr_14,value_56
data/abac_benchmark/resource_0039,r_attr_15,value_55
data/abac_benchmark/resource_0039,r_attr_16,value_24
data/abac_benchmark/resource_0040,r_attr_01,value_21
data/abac_benchmark/resource_0040,r_attr_02,value_14
data/abac_benchmark/resource_0040,r_attr_03,value_46
data/abac_benchmark/resource_0040,r_attr_04,value_40
data/abac_benchmark/resource_0040,r_attr_05,value_12
data/abac_benchmark/resource_0040,r_attr_06,value_54
data/abac_benchmark/resource_0040,r_attr_07,value_18
data/abac_benchmark/resource_0040,r_attr_08,value_46
data/abac_benchmark/resource_0040,r_attr_09,value_29
data/abac_benchmark/resource_0040,r_attr_10,value_40
data/abac_benchmark/resource_0040,r_attr_11,value_13
data/abac_benchmark/resource_0040,r_attr_12,value_15
data/abac_benchmark/resource_0040,r_attr_13,value_30
data/abac_benchmark/resource_0040,r_attr_14,value_47
data/abac_benchmark/resource_0040,r_attr_15,value_51
data/abac_benchmark/resource_0040,r_attr_16,value_53
data/abac_benchmark/resource_0041,r_attr_01,value_22
data/abac_benchmark/resource_0041,r_attr_02,value_45
data/abac_benchmark/resource_0041,r_attr_03,value_34
data/abac_benchmark/resource_0041,r_attr_04,value_53
data/abac_benchmark/resource_0041,r_attr_05,value_45
data/abac_benchmark/resource_0041,r_attr_06,value_16
data/abac_benchmark/resource_0041,r_attr_07,value_57
data/abac_benchmark/resource_0041,r_attr_08,value_32
data/abac_benchmark/resource_0041,r_attr_09,value_01
data/abac_benchmark/resource_0041,r_attr_10,value_34
data/abac_benchmark/resource_0041,r_attr_11,value_44
data/abac_benchmark/resource_0041,r_attr_12,value_38
data/abac_benchmark/resource_0041,r_attr_13,value_08
data/abac_benchmark/resource_0041,r_attr_14,value_29
data/abac_benchmark/resource_0041,r_attr_15,value_56
data/abac_benchmark/resource_0041,r_attr_16,value_55
data/abac_benchmark/resource_0042,r_attr_01,value_44
data/abac_benchmark/resource_0042,r_attr_02,value_60
data/abac_benchmark/resource_0042,r_attr_03,value_04
data/abac_benchmark/resource_0042,r_attr_04,value_01
data/abac_benchmark/resource_0042,r_attr_05,value_02
data/abac_benchmark/resource_0042,r_attr_06,value_62
data/abac_benchmark/resource_0042,r_attr_07,value_27
data/abac_benchmark/resource_0042,r_attr_08,value_07
data/abac_benchmark/resource_0042,r_attr_09,value_13
data/abac_benchmark/resource_0042,r_attr_10,value_10
data/abac_benchmark/resource_0042,r_attr_11,value_10
data/abac_benchmark/resource_0042,r_attr_12,value_23
data/abac_benchmark/resource_0042,r_attr_13,value_42
data/abac_benchmark/resource_0042,r_attr_14,value_29
data/abac_benchmark/resource_0042,r_attr_15,value_38
data/abac_benchmark/resource_0042,r_attr_16,value_02
data/abac_benchmark/resource_0043,r_attr_01,value_36
data/abac_benchmark/resource_0043,r_attr_02,value_59
data/abac_benchmark/resource_0043,r_attr_03,value_21
data/abac_benchmark/resource_0043,r_attr_04,value_48
data/abac_benchmark/resource_0043,r_attr_05,value_05
data/abac_benchmark/resource_0043,r_attr_06,value_25
data/abac_benchmark/resource_0043,r_attr_07,value_48
data/abac_benchmark/resource_0043,r_attr_08,value_30
data/abac_benchmark/resource_0043,r_attr_09,value_49
data/abac_benchmark/resource_0043,r_attr_10,value_23
data/abac_benchmark/resource_0043,r_attr_11,value_14
data/abac_benchmark/resource_0043,r_attr_12,value_57
data/abac_benchmark/resource_0043,r_attr_13,value_07
data/abac_benchmark/resource_0043,r_attr_14,value_27
data/abac_benchmark/resource_0043,r_attr_15,value_11
data/abac_benchmark/resource_0043,r_attr_16,value_53
data/abac_benchmark/resource_0044,r_attr_01,value_29
data/abac_benchmark/resource_0044,r_attr_02,value_45
data/abac_benchmark/resource_0044,r_attr_03,value_34
data/abac_benchmark/resource_0044,r_attr_04,value_22
data/abac_benchmark/resource_0044,r_attr_05,value_02
data/abac_benchmark/resource_0044,r_attr_06,value_58
data/abac_benchmark/resource_0044,r_attr_07,value_34
data/abac_benchmark/resource_0044,r_attr_08,value_44
data/abac_benchmark/resource_0044,r_attr_09,value_36
data/abac_benchmark/resource_0044,r_attr_10,value_37
data/abac_benchmark/resource_0044,r_attr_11,value_42
data/abac_benchmark/resource_0044,r_attr_12,value_04
data/abac_benchmark/resource_0044,r_attr_13,value_32
data/abac_benchmark/resource_0044,r_attr_14,value_02
data/abac_benchmark/resource_0044,r_attr_15,value_05
data/abac_benchmark/resource_0044,r_attr_16,value_44
data/abac_benchmark/resource_0045,r_attr_01,value_60
data/abac_benchmark/resource_0045,r_attr_02,value_57
data/abac_benchmark/resource_0045,r_attr_03,value_03
data/abac_benchmark/resource_0045,r_attr_04,value_36
data/abac_benchmark/resource_0045,r_attr_05,value_54
data/abac_benchmark/resource_0045,r_attr_06,value_04
data/abac_benchmark/resource_0045,r_attr_07,value_29
data/abac_benchmark/resource_0045,r_attr_08,value_26
data/abac_benchmark/resource_0045,r_attr_09,value_61
data/abac_benchmark/resource_0045,r_attr_10,value_22
data/abac_benchmark/resource_0045,r_attr_11,value_58
data/abac_benchmark/resource_0045,r_attr_12,value_02
data/abac_benchmark/resource_0045,r_attr_13,value_15
data/abac_benchmark/resource_0045,r_attr_14,value_12
data/abac_benchmark/resource_0045,r_attr_15,value_04
data/abac_benchmark/resource_0045,r_attr_16,value_53
data/abac_benchmark/resource_0046,r_attr_01,value_61
data/abac_benchmark/resource_0046,r_attr_02,value_52
data/abac_benchmark/resource_0046,r_attr_03,value_30
data/abac_benchmark/resource_0046,r_attr_04,value_40
data/abac_benchmark/resource_0046,r_attr_05,value_05
data/abac_benchmark/resource_0046,r_attr_06,value_11
data/abac_benchmark/resource_0046,r_attr_07,value_58
data/abac_benchmark/resource_0046,r_attr_08,value_37
data/abac_benchmark/resource_0046,r_attr_09,value_24
data/abac_benchmark/resource_0046,r_attr_10,value_62
data/abac_benchmark/resource_0046,r_attr_11,value_59
data/abac_benchmark/resource_0046,r_attr_12,value_28
data/abac_benchmark/resource_0046,r_attr_13,value_04
data/abac_benchmark/resource_0046,r_attr_14,value_40
data/abac_benchmark/resource_0046,r_attr_15,value_59
data/abac_benchmark/resource_0046,r_attr_16,value_31
data/abac_benchmark/resource_0047,r_attr_01,value_13
data/abac_benchmark/resource_0047,r_attr_02,value_02
data/abac_benchmark/resource_0047,r_attr_03,value_18
data/abac_benchmark/resource_0047,r_attr_04,value_02
data/abac_benchmark/resource_0047,r_attr_05,value_06
data/abac_benchmark/resource_0047,r_attr_06,value_34
data/abac_benchmark/resource_0047,r_attr_07,value_00
data/abac_benchmark/resource_0047,r_attr_08,value_50
data/abac_benchmark/resource_0047,r_attr_09,value_56
data/abac_benchmark/resource_0047,r_attr_10,value_47
data/abac_benchmark/resource_0047,r_attr_11,value_61
data/abac_benchmark/resource_0047,r_attr_12,value_54
data/abac_benchmark/resource_0047,r_attr_13,value_33
data/abac_benchmark/resource_0047,r_attr_14,value_62
data/abac_benchmark/resource_0047,r_attr_15,value_60
data/abac_benchmark/resource_0047,r_attr_16,value_11
data/abac_benchmark/resource_0048,r_attr_01,value_08
data/abac_benchmark/resource_0048,r_attr_02,value_14
data/abac_benchmark/resource_0048,r_attr_03,value_53
data/abac_benchmark/resource_0048,r_attr_04,value_30
data/abac_benchmark/resource_0048,r_attr_05,value_04
data/abac_benchmark/resource_0048,r_attr_06,value_29
data/abac_benchmark/resource_0048,r_attr_07,value_34
data/abac_benchmark/resource_0048,r_attr_08,value_33
data/abac_benchmark/resource_0048,r_attr_09,value_11
data/abac_benchmark/resource_0048,r_attr_10,value_59
data/abac_benchmark/resource_0048,r_attr_11,value_12
data/abac_benchmark/resource_0048,r_attr_12,value_38
data/abac_benchmark/resource_0048,r_attr_13,value_09
data/abac_benchmark/resource_0048,r_attr_14,value_56
data/abac_benchmark/resource_0048,r_attr_15,value_56
data/abac_benchmark/resource_0048,r_attr_16,value_01
data/abac_benchmark/resource_0049,r_attr_01,value_42
data/abac_benchmark/resource_0049,r_attr_02,value_36
data/abac_benchmark/resource_0049,r_attr_03,value_53
data/abac_benchmark/resource_0049,r_attr_04,value_37
data/abac_benchmark/resource_0049,r_attr_05,value_59
data/abac_benchmark/resource_0049,r_attr_06,value_40
data/abac_benchmark/resource_0049,r_attr_07,value_14
data/abac_benchmark/resource_0049,r_attr_08,value_45
data/abac_benchmark/resource_0049,r_attr_09,value_28
data/abac_benchmark/resource_0049,r_attr_10,value_61
data/abac_benchmark/resource_0049,r_attr_11,value_30
data/abac_benchmark/resource_0049,r_attr_12,value_17
data/abac_benchmark/resource_0049,r_attr_13,value_14
data/abac_benchmark/resource_0049,r_attr_14,value_37
data/abac_benchmark/resource_0049,r_attr_15,value_59
data/abac_benchmark/resource_0049,r_attr_16,value_03
data/abac_benchmark/resource_0050,r_attr_01,value_32
data/abac_benchmark/resource_0050,r_attr_02,value_05
data/abac_benchmark/resource_0050,r_attr_03,value_38
data/abac_benchmark/resource_0050,r_attr_04,value_44
data/abac_benchmark/resource_0050,r_attr_05,value_12
data/abac_benchmark/resource_0050,r_attr_06,value_37
data/abac_benchmark/resource_0050,r_attr_07,value_33
data/abac_benchmark/resource_0050,r_attr_08,value_32
data/abac_benchmark/resource_0050,r_attr_09,value_57
data/abac_benchmark/resource_0050,r_attr_10,value_10
data/abac_benchmark/resource_0050,r_attr_11,value_43
data/abac_benchmark/resource_0050,r_attr_12,value_43
data/abac_benchmark/resource_0050,r_attr_13,value_48
data/abac_benchmark/resource_0050,r_attr_14,value_04
data/abac_benchmark/resource_0050,r_attr_15,value_57
data/abac_benchmark/resource_0050,r_attr_16,value_15
data/abac_benchmark/resource_0051,r_attr_01,value_51
data/abac_benchmark/resource_0051,r_attr_02,value_51
data/abac_benchmark/resource_0051,r_attr_03,value_45
data/abac_benchmark/resource_0051,r_attr_04,value_37
data/abac_benchmark/resource_0051,r_attr_05,value_46
data/abac_benchmark/resource_0051,r_attr_06,value_19
data/abac_benchmark/resource_0051,r_attr_07,value_39
data/abac_benchmark/resource_0051,r_attr_08,value_27
data/abac_benchmark/resource_0051,r_attr_09,value_62
data/abac_benchmark/resource_0051,r_attr_10,value_10
data/abac_benchmark/resource_0051,r_attr_11,value_05
data/abac_benchmark/resource_0051,r_attr_12,value_57
data/abac_benchmark/resource_0051,r_attr_13,value_53
data/abac_benchmark/resource_0051,r_attr_14,value_41
data/abac_benchmark/resource_0051,r_attr_15,value_40
data/abac_benchmark/resource_0051,r_attr_16,value_44
data/abac_benchmark/resource_0052,r_attr_01,value_28
data/abac_benchmark/resource_0052,r_attr_02,value_25
data/abac_benchmark/resource_0052,r_attr_03,value_42
data/abac_benchmark/resource_0052,r_attr_04,value_00
data/abac_benchmark/resource_0052,r_attr_05,value_21
data/abac_benchmark/resource_0052,r_attr_06,value_18
data/abac_benchmark/resource_0052,r_attr_07,value_35
data/abac_benchmark/resource_0052,r_attr_08,value_57
data/abac_benchmark/resource_0052,r_attr_09,value_47
data/abac_benchmark/resource_0052,r_attr_10,value_49
data/abac_benchmark/resource_0052,r_attr_11,value_12
data/abac_benchmark/resource_0052,r_attr_12,value_47
data/abac_benchmark/resource_0052,r_attr_13,value_51
data/abac_benchmark/resource_0052,r_attr_14,value_50
data/abac_benchmark/resource_0052,r_attr_15,value_31
data/abac_benchmark/resource_0052,r_attr_16,value_01
data/abac_benchmark/resource_0053,r_attr_01,value_14
data/abac_benchmark/resource_0053,r_attr_02,value_51
data/abac_benchmark/resource_0053,r_attr_03,value_01
data/abac_benchmark/resource_0053,r_attr_04,value_22
data/abac_benchmark/resource_0053,r_attr_05,value_63
data/abac_benchmark/resource_0053,r_attr_06,value_23
data/abac_benchmark/resource_0053,r_attr_07,value_38
data/abac_benchmark/resource_0053,r_attr_08,value_59
data/abac_benchmark/resource_0053,r_attr_09,value_29
data/abac_benchmark/resource_0053,r_attr_10,value_54
data/abac_benchmark/resource_0053,r_attr_11,value_38
data/abac_benchmark/resource_0053,r_attr_12,value_55
data/abac_benchmark/resource_0053,r_attr_13,value_40
data/abac_benchmark/resource_0053,r_attr_14,value_22
data/abac_benchmark/resource_0053,r_attr_15,value_17
data/abac_benchmark/resource_0053,r_attr_16,value_06
data/abac_benchmark/resource_0054,r_attr_01,value_56
data/abac_benchmark/resource_0054,r_attr_02,value_10
data/abac_benchmark/resource_0054,r_attr_03,value_50
data/abac_benchmark/resource_0054,r_attr_04,value_52
data/abac_benchmark/resource_0054,r_attr_05,value_16
data/abac_benchmark/resource_0054,r_attr_06,value_26
data/abac_benchmark/resource_0054,r_attr_07,value_06
data/abac_benchmark/resource_0054,r_attr_08,value_51
data/abac_benchmark/resource_0054,r_attr_09,value_59
data/abac_benchmark/resource_0054,r_attr_10,value_44
data/abac_benchmark/resource_0054,r_attr_11,value_60
data/abac_benchmark/resource_0054,r_attr_12,value_10
data/abac_benchmark/resource_0054,r_attr_13,value_39
data/abac_benchmark/resource_0054,r_attr_14,value_36
data/abac_benchmark/resource_0054,r_attr_15,value_55
data/abac_benchmark/resource_0054,r_attr_16,value_37
data/abac_benchmark/resource_0055,r_attr_01,value_27
data/abac_benchmark/resource_0055,r_attr_02,value_43
data/abac_benchmark/resource_0055,r_attr_03,value_11
data/abac_benchmark/resource_0055,r_attr_04,value_06
data/abac_benchmark/resource_0055,r_attr_05,value_57
data/abac_benchmark/resource_0055,r_attr_06,value_40
data/abac_benchmark/resource_0055,r_attr_07,value_44
data/abac_benchmark/resource_0055,r_attr_08,value_40
data/abac_benchmark/resource_0055,r_attr_09,value_47
data/abac_benchmark/resource_0055,r_attr_10,value_49
data/abac_benchmark/resource_0055,r_attr_11,value_06
data/abac_benchmark/resource_0055,r_attr_12,value_24
data/abac_benchmark/resource_0055,r_attr_13,value_15
data/abac_benchmark/resource_0055,r_attr_14,value_36
data/abac_benchmark/resource_0055,r_attr_15,value_52
data/abac_benchmark/resource_0055,r_attr_16,value_50
data/abac_benchmark/resource_0056,r_attr_01,value_24
data/abac_benchmark/resource_0056,r_attr_02,value_39
data/abac_benchmark/resource_0056,r_attr_03,value_06
data/abac_benchmark/resource_0056,r_attr_04,value_08
data/abac_benchmark/resource_0056,r_attr_05,value_59
data/abac_benchmark/resource_0056,r_attr_06,value_58
data/abac_benchmark/resource_0056,r_attr_07,value_34
data/abac_benchmark/resource_0056,r_attr_08,value_07
data/abac_benchmark/resource_0056,r_attr_09,value_37
data/abac_benchmark/resource_0056,r_attr_10,value_53
data/abac_benchmark/resource_0056,r_attr_11,value_63
data/abac_benchmark/resource_0056,r_attr_12,value_62
data/abac_benchmark/resource_0056,r_attr_13,value_49
data/abac_benchmark/resource_0056,r_attr_14,value_03
data/abac_benchmark/resource_0056,r_attr_15,value_11
data/abac_benchmark/resource_0056,r_attr_16,value_09
data/abac_benchmark/resource_0057,r_attr_01,value_01
data/abac_benchmark/resource_0057,r_attr_02,value_21
data/abac_benchmark/resource_0057,r_attr_03,value_49
data/abac_benchmark/resource_0057,r_attr_04,value_39
data/abac_benchmark/resource_0057,r_attr_05,value_33
data/abac_benchmark/resource_0057,r_attr_06,value_32
data/abac_benchmark/resource_0057,r_attr_07,value_54
data/abac_benchmark/resource_0057,r_attr_08,value_15
data/abac_benchmark/resource_0057,r_attr_09,value_19
data/abac_benchmark/resource_0057,r_attr_10,value_56
data/abac_benchmark/resource_0057,r_attr_11,value_55
data/abac_benchmark/resource_0057,r_attr_12,value_33
data/abac_benchmark/resource_0057,r_attr_13,value_58
data/abac_benchmark/resource_0057,r_attr_14,value_43
data/abac_benchmark/resource_0057,r_attr_15,value_38
data/abac_benchmark/resource_0057,r_attr_16,value_61
data/abac_benchmark/resource_0058,r_attr_01,value_35
data/abac_benchmark/resource_0058,r_attr_02,value_02
data/abac_benchmark/resource_0058,r_attr_03,value_36
data/abac_benchmark/resource_0058,r_attr_04,value_25
data/abac_benchmark/resource_0058,r_attr_05,value_37
data/abac_benchmark/resource_0058,r_attr_06,value_16
data/abac_benchmark/resource_0058,r_attr_07,value_00
data/abac_benchmark/resource_0058,r_attr_08,value_34
data/abac_benchmark/resource_0058,r_attr_09,value_25
data/abac_benchmark/resource_0058,r_attr_10,value_23
data/abac_benchmark/resource_0058,r_attr_11,value_51
data/abac_benchmark/resource_0058,r_attr_12,value_39
data/abac_benchmark/resource_0058,r_attr_13,value_48
data/abac_benchmark/resource_0058,r_attr_14,value_05
data/abac_benchmark/resource_0058,r_attr_15,value_36
data/abac_benchmark/resource_0058,r_attr_16,value_24
data/abac_benchmark/resource_0059,r_attr_01,value_52
data/abac_benchmark/resource_0059,r_attr_02,value_57
data/abac_benchmark/resource_0059,r_attr_03,value_51
data/abac_benchmark/resource_0059,r_attr_04,value_53
data/abac_benchmark/resource_0059,r_attr_05,value_53
data/abac_benchmark/resource_0059,r_attr_06,value_54
data/abac_benchmark/resource_0059,r_attr_07,value_55
data/abac_benchmark/resource_0059,r_attr_08,value_56
data/abac_benchmark/resource_0059,r_attr_09,value_00
data/abac_benchmark/resource_0059,r_attr_10,value_42
data/abac_benchmark/resource_0059,r_attr_11,value_49
data/abac_benchmark/resource_0059,r_attr_12,value_40
data/abac_benchmark/resource_0059,r_attr_13,value_43
data/abac_benchmark/resource_0059,r_attr_14,value_39
data/abac_benchmark/resource_0059,r_attr_15,value_61
data/abac_benchmark/resource_0059,r_attr_16,value_51
data/abac_benchmark/resource_0060,r_attr_01,value_60
data/abac_benchmark/resource_0060,r_attr_02,value_31
data/abac_benchmark/resource_0060,r_attr_03,value_07
data/abac_benchmark/resource_0060,r_attr_04,value_42
data/abac_benchmark/resource_0060,r_attr_05,value_54
data/abac_benchmark/resource_0060,r_attr_06,value_46
data/abac_benchmark/resource_0060,r_attr_07,value_18
data/abac_benchmark/resource_0060,r_attr_08,value_30
data/abac_benchmark/resource_0060,r_attr_09,value_40
data/abac_benchmark/resource_0060,r_attr_10,value_46
data/abac_benchmark/resource_0060,r_attr_11,value_37
data/abac_benchmark/resource_0060,r_attr_12,value_51
data/abac_benchmark/resource_0060,r_attr_13,value_60
data/abac_benchmark/resource_0060,r_attr_14,value_21
data/abac_benchmark/resource_0060,r_attr_15,value_33
data/abac_benchmark/resource_0060,r_attr_16,value_05
data/abac_benchmark/resource_0061,r_attr_01,value_16
data/abac_benchmark/resource_0061,r_attr_02,value_39
data/abac_benchmark/resource_0061,r_attr_03,value_47
data/abac_benchmark/resource_0061,r_attr_04,value_10
data/abac_benchmark/resource_0061,r_attr_05,value_14
data/abac_benchmark/resource_0061,r_attr_06,value_09
data/abac_benchmark/resource_0061,r_attr_07,value_58
data/abac_benchmark/resource_0061,r_attr_08,value_05
data/abac_benchmark/resource_0061,r_attr_09,value_19
data/abac_benchmark/resource_0061,r_attr_10,value_23
data/abac_benchmark/resource_0061,r_attr_11,value_35
data/abac_benchmark/resource_0061,r_attr_12,value_00
data/abac_benchmark/resource_0061,r_attr_13,value_15
data/abac_benchmark/resource_0061,r_attr_14,value_43
data/abac_benchmark/resource_0061,r_attr_15,value_11
data/abac_benchmark/resource_0061,r_attr_16,value_16
data/abac_benchmark/resource_0062,r_attr_01,value_11
data/abac_benchmark/resource_0062,r_attr_02,value_19
data/abac_benchmark/resource_0062,r_attr_03,value_44
data/abac_benchmark/resource_0062,r_attr_04,value_35
data/abac_benchmark/resource_0062,r_attr_05,value_51
data/abac_benchmark/resource_0062,r_attr_06,value_61
data/abac_benchmark/resource_0062,r_attr_07,value_23
data/abac_benchmark/resource_0062,r_attr_08,value_55
data/abac_benchmark/resource_0062,r_attr_09,value_45
data/abac_benchmark/resource_0062,r_attr_10,value_47
data/abac_benchmark/resource_0062,r_attr_11,value_41
data/abac_benchmark/resource_0062,r_attr_12,value_37
data/abac_benchmark/resource_0062,r_attr_13,value_24
data/abac_benchmark/resource_0062,r_attr_14,value_60
data/abac_benchmark/resource_0062,r_attr_15,value_45
data/abac_benchmark/resource_0062,r_attr_16,value_44
data/abac_benchmark/resource_0063,r_attr_01,value_49
data/abac_benchmark/resource_0063,r_attr_02,value_20
data/abac_benchmark/resource_0063,r_attr_03,value_49
data/abac_benchmark/resource_0063,r_attr_04,value_52
data/abac_benchmark/resource_0063,r_attr_05,value_60
data/abac_benchmark/resource_0063,r_attr_06,value_20
data/abac_benchmark/resource_0063,r_attr_07,value_06
data/abac_benchmark/resource_0063,r_attr_08,value_17
data/abac_benchmark/resource_0063,r_attr_09,value_35
data/abac_benchmark/resource_0063,r_attr_10,value_46
data/abac_benchmark/resource_0063,r_attr_11,value_32
data/abac_benchmark/resource_0063,r_attr_12,value_21
data/abac_benchmark/resource_0063,r_attr_13,value_53
data/abac_benchmark/resource_0063,r_attr_14,value_34
data/abac_benchmark/resource_0063,r_attr_15,value_40
data/abac_benchmark/resource_0063,r_attr_16,value_53
data/abac_benchmark/resource_0064,r_attr_01,value_35
data/abac_benchmark/resource_0064,r_attr_02,value_26
data/abac_benchmark/resource_0064,r_attr_03,value_54
data/abac_benchmark/resource_0064,r_attr_04,value_38
data/abac_benchmark/resource_0064,r_attr_05,value_59
data/abac_benchmark/resource_0064,r_attr_06,value_32
data/abac_benchmark/resource_0064,r_attr_07,value_61
data/abac_benchmark/resource_0064,r_attr_08,value_53
data/abac_benchmark/resource_0064,r_attr_09,value_15
data/abac_benchmark/resource_0064,r_attr_10,value_31
data/abac_benchmark/resource_0064,r_attr_11,value_35
data/abac_benchmark/resource_0064,r_attr_12,value_41
data/abac_benchmark/resource_0064,r_attr_13,value_57
data/abac_benchmark/resource_0064,r_attr_14,value_34
data/abac_benchmark/resource_0064,r_attr_15,value_18
data/abac_benchmark/resource_0064,r_attr_16,value_63
data/abac_benchmark/resource_0065,r_attr_01,value_28
data/abac_benchmark/resource_0065,r_attr_02,value_24
data/abac_benchmark/resource_0065,r_attr_03,value_55
data/abac_benchmark/resource_0065,r_attr_04,value_46
data/abac_benchmark/resource_0065,r_attr_05,value_02
data/abac_benchmark/resource_0065,r_attr_06,value_29
data/abac_benchmark/resource_0065,r_attr_07,value_20
data/abac_benchmark/resource_0065,r_attr_08,value_02
data/abac_benchmark/resource_0065,r_attr_09,value_45
data/abac_benchmark/resource_0065,r_attr_10,value_30
data/abac_benchmark/resource_0065,r_attr_11,value_06
data/abac_benchmark/resource_0065,r_attr_12,value_13
data/abac_benchmark/resource_0065,r_attr_13,value_42
data/abac_benchmark/resource_0065,r_attr_14,value_02
data/abac_benchmark/resource_0065,r_attr_15,value_14
data/abac_benchmark/resource_0065,r_attr_16,value_56
data/abac_benchmark/resource_0066,r_attr_01,value_03
data/abac_benchmark/resource_0066,r_attr_02,value_26
data/abac_benchmark/resource_0066,r_attr_03,value_28
data/abac_benchmark/resource_0066,r_attr_04,value_27
data/abac_benchmark/resource_0066,r_attr_05,value_02
data/abac_benchmark/resource_0066,r_attr_06,value_41
data/abac_benchmark/resource_0066,r_attr_07,value_45
data/abac_benchmark/resource_0066,r_attr_08,value_19
data/abac_benchmark/resource_0066,r_attr_09,value_45
data/abac_benchmark/resource_0066,r_attr_10,value_19
data/abac_benchmark/resource_0066,r_attr_11,value_18
data/abac_benchmark/resource_0066,r_attr_12,value_54
data/abac_benchmark/resource_0066,r_attr_13,value_00
data/abac_benchmark/resource_0066,r_attr_14,value_25
data/abac_benchmark/resource_0066,r_attr_15,value_49
data/abac_benchmark/resource_0066,r_attr_16,value_41
data/abac_benchmark/resource_0067,r_attr_01,value_42
data/abac_benchmark/resource_0067,r_attr_02,value_27
data/abac_benchmark/resource_0067,r_attr_03,value_12
data/abac_benchmark/resource_0067,r_attr_04,value_34
data/abac_benchmark/resource_0067,r_attr_05,value_05
data/abac_benchmark/resource_0067,r_attr_06,value_26
data/abac_benchmark/resource_0067,r_attr_07,value_54
data/abac_benchmark/resource_0067,r_attr_08,value_58
data/abac_benchmark/resource_0067,r_attr_09,value_11
data/abac_benchmark/resource_0067,r_attr_10,value_33
data/abac_benchmark/resource_0067,r_attr_11,value_62
data/abac_benchmark/resource_0067,r_attr_12,value_26
data/abac_benchmark/resource_0067,r_attr_13,value_26
data/abac_benchmark/resource_0067,r_attr_14,value_14
data/abac_benchmark/resource_0067,r_attr_15,value_57
data/abac_benchmark/resource_0067,r_attr_16,value_61
data/abac_benchmark/resource_0068,r_attr_01,value_39
data/abac_benchmark/resource_0068,r_attr_02,value_32
data/abac_benchmark/resource_0068,r_attr_03,value_55
data/abac_benchmark/resource_0068,r_attr_04,value_08
data/abac_benchmark/resource_0068,r_attr_05,value_10
data/abac_benchmark/resource_0068,r_attr_06,value_05
data/abac_benchmark/resource_0068,r_attr_07,value_38
data/abac_benchmark/resource_0068,r_attr_08,value_28
data/abac_benchmark/resource_0068,r_attr_09,value_25
data/abac_benchmark/resource_0068,r_attr_10,value_26
data/abac_benchmark/resource_0068,r_attr_11,value_14
data/abac_benchmark/resource_0068,r_attr_12,value_52
data/abac_benchmark/resource_0068,r_attr_13,value_11
data/abac_benchmark/resource_0068,r_attr_14,value_59
data/abac_benchmark/resource_0068,r_attr_15,value_14
data/abac_benchmark/resource_0068,r_attr_16,value_00
data/abac_benchmark/resource_0069,r_attr_01,value_01
data/abac_benchmark/resource_0069,r_attr_02,value_17
data/abac_benchmark/resource_0069,r_attr_03,value_14
data/abac_benchmark/resource_0069,r_attr_04,value_14
data/abac_benchmark/resource_0069,r_attr_05,value_35
data/abac_benchmark/resource_0069,r_attr_06,value_16
data/abac_benchmark/resource_0069,r_attr_07,value_31
data/abac_benchmark/resource_0069,r_attr_08,value_62
data/abac_benchmark/resource_0069,r_attr_09,value_63
data/abac_benchmark/resource_0069,r_attr_10,value_50
data/abac_benchmark/resource_0069,r_attr_11,value_55
data/abac_benchmark/resource_0069,r_attr_12,value_32
data/abac_benchmark/resource_0069,r_attr_13,value_24
data/abac_benchmark/resource_0069,r_attr_14,value_00
data/abac_benchmark/resource_0069,r_attr_15,value_34
data/abac_benchmark/resource_0069,r_attr_16,value_46
data/abac_benchmark/resource_0070,r_attr_01,value_58
data/abac_benchmark/resource_0070,r_attr_02,value_09
data/abac_benchmark/resource_0070,r_attr_03,value_10
data/abac_benchmark/resource_0070,r_attr_04,value_45
data/abac_benchmark/resource_0070,r_attr_05,value_17
data/abac_benchmark/resource_0070,r_attr_06,value_05
data/abac_benchmark/resource_0070,r_attr_07,value_43
data/abac_benchmark/resource_0070,r_attr_08,value_08
data/abac_benchmark/resource_0070,r_attr_09,value_06
data/abac_benchmark/resource_0070,r_attr_10,value_55
data/abac_benchmark/resource_0070,r_attr_11,value_12
data/abac_benchmark/resource_0070,r_attr_12,value_04
data/abac_benchmark/resource_0070,r_attr_13,value_53
data/abac_benchmark/resource_0070,r_attr_14,value_20
data/abac_benchmark/resource_0070,r_attr_15,value_06
data/abac_benchmark/resource_0070,r_attr_16,value_38
data/abac_benchmark/resource_0071,r_attr_01,value_15
data/abac_benchmark/resource_0071,r_attr_02,value_47
data/abac_benchmark/resource_0071,r_attr_03,value_14
data/abac_benchmark/resource_0071,r_attr_04,value_44
data/abac_benchmark/resource_0071,r_attr_05,value_61
data/abac_benchmark/resource_0071,r_attr_06,value_37
data/abac_benchmark/resource_0071,r_attr_07,value_22
data/abac_benchmark/resource_0071,r_attr_08,value_52
data/abac_benchmark/resource_0071,r_attr_09,value_08
data/abac_benchmark/resource_0071,r_attr_10,value_39
data/abac_benchmark/resource_0071,r_attr_11,value_62
data/abac_benchmark/resource_0071,r_attr_12,value_57
data/abac_benchmark/resource_0071,r_attr_13,value_36
data/abac_benchmark/resource_0071,r_attr_14,value_16
data/abac_benchmark/resource_0071,r_attr_15,value_59
data/abac_benchmark/resource_0071,r_attr_16,value_45
data/abac_benchmark/resource_0072,r_attr_01,value_27
data/abac_benchmark/resource_0072,r_attr_02,value_42
data/abac_benchmark/resource_0072,r_attr_03,value_59
data/abac_benchmark/resource_0072,r_attr_04,value_41
data/abac_benchmark/resource_0072,r_attr_05,value_08
data/abac_benchmark/resource_0072,r_attr_06,value_20
data/abac_benchmark/resource_0072,r_attr_07,value_11
data/abac_benchmark/resource_0072,r_attr_08,value_05
data/abac_benchmark/resource_0072,r_attr_09,value_05
data/abac_benchmark/resource_0072,r_attr_10,value_00
data/abac_benchmark/resource_0072,r_attr_11,value_11
data/abac_benchmark/resource_0072,r_attr_12,value_54
data/abac_benchmark/resource_0072,r_attr_13,value_50
data/abac_benchmark/resource_0072,r_attr_14,value_30
data/abac_benchmark/resource_0072,r_attr_15,value_24
data/abac_benchmark/resource_0072,r_attr_16,value_63
data/abac_benchmark/resource_0073,r_attr_01,value_21
data/abac_benchmark/resource_0073,r_attr_02,value_49
data/abac_benchmark/resource_0073,r_attr_03,value_24
data/abac_benchmark/resource_0073,r_attr_04,value_09
data/abac_benchmark/resource_0073,r_attr_05,value_34
data/abac_benchmark/resource_0073,r_attr_06,value_47
data/abac_benchmark/resource_0073,r_attr_07,value_11
data/abac_benchmark/resource_0073,r_attr_08,value_33
data/abac_benchmark/resource_0073,r_attr_09,value_16
data/abac_benchmark/resource_0073,r_attr_10,value_08
data/abac_benchmark/resource_0073,r_attr_11,value_09
data/abac_benchmark/resource_0073,r_attr_12,value_24
data/abac_benchmark/resource_0073,r_attr_13,value_27
data/abac_benchmark/resource_0073,r_attr_14,value_28
data/abac_benchmark/resource_0073,r_attr_15,value_09
data/abac_benchmark/resource_0073,r_attr_16,value_52
data/abac_benchmark/resource_0074,r_attr_01,value_58
data/abac_benchmark/resource_0074,r_attr_02,value_26
data/abac_benchmark/resource_0074,r_attr_03,value_63
data/abac_benchmark/resource_0074,r_attr_04,value_25
data/abac_benchmark/resource_0074,r_attr_05,value_58
data/abac_benchmark/resource_0074,r_attr_06,value_16
data/abac_benchmark/resource_0074,r_attr_07,value_05
data/abac_benchmark/resource_0074,r_attr_08,value_10
data/abac_benchmark/resource_0074,r_attr_09,value_51
data/abac_benchmark/resource_0074,r_attr_10,value_14
data/abac_benchmark/resource_0074,r_attr_11,value_11
data/abac_benchmark/resource_0074,r_attr_12,value_48
data/abac_benchmark/resource_0074,r_attr_13,value_26
data/abac_benchmark/resource_0074,r_attr_14,value_10
data/abac_benchmark/resource_0074,r_attr_15,value_19
data/abac_benchmark/resource_0074,r_attr_16,value_25
data/abac_benchmark/resource_0075,r_attr_01,value_47
data/abac_benchmark/resource_0075,r_attr_02,value_19
data/abac_benchmark/resource_0075,r_attr_03,value_25
data/abac_benchmark/resource_0075,r_attr_04,value_19
data/abac_benchmark/resource_0075,r_attr_05,value_53
data/abac_benchmark/resource_0075,r_attr_06,value_51
data/abac_benchmark/resource_0075,r_attr_07,value_20
data/abac_benchmark/resource_0075,r_attr_08,value_55
data/abac_benchmark/resource_0075,r_attr_09,value_35
data/abac_benchmark/resource_0075,r_attr_10,value_58
data/abac_benchmark/resource_0075,r_attr_11,value_37
data/abac_benchmark/resource_0075,r_attr_12,value_12
data/abac_benchmark/resource_0075,r_attr_13,value_40
data/abac_benchmark/resource_0075,r_attr_14,value_45
data/abac_benchmark/resource_0075,r_attr_15,value_57
data/abac_benchmark/resource_0075,r_attr_16,value_42
data/abac_benchmark/resource_0076,r_attr_01,value_17
data/abac_benchmark/resource_0076,r_attr_02,value_02
data/abac_benchmark/resource_0076,r_attr_03,value_54
data/abac_benchmark/resource_0076,r_attr_04,value_13
data/abac_benchmark/resource_0076,r_attr_05,value_56
data/abac_benchmark/resource_0076,r_attr_06,value_18
data/abac_benchmark/resource_0076,r_attr_07,value_48
data/abac_benchmark/resource_0076,r_attr_08,value_21
data/abac_benchmark/resource_0076,r_attr_09,value_57
data/abac_benchmark/resource_0076,r_attr_10,value_20
data/abac_benchmark/resource_0076,r_attr_11,value_53
data/abac_benchmark/resource_0076,r_attr_12,value_01
data/abac_benchmark/resource_0076,r_attr_13,value_04
data/abac_benchmark/resource_0076,r_attr_14,value_30
data/abac_benchmark/resource_0076,r_attr_15,value_31
data/abac_benchmark/resource_0076,r_attr_16,value_32
data/abac_benchmark/resource_0077,r_attr_01,value_50
data/abac_benchmark/resource_0077,r_attr_02,value_28
data/abac_benchmark/resource_0077,r_attr_03,value_47
data/abac_benchmark/resource_0077,r_attr_04,value_23
data/abac_benchmark/resource_0077,r_attr_05,value_47
data/abac_benchmark/resource_0077,r_attr_06,value_34
data/abac_benchmark/resource_0077,r_attr_07,value_14
data/abac_benchmark/resource_0077,r_attr_08,value_40
data/abac_benchmark/resource_0077,r_attr_09,value_60
data/abac_benchmark/resource_0077,r_attr_10,value_46
data/abac_benchmark/resource_0077,r_attr_11,value_24
data/abac_benchmark/resource_0077,r_attr_12,value_19
data/abac_benchmark/resource_0077,r_attr_13,value_29
data/abac_benchmark/resource_0077,r_attr_14,value_26
data/abac_benchmark/resource_0077,r_attr_15,value_25
data/abac_benchmark/resource_0077,r_attr_16,value_37
data/abac_benchmark/resource_0078,r_attr_01,value_53
data/abac_benchmark/resource_0078,r_attr_02,value_14
data/abac_benchmark/resource_0078,r_attr_03,value_61
data/abac_benchmark/resource_0078,r_attr_04,value_48
data/abac_benchmark/resource_0078,r_attr_05,value_52
data/abac_benchmark/resource_0078,r_attr_06,value_15
data/abac_benchmark/resource_0078,r_attr_07,value_18
data/abac_benchmark/resource_0078,r_attr_08,value_44
data/abac_benchmark/resource_0078,r_attr_09,value_55
data/abac_benchmark/resource_0078,r_attr_10,value_05
data/abac_benchmark/resource_0078,r_attr_11,value_05
data/abac_benchmark/resource_0078,r_attr_12,value_27
data/abac_benchmark/resource_0078,r_attr_13,value_36
data/abac_benchmark/resource_0078,r_attr_14,value_20
data/abac_benchmark/resource_0078,r_attr_15,value_44
data/abac_benchmark/resource_0078,r_attr_16,value_08
data/abac_benchmark/resource_0079,r_attr_01,value_05
data/abac_benchmark/resource_0079,r_attr_02,value_33
data/abac_benchmark/resource_0079,r_attr_03,value_13
data/abac_benchmark/resource_0079,r_attr_04,value_00
data/abac_benchmark/resource_0079,r_attr_05,value_29
data/abac_benchmark/resource_0079,r_attr_06,value_10
data/abac_benchmark/resource_0079,r_attr_07,value_45
data/abac_benchmark/resource_0079,r_attr_08,value_06
data/abac_benchmark/resource_0079,r_attr_09,value_27
data/abac_benchmark/resource_0079,r_attr_10,value_34
data/abac_benchmark/resource_0079,r_attr_11,value_32
data/abac_benchmark/resource_0079,r_attr_12,value_34
data/abac_benchmark/resource_0079,r_attr_13,value_09
data/abac_benchmark/resource_0079,r_attr_14,value_13
data/abac_benchmark/resource_0079,r_attr_15,value_10
data/abac_benchmark/resource_0079,r_attr_16,value_31
data/abac_benchmark/resource_0080,r_attr_01,value_53
data/abac_benchmark/resource_0080,r_attr_02,value_36
data/abac_benchmark/resource_0080,r_attr_03,value_42
data/abac_benchmark/resource_0080,r_attr_04,value_09
data/abac_benchmark/resource_0080,r_attr_05,value_50
data/abac_benchmark/resource_0080,r_attr_06,value_50
data/abac_benchmark/resource_0080,r_attr_07,value_53
data/abac_benchmark/resource_0080,r_attr_08,value_14
data/abac_benchmark/resource_0080,r_attr_09,value_03
data/abac_benchmark/resource_0080,r_attr_10,value_33
data/abac_benchmark/resource_0080,r_attr_11,value_32
data/abac_benchmark/resource_0080,r_attr_12,value_08
data/abac_benchmark/resource_0080,r_attr_13,value_43
data/abac_benchmark/resource_0080,r_attr_14,value_28
data/abac_benchmark/resource_0080,r_attr_15,value_47
data/abac_benchmark/resource_0080,r_attr_16,value_06
data/abac_benchmark/resource_0081,r_attr_01,value_16
data/abac_benchmark/resource_0081,r_attr_02,value_21
data/abac_benchmark/resource_0081,r_attr_03,value_21
data/abac_benchmark/resource_0081,r_attr_04,value_61
data/abac_benchmark/resource_0081,r_attr_05,value_61
data/abac_benchmark/resource_0081,r_attr_06,value_61
data/abac_benchmark/resource_0081,r_attr_07,value_34
data/abac_benchmark/resource_0081,r_attr_08,value_36
data/abac_benchmark/resource_0081,r_attr_09,value_53
data/abac_benchmark/resource_0081,r_attr_10,value_34
data/abac_benchmark/resource_0081,r_attr_11,value_44
data/abac_benchmark/resource_0081,r_attr_12,value_49
data/abac_benchmark/resource_0081,r_attr_13,value_57
data/abac_benchmark/resource_0081,r_attr_14,value_44
data/abac_benchmark/resource_0081,r_attr_15,value_15
data/abac_benchmark/resource_0081,r_attr_16,value_27
data/abac_benchmark/resource_0082,r_attr_01,value_38
data/abac_benchmark/resource_0082,r_attr_02,value_60
data/abac_benchmark/resource_0082,r_attr_03,value_12
data/abac_benchmark/resource_0082,r_attr_04,value_43
data/abac_benchmark/resource_0082,r_attr_05,value_18
data/abac_benchmark/resource_0082,r_attr_06,value_12
data/abac_benchmark/resource_0082,r_attr_07,value_41
data/abac_benchmark/resource_0082,r_attr_08,value_43
data/abac_benchmark/resource_0082,r_attr_09,value_26
data/abac_benchmark/resource_0082,r_attr_10,value_15
data/abac_benchmark/resource_0082,r_attr_11,value_59
data/abac_benchmark/resource_0082,r_attr_12,value_61
data/abac_benchmark/resource_0082,r_attr_13,value_39
data/abac_benchmark/resource_0082,r_attr_14,value_27
data/abac_benchmark/resource_0082,r_attr_15,value_16
data/abac_benchmark/resource_0082,r_attr_16,value_60
data/abac_benchmark/resource_0083,r_attr_01,value_35
data/abac_benchmark/resource_0083,r_attr_02,value_17
data/abac_benchmark/resource_0083,r_attr_03,value_63
data/abac_benchmark/resource_0083,r_attr_04,value_41
data/abac_benchmark/resource_0083,r_attr_05,value_19
data/abac_benchmark/resource_0083,r_attr_06,value_51
data/abac_benchmark/resource_0083,r_attr_07,value_59
data/abac_benchmark/resource_0083,r_attr_08,value_15
data/abac_benchmark/resource_0083,r_attr_09,value_40
data/abac_benchmark/resource_0083,r_attr_10,value_40
data/abac_benchmark/resource_0083,r_attr_11,value_47
data/abac_benchmark/resource_0083,r_attr_12,value_52
data/abac_benchmark/resource_0083,r_attr_13,value_63
data/abac_benchmark/resource_0083,r_attr_14,value_16
data/abac_benchmark/resource_0083,r_attr_15,value_37
data/abac_benchmark/resource_0083,r_attr_16,value_02
data/abac_benchmark/resource_0084,r_attr_01,value_46
data/abac_benchmark/resource_0084,r_attr_02,value_59
data/abac_benchmark/resource_0084,r_attr_03,value_03
data/abac_benchmark/resource_0084,r_attr_04,value_00
data/abac_benchmark/resource_0084,r_attr_05,value_60
data/abac_benchmark/resource_0084,r_attr_06,value_62
data/abac_benchmark/resource_0084,r_attr_07,value_06
data/abac_benchmark/resource_0084,r_attr_08,value_03
data/abac_benchmark/resource_0084,r_attr_09,value_27
data/abac_benchmark/resource_0084,r_attr_10,value_38
data/abac_benchmark/resource_0084,r_attr_11,value_32
data/abac_benchmark/resource_0084,r_attr_12,value_39
data/abac_benchmark/resource_0084,r_attr_13,value_54
data/abac_benchmark/resource_0084,r_attr_14,value_10
data/abac_benchmark/resource_0084,r_attr_15,value_40
data/abac_benchmark/resource_0084,r_attr_16,value_50
data/abac_benchmark/resource_0085,r_attr_01,value_53
data/abac_benchmark/resource_0085,r_attr_02,value_44
data/abac_benchmark/resource_0085,r_attr_03,value_51
data/abac_benchmark/resource_0085,r_attr_04,value_31
data/abac_benchmark/resource_0085,r_attr_05,value_28
data/abac_benchmark/resource_0085,r_attr_06,value_33
data/abac_benchmark/resource_0085,r_attr_07,value_21
data/abac_benchmark/resource_0085,r_attr_08,value_63
data/abac_benchmark/resource_0085,r_attr_09,value_14
data/abac_benchmark/resource_0085,r_attr_10,value_50
data/abac_benchmark/resource_0085,r_attr_11,value_41
data/abac_benchmark/resource_0085,r_attr_12,value_45
data/abac_benchmark/resource_0085,r_attr_13,value_18
data/abac_benchmark/resource_0085,r_attr_14,value_53
data/abac_benchmark/resource_0085,r_attr_15,value_42
data/abac_benchmark/resource_0085,r_attr_16,value_35
data/abac_benchmark/resource_0086,r_attr_01,value_01
data/abac_benchmark/resource_0086,r_attr_02,value_52
data/abac_benchmark/resource_0086,r_attr_03,value_36
data/abac_benchmark/resource_0086,r_attr_04,value_07
data/abac_benchmark/resource_0086,r_attr_05,value_34
data/abac_benchmark/resource_0086,r_attr_06,value_51
data/abac_benchmark/resource_0086,r_attr_07,value_24
data/abac_benchmark/resource_0086,r_attr_08,value_17
data/abac_benchmark/resource_0086,r_attr_09,value_59
data/abac_benchmark/resource_0086,r_attr_10,value_59
data/abac_benchmark/resource_0086,r_attr_11,value_10
data/abac_benchmark/resource_0086,r_attr_12,value_24
data/abac_benchmark/resource_0086,r_attr_13,value_42
data/abac_benchmark/resource_0086,r_attr_14,value_18
data/abac_benchmark/resource_0086,r_attr_15,value_40
data/abac_benchmark/resource_0086,r_attr_16,value_07
data/abac_benchmark/resource_0087,r_attr_01,value_32
data/abac_benchmark/resource_0087,r_attr_02,value_09
data/abac_benchmark/resource_0087,r_attr_03,value_60
data/abac_benchmark/resource_0087,r_attr_04,value_07
data/abac_benchmark/resource_0087,r_attr_05,value_62
data/abac_benchmark/resource_0087,r_attr_06,value_04
data/abac_benchmark/resource_0087,r_attr_07,value_09
data/abac_benchmark/resource_0087,r_attr_08,value_32
data/abac_benchmark/resource_0087,r_attr_09,value_16
data/abac_benchmark/resource_0087,r_attr_10,value_49
data/abac_benchmark/resource_0087,r_attr_11,value_24
data/abac_benchmark/resource_0087,r_attr_12,value_28
data/abac_benchmark/resource_0087,r_attr_13,value_63
data/abac_benchmark/resource_0087,r_attr_14,value_46
data/abac_benchmark/resource_0087,r_attr_15,value_15
data/abac_benchmark/resource_0087,r_attr_16,value_53
data/abac_benchmark/resource_0088,r_attr_01,value_28
data/abac_benchmark/resource_0088,r_attr_02,value_41
data/abac_benchmark/resource_0088,r_attr_03,value_61
data/abac_benchmark/resource_0088,r_attr_04,value_37
data/abac_benchmark/resource_0088,r_attr_05,value_37
data/abac_benchmark/resource_0088,r_attr_06,value_26
data/abac_benchmark/resource_0088,r_attr_07,value_19
data/abac_benchmark/resource_0088,r_attr_08,value_30
data/abac_benchmark/resource_0088,r_attr_09,value_00
data/abac_benchmark/resource_0088,r_attr_10,value_29
data/abac_benchmark/resource_0088,r_attr_11,value_37
data/abac_benchmark/resource_0088,r_attr_12,value_49
data/abac_benchmark/resource_0088,r_attr_13,value_02
data/abac_benchmark/resource_0088,r_attr_14,value_09
data/abac_benchmark/resource_0088,r_attr_15,value_18
data/abac_benchmark/resource_0088,r_attr_16,value_47
data/abac_benchmark/resource_0089,r_attr_01,value_44
data/abac_benchmark/resource_0089,r_attr_02,value_56
data/abac_benchmark/resource_0089,r_attr_03,value_36
data/abac_benchmark/resource_0089,r_attr_04,value_27
data/abac_benchmark/resource_0089,r_attr_05,value_22
data/abac_benchmark/resource_0089,r_attr_06,value_46
data/abac_benchmark/resource_0089,r_attr_07,value_39
data/abac_benchmark/resource_0089,r_attr_08,value_25
data/abac_benchmark/resource_0089,r_attr_09,value_26
data/abac_benchmark/resource_0089,r_attr_10,value_59
data/abac_benchmark/resource_0089,r_attr_11,value_13
data/abac_benchmark/resource_0089,r_attr_12,value_06
data/abac_benchmark/resource_0089,r_attr_13,value_54
data/abac_benchmark/resource_0089,r_attr_14,value_17
data/abac_benchmark/resource_0089,r_attr_15,value_32
data/abac_benchmark/resource_0089,r_attr_16,value_61
data/abac_benchmark/resource_0090,r_attr_01,value_50
data/abac_benchmark/resource_0090,r_attr_02,value_47
data/abac_benchmark/resource_0090,r_attr_03,value_23
data/abac_benchmark/resource_0090,r_attr_04,value_53
data/abac_benchmark/resource_0090,r_attr_05,value_18
data/abac_benchmark/resource_0090,r_attr_06,value_48
data/abac_benchmark/resource_0090,r_attr_07,value_38
data/abac_benchmark/resource_0090,r_attr_08,value_29
data/abac_benchmark/resource_0090,r_attr_09,value_51
data/abac_benchmark/resource_0090,r_attr_10,value_33
data/abac_benchmark/resource_0090,r_attr_11,value_20
data/abac_benchmark/resource_0090,r_attr_12,value_41
data/abac_benchmark/resource_0090,r_attr_13,value_25
data/abac_benchmark/resource_0090,r_attr_14,value_48
data/abac_benchmark/resource_0090,r_attr_15,value_31
data/abac_benchmark/resource_0090,r_attr_16,value_34
data/abac_benchmark/resource_0091,r_attr_01,value_30
data/abac_benchmark/resource_0091,r_attr_02,value_06
data/abac_benchmark/resource_0091,r_attr_03,value_37
data/abac_benchmark/resource_0091,r_attr_04,value_26
data/abac_benchmark/resource_0091,r_attr_05,value_59
data/abac_benchmark/resource_0091,r_attr_06,value_57
data/abac_benchmark/resource_0091,r_attr_07,value_54
data/abac_benchmark/resource_0091,r_attr_08,value_38
data/abac_benchmark/resource_0091,r_attr_09,value_14
data/abac_benchmark/resource_0091,r_attr_10,value_17
data/abac_benchmark/resource_0091,r_attr_11,value_52
data/abac_benchmark/resource_0091,r_attr_12,value_39
data/abac_benchmark/resource_0091,r_attr_13,value_33
data/abac_benchmark/resource_0091,r_attr_14,value_45
data/abac_benchmark/resource_0091,r_attr_15,value_17
data/abac_benchmark/resource_0091,r_attr_16,value_47
data/abac_benchmark/resource_0092,r_attr_01,value_28
data/abac_benchmark/resource_0092,r_attr_02,value_28
data/abac_benchmark/resource_0092,r_attr_03,value_33
data/abac_benchmark/resource_0092,r_attr_04,value_27
data/abac_benchmark/resource_0092,r_attr_05,value_56
data/abac_benchmark/resource_0092,r_attr_06,value_11
data/abac_benchmark/resource_0092,r_attr_07,value_29
data/abac_benchmark/resource_0092,r_attr_08,value_52
data/abac_benchmark/resource_0092,r_attr_09,value_33
data/abac_benchmark/resource_0092,r_attr_10,value_13
data/abac_benchmark/resource_0092,r_attr_11,value_44
data/abac_benchmark/resource_0092,r_attr_12,value_19
data/abac_benchmark/resource_0092,r_attr_13,value_39
data/abac_benchmark/resource_0092,r_attr_14,value_10
data/abac_benchmark/resource_0092,r_attr_15,value_53
data/abac_benchmark/resource_0092,r_attr_16,value_27
data/abac_benchmark/resource_0093,r_attr_01,value_19
data/abac_benchmark/resource_0093,r_attr_02,value_39
data/abac_benchmark/resource_0093,r_attr_03,value_18
data/abac_benchmark/resource_0093,r_attr_04,value_55
data/abac_benchmark/resource_0093,r_attr_05,value_41
data/abac_benchmark/resource_0093,r_attr_06,value_04
data/abac_benchmark/resource_0093,r_attr_07,value_57
data/abac_benchmark/resource_0093,r_attr_08,value_49
data/abac_benchmark/resource_0093,r_attr_09,value_24
data/abac_benchmark/resource_0093,r_attr_10,value_39
data/abac_benchmark/resource_0093,r_attr_11,value_02
data/abac_benchmark/resource_0093,r_attr_12,value_48
data/abac_benchmark/resource_0093,r_attr_13,value_24
data/abac_benchmark/resource_0093,r_attr_14,value_48
data/abac_benchmark/resource_0093,r_attr_15,value_33
data/abac_benchmark/resource_0093,r_attr_16,value_53
data/abac_benchmark/resource_0094,r_attr_01,value_47
data/abac_benchmark/resource_0094,r_attr_02,value_13
data/abac_benchmark/resource_0094,r_attr_03,value_23
data/abac_benchmark/resource_0094,r_attr_04,value_32
data/abac_benchmark/resource_0094,r_attr_05,value_41
data/abac_benchmark/resource_0094,r_attr_06,value_43
data/abac_benchmark/resource_0094,r_attr_07,value_36
data/abac_benchmark/resource_0094,r_attr_08,value_07
data/abac_benchmark/resource_0094,r_attr_09,value_08
data/abac_benchmark/resource_0094,r_attr_10,value_29
data/abac_benchmark/resource_0094,r_attr_11,value_46
data/abac_benchmark/resource_0094,r_attr_12,value_60
data/abac_benchmark/resource_0094,r_attr_13,value_57
data/abac_benchmark/resource_0094,r_attr_14,value_61
data/abac_benchmark/resource_0094,r_attr_15,value_07
data/abac_benchmark/resource_0094,r_attr_16,value_14
data/abac_benchmark/resource_0095,r_attr_01,value_30
data/abac_benchmark/resource_0095,r_attr_02,value_13
data/abac_benchmark/resource_0095,r_attr_03,value_13
data/abac_benchmark/resource_0095,r_attr_04,value_61
data/abac_benchmark/resource_0095,r_attr_05,value_26
data/abac_benchmark/resource_0095,r_attr_06,value_25
data/abac_benchmark/resource_0095,r_attr_07,value_54
data/abac_benchmark/resource_0095,r_attr_08,value_00
data/abac_benchmark/resource_0095,r_attr_09,value_06
data/abac_benchmark/resource_0095,r_attr_10,value_01
data/abac_benchmark/resource_0095,r_attr_11,value_07
data/abac_benchmark/resource_0095,r_attr_12,value_53
data/abac_benchmark/resource_0095,r_attr_13,value_36
data/abac_benchmark/resource_0095,r_attr_14,value_34
data/abac_benchmark/resource_0095,r_attr_15,value_03
data/abac_benchmark/resource_0095,r_attr_16,value_56
data/abac_benchmark/resource_0096,r_attr_01,value_34
data/abac_benchmark/resource_0096,r_attr_02,value_58
data/abac_benchmark/resource_0096,r_attr_03,value_15
data/abac_benchmark/resource_0096,r_attr_04,value_23
data/abac_benchmark/resource_0096,r_attr_05,value_62
data/abac_benchmark/resource_0096,r_attr_06,value_25
data/abac_benchmark/resource_0096,r_attr_07,value_16
data/abac_benchmark/resource_0096,r_attr_08,value_49
data/abac_benchmark/resource_0096,r_attr_09,value_24
data/abac_benchmark/resource_0096,r_attr_10,value_41
data/abac_benchmark/resource_0096,r_attr_11,value_54
data/abac_benchmark/resource_0096,r_attr_12,value_12
data/abac_benchmark/resource_0096,r_attr_13,value_59
data/abac_benchmark/resource_0096,r_attr_14,value_08
data/abac_benchmark/resource_0096,r_attr_15,value_08
data/abac_benchmark/resource_0096,r_attr_16,value_43
data/abac_benchmark/resource_0097,r_attr_01,value_54
data/abac_benchmark/resource_0097,r_attr_02,value_22
data/abac_benchmark/resource_0097,r_attr_03,value_43
data/abac_benchmark/resource_0097,r_attr_04,value_30
data/abac_benchmark/resource_0097,r_attr_05,value_09
data/abac_benchmark/resource_0097,r_attr_06,value_21
data/abac_benchmark/resource_0097,r_attr_07,value_13
data/abac_benchmark/resource_0097,r_attr_08,value_31
data/abac_benchmark/resource_0097,r_attr_09,value_52
data/abac_benchmark/resource_0097,r_attr_10,value_12
data/abac_benchmark/resource_0097,r_attr_11,value_59
data/abac_benchmark/resource_0097,r_attr_12,value_34
data/abac_benchmark/resource_0097,r_attr_13,value_22
data/abac_benchmark/resource_0097,r_attr_14,value_04
data/abac_benchmark/resource_0097,r_attr_15,value_35
data/abac_benchmark/resource_0097,r_attr_16,value_05
data/abac_benchmark/resource_0098,r_attr_01,value_19
data/abac_benchmark/resource_0098,r_attr_02,value_38
data/abac_benchmark/resource_0098,r_attr_03,value_07
data/abac_benchmark/resource_0098,r_attr_04,value_59
data/abac_benchmark/resource_0098,r_attr_05,value_19
data/abac_benchmark/resource_0098,r_attr_06,value_08
data/abac_benchmark/resource_0098,r_attr_07,value_19
data/abac_benchmark/resource_0098,r_attr_08,value_08
data/abac_benchmark/resource_0098,r_attr_09,value_40
data/abac_benchmark/resource_0098,r_attr_10,value_24
data/abac_benchmark/resource_0098,r_attr_11,value_40
data/abac_benchmark/resource_0098,r_attr_12,value_00
data/abac_benchmark/resource_0098,r_attr_13,value_55
data/abac_benchmark/resource_0098,r_attr_14,value_57
data/abac_benchmark/resource_0098,r_attr_15,value_12
data/abac_benchmark/resource_0098,r_attr_16,value_17
data/abac_benchmark/resource_0099,r_attr_01,value_35
data/abac_benchmark/resource_0099,r_attr_02,value_47
data/abac_benchmark/resource_0099,r_attr_03,value_55
data/abac_benchmark/resource_0099,r_attr_04,value_12
data/abac_benchmark/resource_0099,r_attr_05,value_41
data/abac_benchmark/resource_0099,r_attr_06,value_56
data/abac_benchmark/resource_0099,r_attr_07,value_13
data/abac_benchmark/resource_0099,r_attr_08,value_32
data/abac_benchmark/resource_0099,r_attr_09,value_11
data/abac_benchmark/resource_0099,r_attr_10,value_24
data/abac_benchmark/resource_0099,r_attr_11,value_35
data/abac_benchmark/resource_0099,r_attr_12,value_39
data/abac_benchmark/resource_0099,r_attr_13,value_57
data/abac_benchmark/resource_0099,r_attr_14,value_08
data/abac_benchmark/resource_0099,r_attr_15,value_36
data/abac_benchmark/resource_0099,r_attr_16,value_55
data/abac_benchmark/resource_0100,r_attr_01,value_29
data/abac_benchmark/resource_0100,r_attr_02,value_23
data/abac_benchmark/resource_0100,r_attr_03,value_23
data/abac_benchmark/resource_0100,r_attr_04,value_32
data/abac_benchmark/resource_0100,r_attr_05,value_10
data/abac_benchmark/resource_0100,r_attr_06,value_60
data/abac_benchmark/resource_0100,r_attr_07,value_47
data/abac_benchmark/resource_0100,r_attr_08,value_05
data/abac_benchmark/resource_0100,r_attr_09,value_49
data/abac_benchmark/resource_0100,r_attr_10,value_05
data/abac_benchmark/resource_0100,r_attr_11,value_21
data/abac_benchmark/resource_0100,r_attr_12,value_39
data/abac_benchmark/resource_0100,r_attr_13,value_40
data/abac_benchmark/resource_0100,r_attr_14,value_14
data/abac_benchmark/resource_0100,r_attr_15,value_47
data/abac_benchmark/resource_0100,r_attr_16,value_21
data/abac_benchmark/resource_0101,r_attr_01,value_59
data/abac_benchmark/resource_0101,r_attr_02,value_01
data/abac_benchmark/resource_0101,r_attr_03,value_24
data/abac_benchmark/resource_0101,r_attr_04,value_43
data/abac_benchmark/resource_0101,r_attr_05,value_55
data/abac_benchmark/resource_0101,r_attr_06,value_04
data/abac_benchmark/resource_0101,r_attr_07,value_21
data/abac_benchmark/resource_0101,r_attr_08,value_27
data/abac_benchmark/resource_0101,r_attr_09,value_16
data/abac_benchmark/resource_0101,r_attr_10,value_08
data/abac_benchmark/resource_0101,r_attr_11,value_43
data/abac_benchmark/resource_0101,r_attr_12,value_40
data/abac_benchmark/resource_0101,r_attr_13,value_15
data/abac_benchmark/resource_0101,r_attr_14,value_55
data/abac_benchmark/resource_0101,r_attr_15,value_06
data/abac_benchmark/resource_0101,r_attr_16,value_06
data/abac_benchmark/resource_0102,r_attr_01,value_16
data/abac_benchmark/resource_0102,r_attr_02,value_45
data/abac_benchmark/resource_0102,r_attr_03,value_32
data/abac_benchmark/resource_0102,r_attr_04,value_32
data/abac_benchmark/resource_0102,r_attr_05,value_54
data/abac_benchmark/resource_0102,r_attr_06,value_00
data/abac_benchmark/resource_0102,r_attr_07,value_22
data/abac_benchmark/resource_0102,r_attr_08,value_59
data/abac_benchmark/resource_0102,r_attr_09,value_03
data/abac_benchmark/resource_0102,r_attr_10,value_36
data/abac_benchmark/resource_0102,r_attr_11,value_31
data/abac_benchmark/resource_0102,r_attr_12,value_53
data/abac_benchmark/resource_0102,r_attr_13,value_01
data/abac_benchmark/resource_0102,r_attr_14,value_04
data/abac_benchmark/resource_0102,r_attr_15,value_58
data/abac_benchmark/resource_0102,r_attr_16,value_58
data/abac_benchmark/resource_0103,r_attr_01,value_35
data/abac_benchmark/resource_0103,r_attr_02,value_32
data/abac_benchmark/resource_0103,r_attr_03,value_22
data/abac_benchmark/resource_0103,r_attr_04,value_23
data/abac_benchmark/resource_0103,r_attr_05,value_17
data/abac_benchmark/resource_0103,r_attr_06,value_55
data/abac_benchmark/resource_0103,r_attr_07,value_50
data/abac_benchmark/resource_0103,r_attr_08,value_62
data/abac_benchmark/resource_0103,r_attr_09,value_56
data/abac_benchmark/resource_0103,r_attr_10,value_30
data/abac_benchmark/resource_0103,r_attr_11,value_37
data/abac_benchmark/resource_0103,r_attr_12,value_30
data/abac_benchmark/resource_0103,r_attr_13,value_37
data/abac_benchmark/resource_0103,r_attr_14,value_33
data/abac_benchmark/resource_0103,r_attr_15,value_01
data/abac_benchmark/resource_0103,r_attr_16,value_11
data/abac_benchmark/resource_0104,r_attr_01,value_51
data/abac_benchmark/resource_0104,r_attr_02,value_00
data/abac_benchmark/resource_0104,r_attr_03,value_36
data/abac_benchmark/resource_0104,r_attr_04,value_18
data/abac_benchmark/resource_0104,r_attr_05,value_29
data/abac_benchmark/resource_0104,r_attr_06,value_22
data/abac_benchmark/resource_0104,r_attr_07,value_13
data/abac_benchmark/resource_0104,r_attr_08,value_50
data/abac_benchmark/resource_0104,r_attr_09,value_04
data/abac_benchmark/resource_0104,r_attr_10,value_26
data/abac_benchmark/resource_0104,r_attr_11,value_11
data/abac_benchmark/resource_0104,r_attr_12,value_23
data/abac_benchmark/resource_0104,r_attr_13,value_11
data/abac_benchmark/resource_0104,r_attr_14,value_18
data/abac_benchmark/resource_0104,r_attr_15,value_05
data/abac_benchmark/resource_0104,r_attr_16,value_58
data/abac_benchmark/resource_0105,r_attr_01,value_28
data/abac_benchmark/resource_0105,r_attr_02,value_62
data/abac_benchmark/resource_0105,r_attr_03,value_12
data/abac_benchmark/resource_0105,r_attr_04,value_06
data/abac_benchmark/resource_0105,r_attr_05,value_33
data/abac_benchmark/resource_0105,r_attr_06,value_25
data/abac_benchmark/resource_0105,r_attr_07,value_18
data/abac_benchmark/resource_0105,r_attr_08,value_29
data/abac_benchmark/resource_0105,r_attr_09,value_34
data/abac_benchmark/resource_0105,r_attr_10,value_03
data/abac_benchmark/resource_0105,r_attr_11,value_60
data/abac_benchmark/resource_0105,r_attr_12,value_10
data/abac_benchmark/resource_0105,r_attr_13,value_07
data/abac_benchmark/resource_0105,r_attr_14,value_62
data/abac_benchmark/resource_0105,r_attr_15,value_06
data/abac_benchmark/resource_0105,r_attr_16,value_55
data/abac_benchmark/resource_0106,r_attr_01,value_47
data/abac_benchmark/resource_0106,r_attr_02,value_30
data/abac_benchmark/resource_0106,r_attr_03,value_28
data/abac_benchmark/resource_0106,r_attr_04,value_02
data/abac_benchmark/resource_0106,r_attr_05,value_26
data/abac_benchmark/resource_0106,r_attr_06,value_02
data/abac_benchmark/resource_0106,r_attr_07,value_53
data/abac_benchmark/resource_0106,r_attr_08,value_12
data/abac_benchmark/resource_0106,r_attr_09,value_38
data/abac_benchmark/resource_0106,r_attr_10,value_33
data/abac_benchmark/resource_0106,r_attr_11,value_34
data/abac_benchmark/resource_0106,r_attr_12,value_38
data/abac_benchmark/resource_0106,r_attr_13,value_50
data/abac_benchmark/resource_0106,r_attr_14,value_32
data/abac_benchmark/resource_0106,r_attr_15,value_20
data/abac_benchmark/resource_0106,r_attr_16,value_61
data/abac_benchmark/resource_0107,r_attr_01,value_16
data/abac_benchmark/resource_0107,r_attr_02,value_27
data/abac_benchmark/resource_0107,r_attr_03,value_40
data/abac_benchmark/resource_0107,r_attr_04,value_44
data/abac_benchmark/resource_0107,r_attr_05,value_06
data/abac_benchmark/resource_0107,r_attr_06,value_36
data/abac_benchmark/resource_0107,r_attr_07,value_44
data/abac_benchmark/resource_0107,r_attr_08,value_25
data/abac_benchmark/resource_0107,r_attr_09,value_13
data/abac_benchmark/resource_0107,r_attr_10,value_40
data/abac_benchmark/resource_0107,r_attr_11,value_61
data/abac_benchmark/resource_0107,r_attr_12,value_09
data/abac_benchmark/resource_0107,r_attr_13,value_46
data/abac_benchmark/resource_0107,r_attr_14,value_38
data/abac_benchmark/resource_0107,r_attr_15,value_52
data/abac_benchmark/resource_0107,r_attr_16,value_56
data/abac_benchmark/resource_0108,r_attr_01,value_04
data/abac_benchmark/resource_0108,r_attr_02,value_15
data/abac_benchmark/resource_0108,r_attr_03,value_52
data/abac_benchmark/resource_0108,r_attr_04,value_56
data/abac_benchmark/resource_0108,r_attr_05,value_21
data/abac_benchmark/resource_0108,r_attr_06,value_04
data/abac_benchmark/resource_0108,r_attr_07,value_28
data/abac_benchmark/resource_0108,r_attr_08,value_26
data/abac_benchmark/resource_0108,r_attr_09,value_34
data/abac_benchmark/resource_0108,r_attr_10,value_19
data/abac_benchmark/resource_0108,r_attr_11,value_51
data/abac_benchmark/resource_0108,r_attr_12,value_19
data/abac_benchmark/resource_0108,r_attr_13,value_42
data/abac_benchmark/resource_0108,r_attr_14,value_25
data/abac_benchmark/resource_0108,r_attr_15,value_60
data/abac_benchmark/resource_0108,r_attr_16,value_40
data/abac_benchmark/resource_0109,r_attr_01,value_52
data/abac_benchmark/resource_0109,r_attr_02,value_06
data/abac_benchmark/resource_0109,r_attr_03,value_39
data/abac_benchmark/resource_0109,r_attr_04,value_18
data/abac_benchmark/resource_0109,r_attr_05,value_27
data/abac_benchmark/resource_0109,r_attr_06,value_01
data/abac_benchmark/resource_0109,r_attr_07,value_00
data/abac_benchmark/resource_0109,r_attr_08,value_01
data/abac_benchmark/resource_0109,r_attr_09,value_40
data/abac_benchmark/resource_0109,r_attr_10,value_41
data/abac_benchmark/resource_0109,r_attr_11,value_37
data/abac_benchmark/resource_0109,r_attr_12,value_04
data/abac_benchmark/resource_0109,r_attr_13,value_35
data/abac_benchmark/resource_0109,r_attr_14,value_44
data/abac_benchmark/resource_0109,r_attr_15,value_57
data/abac_benchmark/resource_0109,r_attr_16,value_17
data/abac_benchmark/resource_0110,r_attr_01,value_32
data/abac_benchmark/resource_0110,r_attr_02,value_61
data/abac_benchmark/resource_0110,r_attr_03,value_02
data/abac_benchmark/resource_0110,r_attr_04,value_49
data/abac_benchmark/resource_0110,r_attr_05,value_36
data/abac_benchmark/resource_0110,r_attr_06,value_47
data/abac_benchmark/resource_0110,r_attr_07,value_48
data/abac_benchmark/resource_0110,r_attr_08,value_49
data/abac_benchmark/resource_0110,r_attr_09,value_49
data/abac_benchmark/resource_0110,r_attr_10,value_01
data/abac_benchmark/resource_0110,r_attr_11,value_40
data/abac_benchmark/resource_0110,r_attr_12,value_53
data/abac_benchmark/resource_0110,r_attr_13,value_09
data/abac_benchmark/resource_0110,r_attr_14,value_01
data/abac_benchmark/resource_0110,r_attr_15,value_56
data/abac_benchmark/resource_0110,r_attr_16,value_22
data/abac_benchmark/resource_0111,r_attr_01,value_38
data/abac_benchmark/resource_0111,r_attr_02,value_18
data/abac_benchmark/resource_0111,r_attr_03,value_24
data/abac_benchmark/resource_0111,r_attr_04,value_36
data/abac_benchmark/resource_0111,r_attr_05,value_61
data/abac_benchmark/resource_0111,r_attr_06,value_32
data/abac_benchmark/resource_0111,r_attr_07,value_14
data/abac_benchmark/resource_0111,r_attr_08,value_09
data/abac_benchmark/resource_0111,r_attr_09,value_47
data/abac_benchmark/resource_0111,r_attr_10,value_03
data/abac_benchmark/resource_0111,r_attr_11,value_01
data/abac_benchmark/resource_0111,r_attr_12,value_02
data/abac_benchmark/resource_0111,r_attr_13,value_24
data/abac_benchmark/resource_0111,r_attr_14,value_17
data/abac_benchmark/resource_0111,r_attr_15,value_38
data/abac_benchmark/resource_0111,r_attr_16,value_36
data/abac_benchmark/resource_0112,r_attr_01,value_06
data/abac_benchmark/resource_0112,r_attr_02,value_24
data/abac_benchmark/resource_0112,r_attr_03,value_38
data/abac_benchmark/resource_0112,r_attr_04,value_56
data/abac_benchmark/resource_0112,r_attr_05,value_50
data/abac_benchmark/resource_0112,r_attr_06,value_56
data/abac_benchmark/resource_0112,r_attr_07,value_02
data/abac_benchmark/resource_0112,r_attr_08,value_45
data/abac_benchmark/resource_0112,r_attr_09,value_09
data/abac_benchmark/resource_0112,r_attr_10,value_54
data/abac_benchmark/resource_0112,r_attr_11,value_62
data/abac_benchmark/resource_0112,r_attr_12,value_14
data/abac_benchmark/resource_0112,r_attr_13,value_50
data/abac_benchmark/resource_0112,r_attr_14,value_44
data/abac_benchmark/resource_0112,r_attr_15,value_11
data/abac_benchmark/resource_0112,r_attr_16,value_40
data/abac_benchmark/resource_0113,r_attr_01,value_27
data/abac_benchmark/resource_0113,r_attr_02,value_25
data/abac_benchmark/resource_0113,r_attr_03,value_30
data/abac_benchmark/resource_0113,r_attr_04,value_43
data/abac_benchmark/resource_0113,r_attr_05,value_35
data/abac_benchmark/resource_0113,r_attr_06,value_32
data/abac_benchmark/resource_0113,r_attr_07,value_29
data/abac_benchmark/resource_0113,r_attr_08,value_01
data/abac_benchmark/resource_0113,r_attr_09,value_29
data/abac_benchmark/resource_0113,r_attr_10,value_11
data/abac_benchmark/resource_0113,r_attr_11,value_10
data/abac_benchmark/resource_0113,r_attr_12,value_13
data/abac_benchmark/resource_0113,r_attr_13,value_44
data/abac_benchmark/resource_0113,r_attr_14,value_36
data/abac_benchmark/resource_0113,r_attr_15,value_36
data/abac_benchmark/resource_0113,r_attr_16,value_40
data/abac_benchmark/resource_0114,r_attr_01,value_23
data/abac_benchmark/resource_0114,r_attr_02,value_41
data/abac_benchmark/resource_0114,r_attr_03,value_46
data/abac_benchmark/resource_0114,r_attr_04,value_39
data/abac_benchmark/resource_0114,r_attr_05,value_30
data/abac_benchmark/resource_0114,r_attr_06,value_24
data/abac_benchmark/resource_0114,r_attr_07,value_34
data/abac_benchmark/resource_0114,r_attr_08,value_61
data/abac_benchmark/resource_0114,r_attr_09,value_21
data/abac_benchmark/resource_0114,r_attr_10,value_07
data/abac_benchmark/resource_0114,r_attr_11,value_14
data/abac_benchmark/resource_0114,r_attr_12,value_52
data/abac_benchmark/resource_0114,r_attr_13,value_55
data/abac_benchmark/resource_0114,r_attr_14,value_45
data/abac_benchmark/resource_0114,r_attr_15,value_18
data/abac_benchmark/resource_0114,r_attr_16,value_04
data/abac_benchmark/resource_0115,r_attr_01,value_18
data/abac_benchmark/resource_0115,r_attr_02,value_56
data/abac_benchmark/resource_0115,r_attr_03,value_54
data/abac_benchmark/resource_0115,r_attr_04,value_14
data/abac_benchmark/resource_0115,r_attr_05,value_63
data/abac_benchmark/resource_0115,r_attr_06,value_25
data/abac_benchmark/resource_0115,r_attr_07,value_63
data/abac_benchmark/resource_0115,r_attr_08,value_32
data/abac_benchmark/resource_0115,r_attr_09,value_38
data/abac_benchmark/resource_0115,r_attr_10,value_59
data/abac_benchmark/resource_0115,r_attr_11,value_28
data/abac_benchmark/resource_0115,r_attr_12,value_03
data/abac_benchmark/resource_0115,r_attr_13,value_53
data/abac_benchmark/resource_0115,r_attr_14,value_45
data/abac_benchmark/resource_0115,r_attr_15,value_45
data/abac_benchmark/resource_0115,r_attr_16,value_31
data/abac_benchmark/resource_0116,r_attr_01,value_40
data/abac_benchmark/resource_0116,r_attr_02,value_29
data/abac_benchmark/resource_0116,r_attr_03,value_17
data/abac_benchmark/resource_0116,r_attr_04,value_08
data/abac_benchmark/resource_0116,r_attr_05,value_30
data/abac_benchmark/resource_0116,r_attr_06,value_41
data/abac_benchmark/resource_0116,r_attr_07,value_11
data/abac_benchmark/resource_0116,r_attr_08,value_24
data/abac_benchmark/resource_0116,r_attr_09,value_51
data/abac_benchmark/resource_0116,r_attr_10,value_14
data/abac_benchmark/resource_0116,r_attr_11,value_62
data/abac_benchmark/resource_0116,r_attr_12,value_53
data/abac_benchmark/resource_0116,r_attr_13,value_14
data/abac_benchmark/resource_0116,r_attr_14,value_39
data/abac_benchmark/resource_0116,r_attr_15,value_37
data/abac_benchmark/resource_0116,r_attr_16,value_34
data/abac_benchmark/resource_0117,r_attr_01,value_17
data/abac_benchmark/resource_0117,r_attr_02,value_33
data/abac_benchmark/resource_0117,r_attr_03,value_61
data/abac_benchmark/resource_0117,r_attr_04,value_48
data/abac_benchmark/resource_0117,r_attr_05,value_50
data/abac_benchmark/resource_0117,r_attr_06,value_49
data/abac_benchmark/resource_0117,r_attr_07,value_45
data/abac_benchmark/resource_0117,r_attr_08,value_05
data/abac_benchmark/resource_0117,r_attr_09,value_12
data/abac_benchmark/resource_0117,r_attr_10,value_00
data/abac_benchmark/resource_0117,r_attr_11,value_40
data/abac_benchmark/resource_0117,r_attr_12,value_47
data/abac_benchmark/resource_0117,r_attr_13,value_38
data/abac_benchmark/resource_0117,r_attr_14,value_16
data/abac_benchmark/resource_0117,r_attr_15,value_24
data/abac_benchmark/resource_0117,r_attr_16,value_35
data/abac_benchmark/resource_0118,r_attr_01,value_62
data/abac_benchmark/resource_0118,r_attr_02,value_59
data/abac_benchmark/resource_0118,r_attr_03,value_58
data/abac_benchmark/resource_0118,r_attr_04,value_39
data/abac_benchmark/resource_0118,r_attr_05,value_16
data/abac_benchmark/resource_0118,r_attr_06,value_24
data/abac_benchmark/resource_0118,r_attr_07,value_51
data/abac_benchmark/resource_0118,r_attr_08,value_59
data/abac_benchmark/resource_0118,r_attr_09,value_41
data/abac_benchmark/resource_0118,r_attr_10,value_43
data/abac_benchmark/resource_0118,r_attr_11,value_52
data/abac_benchmark/resource_0118,r_attr_12,value_18
data/abac_benchmark/resource_0118,r_attr_13,value_56
data/abac_benchmark/resource_0118,r_attr_14,value_38
data/abac_benchmark/resource_0118,r_attr_15,value_34
data/abac_benchmark/resource_0118,r_attr_16,value_16
data/abac_benchmark/resource_0119,r_attr_01,value_37
data/abac_benchmark/resource_0119,r_attr_02,value_19
data/abac_benchmark/resource_0119,r_attr_03,value_61
data/abac_benchmark/resource_0119,r_attr_04,value_32
data/abac_benchmark/resource_0119,r_attr_05,value_02
data/abac_benchmark/resource_0119,r_attr_06,value_20
data/abac_benchmark/resource_0119,r_attr_07,value_15
data/abac_benchmark/resource_0119,r_attr_08,value_29
data/abac_benchmark/resource_0119,r_attr_09,value_54
data/abac_benchmark/resource_0119,r_attr_10,value_32
data/abac_benchmark/resource_0119,r_attr_11,value_00
data/abac_benchmark/resource_0119,r_attr_12,value_30
data/abac_benchmark/resource_0119,r_attr_13,value_05
data/abac_benchmark/resource_0119,r_attr_14,value_55
data/abac_benchmark/resource_0119,r_attr_15,value_50
data/abac_benchmark/resource_0119,r_attr_16,value_04
data/abac_benchmark/resource_0120,r_attr_01,value_16
data/abac_benchmark/resource_0120,r_attr_02,value_26
data/abac_benchmark/resource_0120,r_attr_03,value_45
data/abac_benchmark/resource_0120,r_attr_04,value_57
data/abac_benchmark/resource_0120,r_attr_05,value_22
data/abac_benchmark/resource_0120,r_attr_06,value_16
data/abac_benchmark/resource_0120,r_attr_07,value_31
data/abac_benchmark/resource_0120,r_attr_08,value_16
data/abac_benchmark/resource_0120,r_attr_09,value_43
data/abac_benchmark/resource_0120,r_attr_10,value_55
data/abac_benchmark/resource_0120,r_attr_11,value_05
data/abac_benchmark/resource_0120,r_attr_12,value_04
data/abac_benchmark/resource_0120,r_attr_13,value_05
data/abac_benchmark/resource_0120,r_attr_14,value_09
data/abac_benchmark/resource_0120,r_attr_15,value_13
data/abac_benchmark/resource_0120,r_attr_16,value_06
data/abac_benchmark/resource_0121,r_attr_01,value_55
data/abac_benchmark/resource_0121,r_attr_02,value_55
data/abac_benchmark/resource_0121,r_attr_03,value_52
data/abac_benchmark/resource_0121,r_attr_04,value_33
data/abac_benchmark/resource_0121,r_attr_05,value_38
data/abac_benchmark/resource_0121,r_attr_06,value_57
data/abac_benchmark/resource_0121,r_attr_07,value_36
data/abac_benchmark/resource_0121,r_attr_08,value_53
data/abac_benchmark/resource_0121,r_attr_09,value_43
data/abac_benchmark/resource_0121,r_attr_10,value_27
data/abac_benchmark/resource_0121,r_attr_11,value_26
data/abac_benchmark/resource_0121,r_attr_12,value_43
data/abac_benchmark/resource_0121,r_attr_13,value_55
data/abac_benchmark/resource_0121,r_attr_14,value_48
data/abac_benchmark/resource_0121,r_attr_15,value_39
data/abac_benchmark/resource_0121,r_attr_16,value_59
data/abac_benchmark/resource_0122,r_attr_01,value_52
data/abac_benchmark/resource_0122,r_attr_02,value_56
data/abac_benchmark/resource_0122,r_attr_03,value_47
data/abac_benchmark/resource_0122,r_attr_04,value_54
data/abac_benchmark/resource_0122,r_attr_05,value_37
data/abac_benchmark/resource_0122,r_attr_06,value_57
data/abac_benchmark/resource_0122,r_attr_07,value_31
data/abac_benchmark/resource_0122,r_attr_08,value_29
data/abac_benchmark/resource_0122,r_attr_09,value_09
data/abac_benchmark/resource_0122,r_attr_10,value_63
data/abac_benchmark/resource_0122,r_attr_11,value_25
data/abac_benchmark/resource_0122,r_attr_12,value_18
data/abac_benchmark/resource_0122,r_attr_13,value_63
data/abac_benchmark/resource_0122,r_attr_14,value_50
data/abac_benchmark/resource_0122,r_attr_15,value_21
data/abac_benchmark/resource_0122,r_attr_16,value_37
data/abac_benchmark/resource_0123,r_attr_01,value_23
data/abac_benchmark/resource_0123,r_attr_02,value_31
data/abac_benchmark/resource_0123,r_attr_03,value_41
data/abac_benchmark/resource_0123,r_attr_04,value_63
data/abac_benchmark/resource_0123,r_attr_05,value_22
data/abac_benchmark/resource_0123,r_attr_06,value_07
data/abac_benchmark/resource_0123,r_attr_07,value_29
data/abac_benchmark/resource_0123,r_attr_08,value_47
data/abac_benchmark/resource_0123,r_attr_09,value_04
data/abac_benchmark/resource_0123,r_attr_10,value_41
data/abac_benchmark/resource_0123,r_attr_11,value_51
data/abac_benchmark/resource_0123,r_attr_12,value_15
data/abac_benchmark/resource_0123,r_attr_13,value_33
data/abac_benchmark/resource_0123,r_attr_14,value_22
data/abac_benchmark/resource_0123,r_attr_15,value_47
data/abac_benchmark/resource_0123,r_attr_16,value_34
data/abac_benchmark/resource_0124,r_attr_01,value_25
data/abac_benchmark/resource_0124,r_attr_02,value_27
data/abac_benchmark/resource_0124,r_attr_03,value_17
data/abac_benchmark/resource_0124,r_attr_04,value_15
data/abac_benchmark/resource_0124,r_attr_05,value_21
data/abac_benchmark/resource_0124,r_attr_06,value_51
data/abac_benchmark/resource_0124,r_attr_07,value_15
data/abac_benchmark/resource_0124,r_attr_08,value_34
data/abac_benchmark/resource_0124,r_attr_09,value_57
data/abac_benchmark/resource_0124,r_attr_10,value_41
data/abac_benchmark/resource_0124,r_attr_11,value_14
data/abac_benchmark/resource_0124,r_attr_12,value_43
data/abac_benchmark/resource_0124,r_attr_13,value_51
data/abac_benchmark/resource_0124,r_attr_14,value_28
data/abac_benchmark/resource_0124,r_attr_15,value_49
data/abac_benchmark/resource_0124,r_attr_16,value_19
data/abac_benchmark/resource_0125,r_attr_01,value_32
data/abac_benchmark/resource_0125,r_attr_02,value_41
data/abac_benchmark/resource_0125,r_attr_03,value_52
data/abac_benchmark/resource_0125,r_attr_04,value_11
data/abac_benchmark/resource_0125,r_attr_05,value_50
data/abac_benchmark/resource_0125,r_attr_06,value_07
data/abac_benchmark/resource_0125,r_attr_07,value_13
data/abac_benchmark/resource_0125,r_attr_08,value_40
data/abac_benchmark/resource_0125,r_attr_09,value_10
data/abac_benchmark/resource_0125,r_attr_10,value_51
data/abac_benchmark/resource_0125,r_attr_11,value_38
data/abac_benchmark/resource_0125,r_attr_12,value_47
data/abac_benchmark/resource_0125,r_attr_13,value_30
data/abac_benchmark/resource_0125,r_attr_14,value_49
data/abac_benchmark/resource_0125,r_attr_15,value_31
data/abac_benchmark/resource_0125,r_attr_16,value_17
data/abac_benchmark/resource_0126,r_attr_01,value_29
data/abac_benchmark/resource_0126,r_attr_02,value_14
data/abac_benchmark/resource_0126,r_attr_03,value_03
data/abac_benchmark/resource_0126,r_attr_04,value_19
data/abac_benchmark/resource_0126,r_attr_05,value_41
data/abac_benchmark/resource_0126,r_attr_06,value_38
data/abac_benchmark/resource_0126,r_attr_07,value_03
data/abac_benchmark/resource_0126,r_attr_08,value_56
data/abac_benchmark/resource_0126,r_attr_09,value_08
data/abac_benchmark/resource_0126,r_attr_10,value_41
data/abac_benchmark/resource_0126,r_attr_11,value_20
data/abac_benchmark/resource_0126,r_attr_12,value_26
data/abac_benchmark/resource_0126,r_attr_13,value_46
data/abac_benchmark/resource_0126,r_attr_14,value_35
data/abac_benchmark/resource_0126,r_attr_15,value_36
data/abac_benchmark/resource_0126,r_attr_16,value_56
data/abac_benchmark/resource_0127,r_attr_01,value_26
data/abac_benchmark/resource_0127,r_attr_02,value_04
data/abac_benchmark/resource_0127,r_attr_03,value_28
data/abac_benchmark/resource_0127,r_attr_04,value_19
data/abac_benchmark/resource_0127,r_attr_05,value_35
data/abac_benchmark/resource_0127,r_attr_06,value_62
data/abac_benchmark/resource_0127,r_attr_07,value_17
data/abac_benchmark/resource_0127,r_attr_08,value_02
data/abac_benchmark/resource_0127,r_attr_09,value_10
data/abac_benchmark/resource_0127,r_attr_10,value_35
data/abac_benchmark/resource_0127,r_attr_11,value_35
data/abac_benchmark/resource_0127,r_attr_12,value_29
data/abac_benchmark/resource_0127,r_attr_13,value_63
data/abac_benchmark/resource_0127,r_attr_14,value_26
data/abac_benchmark/resource_0127,r_attr_15,value_48
data/abac_benchmark/resource_0127,r_attr_16,value_55
data/abac_benchmark/resource_0128,r_attr_01,value_53
data/abac_benchmark/resource_0128,r_attr_02,value_37
data/abac_benchmark/resource_0128,r_attr_03,value_59
data/abac_benchmark/resource_0128,r_attr_04,value_42
data/abac_benchmark/resource_0128,r_attr_05,value_24
data/abac_benchmark/resource_0128,r_attr_06,value_06
data/abac_benchmark/resource_0128,r_attr_07,value_48
data/abac_benchmark/resource_0128,r_attr_08,value_31
data/abac_benchmark/resource_0128,r_attr_09,value_29
data/abac_benchmark/resource_0128,r_attr_10,value_28
data/abac_benchmark/resource_0128,r_attr_11,value_60
data/abac_benchmark/resource_0128,r_attr_12,value_60
data/abac_benchmark/resource_0128,r_attr_13,value_06
data/abac_benchmark/resource_0128,r_attr_14,value_52
data/abac_benchmark/resource_0128,r_attr_15,value_20
data/abac_benchmark/resource_0128,r_attr_16,value_33
data/abac_benchmark/resource_0129,r_attr_01,value_40
data/abac_benchmark/resource_0129,r_attr_02,value_25
data/abac_benchmark/resource_0129,r_attr_03,value_31
data/abac_benchmark/resource_0129,r_attr_04,value_08
data/abac_benchmark/resource_0129,r_attr_05,value_35
data/abac_benchmark/resource_0129,r_attr_06,value_06
data/abac_benchmark/resource_0129,r_attr_07,value_13
data/abac_benchmark/resource_0129,r_attr_08,value_28
data/abac_benchmark/resource_0129,r_attr_09,value_16
data/abac_benchmark/resource_0129,r_attr_10,value_57
data/abac_benchmark/resource_0129,r_attr_11,value_28
data/abac_benchmark/resource_0129,r_attr_12,value_35
data/abac_benchmark/resource_0129,r_attr_13,value_54
data/abac_benchmark/resource_0129,r_attr_14,value_27
data/abac_benchmark/resource_0129,r_attr_15,value_37
data/abac_benchmark/resource_0129,r_attr_16,value_20
data/abac_benchmark/resource_0130,r_attr_01,value_62
data/abac_benchmark/resource_0130,r_attr_02,value_38
data/abac_benchmark/resource_0130,r_attr_03,value_47
data/abac_benchmark/resource_0130,r_attr_04,value_11
data/abac_benchmark/resource_0130,r_attr_05,value_13
data/abac_benchmark/resource_0130,r_attr_06,value_53
data/abac_benchmark/resource_0130,r_attr_07,value_06
data/abac_benchmark/resource_0130,r_attr_08,value_20
data/abac_benchmark/resource_0130,r_attr_09,value_50
data/abac_benchmark/resource_0130,r_attr_10,value_49
data/abac_benchmark/resource_0130,r_attr_11,value_19
data/abac_benchmark/resource_0130,r_attr_12,value_13
data/abac_benchmark/resource_0130,r_attr_13,value_35
data/abac_benchmark/resource_0130,r_attr_14,value_57
data/abac_benchmark/resource_0130,r_attr_15,value_12
data/abac_benchmark/resource_0130,r_attr_16,value_63
data/abac_benchmark/resource_0131,r_attr_01,value_62
data/abac_benchmark/resource_0131,r_attr_02,value_25
data/abac_benchmark/resource_0131,r_attr_03,value_21
data/abac_benchmark/resource_0131,r_attr_04,value_40
data/abac_benchmark/resource_0131,r_attr_05,value_52
data/abac_benchmark/resource_0131,r_attr_06,value_26
data/abac_benchmark/resource_0131,r_attr_07,value_33
data/abac_benchmark/resource_0131,r_attr_08,value_40
data/abac_benchmark/resource_0131,r_attr_09,value_31
data/abac_benchmark/resource_0131,r_attr_10,value_46
data/abac_benchmark/resource_0131,r_attr_11,value_16
data/abac_benchmark/resource_0131,r_attr_12,value_03
data/abac_benchmark/resource_0131,r_attr_13,value_57
data/abac_benchmark/resource_0131,r_attr_14,value_19
data/abac_benchmark/resource_0131,r_attr_15,value_52
data/abac_benchmark/resource_0131,r_attr_16,value_61
data/abac_benchmark/resource_0132,r_attr_01,value_13
data/abac_benchmark/resource_0132,r_attr_02,value_48
data/abac_benchmark/resource_0132,r_attr_03,value_39
data/abac_benchmark/resource_0132,r_attr_04,value_63
data/abac_benchmark/resource_0132,r_attr_05,value_44
data/abac_benchmark/resource_0132,r_attr_06,value_22
data/abac_benchmark/resource_0132,r_attr_07,value_06
data/abac_benchmark/resource_0132,r_attr_08,value_15
data/abac_benchmark/resource_0132,r_attr_09,value_20
data/abac_benchmark/resource_0132,r_attr_10,value_61
data/abac_benchmark/resource_0132,r_attr_11,value_33
data/abac_benchmark/resource_0132,r_attr_12,value_52
data/abac_benchmark/resource_0132,r_attr_13,value_18
data/abac_benchmark/resource_0132,r_attr_14,value_42
data/abac_benchmark/resource_0132,r_attr_15,value_14
data/abac_benchmark/resource_0132,r_attr_16,value_06
data/abac_benchmark/resource_0133,r_attr_01,value_33
data/abac_benchmark/resource_0133,r_attr_02,value_41
data/abac_benchmark/resource_0133,r_attr_03,value_03
data/abac_benchmark/resource_0133,r_attr_04,value_08
data/abac_benchmark/resource_0133,r_attr_05,value_58
data/abac_benchmark/resource_0133,r_attr_06,value_30
data/abac_benchmark/resource_0133,r_attr_07,value_49
data/abac_benchmark/resource_0133,r_attr_08,value_62
data/abac_benchmark/resource_0133,r_attr_09,value_09
data/abac_benchmark/resource_0133,r_attr_10,value_30
data/abac_benchmark/resource_0133,r_attr_11,value_11
data/abac_benchmark/resource_0133,r_attr_12,value_57
data/abac_benchmark/resource_0133,r_attr_13,value_19
data/abac_benchmark/resource_0133,r_attr_14,value_15
data/abac_benchmark/resource_0133,r_attr_15,value_11
data/abac_benchmark/resource_0133,r_attr_16,value_50
data/abac_benchmark/resource_0134,r_attr_01,value_50
data/abac_benchmark/resource_0134,r_attr_02,value_07
data/abac_benchmark/resource_0134,r_attr_03,value_18
data/abac_benchmark/resource_0134,r_attr_04,value_30
data/abac_benchmark/resource_0134,r_attr_05,value_04
data/abac_benchmark/resource_0134,r_attr_06,value_57
data/abac_benchmark/resource_0134,r_attr_07,value_08
data/abac_benchmark/resource_0134,r_attr_08,value_09
data/abac_benchmark/resource_0134,r_attr_09,value_30
data/abac_benchmark/resource_0134,r_attr_10,value_25
data/abac_benchmark/resource_0134,r_attr_11,value_55
data/abac_benchmark/resource_0134,r_attr_12,value_50
data/abac_benchmark/resource_0134,r_attr_13,value_17
data/abac_benchmark/resource_0134,r_attr_14,value_18
data/abac_benchmark/resource_0134,r_attr_15,value_20
data/abac_benchmark/resource_0134,r_attr_16,value_56
data/abac_benchmark/resource_0135,r_attr_01,value_39
data/abac_benchmark/resource_0135,r_attr_02,value_58
data/abac_benchmark/resource_0135,r_attr_03,value_56
data/abac_benchmark/resource_0135,r_attr_04,value_41
data/abac_benchmark/resource_0135,r_attr_05,value_19
data/abac_benchmark/resource_0135,r_attr_06,value_23
data/abac_benchmark/resource_0135,r_attr_07,value_40
data/abac_benchmark/resource_0135,r_attr_08,value_03
data/abac_benchmark/resource_0135,r_attr_09,value_10
data/abac_benchmark/resource_0135,r_attr_10,value_08
data/abac_benchmark/resource_0135,r_attr_11,value_06
data/abac_benchmark/resource_0135,r_attr_12,value_52
data/abac_benchmark/resource_0135,r_attr_13,value_51
data/abac_benchmark/resource_0135,r_attr_14,value_49
data/abac_benchmark/resource_0135,r_attr_15,value_17
data/abac_benchmark/resource_0135,r_attr_16,value_07
data/abac_benchmark/resource_0136,r_attr_01,value_60
data/abac_benchmark/resource_0136,r_attr_02,value_42
data/abac_benchmark/resource_0136,r_attr_03,value_00
data/abac_benchmark/resource_0136,r_attr_04,value_32
data/abac_benchmark/resource_0136,r_attr_05,value_17
data/abac_benchmark/resource_0136,r_attr_06,value_04
data/abac_benchmark/resource_0136,r_attr_07,value_62
data/abac_benchmark/resource_0136,r_attr_08,value_52
data/abac_benchmark/resource_0136,r_attr_09,value_55
data/abac_benchmark/resource_0136,r_attr_10,value_45
data/abac_benchmark/resource_0136,r_attr_11,value_34
data/abac_benchmark/resource_0136,r_attr_12,value_07
data/abac_benchmark/resource_0136,r_attr_13,value_51
data/abac_benchmark/resource_0136,r_attr_14,value_62
data/abac_benchmark/resource_0136,r_attr_15,value_26
data/abac_benchmark/resource_0136,r_attr_16,value_01
data/abac_benchmark/resource_0137,r_attr_01,value_15
data/abac_benchmark/resource_0137,r_attr_02,value_56
data/abac_benchmark/resource_0137,r_attr_03,value_44
data/abac_benchmark/resource_0137,r_attr_04,value_47
data/abac_benchmark/resource_0137,r_attr_05,value_07
data/abac_benchmark/resource_0137,r_attr_06,value_37
data/abac_benchmark/resource_0137,r_attr_07,value_13
data/abac_benchmark/resource_0137,r_attr_08,value_09
data/abac_benchmark/resource_0137,r_attr_09,value_02
data/abac_benchmark/resource_0137,r_attr_10,value_09
data/abac_benchmark/resource_0137,r_attr_11,value_60
data/abac_benchmark/resource_0137,r_attr_12,value_23
data/abac_benchmark/resource_0137,r_attr_13,value_36
data/abac_benchmark/resource_0137,r_attr_14,value_10
data/abac_benchmark/resource_0137,r_attr_15,value_08
data/abac_benchmark/resource_0137,r_attr_16,value_28
data/abac_benchmark/resource_0138,r_attr_01,value_39
data/abac_benchmark/resource_0138,r_attr_02,value_02
data/abac_benchmark/resource_0138,r_attr_03,value_30
data/abac_benchmark/resource_0138,r_attr_04,value_38
data/abac_benchmark/resource_0138,r_attr_05,value_38
data/abac_benchmark/resource_0138,r_attr_06,value_40
data/abac_benchmark/resource_0138,r_attr_07,value_38
data/abac_benchmark/resource_0138,r_attr_08,value_45
data/abac_benchmark/resource_0138,r_attr_09,value_15
data/abac_benchmark/resource_0138,r_attr_10,value_06
data/abac_benchmark/resource_0138,r_attr_11,value_48
data/abac_benchmark/resource_0138,r_attr_12,value_53
data/abac_benchmark/resource_0138,r_attr_13,value_45
data/abac_benchmark/resource_0138,r_attr_14,value_40
data/abac_benchmark/resource_0138,r_attr_15,value_32
data/abac_benchmark/resource_0138,r_attr_16,value_04
data/abac_benchmark/resource_0139,r_attr_01,value_12
data/abac_benchmark/resource_0139,r_attr_02,value_43
data/abac_benchmark/resource_0139,r_attr_03,value_32
data/abac_benchmark/resource_0139,r_attr_04,value_32
data/abac_benchmark/resource_0139,r_attr_05,value_55
data/abac_benchmark/resource_0139,r_attr_06,value_38
data/abac_benchmark/resource_0139,r_attr_07,value_16
data/abac_benchmark/resource_0139,r_attr_08,value_13
data/abac_benchmark/resource_0139,r_attr_09,value_44
data/abac_benchmark/resource_0139,r_attr_10,value_51
data/abac_benchmark/resource_0139,r_attr_11,value_32
data/abac_benchmark/resource_0139,r_attr_12,value_39
data/abac_benchmark/resource_0139,r_attr_13,value_05
data/abac_benchmark/resource_0139,r_attr_14,value_58
data/abac_benchmark/resource_0139,r_attr_15,value_47
data/abac_benchmark/resource_0139,r_attr_16,value_42
data/abac_benchmark/resource_0140,r_attr_01,value_21
data/abac_benchmark/resource_0140,r_attr_02,value_24
data/abac_benchmark/resource_0140,r_attr_03,value_19
data/abac_benchmark/resource_0140,r_attr_04,value_21
data/abac_benchmark/resource_0140,r_attr_05,value_40
data/abac_benchmark/resource_0140,r_attr_06,value_23
data/abac_benchmark/resource_0140,r_attr_07,value_59
data/abac_benchmark/resource_0140,r_attr_08,value_38
data/abac_benchmark/resource_0140,r_attr_09,value_31
data/abac_benchmark/resource_0140,r_attr_10,value_21
data/abac_benchmark/resource_0140,r_attr_11,value_26
data/abac_benchmark/resource_0140,r_attr_12,value_07
data/abac_benchmark/resource_0140,r_attr_13,value_03
data/abac_benchmark/resource_0140,r_attr_14,value_59
data/abac_benchmark/resource_0140,r_attr_15,value_48
data/abac_benchmark/resource_0140,r_attr_16,value_61
data/abac_benchmark/resource_0141,r_attr_01,value_50
data/abac_benchmark/resource_0141,r_attr_02,value_45
data/abac_benchmark/resource_0141,r_attr_03,value_63
data/abac_benchmark/resource_0141,r_attr_04,value_03
data/abac_benchmark/resource_0141,r_attr_05,value_39
data/abac_benchmark/resource_0141,r_attr_06,value_34
data/abac_benchmark/resource_0141,r_attr_07,value_45
data/abac_benchmark/resource_0141,r_attr_08,value_43
data/abac_benchmark/resource_0141,r_attr_09,value_58
data/abac_benchmark/resource_0141,r_attr_10,value_31
data/abac_benchmark/resource_0141,r_attr_11,value_04
data/abac_benchmark/resource_0141,r_attr_12,value_13
data/abac_benchmark/resource_0141,r_attr_13,value_41
data/abac_benchmark/resource_0141,r_attr_14,value_10
data/abac_benchmark/resource_0141,r_attr_15,value_57
data/abac_benchmark/resource_0141,r_attr_16,value_27
data/abac_benchmark/resource_0142,r_attr_01,value_45
data/abac_benchmark/resource_0142,r_attr_02,value_51
data/abac_benchmark/resource_0142,r_attr_03,value_32
data/abac_benchmark/resource_0142,r_attr_04,value_37
data/abac_benchmark/resource_0142,r_attr_05,value_46
data/abac_benchmark/resource_0142,r_attr_06,value_16
data/abac_benchmark/resource_0142,r_attr_07,value_16
data/abac_benchmark/resource_0142,r_attr_08,value_16
data/abac_benchmark/resource_0142,r_attr_09,value_37
data/abac_benchmark/resource_0142,r_attr_10,value_60
data/abac_benchmark/resource_0142,r_attr_11,value_55
data/abac_benchmark/resource_0142,r_attr_12,value_44
data/abac_benchmark/resource_0142,r_attr_13,value_36
data/abac_benchmark/resource_0142,r_attr_14,value_33
data/abac_benchmark/resource_0142,r_attr_15,value_25
data/abac_benchmark/resource_0142,r_attr_16,value_13
data/abac_benchmark/resource_0143,r_attr_01,value_14
data/abac_benchmark/resource_0143,r_attr_02,value_13
data/abac_benchmark/resource_0143,r_attr_03,value_07
data/abac_benchmark/resource_0143,r_attr_04,value_13
data/abac_benchmark/resource_0143,r_attr_05,value_03
data/abac_benchmark/resource_0143,r_attr_06,value_24
data/abac_benchmark/resource_0143,r_attr_07,value_05
data/abac_benchmark/resource_0143,r_attr_08,value_40
data/abac_benchmark/resource_0143,r_attr_09,value_48
data/abac_benchmark/resource_0143,r_attr_10,value_29
data/abac_benchmark/resource_0143,r_attr_11,value_36
data/abac_benchmark/resource_0143,r_attr_12,value_56
data/abac_benchmark/resource_0143,r_attr_13,value_59
data/abac_benchmark/resource_0143,r_attr_14,value_12
data/abac_benchmark/resource_0143,r_attr_15,value_17
data/abac_benchmark/resource_0143,r_attr_16,value_59
data/abac_benchmark/resource_0144,r_attr_01,value_62
data/abac_benchmark/resource_0144,r_attr_02,value_52
data/abac_benchmark/resource_0144,r_attr_03,value_31
data/abac_benchmark/resource_0144,r_attr_04,value_07
data/abac_benchmark/resource_0144,r_attr_05,value_54
data/abac_benchmark/resource_0144,r_attr_06,value_25
data/abac_benchmark/resource_0144,r_attr_07,value_49
data/abac_benchmark/resource_0144,r_attr_08,value_51
data/abac_benchmark/resource_0144,r_attr_09,value_37
data/abac_benchmark/resource_0144,r_attr_10,value_07
data/abac_benchmark/resource_0144,r_attr_11,value_29
data/abac_benchmark/resource_0144,r_attr_12,value_23
data/abac_benchmark/resource_0144,r_attr_13,value_24
data/abac_benchmark/resource_0144,r_attr_14,value_41
data/abac_benchmark/resource_0144,r_attr_15,value_52
data/abac_benchmark/resource_0144,r_attr_16,value_31
data/abac_benchmark/resource_0145,r_attr_01,value_36
data/abac_benchmark/resource_0145,r_attr_02,value_19
data/abac_benchmark/resource_0145,r_attr_03,value_42
data/abac_benchmark/resource_0145,r_attr_04,value_39
data/abac_benchmark/resource_0145,r_attr_05,value_03
data/abac_benchmark/resource_0145,r_attr_06,value_28
data/abac_benchmark/resource_0145,r_attr_07,value_15
data/abac_benchmark/resource_0145,r_attr_08,value_63
data/abac_benchmark/resource_0145,r_attr_09,value_27
data/abac_benchmark/resource_0145,r_attr_10,value_23
data/abac_benchmark/resource_0145,r_attr_11,value_37
data/abac_benchmark/resource_0145,r_attr_12,value_29
data/abac_benchmark/resource_0145,r_attr_13,value_62
data/abac_benchmark/resource_0145,r_attr_14,value_50
data/abac_benchmark/resource_0145,r_attr_15,value_46
data/abac_benchmark/resource_0145,r_attr_16,value_51
data/abac_benchmark/resource_0146,r_attr_01,value_21
data/abac_benchmark/resource_0146,r_attr_02,value_22
data/abac_benchmark/resource_0146,r_attr_03,value_12
data/abac_benchmark/resource_0146,r_attr_04,value_08
data/abac_benchmark/resource_0146,r_attr_05,value_62
data/abac_benchmark/resource_0146,r_attr_06,value_30
data/abac_benchmark/resource_0146,r_attr_07,value_39
data/abac_benchmark/resource_0146,r_attr_08,value_12
data/abac_benchmark/resource_0146,r_attr_09,value_33
data/abac_benchmark/resource_0146,r_attr_10,value_43
data/abac_benchmark/resource_0146,r_attr_11,value_13
data/abac_benchmark/resource_0146,r_attr_12,value_54
data/abac_benchmark/resource_0146,r_attr_13,value_42
data/abac_benchmark/resource_0146,r_attr_14,value_46
data/abac_benchmark/resource_0146,r_attr_15,value_29
data/abac_benchmark/resource_0146,r_attr_16,value_59
data/abac_benchmark/resource_0147,r_attr_01,value_27
data/abac_benchmark/resource_0147,r_attr_02,value_35
data/abac_benchmark/resource_0147,r_attr_03,value_62
data/abac_benchmark/resource_0147,r_attr_04,value_09
data/abac_benchmark/resource_0147,r_attr_05,value_11
data/abac_benchmark/resource_0147,r_attr_06,value_19
data/abac_benchmark/resource_0147,r_attr_07,value_61
data/abac_benchmark/resource_0147,r_attr_08,value_60
data/abac_benchmark/resource_0147,r_attr_09,value_18
data/abac_benchmark/resource_0147,r_attr_10,value_30
data/abac_benchmark/resource_0147,r_attr_11,value_44
data/abac_benchmark/resource_0147,r_attr_12,value_20
data/abac_benchmark/resource_0147,r_attr_13,value_35
data/abac_benchmark/resource_0147,r_attr_14,value_47
data/abac_benchmark/resource_0147,r_attr_15,value_46
data/abac_benchmark/resource_0147,r_attr_16,value_26
data/abac_benchmark/resource_0148,r_attr_01,value_17
data/abac_benchmark/resource_0148,r_attr_02,value_47
data/abac_benchmark/resource_0148,r_attr_03,value_40
data/abac_benchmark/resource_0148,r_attr_04,value_54
data/abac_benchmark/resource_0148,r_attr_05,value_50
data/abac_benchmark/resource_0148,r_attr_06,value_62
data/abac_benchmark/resource_0148,r_attr_07,value_12
data/abac_benchmark/resource_0148,r_attr_08,value_24
data/abac_benchmark/resource_0148,r_attr_09,value_35
data/abac_benchmark/resource_0148,r_attr_10,value_52
data/abac_benchmark/resource_0148,r_attr_11,value_02
data/abac_benchmark/resource_0148,r_attr_12,value_43
data/abac_benchmark/resource_0148,r_attr_13,value_26
data/abac_benchmark/resource_0148,r_attr_14,value_28
data/abac_benchmark/resource_0148,r_attr_15,value_51
data/abac_benchmark/resource_0148,r_attr_16,value_40
data/abac_benchmark/resource_0149,r_attr_01,value_04
data/abac_benchmark/resource_0149,r_attr_02,value_07
data/abac_benchmark/resource_0149,r_attr_03,value_34
data/abac_benchmark/resource_0149,r_attr_04,value_42
data/abac_benchmark/resource_0149,r_attr_05,value_38
data/abac_benchmark/resource_0149,r_attr_06,value_60
data/abac_benchmark/resource_0149,r_attr_07,value_56
data/abac_benchmark/resource_0149,r_attr_08,value_26
data/abac_benchmark/resource_0149,r_attr_09,value_11
data/abac_benchmark/resource_0149,r_attr_10,value_33
data/abac_benchmark/resource_0149,r_attr_11,value_59
data/abac_benchmark/resource_0149,r_attr_12,value_16
data/abac_benchmark/resource_0149,r_attr_13,value_45
data/abac_benchmark/resource_0149,r_attr_14,value_10
data/abac_benchmark/resource_0149,r_attr_15,value_13
data/abac_benchmark/resource_0149,r_attr_16,value_23
data/abac_benchmark/resource_0150,r_attr_01,value_35
data/abac_benchmark/resource_0150,r_attr_02,value_31
data/abac_benchmark/resource_0150,r_attr_03,value_37
data/abac_benchmark/resource_0150,r_attr_04,value_18
data/abac_benchmark/resource_0150,r_attr_05,value_59
data/abac_benchmark/resource_0150,r_attr_06,value_50
data/abac_benchmark/resource_0150,r_attr_07,value_52
data/abac_benchmark/resource_0150,r_attr_08,value_36
data/abac_benchmark/resource_0150,r_attr_09,value_50
data/abac_benchmark/resource_0150,r_attr_10,value_02
data/abac_benchmark/resource_0150,r_attr_11,value_20
data/abac_benchmark/resource_0150,r_attr_12,value_34
data/abac_benchmark/resource_0150,r_attr_13,value_18
data/abac_benchmark/resource_0150,r_attr_14,value_58
data/abac_benchmark/resource_0150,r_attr_15,value_10
data/abac_benchmark/resource_0150,r_attr_16,value_01
data/abac_benchmark/resource_0151,r_attr_01,value_31
data/abac_benchmark/resource_0151,r_attr_02,value_34
data/abac_benchmark/resource_0151,r_attr_03,value_48
data/abac_benchmark/resource_0151,r_attr_04,value_00
data/abac_benchmark/resource_0151,r_attr_05,value_58
data/abac_benchmark/resource_0151,r_attr_06,value_31
data/abac_benchmark/resource_0151,r_attr_07,value_19
data/abac_benchmark/resource_0151,r_attr_08,value_48
data/abac_benchmark/resource_0151,r_attr_09,value_58
data/abac_benchmark/resource_0151,r_attr_10,value_12
data/abac_benchmark/resource_0151,r_attr_11,value_26
data/abac_benchmark/resource_0151,r_attr_12,value_59
data/abac_benchmark/resource_0151,r_attr_13,value_45
data/abac_benchmark/resource_0151,r_attr_14,value_60
data/abac_benchmark/resource_0151,r_attr_15,value_26
data/abac_benchmark/resource_0151,r_attr_16,value_14
data/abac_benchmark/resource_0152,r_attr_01,value_26
data/abac_benchmark/resource_0152,r_attr_02,value_51
data/abac_benchmark/resource_0152,r_attr_03,value_43
data/abac_benchmark/resource_0152,r_attr_04,value_02
data/abac_benchmark/resource_0152,r_attr_05,value_40
data/abac_benchmark/resource_0152,r_attr_06,value_42
data/abac_benchmark/resource_0152,r_attr_07,value_49
data/abac_benchmark/resource_0152,r_attr_08,value_07
data/abac_benchmark/resource_0152,r_attr_09,value_24
data/abac_benchmark/resource_0152,r_attr_10,value_40
data/abac_benchmark/resource_0152,r_attr_11,value_61
data/abac_benchmark/resource_0152,r_attr_12,value_32
data/abac_benchmark/resource_0152,r_attr_13,value_35
data/abac_benchmark/resource_0152,r_attr_14,value_10
data/abac_benchmark/resource_0152,r_attr_15,value_47
data/abac_benchmark/resource_0152,r_attr_16,value_33
data/abac_benchmark/resource_0153,r_attr_01,value_47
data/abac_benchmark/resource_0153,r_attr_02,value_53
data/abac_benchmark/resource_0153,r_attr_03,value_45
data/abac_benchmark/resource_0153,r_attr_04,value_33
data/abac_benchmark/resource_0153,r_attr_05,value_34
data/abac_benchmark/resource_0153,r_attr_06,value_00
data/abac_benchmark/resource_0153,r_attr_07,value_17
data/abac_benchmark/resource_0153,r_attr_08,value_35
data/abac_benchmark/resource_0153,r_attr_09,value_08
data/abac_benchmark/resource_0153,r_attr_10,value_29
data/abac_benchmark/resource_0153,r_attr_11,value_02
data/abac_benchmark/resource_0153,r_attr_12,value_32
data/abac_benchmark/resource_0153,r_attr_13,value_22
data/abac_benchmark/resource_0153,r_attr_14,value_07
data/abac_benchmark/resource_0153,r_attr_15,value_07
data/abac_benchmark/resource_0153,r_attr_16,value_44
data/abac_benchmark/resource_0154,r_attr_01,value_13
data/abac_benchmark/resource_0154,r_attr_02,value_52
data/abac_benchmark/resource_0154,r_attr_03,value_43
data/abac_benchmark/resource_0154,r_attr_04,value_09
data/abac_benchmark/resource_0154,r_attr_05,value_53
data/abac_benchmark/resource_0154,r_attr_06,value_04
data/abac_benchmark/resource_0154,r_attr_07,value_41
data/abac_benchmark/resource_0154,r_attr_08,value_45
data/abac_benchmark/resource_0154,r_attr_09,value_28
data/abac_benchmark/resource_0154,r_attr_10,value_33
data/abac_benchmark/resource_0154,r_attr_11,value_47
data/abac_benchmark/resource_0154,r_attr_12,value_48
data/abac_benchmark/resource_0154,r_attr_13,value_60
data/abac_benchmark/resource_0154,r_attr_14,value_45
data/abac_benchmark/resource_0154,r_attr_15,value_15
data/abac_benchmark/resource_0154,r_attr_16,value_51
data/abac_benchmark/resource_0155,r_attr_01,value_12
data/abac_benchmark/resource_0155,r_attr_02,value_29
data/abac_benchmark/resource_0155,r_attr_03,value_58
data/abac_benchmark/resource_0155,r_attr_04,value_45
data/abac_benchmark/resource_0155,r_attr_05,value_55
data/abac_benchmark/resource_0155,r_attr_06,value_63
data/abac_benchmark/resource_0155,r_attr_07,value_39
data/abac_benchmark/resource_0155,r_attr_08,value_38
data/abac_benchmark/resource_0155,r_attr_09,value_24
data/abac_benchmark/resource_0155,r_attr_10,value_21
data/abac_benchmark/resource_0155,r_attr_11,value_35
data/abac_benchmark/resource_0155,r_attr_12,value_11
data/abac_benchmark/resource_0155,r_attr_13,value_26
data/abac_benchmark/resource_0155,r_attr_14,value_13
data/abac_benchmark/resource_0155,r_attr_15,value_62
data/abac_benchmark/resource_0155,r_attr_16,value_49
data/abac_benchmark/resource_0156,r_attr_01,value_28
data/abac_benchmark/resource_0156,r_attr_02,value_60
data/abac_benchmark/resource_0156,r_attr_03,value_12
data/abac_benchmark/resource_0156,r_attr_04,value_06
data/abac_benchmark/resource_0156,r_attr_05,value_41
data/abac_benchmark/resource_0156,r_attr_06,value_55
data/abac_benchmark/resource_0156,r_attr_07,value_05
data/abac_benchmark/resource_0156,r_attr_08,value_59
data/abac_benchmark/resource_0156,r_attr_09,value_09
data/abac_benchmark/resource_0156,r_attr_10,value_35
data/abac_benchmark/resource_0156,r_attr_11,value_13
data/abac_benchmark/resource_0156,r_attr_12,value_22
data/abac_benchmark/resource_0156,r_attr_13,value_52
data/abac_benchmark/resource_0156,r_attr_14,value_43
data/abac_benchmark/resource_0156,r_attr_15,value_60
data/abac_benchmark/resource_0156,r_attr_16,value_32
data/abac_benchmark/resource_0157,r_attr_01,value_14
data/abac_benchmark/resource_0157,r_attr_02,value_32
data/abac_benchmark/resource_0157,r_attr_03,value_06
data/abac_benchmark/resource_0157,r_attr_04,value_23
data/abac_benchmark/resource_0157,r_attr_05,value_03
data/abac_benchmark/resource_0157,r_attr_06,value_58
data/abac_benchmark/resource_0157,r_attr_07,value_18
data/abac_benchmark/resource_0157,r_attr_08,value_60
data/abac_benchmark/resource_0157,r_attr_09,value_23
data/abac_benchmark/resource_0157,r_attr_10,value_34
data/abac_benchmark/resource_0157,r_attr_11,value_31
data/abac_benchmark/resource_0157,r_attr_12,value_42
data/abac_benchmark/resource_0157,r_attr_13,value_39
data/abac_benchmark/resource_0157,r_attr_14,value_41
data/abac_benchmark/resource_0157,r_attr_15,value_17
data/abac_benchmark/resource_0157,r_attr_16,value_32
data/abac_benchmark/resource_0158,r_attr_01,value_08
data/abac_benchmark/resource_0158,r_attr_02,value_38
data/abac_benchmark/resource_0158,r_attr_03,value_30
data/abac_benchmark/resource_0158,r_attr_04,value_54
data/abac_benchmark/resource_0158,r_attr_05,value_28
data/abac_benchmark/resource_0158,r_attr_06,value_26
data/abac_benchmark/resource_0158,r_attr_07,value_53
data/abac_benchmark/resource_0158,r_attr_08,value_16
data/abac_benchmark/resource_0158,r_attr_09,value_37
data/abac_benchmark/resource_0158,r_attr_10,value_14
data/abac_benchmark/resource_0158,r_attr_11,value_56
data/abac_benchmark/resource_0158,r_attr_12,value_20
data/abac_benchmark/resource_0158,r_attr_13,value_10
data/abac_benchmark/resource_0158,r_attr_14,value_51
data/abac_benchmark/resource_0158,r_attr_15,value_18
data/abac_benchmark/resource_0158,r_attr_16,value_42
data/abac_benchmark/resource_0159,r_attr_01,value_43
data/abac_benchmark/resource_0159,r_attr_02,value_49
data/abac_benchmark/resource_0159,r_attr_03,value_14
data/abac_benchmark/resource_0159,r_attr_04,value_56
data/abac_benchmark/resource_0159,r_attr_05,value_37
data/abac_benchmark/resource_0159,r_attr_06,value_26
data/abac_benchmark/resource_0159,r_attr_07,value_29
data/abac_benchmark/resource_0159,r_attr_08,value_14
data/abac_benchmark/resource_0159,r_attr_09,value_34
data/abac_benchmark/resource_0159,r_attr_10,value_44
data/abac_benchmark/resource_0159,r_attr_11,value_37
data/abac_benchmark/resource_0159,r_attr_12,value_35
data/abac_benchmark/resource_0159,r_attr_13,value_52
data/abac_benchmark/resource_0159,r_attr_14,value_02
data/abac_benchmark/resource_0159,r_attr_15,value_36
data/abac_benchmark/resource_0159,r_attr_16,value_44
data/abac_benchmark/resource_0160,r_attr_01,value_39
data/abac_benchmark/resource_0160,r_attr_02,value_05
data/abac_benchmark/resource_0160,r_attr_03,value_44
data/abac_benchmark/resource_0160,r_attr_04,value_63
data/abac_benchmark/resource_0160,r_attr_05,value_10
data/abac_benchmark/resource_0160,r_attr_06,value_25
data/abac_benchmark/resource_0160,r_attr_07,value_10
data/abac_benchmark/resource_0160,r_attr_08,value_31
data/abac_benchmark/resource_0160,r_attr_09,value_61
data/abac_benchmark/resource_0160,r_attr_10,value_55
data/abac_benchmark/resource_0160,r_attr_11,value_58
data/abac_benchmark/resource_0160,r_attr_12,value_46
data/abac_benchmark/resource_0160,r_attr_13,value_53
data/abac_benchmark/resource_0160,r_attr_14,value_59
data/abac_benchmark/resource_0160,r_attr_15,value_48
data/abac_benchmark/resource_0160,r_attr_16,value_19
data/abac_benchmark/resource_0161,r_attr_01,value_50
data/abac_benchmark/resource_0161,r_attr_02,value_03
data/abac_benchmark/resource_0161,r_attr_03,value_09
data/abac_benchmark/resource_0161,r_attr_04,value_06
data/abac_benchmark/resource_0161,r_attr_05,value_23
data/abac_benchmark/resource_0161,r_attr_06,value_35
data/abac_benchmark/resource_0161,r_attr_07,value_09
data/abac_benchmark/resource_0161,r_attr_08,value_60
data/abac_benchmark/resource_0161,r_attr_09,value_62
data/abac_benchmark/resource_0161,r_attr_10,value_18
data/abac_benchmark/resource_0161,r_attr_11,value_03
data/abac_benchmark/resource_0161,r_attr_12,value_55
data/abac_benchmark/resource_0161,r_attr_13,value_33
data/abac_benchmark/resource_0161,r_attr_14,value_36
data/abac_benchmark/resource_0161,r_attr_15,value_61
data/abac_benchmark/resource_0161,r_attr_16,value_09
data/abac_benchmark/resource_0162,r_attr_01,value_43
data/abac_benchmark/resource_0162,r_attr_02,value_02
data/abac_benchmark/resource_0162,r_attr_03,value_19
data/abac_benchmark/resource_0162,r_attr_04,value_57
data/abac_benchmark/resource_0162,r_attr_05,value_15
data/abac_benchmark/resource_0162,r_attr_06,value_14
data/abac_benchmark/resource_0162,r_attr_07,value_40
data/abac_benchmark/resource_0162,r_attr_08,value_25
data/abac_benchmark/resource_0162,r_attr_09,value_25
data/abac_benchmark/resource_0162,r_attr_10,value_04
data/abac_benchmark/resource_0162,r_attr_11,value_05
data/abac_benchmark/resource_0162,r_attr_12,value_21
data/abac_benchmark/resource_0162,r_attr_13,value_46
data/abac_benchmark/resource_0162,r_attr_14,value_36
data/abac_benchmark/resource_0162,r_attr_15,value_37
data/abac_benchmark/resource_0162,r_attr_16,value_01
data/abac_benchmark/resource_0163,r_attr_01,value_62
data/abac_benchmark/resource_0163,r_attr_02,value_17
data/abac_benchmark/resource_0163,r_attr_03,value_48
data/abac_benchmark/resource_0163,r_attr_04,value_19
data/abac_benchmark/resource_0163,r_attr_05,value_48
data/abac_benchmark/resource_0163,r_attr_06,value_50
data/abac_benchmark/resource_0163,r_attr_07,value_30
data/abac_benchmark/resource_0163,r_attr_08,value_10
data/abac_benchmark/resource_0163,r_attr_09,value_22
data/abac_benchmark/resource_0163,r_attr_10,value_12
data/abac_benchmark/resource_0163,r_attr_11,value_18
data/abac_benchmark/resource_0163,r_attr_12,value_15
data/abac_benchmark/resource_0163,r_attr_13,value_40
data/abac_benchmark/resource_0163,r_attr_14,value_19
data/abac_benchmark/resource_0163,r_attr_15,value_12
data/abac_benchmark/resource_0163,r_attr_16,value_00
data/abac_benchmark/resource_0164,r_attr_01,value_03
data/abac_benchmark/resource_0164,r_attr_02,value_56
data/abac_benchmark/resource_0164,r_attr_03,value_58
data/abac_benchmark/resource_0164,r_attr_04,value_06
data/abac_benchmark/resource_0164,r_attr_05,value_54
data/abac_benchmark/resource_0164,r_attr_06,value_05
data/abac_benchmark/resource_0164,r_attr_07,value_09
data/abac_benchmark/resource_0164,r_attr_08,value_02
data/abac_benchmark/resource_0164,r_attr_09,value_10
data/abac_benchmark/resource_0164,r_attr_10,value_58
data/abac_benchmark/resource_0164,r_attr_11,value_27
data/abac_benchmark/resource_0164,r_attr_12,value_03
data/abac_benchmark/resource_0164,r_attr_13,value_10
data/abac_benchmark/resource_0164,r_attr_14,value_57
data/abac_benchmark/resource_0164,r_attr_15,value_29
data/abac_benchmark/resource_0164,r_attr_16,value_36
data/abac_benchmark/resource_0165,r_attr_01,value_62
data/abac_benchmark/resource_0165,r_attr_02,value_58
data/abac_benchmark/resource_0165,r_attr_03,value_47
data/abac_benchmark/resource_0165,r_attr_04,value_40
data/abac_benchmark/resource_0165,r_attr_05,value_63
data/abac_benchmark/resource_0165,r_attr_06,value_58
data/abac_benchmark/resource_0165,r_attr_07,value_33
data/abac_benchmark/resource_0165,r_attr_08,value_61
data/abac_benchmark/resource_0165,r_attr_09,value_24
data/abac_benchmark/resource_0165,r_attr_10,value_02
data/abac_benchmark/resource_0165,r_attr_11,value_30
data/abac_benchmark/resource_0165,r_attr_12,value_23
data/abac_benchmark/resource_0165,r_attr_13,value_47
data/abac_benchmark/resource_0165,r_attr_14,value_30
data/abac_benchmark/resource_0165,r_attr_15,value_22
data/abac_benchmark/resource_0165,r_attr_16,value_30
data/abac_benchmark/resource_0166,r_attr_01,value_27
data/abac_benchmark/resource_0166,r_attr_02,value_54
data/abac_benchmark/resource_0166,r_attr_03,value_15
data/abac_benchmark/resource_0166,r_attr_04,value_36
data/abac_benchmark/resource_0166,r_attr_05,value_46
data/abac_benchmark/resource_0166,r_attr_06,value_32
data/abac_benchmark/resource_0166,r_attr_07,value_34
data/abac_benchmark/resource_0166,r_attr_08,value_13
data/abac_benchmark/resource_0166,r_attr_09,value_28
data/abac_benchmark/resource_0166,r_attr_10,value_09
data/abac_benchmark/resource_0166,r_attr_11,value_58
data/abac_benchmark/resource_0166,r_attr_12,value_58
data/abac_benchmark/resource_0166,r_attr_13,value_06
data/abac_benchmark/resource_0166,r_attr_14,value_46
data/abac_benchmark/resource_0166,r_attr_15,value_13
data/abac_benchmark/resource_0166,r_attr_16,value_27
data/abac_benchmark/resource_0167,r_attr_01,value_56
data/abac_benchmark/resource_0167,r_attr_02,value_19
data/abac_benchmark/resource_0167,r_attr_03,value_51
data/abac_benchmark/resource_0167,r_attr_04,value_53
data/abac_benchmark/resource_0167,r_attr_05,value_39
data/abac_benchmark/resource_0167,r_attr_06,value_49
data/abac_benchmark/resource_0167,r_attr_07,value_49
data/abac_benchmark/resource_0167,r_attr_08,value_30
data/abac_benchmark/resource_0167,r_attr_09,value_16
data/abac_benchmark/resource_0167,r_attr_10,value_02
data/abac_benchmark/resource_0167,r_attr_11,value_39
data/abac_benchmark/resource_0167,r_attr_12,value_09
data/abac_benchmark/resource_0167,r_attr_13,value_26
data/abac_benchmark/resource_0167,r_attr_14,value_53
data/abac_benchmark/resource_0167,r_attr_15,value_25
data/abac_benchmark/resource_0167,r_attr_16,value_40
data/abac_benchmark/resource_0168,r_attr_01,value_37
data/abac_benchmark/resource_0168,r_attr_02,value_00
data/abac_benchmark/resource_0168,r_attr_03,value_34
data/abac_benchmark/resource_0168,r_attr_04,value_21
data/abac_benchmark/resource_0168,r_attr_05,value_15
data/abac_benchmark/resource_0168,r_attr_06,value_49
data/abac_benchmark/resource_0168,r_attr_07,value_13
data/abac_benchmark/resource_0168,r_attr_08,value_33
data/abac_benchmark/resource_0168,r_attr_09,value_41
data/abac_benchmark/resource_0168,r_attr_10,value_12
data/abac_benchmark/resource_0168,r_attr_11,value_57
data/abac_benchmark/resource_0168,r_attr_12,value_02
data/abac_benchmark/resource_0168,r_attr_13,value_51
data/abac_benchmark/resource_0168,r_attr_14,value_02
data/abac_benchmark/resource_0168,r_attr_15,value_31
data/abac_benchmark/resource_0168,r_attr_16,value_35
data/abac_benchmark/resource_0169,r_attr_01,value_34
data/abac_benchmark/resource_0169,r_attr_02,value_02
data/abac_benchmark/resource_0169,r_attr_03,value_29
data/abac_benchmark/resource_0169,r_attr_04,value_18
data/abac_benchmark/resource_0169,r_attr_05,value_20
data/abac_benchmark/resource_0169,r_attr_06,value_58
data/abac_benchmark/resource_0169,r_attr_07,value_06
data/abac_benchmark/resource_0169,r_attr_08,value_45
data/abac_benchmark/resource_0169,r_attr_09,value_43
data/abac_benchmark/resource_0169,r_attr_10,value_48
data/abac_benchmark/resource_0169,r_attr_11,value_27
data/abac_benchmark/resource_0169,r_attr_12,value_01
data/abac_benchmark/resource_0169,r_attr_13,value_11
data/abac_benchmark/resource_0169,r_attr_14,value_55
data/abac_benchmark/resource_0169,r_attr_15,value_19
data/abac_benchmark/resource_0169,r_attr_16,value_52
data/abac_benchmark/resource_0170,r_attr_01,value_14
data/abac_benchmark/resource_0170,r_attr_02,value_61
data/abac_benchmark/resource_0170,r_attr_03,value_03
data/abac_benchmark/resource_0170,r_attr_04,value_52
data/abac_benchmark/resource_0170,r_attr_05,value_08
data/abac_benchmark/resource_0170,r_attr_06,value_34
data/abac_benchmark/resource_0170,r_attr_07,value_28
data/abac_benchmark/resource_0170,r_attr_08,value_35
data/abac_benchmark/resource_0170,r_attr_09,value_09
data/abac_benchmark/resource_0170,r_attr_10,value_24
data/abac_benchmark/resource_0170,r_attr_11,value_46
data/abac_benchmark/resource_0170,r_attr_12,value_63
data/abac_benchmark/resource_0170,r_attr_13,value_03
data/abac_benchmark/resource_0170,r_attr_14,value_24
data/abac_benchmark/resource_0170,r_attr_15,value_21
data/abac_benchmark/resource_0170,r_attr_16,value_57
data/abac_benchmark/resource_0171,r_attr_01,value_58
data/abac_benchmark/resource_0171,r_attr_02,value_27
data/abac_benchmark/resource_0171,r_attr_03,value_22
data/abac_benchmark/resource_0171,r_attr_04,value_27
data/abac_benchmark/resource_0171,r_attr_05,value_43
data/abac_benchmark/resource_0171,r_attr_06,value_00
data/abac_benchmark/resource_0171,r_attr_07,value_34
data/abac_benchmark/resource_0171,r_attr_08,value_49
data/abac_benchmark/resource_0171,r_attr_09,value_46
data/abac_benchmark/resource_0171,r_attr_10,value_15
data/abac_benchmark/resource_0171,r_attr_11,value_48
data/abac_benchmark/resource_0171,r_attr_12,value_03
data/abac_benchmark/resource_0171,r_attr_13,value_26
data/abac_benchmark/resource_0171,r_attr_14,value_11
data/abac_benchmark/resource_0171,r_attr_15,value_06
data/abac_benchmark/resource_0171,r_attr_16,value_62
data/abac_benchmark/resource_0172,r_attr_01,value_56
data/abac_benchmark/resource_0172,r_attr_02,value_26
data/abac_benchmark/resource_0172,r_attr_03,value_05
data/abac_benchmark/resource_0172,r_attr_04,value_40
data/abac_benchmark/resource_0172,r_attr_05,value_29
data/abac_benchmark/resource_0172,r_attr_06,value_35
data/abac_benchmark/resource_0172,r_attr_07,value_48
data/abac_benchmark/resource_0172,r_attr_08,value_55
data/abac_benchmark/resource_0172,r_attr_09,value_36
data/abac_benchmark/resource_0172,r_attr_10,value_39
data/abac_benchmark/resource_0172,r_attr_11,value_56
data/abac_benchmark/resource_0172,r_attr_12,value_11
data/abac_benchmark/resource_0172,r_attr_13,value_01
data/abac_benchmark/resource_0172,r_attr_14,value_57
data/abac_benchmark/resource_0172,r_attr_15,value_55
data/abac_benchmark/resource_0172,r_attr_16,value_13
data/abac_benchmark/resource_0173,r_attr_01,value_42
data/abac_benchmark/resource_0173,r_attr_02,value_01
data/abac_benchmark/resource_0173,r_attr_03,value_05
data/abac_benchmark/resource_0173,r_attr_04,value_31
data/abac_benchmark/resource_0173,r_attr_05,value_29
data/abac_benchmark/resource_0173,r_attr_06,value_21
data/abac_benchmark/resource_0173,r_attr_07,value_20
data/abac_benchmark/resource_0173,r_attr_08,value_01
data/abac_benchmark/resource_0173,r_attr_09,value_27
data/abac_benchmark/resource_0173,r_attr_10,value_09
data/abac_benchmark/resource_0173,r_attr_11,value_49
data/abac_benchmark/resource_0173,r_attr_12,value_12
data/abac_benchmark/resource_0173,r_attr_13,value_57
data/abac_benchmark/resource_0173,r_attr_14,value_39
data/abac_benchmark/resource_0173,r_attr_15,value_24
data/abac_benchmark/resource_0173,r_attr_16,value_27
data/abac_benchmark/resource_0174,r_attr_01,value_26
data/abac_benchmark/resource_0174,r_attr_02,value_32
data/abac_benchmark/resource_0174,r_attr_03,value_03
data/abac_benchmark/resource_0174,r_attr_04,value_09
data/abac_benchmark/resource_0174,r_attr_05,value_14
data/abac_benchmark/resource_0174,r_attr_06,value_36
data/abac_benchmark/resource_0174,r_attr_07,value_55
data/abac_benchmark/resource_0174,r_attr_08,value_57
data/abac_benchmark/resource_0174,r_attr_09,value_38
data/abac_benchmark/resource_0174,r_attr_10,value_33
data/abac_benchmark/resource_0174,r_attr_11,value_31
data/abac_benchmark/resource_0174,r_attr_12,value_38
data/abac_benchmark/resource_0174,r_attr_13,value_38
data/abac_benchmark/resource_0174,r_attr_14,value_13
data/abac_benchmark/resource_0174,r_attr_15,value_50
data/abac_benchmark/resource_0174,r_attr_16,value_37
data/abac_benchmark/resource_0175,r_attr_01,value_47
data/abac_benchmark/resource_0175,r_attr_02,value_10
data/abac_benchmark/resource_0175,r_attr_03,value_39
data/abac_benchmark/resource_0175,r_attr_04,value_31
data/abac_benchmark/resource_0175,r_attr_05,value_44
data/abac_benchmark/resource_0175,r_attr_06,value_50
data/abac_benchmark/resource_0175,r_attr_07,value_59
data/abac_benchmark/resource_0175,r_attr_08,value_34
data/abac_benchmark/resource_0175,r_attr_09,value_09
data/abac_benchmark/resource_0175,r_attr_10,value_18
data/abac_benchmark/resource_0175,r_attr_11,value_40
data/abac_benchmark/resource_0175,r_attr_12,value_13
data/abac_benchmark/resource_0175,r_attr_13,value_30
data/abac_benchmark/resource_0175,r_attr_14,value_43
data/abac_benchmark/resource_0175,r_attr_15,value_52
data/abac_benchmark/resource_0175,r_attr_16,value_58
data/abac_benchmark/resource_0176,r_attr_01,value_49
data/abac_benchmark/resource_0176,r_attr_02,value_00
data/abac_benchmark/resource_0176,r_attr_03,value_04
data/abac_benchmark/resource_0176,r_attr_04,value_27
data/abac_benchmark/resource_0176,r_attr_05,value_14
data/abac_benchmark/resource_0176,r_attr_06,value_12
data/abac_benchmark/resource_0176,r_attr_07,value_51
data/abac_benchmark/resource_0176,r_attr_08,value_41
data/abac_benchmark/resource_0176,r_attr_09,value_14
data/abac_benchmark/resource_0176,r_attr_10,value_01
data/abac_benchmark/resource_0176,r_attr_11,value_17
data/abac_benchmark/resource_0176,r_attr_12,value_39
data/abac_benchmark/resource_0176,r_attr_13,value_23
data/abac_benchmark/resource_0176,r_attr_14,value_59
data/abac_benchmark/resource_0176,r_attr_15,value_62
data/abac_benchmark/resource_0176,r_attr_16,value_23
data/abac_benchmark/resource_0177,r_attr_01,value_20
data/abac_benchmark/resource_0177,r_attr_02,value_37
data/abac_benchmark/resource_0177,r_attr_03,value_15
data/abac_benchmark/resource_0177,r_attr_04,value_46
data/abac_benchmark/resource_0177,r_attr_05,value_21
data/abac_benchmark/resource_0177,r_attr_06,value_10
data/abac_benchmark/resource_0177,r_attr_07,value_20
data/abac_benchmark/resource_0177,r_attr_08,value_41
data/abac_benchmark/resource_0177,r_attr_09,value_38
data/abac_benchmark/resource_0177,r_attr_10,value_00
data/abac_benchmark/resource_0177,r_attr_11,value_05
data/abac_benchmark/resource_0177,r_attr_12,value_57
data/abac_benchmark/resource_0177,r_attr_13,value_09
data/abac_benchmark/resource_0177,r_attr_14,value_39
data/abac_benchmark/resource_0177,r_attr_15,value_08
data/abac_benchmark/resource_0177,r_attr_16,value_56
data/abac_benchmark/resource_0178,r_attr_01,value_16
data/abac_benchmark/resource_0178,r_attr_02,value_09
data/abac_benchmark/resource_0178,r_attr_03,value_34
data/abac_benchmark/resource_0178,r_attr_04,value_62
data/abac_benchmark/resource_0178,r_attr_05,value_34
data/abac_benchmark/resource_0178,r_attr_06,value_03
data/abac_benchmark/resource_0178,r_attr_07,value_32
data/abac_benchmark/resource_0178,r_attr_08,value_35
data/abac_benchmark/resource_0178,r_attr_09,value_37
data/abac_benchmark/resource_0178,r_attr_10,value_14
data/abac_benchmark/resource_0178,r_attr_11,value_53
data/abac_benchmark/resource_0178,r_attr_12,value_12
data/abac_benchmark/resource_0178,r_attr_13,value_09
data/abac_benchmark/resource_0178,r_attr_14,value_00
data/abac_benchmark/resource_0178,r_attr_15,value_60
data/abac_benchmark/resource_0178,r_attr_16,value_40
data/abac_benchmark/resource_0179,r_attr_01,value_39
data/abac_benchmark/resource_0179,r_attr_02,value_05
data/abac_benchmark/resource_0179,r_attr_03,value_59
data/abac_benchmark/resource_0179,r_attr_04,value_26
data/abac_benchmark/resource_0179,r_attr_05,value_50
data/abac_benchmark/resource_0179,r_attr_06,value_57
data/abac_benchmark/resource_0179,r_attr_07,value_08
data/abac_benchmark/resource_0179,r_attr_08,value_39
data/abac_benchmark/resource_0179,r_attr_09,value_55
data/abac_benchmark/resource_0179,r_attr_10,value_10
data/abac_benchmark/resource_0179,r_attr_11,value_25
data/abac_benchmark/resource_0179,r_attr_12,value_61
data/abac_benchmark/resource_0179,r_attr_13,value_23
data/abac_benchmark/resource_0179,r_attr_14,value_50
data/abac_benchmark/resource_0179,r_attr_15,value_63
data/abac_benchmark/resource_0179,r_attr_16,value_63
data/abac_benchmark/resource_0180,r_attr_01,value_61
data/abac_benchmark/resource_0180,r_attr_02,value_33
data/abac_benchmark/resource_0180,r_attr_03,value_25
data/abac_benchmark/resource_0180,r_attr_04,value_47
data/abac_benchmark/resource_0180,r_attr_05,value_12
data/abac_benchmark/resource_0180,r_attr_06,value_54
data/abac_benchmark/resource_0180,r_attr_07,value_43
data/abac_benchmark/resource_0180,r_attr_08,value_55
data/abac_benchmark/resource_0180,r_attr_09,value_11
data/abac_benchmark/resource_0180,r_attr_10,value_61
data/abac_benchmark/resource_0180,r_attr_11,value_33
data/abac_benchmark/resource_0180,r_attr_12,value_05
data/abac_benchmark/resource_0180,r_attr_13,value_63
data/abac_benchmark/resource_0180,r_attr_14,value_43
data/abac_benchmark/resource_0180,r_attr_15,value_26
data/abac_benchmark/resource_0180,r_attr_16,value_14
data/abac_benchmark/resource_0181,r_attr_01,value_02
data/abac_benchmark/resource_0181,r_attr_02,value_16
data/abac_benchmark/resource_0181,r_attr_03,value_28
data/abac_benchmark/resource_0181,r_attr_04,value_50
data/abac_benchmark/resource_0181,r_attr_05,value_58
data/abac_benchmark/resource_0181,r_attr_06,value_05
data/abac_benchmark/resource_0181,r_attr_07,value_11
data/abac_benchmark/resource_0181,r_attr_08,value_29
data/abac_benchmark/resource_0181,r_attr_09,value_49
data/abac_benchmark/resource_0181,r_attr_10,value_52
data/abac_benchmark/resource_0181,r_attr_11,value_22
data/abac_benchmark/resource_0181,r_attr_12,value_07
data/abac_benchmark/resource_0181,r_attr_13,value_48
data/abac_benchmark/resource_0181,r_attr_14,value_48
data/abac_benchmark/resource_0181,r_attr_15,value_34
data/abac_benchmark/resource_0181,r_attr_16,value_01
data/abac_benchmark/resource_0182,r_attr_01,value_51
data/abac_benchmark/resource_0182,r_attr_02,value_31
data/abac_benchmark/resource_0182,r_attr_03,value_14
data/abac_benchmark/resource_0182,r_attr_04,value_06
data/abac_benchmark/resource_0182,r_attr_05,value_41
data/abac_benchmark/resource_0182,r_attr_06,value_54
data/abac_benchmark/resource_0182,r_attr_07,value_03
data/abac_benchmark/resource_0182,r_attr_08,value_16
data/abac_benchmark/resource_0182,r_attr_09,value_52
data/abac_benchmark/resource_0182,r_attr_10,value_30
data/abac_benchmark/resource_0182,r_attr_11,value_26
data/abac_benchmark/resource_0182,r_attr_12,value_25
data/abac_benchmark/resource_0182,r_attr_13,value_59
data/abac_benchmark/resource_0182,r_attr_14,value_22
data/abac_benchmark/resource_0182,r_attr_15,value_46
data/abac_benchmark/resource_0182,r_attr_16,value_17
data/abac_benchmark/resource_0183,r_attr_01,value_17
data/abac_benchmark/resource_0183,r_attr_02,value_11
data/abac_benchmark/resource_0183,r_attr_03,value_48
data/abac_benchmark/resource_0183,r_attr_04,value_29
data/abac_benchmark/resource_0183,r_attr_05,value_60
data/abac_benchmark/resource_0183,r_attr_06,value_55
data/abac_benchmark/resource_0183,r_attr_07,value_48
data/abac_benchmark/resource_0183,r_attr_08,value_62
data/abac_benchmark/resource_0183,r_attr_09,value_34
data/abac_benchmark/resource_0183,r_attr_10,value_35
data/abac_benchmark/resource_0183,r_attr_11,value_26
data/abac_benchmark/resource_0183,r_attr_12,value_52
data/abac_benchmark/resource_0183,r_attr_13,value_07
data/abac_benchmark/resource_0183,r_attr_14,value_39
data/abac_benchmark/resource_0183,r_attr_15,value_40
data/abac_benchmark/resource_0183,r_attr_16,value_54
data/abac_benchmark/resource_0184,r_attr_01,value_51
data/abac_benchmark/resource_0184,r_attr_02,value_43
data/abac_benchmark/resource_0184,r_attr_03,value_03
data/abac_benchmark/resource_0184,r_attr_04,value_06
data/abac_benchmark/resource_0184,r_attr_05,value_21
data/abac_benchmark/resource_0184,r_attr_06,value_02
data/abac_benchmark/resource_0184,r_attr_07,value_59
data/abac_benchmark/resource_0184,r_attr_08,value_04
data/abac_benchmark/resource_0184,r_attr_09,value_46
data/abac_benchmark/resource_0184,r_attr_10,value_51
data/abac_benchmark/resource_0184,r_attr_11,value_05
data/abac_benchmark/resource_0184,r_attr_12,value_18
data/abac_benchmark/resource_0184,r_attr_13,value_08
data/abac_benchmark/resource_0184,r_attr_14,value_03
data/abac_benchmark/resource_0184,r_attr_15,value_19
data/abac_benchmark/resource_0184,r_attr_16,value_11
data/abac_benchmark/resource_0185,r_attr_01,value_48
data/abac_benchmark/resource_0185,r_attr_02,value_20
data/abac_benchmark/resource_0185,r_attr_03,value_15
data/abac_benchmark/resource_0185,r_attr_04,value_10
data/abac_benchmark/resource_0185,r_attr_05,value_56
data/abac_benchmark/resource_0185,r_attr_06,value_15
data/abac_benchmark/resource_0185,r_attr_07,value_26
data/abac_benchmark/resource_0185,r_attr_08,value_52
data/abac_benchmark/resource_0185,r_attr_09,value_38
data/abac_benchmark/resource_0185,r_attr_10,value_36
data/abac_benchmark/resource_0185,r_attr_11,value_03
data/abac_benchmark/resource_0185,r_attr_12,value_25
data/abac_benchmark/resource_0185,r_attr_13,value_45
data/abac_benchmark/resource_0185,r_attr_14,value_02
data/abac_benchmark/resource_0185,r_attr_15,value_55
data/abac_benchmark/resource_0185,r_attr_16,value_60
data/abac_benchmark/resource_0186,r_attr_01,value_51
data/abac_benchmark/resource_0186,r_attr_02,value_59
data/abac_benchmark/resource_0186,r_attr_03,value_04
data/abac_benchmark/resource_0186,r_attr_04,value_30
data/abac_benchmark/resource_0186,r_attr_05,value_58
data/abac_benchmark/resource_0186,r_attr_06,value_57
data/abac_benchmark/resource_0186,r_attr_07,value_14
data/abac_benchmark/resource_0186,r_attr_08,value_45
data/abac_benchmark/resource_0186,r_attr_09,value_33
data/abac_benchmark/resource_0186,r_attr_10,value_18
data/abac_benchmark/resource_0186,r_attr_11,value_25
data/abac_benchmark/resource_0186,r_attr_12,value_56
data/abac_benchmark/resource_0186,r_attr_13,value_43
data/abac_benchmark/resource_0186,r_attr_14,value_44
data/abac_benchmark/resource_0186,r_attr_15,value_00
data/abac_benchmark/resource_0186,r_attr_16,value_15
data/abac_benchmark/resource_0187,r_attr_01,value_61
data/abac_benchmark/resource_0187,r_attr_02,value_19
data/abac_benchmark/resource_0187,r_attr_03,value_08
data/abac_benchmark/resource_0187,r_attr_04,value_49
data/abac_benchmark/resource_0187,r_attr_05,value_47
data/abac_benchmark/resource_0187,r_attr_06,value_15
data/abac_benchmark/resource_0187,r_attr_07,value_27
data/abac_benchmark/resource_0187,r_attr_08,value_51
data/abac_benchmark/resource_0187,r_attr_09,value_48
data/abac_benchmark/resource_0187,r_attr_10,value_20
data/abac_benchmark/resource_0187,r_attr_11,value_19
data/abac_benchmark/resource_0187,r_attr_12,value_39
data/abac_benchmark/resource_0187,r_attr_13,value_55
data/abac_benchmark/resource_0187,r_attr_14,value_42
data/abac_benchmark/resource_0187,r_attr_15,value_15
data/abac_benchmark/resource_0187,r_attr_16,value_55
data/abac_benchmark/resource_0188,r_attr_01,value_30
data/abac_benchmark/resource_0188,r_attr_02,value_30
data/abac_benchmark/resource_0188,r_attr_03,value_62
data/abac_benchmark/resource_0188,r_attr_04,value_06
data/abac_benchmark/resource_0188,r_attr_05,value_50
data/abac_benchmark/resource_0188,r_attr_06,value_51
data/abac_benchmark/resource_0188,r_attr_07,value_35
data/abac_benchmark/resource_0188,r_attr_08,value_42
data/abac_benchmark/resource_0188,r_attr_09,value_27
data/abac_benchmark/resource_0188,r_attr_10,value_58
data/abac_benchmark/resource_0188,r_attr_11,value_04
data/abac_benchmark/resource_0188,r_attr_12,value_25
data/abac_benchmark/resource_0188,r_attr_13,value_60
data/abac_benchmark/resource_0188,r_attr_14,value_02
data/abac_benchmark/resource_0188,r_attr_15,value_40
data/abac_benchmark/resource_0188,r_attr_16,value_43
data/abac_benchmark/resource_0189,r_attr_01,value_04
data/abac_benchmark/resource_0189,r_attr_02,value_62
data/abac_benchmark/resource_0189,r_attr_03,value_50
data/abac_benchmark/resource_0189,r_attr_04,value_48
data/abac_benchmark/resource_0189,r_attr_05,value_25
data/abac_benchmark/resource_0189,r_attr_06,value_19
data/abac_benchmark/resource_0189,r_attr_07,value_47
data/abac_benchmark/resource_0189,r_attr_08,value_16
data/abac_benchmark/resource_0189,r_attr_09,value_34
data/abac_benchmark/resource_0189,r_attr_10,value_59
data/abac_benchmark/resource_0189,r_attr_11,value_21
data/abac_benchmark/resource_0189,r_attr_12,value_47
data/abac_benchmark/resource_0189,r_attr_13,value_00
data/abac_benchmark/resource_0189,r_attr_14,value_03
data/abac_benchmark/resource_0189,r_attr_15,value_40
data/abac_benchmark/resource_0189,r_attr_16,value_19
data/abac_benchmark/resource_0190,r_attr_01,value_59
data/abac_benchmark/resource_0190,r_attr_02,value_34
data/abac_benchmark/resource_0190,r_attr_03,value_18
data/abac_benchmark/resource_0190,r_attr_04,value_13
data/abac_benchmark/resource_0190,r_attr_05,value_16
data/abac_benchmark/resource_0190,r_attr_06,value_00
data/abac_benchmark/resource_0190,r_attr_07,value_04
data/abac_benchmark/resource_0190,r_attr_08,value_43
data/abac_benchmark/resource_0190,r_attr_09,value_10
data/abac_benchmark/resource_0190,r_attr_10,value_36
data/abac_benchmark/resource_0190,r_attr_11,value_20
data/abac_benchmark/resource_0190,r_attr_12,value_33
data/abac_benchmark/resource_0190,r_attr_13,value_32
data/abac_benchmark/resource_0190,r_attr_14,value_31
data/abac_benchmark/resource_0190,r_attr_15,value_09
data/abac_benchmark/resource_0190,r_attr_16,value_21
data/abac_benchmark/resource_0191,r_attr_01,value_43
data/abac_benchmark/resource_0191,r_attr_02,value_09
data/abac_benchmark/resource_0191,r_attr_03,value_13
data/abac_benchmark/resource_0191,r_attr_04,value_49
data/abac_benchmark/resource_0191,r_attr_05,value_14
data/abac_benchmark/resource_0191,r_attr_06,value_20
data/abac_benchmark/resource_0191,r_attr_07,value_42
data/abac_benchmark/resource_0191,r_attr_08,value_45
data/abac_benchmark/resource_0191,r_attr_09,value_51
data/abac_benchmark/resource_0191,r_attr_10,value_14
data/abac_benchmark/resource_0191,r_attr_11,value_24
data/abac_benchmark/resource_0191,r_attr_12,value_02
data/abac_benchmark/resource_0191,r_attr_13,value_50
data/abac_benchmark/resource_0191,r_attr_14,value_00
data/abac_benchmark/resource_0191,r_attr_15,value_60
data/abac_benchmark/resource_0191,r_attr_16,value_08
data/abac_benchmark/resource_0192,r_attr_01,value_20
data/abac_benchmark/resource_0192,r_attr_02,value_61
data/abac_benchmark/resource_0192,r_attr_03,value_15
data/abac_benchmark/resource_0192,r_attr_04,value_61
data/abac_benchmark/resource_0192,r_attr_05,value_54
data/abac_benchmark/resource_0192,r_attr_06,value_15
data/abac_benchmark/resource_0192,r_attr_07,value_19
data/abac_benchmark/resource_0192,r_attr_08,value_36
data/abac_benchmark/resource_0192,r_attr_09,value_10
data/abac_benchmark/resource_0192,r_attr_10,value_17
data/abac_benchmark/resource_0192,r_attr_11,value_13
data/abac_benchmark/resource_0192,r_attr_12,value_55
data/abac_benchmark/resource_0192,r_attr_13,value_35
data/abac_benchmark/resource_0192,r_attr_14,value_31
data/abac_benchmark/resource_0192,r_attr_15,value_05
data/abac_benchmark/resource_0192,r_attr_16,value_41
data/abac_benchmark/resource_0193,r_attr_01,value_39
data/abac_benchmark/resource_0193,r_attr_02,value_53
data/abac_benchmark/resource_0193,r_attr_03,value_27
data/abac_benchmark/resource_0193,r_attr_04,value_54
data/abac_benchmark/resource_0193,r_attr_05,value_13
data/abac_benchmark/resource_0193,r_attr_06,value_43
data/abac_benchmark/resource_0193,r_attr_07,value_00
data/abac_benchmark/resource_0193,r_attr_08,value_25
data/abac_benchmark/resource_0193,r_attr_09,value_47
data/abac_benchmark/resource_0193,r_attr_10,value_33
data/abac_benchmark/resource_0193,r_attr_11,value_36
data/abac_benchmark/resource_0193,r_attr_12,value_44
data/abac_benchmark/resource_0193,r_attr_13,value_50
data/abac_benchmark/resource_0193,r_attr_14,value_38
data/abac_benchmark/resource_0193,r_attr_15,value_59
data/abac_benchmark/resource_0193,r_attr_16,value_59
data/abac_benchmark/resource_0194,r_attr_01,value_21
data/abac_benchmark/resource_0194,r_attr_02,value_30
data/abac_benchmark/resource_0194,r_attr_03,value_41
data/abac_benchmark/resource_0194,r_attr_04,value_53
data/abac_benchmark/resource_0194,r_attr_05,value_25
data/abac_benchmark/resource_0194,r_attr_06,value_60
data/abac_benchmark/resource_0194,r_attr_07,value_35
data/abac_benchmark/resource_0194,r_attr_08,value_11
data/abac_benchmark/resource_0194,r_attr_09,value_32
data/abac_benchmark/resource_0194,r_attr_10,value_20
data/abac_benchmark/resource_0194,r_attr_11,value_10
data/abac_benchmark/resource_0194,r_attr_12,value_54
data/abac_benchmark/resource_0194,r_attr_13,value_05
data/abac_benchmark/resource_0194,r_attr_14,value_49
data/abac_benchmark/resource_0194,r_attr_15,value_52
data/abac_benchmark/resource_0194,r_attr_16,value_25
data/abac_benchmark/resource_0195,r_attr_01,value_54
data/abac_benchmark/resource_0195,r_attr_02,value_10
data/abac_benchmark/resource_0195,r_attr_03,value_05
data/abac_benchmark/resource_0195,r_attr_04,value_42
data/abac_benchmark/resource_0195,r_attr_05,value_07
data/abac_benchmark/resource_0195,r_attr_06,value_01
data/abac_benchmark/resource_0195,r_attr_07,value_62
data/abac_benchmark/resource_0195,r_attr_08,value_19
data/abac_benchmark/resource_0195,r_attr_09,value_54
data/abac_benchmark/resource_0195,r_attr_10,value_58
data/abac_benchmark/resource_0195,r_attr_11,value_15
data/abac_benchmark/resource_0195,r_attr_12,value_20
data/abac_benchmark/resource_0195,r_attr_13,value_20
data/abac_benchmark/resource_0195,r_attr_14,value_28
data/abac_benchmark/resource_0195,r_attr_15,value_55
data/abac_benchmark/resource_0195,r_attr_16,value_41
data/abac_benchmark/resource_0196,r_attr_01,value_31
data/abac_benchmark/resource_0196,r_attr_02,value_62
data/abac_benchmark/resource_0196,r_attr_03,value_26
data/abac_benchmark/resource_0196,r_attr_04,value_26
data/abac_benchmark/resource_0196,r_attr_05,value_14
data/abac_benchmark/resource_0196,r_attr_06,value_08
data/abac_benchmark/resource_0196,r_attr_07,value_31
data/abac_benchmark/resource_0196,r_attr_08,value_63
data/abac_benchmark/resource_0196,r_attr_09,value_08
data/abac_benchmark/resource_0196,r_attr_10,value_17
data/abac_benchmark/resource_0196,r_attr_11,value_03
data/abac_benchmark/resource_0196,r_attr_12,value_30
data/abac_benchmark/resource_0196,r_attr_13,value_20
data/abac_benchmark/resource_0196,r_attr_14,value_17
data/abac_benchmark/resource_0196,r_attr_15,value_57
data/abac_benchmark/resource_0196,r_attr_16,value_51
data/abac_benchmark/resource_0197,r_attr_01,value_46
data/abac_benchmark/resource_0197,r_attr_02,value_38
data/abac_benchmark/resource_0197,r_attr_03,value_52
data/abac_benchmark/resource_0197,r_attr_04,value_19
data/abac_benchmark/resource_0197,r_attr_05,value_59
data/abac_benchmark/resource_0197,r_attr_06,value_03
data/abac_benchmark/resource_0197,r_attr_07,value_29
data/abac_benchmark/resource_0197,r_attr_08,value_01
data/abac_benchmark/resource_0197,r_attr_09,value_26
data/abac_benchmark/resource_0197,r_attr_10,value_34
data/abac_benchmark/resource_0197,r_attr_11,value_03
data/abac_benchmark/resource_0197,r_attr_12,value_45
data/abac_benchmark/resource_0197,r_attr_13,value_43
data/abac_benchmark/resource_0197,r_attr_14,value_43
data/abac_benchmark/resource_0197,r_attr_15,value_52
data/abac_benchmark/resource_0197,r_attr_16,value_38
data/abac_benchmark/resource_0198,r_attr_01,value_23
data/abac_benchmark/resource_0198,r_attr_02,value_22
data/abac_benchmark/resource_0198,r_attr_03,value_62
data/abac_benchmark/resource_0198,r_attr_04,value_55
data/abac_benchmark/resource_0198,r_attr_05,value_09
data/abac_benchmark/resource_0198,r_attr_06,value_50
data/abac_benchmark/resource_0198,r_attr_07,value_17
data/abac_benchmark/resource_0198,r_attr_08,value_56
data/abac_benchmark/resource_0198,r_attr_09,value_52
data/abac_benchmark/resource_0198,r_attr_10,value_01
data/abac_benchmark/resource_0198,r_attr_11,value_39
data/abac_benchmark/resource_0198,r_attr_12,value_45
data/abac_benchmark/resource_0198,r_attr_13,value_04
data/abac_benchmark/resource_0198,r_attr_14,value_55
data/abac_benchmark/resource_0198,r_attr_15,value_08
data/abac_benchmark/resource_0198,r_attr_16,value_19
data/abac_benchmark/resource_0199,r_attr_01,value_02
data/abac_benchmark/resource_0199,r_attr_02,value_63
data/abac_benchmark/resource_0199,r_attr_03,value_61
data/abac_benchmark/resource_0199,r_attr_04,value_17
data/abac_benchmark/resource_0199,r_attr_05,value_20
data/abac_benchmark/resource_0199,r_attr_06,value_63
data/abac_benchmark/resource_0199,r_attr_07,value_13
data/abac_benchmark/resource_0199,r_attr_08,value_62
data/abac_benchmark/resource_0199,r_attr_09,value_09
data/abac_benchmark/resource_0199,r_attr_10,value_07
data/abac_benchmark/resource_0199,r_attr_11,value_41
data/abac_benchmark/resource_0199,r_attr_12,value_17
data/abac_benchmark/resource_0199,r_attr_13,value_41
data/abac_benchmark/resource_0199,r_attr_14,value_12
data/abac_benchmark/resource_0199,r_attr_15,value_49
data/abac_benchmark/resource_0199,r_attr_16,value_45
data/abac_benchmark/resource_0200,r_attr_01,value_48
data/abac_benchmark/resource_0200,r_attr_02,value_22
data/abac_benchmark/resource_0200,r_attr_03,value_19
data/abac_benchmark/resource_0200,r_attr_04,value_57
data/abac_benchmark/resource_0200,r_attr_05,value_33
data/abac_benchmark/resource_0200,r_attr_06,value_63
data/abac_benchmark/resource_0200,r_attr_07,value_51
data/abac_benchmark/resource_0200,r_attr_08,value_33
data/abac_benchmark/resource_0200,r_attr_09,value_23
data/abac_benchmark/resource_0200,r_attr_10,value_41
data/abac_benchmark/resource_0200,r_attr_11,value_22
data/abac_benchmark/resource_0200,r_attr_12,value_39
data/abac_benchmark/resource_0200,r_attr_13,value_22
data/abac_benchmark/resource_0200,r_attr_14,value_42
data/abac_benchmark/resource_0200,r_attr_15,value_04
data/abac_benchmark/resource_0200,r_attr_16,value_36
data/abac_benchmark/resource_0201,r_attr_01,value_29
data/abac_benchmark/resource_0201,r_attr_02,value_60
data/abac_benchmark/resource_0201,r_attr_03,value_00
data/abac_benchmark/resource_0201,r_attr_04,value_62
data/abac_benchmark/resource_0201,r_attr_05,value_40
data/abac_benchmark/resource_0201,r_attr_06,value_10
data/abac_benchmark/resource_0201,r_attr_07,value_14
data/abac_benchmark/resource_0201,r_attr_08,value_37
data/abac_benchmark/resource_0201,r_attr_09,value_07
data/abac_benchmark/resource_0201,r_attr_10,value_39
data/abac_benchmark/resource_0201,r_attr_11,value_03
data/abac_benchmark/resource_0201,r_attr_12,value_46
data/abac_benchmark/resource_0201,r_attr_13,value_23
data/abac_benchmark/resource_0201,r_attr_14,value_40
data/abac_benchmark/resource_0201,r_attr_15,value_16
data/abac_benchmark/resource_0201,r_attr_16,value_04
data/abac_benchmark/resource_0202,r_attr_01,value_35
data/abac_benchmark/resource_0202,r_attr_02,value_03
data/abac_benchmark/resource_0202,r_attr_03,value_62
data/abac_benchmark/resource_0202,r_attr_04,value_29
data/abac_benchmark/resource_0202,r_attr_05,value_07
data/abac_benchmark/resource_0202,r_attr_06,value_31
data/abac_benchmark/resource_0202,r_attr_07,value_36
data/abac_benchmark/resource_0202,r_attr_08,value_58
data/abac_benchmark/resource_0202,r_attr_09,value_34
data/abac_benchmark/resource_0202,r_attr_10,value_19
data/abac_benchmark/resource_0202,r_attr_11,value_45
data/abac_benchmark/resource_0202,r_attr_12,value_11
data/abac_benchmark/resource_0202,r_attr_13,value_49
data/abac_benchmark/resource_0202,r_attr_14,value_20
data/abac_benchmark/resource_0202,r_attr_15,value_57
data/abac_benchmark/resource_0202,r_attr_16,value_27
data/abac_benchmark/resource_0203,r_attr_01,value_01
data/abac_benchmark/resource_0203,r_attr_02,value_60
data/abac_benchmark/resource_0203,r_attr_03,value_24
data/abac_benchmark/resource_0203,r_attr_04,value_13
data/abac_benchmark/resource_0203,r_attr_05,value_36
data/abac_benchmark/resource_0203,r_attr_06,value_05
data/abac_benchmark/resource_0203,r_attr_07,value_12
data/abac_benchmark/resource_0203,r_attr_08,value_55
data/abac_benchmark/resource_0203,r_attr_09,value_50
data/abac_benchmark/resource_0203,r_attr_10,value_09
data/abac_benchmark/resource_0203,r_attr_11,value_42
data/abac_benchmark/resource_0203,r_attr_12,value_29
data/abac_benchmark/resource_0203,r_attr_13,value_27
data/abac_benchmark/resource_0203,r_attr_14,value_37
data/abac_benchmark/resource_0203,r_attr_15,value_00
data/abac_benchmark/resource_0203,r_attr_16,value_40
data/abac_benchmark/resource_0204,r_attr_01,value_45
data/abac_benchmark/resource_0204,r_attr_02,value_18
data/abac_benchmark/resource_0204,r_attr_03,value_49
data/abac_benchmark/resource_0204,r_attr_04,value_54
data/abac_benchmark/resource_0204,r_attr_05,value_02
data/abac_benchmark/resource_0204,r_attr_06,value_10
data/abac_benchmark/resource_0204,r_attr_07,value_35
data/abac_benchmark/resource_0204,r_attr_08,value_35
data/abac_benchmark/resource_0204,r_attr_09,value_19
data/abac_benchmark/resource_0204,r_attr_10,value_56
data/abac_benchmark/resource_0204,r_attr_11,value_53
data/abac_benchmark/resource_0204,r_attr_12,value_53
data/abac_benchmark/resource_0204,r_attr_13,value_23
data/abac_benchmark/resource_0204,r_attr_14,value_54
data/abac_benchmark/resource_0204,r_attr_15,value_56
data/abac_benchmark/resource_0204,r_attr_16,value_59
data/abac_benchmark/resource_0205,r_attr_01,value_44
data/abac_benchmark/resource_0205,r_attr_02,value_51
data/abac_benchmark/resource_0205,r_attr_03,value_62
data/abac_benchmark/resource_0205,r_attr_04,value_29
data/abac_benchmark/resource_0205,r_attr_05,value_42
data/abac_benchmark/resource_0205,r_attr_06,value_53
data/abac_benchmark/resource_0205,r_attr_07,value_02
data/abac_benchmark/resource_0205,r_attr_08,value_51
data/abac_benchmark/resource_0205,r_attr_09,value_36
data/abac_benchmark/resource_0205,r_attr_10,value_58
data/abac_benchmark/resource_0205,r_attr_11,value_02
data/abac_benchmark/resource_0205,r_attr_12,value_05
data/abac_benchmark/resource_0205,r_attr_13,value_29
data/abac_benchmark/resource_0205,r_attr_14,value_36
data/abac_benchmark/resource_0205,r_attr_15,value_63
data/abac_benchmark/resource_0205,r_attr_16,value_27
data/abac_benchmark/resource_0206,r_attr_01,value_55
data/abac_benchmark/resource_0206,r_attr_02,value_47
data/abac_benchmark/resource_0206,r_attr_03,value_16
data/abac_benchmark/resource_0206,r_attr_04,value_34
data/abac_benchmark/resource_0206,r_attr_05,value_33
data/abac_benchmark/resource_0206,r_attr_06,value_45
data/abac_benchmark/resource_0206,r_attr_07,value_51
data/abac_benchmark/resource_0206,r_attr_08,value_49
data/abac_benchmark/resource_0206,r_attr_09,value_54
data/abac_benchmark/resource_0206,r_attr_10,value_53
data/abac_benchmark/resource_0206,r_attr_11,value_36
data/abac_benchmark/resource_0206,r_attr_12,value_46
data/abac_benchmark/resource_0206,r_attr_13,value_04
data/abac_benchmark/resource_0206,r_attr_14,value_17
data/abac_benchmark/resource_0206,r_attr_15,value_16
data/abac_benchmark/resource_0206,r_attr_16,value_15
data/abac_benchmark/resource_0207,r_attr_01,value_08
data/abac_benchmark/resource_0207,r_attr_02,value_57
data/abac_benchmark/resource_0207,r_attr_03,value_61
data/abac_benchmark/resource_0207,r_attr_04,value_02
data/abac_benchmark/resource_0207,r_attr_05,value_23
data/abac_benchmark/resource_0207,r_attr_06,value_58
data/abac_benchmark/resource_0207,r_attr_07,value_37
data/abac_benchmark/resource_0207,r_attr_08,value_14
data/abac_benchmark/resource_0207,r_attr_09,value_23
data/abac_benchmark/resource_0207,r_attr_10,value_37
data/abac_benchmark/resource_0207,r_attr_11,value_03
data/abac_benchmark/resource_0207,r_attr_12,value_46
data/abac_benchmark/resource_0207,r_attr_13,value_49
data/abac_benchmark/resource_0207,r_attr_14,value_10
data/abac_benchmark/resource_0207,r_attr_15,value_35
data/abac_benchmark/resource_0207,r_attr_16,value_44
data/abac_benchmark/resource_0208,r_attr_01,value_04
data/abac_benchmark/resource_0208,r_attr_02,value_62
data/abac_benchmark/resource_0208,r_attr_03,value_61
data/abac_benchmark/resource_0208,r_attr_04,value_28
data/abac_benchmark/resource_0208,r_attr_05,value_47
data/abac_benchmark/resource_0208,r_attr_06,value_23
data/abac_benchmark/resource_0208,r_attr_07,value_03
data/abac_benchmark/resource_0208,r_attr_08,value_47
data/abac_benchmark/resource_0208,r_attr_09,value_47
data/abac_benchmark/resource_0208,r_attr_10,value_42
data/abac_benchmark/resource_0208,r_attr_11,value_03
data/abac_benchmark/resource_0208,r_attr_12,value_40
data/abac_benchmark/resource_0208,r_attr_13,value_43
data/abac_benchmark/resource_0208,r_attr_14,value_60
data/abac_benchmark/resource_0208,r_attr_15,value_34
data/abac_benchmark/resource_0208,r_attr_16,value_49
data/abac_benchmark/resource_0209,r_attr_01,value_37
data/abac_benchmark/resource_0209,r_attr_02,value_47
data/abac_benchmark/resource_0209,r_attr_03,value_25
data/abac_benchmark/resource_0209,r_attr_04,value_00
data/abac_benchmark/resource_0209,r_attr_05,value_49
data/abac_benchmark/resource_0209,r_attr_06,value_15
data/abac_benchmark/resource_0209,r_attr_07,value_16
data/abac_benchmark/resource_0209,r_attr_08,value_35
data/abac_benchmark/resource_0209,r_attr_09,value_38
data/abac_benchmark/resource_0209,r_attr_10,value_30
data/abac_benchmark/resource_0209,r_attr_11,value_10
data/abac_benchmark/resource_0209,r_attr_12,value_34
data/abac_benchmark/resource_0209,r_attr_13,value_40
data/abac_benchmark/resource_0209,r_attr_14,value_02
data/abac_benchmark/resource_0209,r_attr_15,value_56
data/abac_benchmark/resource_0209,r_attr_16,value_42
data/abac_benchmark/resource_0210,r_attr_01,value_11
data/abac_benchmark/resource_0210,r_attr_02,value_07
data/abac_benchmark/resource_0210,r_attr_03,value_37
data/abac_benchmark/resource_0210,r_attr_04,value_62
data/abac_benchmark/resource_0210,r_attr_05,value_26
data/abac_benchmark/resource_0210,r_attr_06,value_56
data/abac_benchmark/resource_0210,r_attr_07,value_59
data/abac_benchmark/resource_0210,r_attr_08,value_35
data/abac_benchmark/resource_0210,r_attr_09,value_57
data/abac_benchmark/resource_0210,r_attr_10,value_35
data/abac_benchmark/resource_0210,r_attr_11,value_32
data/abac_benchmark/resource_0210,r_attr_12,value_40
data/abac_benchmark/resource_0210,r_attr_13,value_33
data/abac_benchmark/resource_0210,r_attr_14,value_50
data/abac_benchmark/resource_0210,r_attr_15,value_30
data/abac_benchmark/resource_0210,r_attr_16,value_09
data/abac_benchmark/resource_0211,r_attr_01,value_50
data/abac_benchmark/resource_0211,r_attr_02,value_18
data/abac_benchmark/resource_0211,r_attr_03,value_08
data/abac_benchmark/resource_0211,r_attr_04,value_00
data/abac_benchmark/resource_0211,r_attr_05,value_13
data/abac_benchmark/resource_0211,r_attr_06,value_52
data/abac_benchmark/resource_0211,r_attr_07,value_61
data/abac_benchmark/resource_0211,r_attr_08,value_56
data/abac_benchmark/resource_0211,r_attr_09,value_13
data/abac_benchmark/resource_0211,r_attr_10,value_20
data/abac_benchmark/resource_0211,r_attr_11,value_53
data/abac_benchmark/resource_0211,r_attr_12,value_57
data/abac_benchmark/resource_0211,r_attr_13,value_30
data/abac_benchmark/resource_0211,r_attr_14,value_00
data/abac_benchmark/resource_0211,r_attr_15,value_33
data/abac_benchmark/resource_0211,r_attr_16,value_17
data/abac_benchmark/resource_0212,r_attr_01,value_20
data/abac_benchmark/resource_0212,r_attr_02,value_30
data/abac_benchmark/resource_0212,r_attr_03,value_42
data/abac_benchmark/resource_0212,r_attr_04,value_26
data/abac_benchmark/resource_0212,r_attr_05,value_35
data/abac_benchmark/resource_0212,r_attr_06,value_25
data/abac_benchmark/resource_0212,r_attr_07,value_19
data/abac_benchmark/resource_0212,r_attr_08,value_63
data/abac_benchmark/resource_0212,r_attr_09,value_58
data/abac_benchmark/resource_0212,r_attr_10,value_46
data/abac_benchmark/resource_0212,r_attr_11,value_41
data/abac_benchmark/resource_0212,r_attr_12,value_31
data/abac_benchmark/resource_0212,r_attr_13,value_31
data/abac_benchmark/resource_0212,r_attr_14,value_63
data/abac_benchmark/resource_0212,r_attr_15,value_10
data/abac_benchmark/resource_0212,r_attr_16,value_22
data/abac_benchmark/resource_0213,r_attr_01,value_15
data/abac_benchmark/resource_0213,r_attr_02,value_41
data/abac_benchmark/resource_0213,r_attr_03,value_32
data/abac_benchmark/resource_0213,r_attr_04,value_50
data/abac_benchmark/resource_0213,r_attr_05,value_19
data/abac_benchmark/resource_0213,r_attr_06,value_26
data/abac_benchmark/resource_0213,r_attr_07,value_02
data/abac_benchmark/resource_0213,r_attr_08,value_03
data/abac_benchmark/resource_0213,r_attr_09,value_20
data/abac_benchmark/resource_0213,r_attr_10,value_51
data/abac_benchmark/resource_0213,r_attr_11,value_03
data/abac_benchmark/resource_0213,r_attr_12,value_47
data/abac_benchmark/resource_0213,r_attr_13,value_58
data/abac_benchmark/resource_0213,r_attr_14,value_00
data/abac_benchmark/resource_0213,r_attr_15,value_24
data/abac_benchmark/resource_0213,r_attr_16,value_27
data/abac_benchmark/resource_0214,r_attr_01,value_02
data/abac_benchmark/resource_0214,r_attr_02,value_54
data/abac_benchmark/resource_0214,r_attr_03,value_26
data/abac_benchmark/resource_0214,r_attr_04,value_09
data/abac_benchmark/resource_0214,r_attr_05,value_62
data/abac_benchmark/resource_0214,r_attr_06,value_39
data/abac_benchmark/resource_0214,r_attr_07,value_15
data/abac_benchmark/resource_0214,r_attr_08,value_26
data/abac_benchmark/resource_0214,r_attr_09,value_61
data/abac_benchmark/resource_0214,r_attr_10,value_62
data/abac_benchmark/resource_0214,r_attr_11,value_20
data/abac_benchmark/resource_0214,r_attr_12,value_43
data/abac_benchmark/resource_0214,r_attr_13,value_55
data/abac_benchmark/resource_0214,r_attr_14,value_46
data/abac_benchmark/resource_0214,r_attr_15,value_03
data/abac_benchmark/resource_0214,r_attr_16,value_43
data/abac_benchmark/resource_0215,r_attr_01,value_18
data/abac_benchmark/resource_0215,r_attr_02,value_30
data/abac_benchmark/resource_0215,r_attr_03,value_16
data/abac_benchmark/resource_0215,r_attr_04,value_49
data/abac_benchmark/resource_0215,r_attr_05,value_63
data/abac_benchmark/resource_0215,r_attr_06,value_61
data/abac_benchmark/resource_0215,r_attr_07,value_13
data/abac_benchmark/resource_0215,r_attr_08,value_02
data/abac_benchmark/resource_0215,r_attr_09,value_40
data/abac_benchmark/resource_0215,r_attr_10,value_44
data/abac_benchmark/resource_0215,r_attr_11,value_13
data/abac_benchmark/resource_0215,r_attr_12,value_49
data/abac_benchmark/resource_0215,r_attr_13,value_31
data/abac_benchmark/resource_0215,r_attr_14,value_13
data/abac_benchmark/resource_0215,r_attr_15,value_43
data/abac_benchmark/resource_0215,r_attr_16,value_20
data/abac_benchmark/resource_0216,r_attr_01,value_36
data/abac_benchmark/resource_0216,r_attr_02,value_51
data/abac_benchmark/resource_0216,r_attr_03,value_62
data/abac_benchmark/resource_0216,r_attr_04,value_12
data/abac_benchmark/resource_0216,r_attr_05,value_55
data/abac_benchmark/resource_0216,r_attr_06,value_01
data/abac_benchmark/resource_0216,r_attr_07,value_60
data/abac_benchmark/resource_0216,r_attr_08,value_25
data/abac_benchmark/resource_0216,r_attr_09,value_00
data/abac_benchmark/resource_0216,r_attr_10,value_53
data/abac_benchmark/resource_0216,r_attr_11,value_46
data/abac_benchmark/resource_0216,r_attr_12,value_13
data/abac_benchmark/resource_0216,r_attr_13,value_29
data/abac_benchmark/resource_0216,r_attr_14,value_23
data/abac_benchmark/resource_0216,r_attr_15,value_62
data/abac_benchmark/resource_0216,r_attr_16,value_02
data/abac_benchmark/resource_0217,r_attr_01,value_43
data/abac_benchmark/resource_0217,r_attr_02,value_48
data/abac_benchmark/resource_0217,r_attr_03,value_23
data/abac_benchmark/resource_0217,r_attr_04,value_14
data/abac_benchmark/resource_0217,r_attr_05,value_58
data/abac_benchmark/resource_0217,r_attr_06,value_00
data/abac_benchmark/resource_0217,r_attr_07,value_55
data/abac_benchmark/resource_0217,r_attr_08,value_17
data/abac_benchmark/resource_0217,r_attr_09,value_40
data/abac_benchmark/resource_0217,r_attr_10,value_47
data/abac_benchmark/resource_0217,r_attr_11,value_51
data/abac_benchmark/resource_0217,r_attr_12,value_46
data/abac_benchmark/resource_0217,r_attr_13,value_21
data/abac_benchmark/resource_0217,r_attr_14,value_60
data/abac_benchmark/resource_0217,r_attr_15,value_22
data/abac_benchmark/resource_0217,r_attr_16,value_09
data/abac_benchmark/resource_0218,r_attr_01,value_42
data/abac_benchmark/resource_0218,r_attr_02,value_29
data/abac_benchmark/resource_0218,r_attr_03,value_46
data/abac_benchmark/resource_0218,r_attr_04,value_42
data/abac_benchmark/resource_0218,r_attr_05,value_13
data/abac_benchmark/resource_0218,r_attr_06,value_13
data/abac_benchmark/resource_0218,r_attr_07,value_29
data/abac_benchmark/resource_0218,r_attr_08,value_19
data/abac_benchmark/resource_0218,r_attr_09,value_60
data/abac_benchmark/resource_0218,r_attr_10,value_60
data/abac_benchmark/resource_0218,r_attr_11,value_56
data/abac_benchmark/resource_0218,r_attr_12,value_02
data/abac_benchmark/resource_0218,r_attr_13,value_39
data/abac_benchmark/resource_0218,r_attr_14,value_42
data/abac_benchmark/resource_0218,r_attr_15,value_04
data/abac_benchmark/resource_0218,r_attr_16,value_52
data/abac_benchmark/resource_0219,r_attr_01,value_56
data/abac_benchmark/resource_0219,r_attr_02,value_20
data/abac_benchmark/resource_0219,r_attr_03,value_00
data/abac_benchmark/resource_0219,r_attr_04,value_30
data/abac_benchmark/resource_0219,r_attr_05,value_50
data/abac_benchmark/resource_0219,r_attr_06,value_49
data/abac_benchmark/resource_0219,r_attr_07,value_07
data/abac_benchmark/resource_0219,r_attr_08,value_20
data/abac_benchmark/resource_0219,r_attr_09,value_35
data/abac_benchmark/resource_0219,r_attr_10,value_03
data/abac_benchmark/resource_0219,r_attr_11,value_44
data/abac_benchmark/resource_0219,r_attr_12,value_24
data/abac_benchmark/resource_0219,r_attr_13,value_40
data/abac_benchmark/resource_0219,r_attr_14,value_49
data/abac_benchmark/resource_0219,r_attr_15,value_29
data/abac_benchmark/resource_0219,r_attr_16,value_01
data/abac_benchmark/resource_0220,r_attr_01,value_44
data/abac_benchmark/resource_0220,r_attr_02,value_27
data/abac_benchmark/resource_0220,r_attr_03,value_14
data/abac_benchmark/resource_0220,r_attr_04,value_23
data/abac_benchmark/resource_0220,r_attr_05,value_15
data/abac_benchmark/resource_0220,r_attr_06,value_16
data/abac_benchmark/resource_0220,r_attr_07,value_23
data/abac_benchmark/resource_0220,r_attr_08,value_45
data/abac_benchmark/resource_0220,r_attr_09,value_44
data/abac_benchmark/resource_0220,r_attr_10,value_07
data/abac_benchmark/resource_0220,r_attr_11,value_39
data/abac_benchmark/resource_0220,r_attr_12,value_25
data/abac_benchmark/resource_0220,r_attr_13,value_30
data/abac_benchmark/resource_0220,r_attr_14,value_25
data/abac_benchmark/resource_0220,r_attr_15,value_48
data/abac_benchmark/resource_0220,r_attr_16,value_18
data/abac_benchmark/resource_0221,r_attr_01,value_60
data/abac_benchmark/resource_0221,r_attr_02,value_47
data/abac_benchmark/resource_0221,r_attr_03,value_25
data/abac_benchmark/resource_0221,r_attr_04,value_50
data/abac_benchmark/resource_0221,r_attr_05,value_17
data/abac_benchmark/resource_0221,r_attr_06,value_22
data/abac_benchmark/resource_0221,r_attr_07,value_19
data/abac_benchmark/resource_0221,r_attr_08,value_33
data/abac_benchmark/resource_0221,r_attr_09,value_60
data/abac_benchmark/resource_0221,r_attr_10,value_33
data/abac_benchmark/resource_0221,r_attr_11,value_11
data/abac_benchmark/resource_0221,r_attr_12,value_53
data/abac_benchmark/resource_0221,r_attr_13,value_50
data/abac_benchmark/resource_0221,r_attr_14,value_22
data/abac_benchmark/resource_0221,r_attr_15,value_03
data/abac_benchmark/resource_0221,r_attr_16,value_16
data/abac_benchmark/resource_0222,r_attr_01,value_11
data/abac_benchmark/resource_0222,r_attr_02,value_14
data/abac_benchmark/resource_0222,r_attr_03,value_00
data/abac_benchmark/resource_0222,r_attr_04,value_27
data/abac_benchmark/resource_0222,r_attr_05,value_49
data/abac_benchmark/resource_0222,r_attr_06,value_30
data/abac_benchmark/resource_0222,r_attr_07,value_03
data/abac_benchmark/resource_0222,r_attr_08,value_57
data/abac_benchmark/resource_0222,r_attr_09,value_18
data/abac_benchmark/resource_0222,r_attr_10,value_32
data/abac_benchmark/resource_0222,r_attr_11,value_58
data/abac_benchmark/resource_0222,r_attr_12,value_31
data/abac_benchmark/resource_0222,r_attr_13,value_03
data/abac_benchmark/resource_0222,r_attr_14,value_07
data/abac_benchmark/resource_0222,r_attr_15,value_42
data/abac_benchmark/resource_0222,r_attr_16,value_37
data/abac_benchmark/resource_0223,r_attr_01,value_03
data/abac_benchmark/resource_0223,r_attr_02,value_60
data/abac_benchmark/resource_0223,r_attr_03,value_58
data/abac_benchmark/resource_0223,r_attr_04,value_11
data/abac_benchmark/resource_0223,r_attr_05,value_44
data/abac_benchmark/resource_0223,r_attr_06,value_33
data/abac_benchmark/resource_0223,r_attr_07,value_15
data/abac_benchmark/resource_0223,r_attr_08,value_00
data/abac_benchmark/resource_0223,r_attr_09,value_18
data/abac_benchmark/resource_0223,r_attr_10,value_26
data/abac_benchmark/resource_0223,r_attr_11,value_31
data/abac_benchmark/resource_0223,r_attr_12,value_26
data/abac_benchmark/resource_0223,r_attr_13,value_38
data/abac_benchmark/resource_0223,r_attr_14,value_36
data/abac_benchmark/resource_0223,r_attr_15,value_01
data/abac_benchmark/resource_0223,r_attr_16,value_48
data/abac_benchmark/resource_0224,r_attr_01,value_43
data/abac_benchmark/resource_0224,r_attr_02,value_50
data/abac_benchmark/resource_0224,r_attr_03,value_08
data/abac_benchmark/resource_0224,r_attr_04,value_12
data/abac_benchmark/resource_0224,r_attr_05,value_32
data/abac_benchmark/resource_0224,r_attr_06,value_51
data/abac_benchmark/resource_0224,r_attr_07,value_11
data/abac_benchmark/resource_0224,r_attr_08,value_57
data/abac_benchmark/resource_0224,r_attr_09,value_05
data/abac_benchmark/resource_0224,r_attr_10,value_35
data/abac_benchmark/resource_0224,r_attr_11,value_46
data/abac_benchmark/resource_0224,r_attr_12,value_20
data/abac_benchmark/resource_0224,r_attr_13,value_43
data/abac_benchmark/resource_0224,r_attr_14,value_14
data/abac_benchmark/resource_0224,r_attr_15,value_34
data/abac_benchmark/resource_0224,r_attr_16,value_62
data/abac_benchmark/resource_0225,r_attr_01,value_40
data/abac_benchmark/resource_0225,r_attr_02,value_13
data/abac_benchmark/resource_0225,r_attr_03,value_63
data/abac_benchmark/resource_0225,r_attr_04,value_60
data/abac_benchmark/resource_0225,r_attr_05,value_14
data/abac_benchmark/resource_0225,r_attr_06,value_43
data/abac_benchmark/resource_0225,r_attr_07,value_60
data/abac_benchmark/resource_0225,r_attr_08,value_30
data/abac_benchmark/resource_0225,r_attr_09,value_04
data/abac_benchmark/resource_0225,r_attr_10,value_11
data/abac_benchmark/resource_0225,r_attr_11,value_12
data/abac_benchmark/resource_0225,r_attr_12,value_51
data/abac_benchmark/resource_0225,r_attr_13,value_04
data/abac_benchmark/resource_0225,r_attr_14,value_21
data/abac_benchmark/resource_0225,r_attr_15,value_24
data/abac_benchmark/resource_0225,r_attr_16,value_55
data/abac_benchmark/resource_0226,r_attr_01,value_05
data/abac_benchmark/resource_0226,r_attr_02,value_29
data/abac_benchmark/resource_0226,r_attr_03,value_35
data/abac_benchmark/resource_0226,r_attr_04,value_56
data/abac_benchmark/resource_0226,r_attr_05,value_12
data/abac_benchmark/resource_0226,r_attr_06,value_56
data/abac_benchmark/resource_0226,r_attr_07,value_43
data/abac_benchmark/resource_0226,r_attr_08,value_54
data/abac_benchmark/resource_0226,r_attr_09,value_53
data/abac_benchmark/resource_0226,r_attr_10,value_02
data/abac_benchmark/resource_0226,r_attr_11,value_06
data/abac_benchmark/resource_0226,r_attr_12,value_49
data/abac_benchmark/resource_0226,r_attr_13,value_17
data/abac_benchmark/resource_0226,r_attr_14,value_07
data/abac_benchmark/resource_0226,r_attr_15,value_00
data/abac_benchmark/resource_0226,r_attr_16,value_63
data/abac_benchmark/resource_0227,r_attr_01,value_09
data/abac_benchmark/resource_0227,r_attr_02,value_54
data/abac_benchmark/resource_0227,r_attr_03,value_16
data/abac_benchmark/resource_0227,r_attr_04,value_17
data/abac_benchmark/resource_0227,r_attr_05,value_05
data/abac_benchmark/resource_0227,r_attr_06,value_20
data/abac_benchmark/resource_0227,r_attr_07,value_01
data/abac_benchmark/resource_0227,r_attr_08,value_39
data/abac_benchmark/resource_0227,r_attr_09,value_47
data/abac_benchmark/resource_0227,r_attr_10,value_29
data/abac_benchmark/resource_0227,r_attr_11,value_04
data/abac_benchmark/resource_0227,r_attr_12,value_62
data/abac_benchmark/resource_0227,r_attr_13,value_12
data/abac_benchmark/resource_0227,r_attr_14,value_45
data/abac_benchmark/resource_0227,r_attr_15,value_41
data/abac_benchmark/resource_0227,r_attr_16,value_17
data/abac_benchmark/resource_0228,r_attr_01,value_15
data/abac_benchmark/resource_0228,r_attr_02,value_11
data/abac_benchmark/resource_0228,r_attr_03,value_12
data/abac_benchmark/resource_0228,r_attr_04,value_40
data/abac_benchmark/resource_0228,r_attr_05,value_59
data/abac_benchmark/resource_0228,r_attr_06,value_46
data/abac_benchmark/resource_0228,r_attr_07,value_56
data/abac_benchmark/resource_0228,r_attr_08,value_57
data/abac_benchmark/resource_0228,r_attr_09,value_56
data/abac_benchmark/resource_0228,r_attr_10,value_52
data/abac_benchmark/resource_0228,r_attr_11,value_52
data/abac_benchmark/resource_0228,r_attr_12,value_56
data/abac_benchmark/resource_0228,r_attr_13,value_51
data/abac_benchmark/resource_0228,r_attr_14,value_56
data/abac_benchmark/resource_0228,r_attr_15,value_36
data/abac_benchmark/resource_0228,r_attr_16,value_48
data/abac_benchmark/resource_0229,r_attr_01,value_30
data/abac_benchmark/resource_0229,r_attr_02,value_24
data/abac_benchmark/resource_0229,r_attr_03,value_34
data/abac_benchmark/resource_0229,r_attr_04,value_19
data/abac_benchmark/resource_0229,r_attr_05,value_03
data/abac_benchmark/resource_0229,r_attr_06,value_45
data/abac_benchmark/resource_0229,r_attr_07,value_40
data/abac_benchmark/resource_0229,r_attr_08,value_12
data/abac_benchmark/resource_0229,r_attr_09,value_31
data/abac_benchmark/resource_0229,r_attr_10,value_07
data/abac_benchmark/resource_0229,r_attr_11,value_50
data/abac_benchmark/resource_0229,r_attr_12,value_08
data/abac_benchmark/resource_0229,r_attr_13,value_20
data/abac_benchmark/resource_0229,r_attr_14,value_40
data/abac_benchmark/resource_0229,r_attr_15,value_29
data/abac_benchmark/resource_0229,r_attr_16,value_30
data/abac_benchmark/resource_0230,r_attr_01,value_02
data/abac_benchmark/resource_0230,r_attr_02,value_01
data/abac_benchmark/resource_0230,r_attr_03,value_62
data/abac_benchmark/resource_0230,r_attr_04,value_29
data/abac_benchmark/resource_0230,r_attr_05,value_10
data/abac_benchmark/resource_0230,r_attr_06,value_56
data/abac_benchmark/resource_0230,r_attr_07,value_09
data/abac_benchmark/resource_0230,r_attr_08,value_15
data/abac_benchmark/resource_0230,r_attr_09,value_14
data/abac_benchmark/resource_0230,r_attr_10,value_47
data/abac_benchmark/resource_0230,r_attr_11,value_22
data/abac_benchmark/resource_0230,r_attr_12,value_19
data/abac_benchmark/resource_0230,r_attr_13,value_46
data/abac_benchmark/resource_0230,r_attr_14,value_54
data/abac_benchmark/resource_0230,r_attr_15,value_16
data/abac_benchmark/resource_0230,r_attr_16,value_07
data/abac_benchmark/resource_0231,r_attr_01,value_03
data/abac_benchmark/resource_0231,r_attr_02,value_15
data/abac_benchmark/resource_0231,r_attr_03,value_07
data/abac_benchmark/resource_0231,r_attr_04,value_28
data/abac_benchmark/resource_0231,r_attr_05,value_03
data/abac_benchmark/resource_0231,r_attr_06,value_09
data/abac_benchmark/resource_0231,r_attr_07,value_06
data/abac_benchmark/resource_0231,r_attr_08,value_41
data/abac_benchmark/resource_0231,r_attr_09,value_40
data/abac_benchmark/resource_0231,r_attr_10,value_47
data/abac_benchmark/resource_0231,r_attr_11,value_06
data/abac_benchmark/resource_0231,r_attr_12,value_38
data/abac_benchmark/resource_0231,r_attr_13,value_46
data/abac_benchmark/resource_0231,r_attr_14,value_03
data/abac_benchmark/resource_0231,r_attr_15,value_28
data/abac_benchmark/resource_0231,r_attr_16,value_07
data/abac_benchmark/resource_0232,r_attr_01,value_46
data/abac_benchmark/resource_0232,r_attr_02,value_62
data/abac_benchmark/resource_0232,r_attr_03,value_23
data/abac_benchmark/resource_0232,r_attr_04,value_22
data/abac_benchmark/resource_0232,r_attr_05,value_51
data/abac_benchmark/resource_0232,r_attr_06,value_28
data/abac_benchmark/resource_0232,r_attr_07,value_48
data/abac_benchmark/resource_0232,r_attr_08,value_53
data/abac_benchmark/resource_0232,r_attr_09,value_48
data/abac_benchmark/resource_0232,r_attr_10,value_17
data/abac_benchmark/resource_0232,r_attr_11,value_22
data/abac_benchmark/resource_0232,r_attr_12,value_62
data/abac_benchmark/resource_0232,r_attr_13,value_41
data/abac_benchmark/resource_0232,r_attr_14,value_47
data/abac_benchmark/resource_0232,r_attr_15,value_34
data/abac_benchmark/resource_0232,r_attr_16,value_62
data/abac_benchmark/resource_0233,r_attr_01,value_23
data/abac_benchmark/resource_0233,r_attr_02,value_02
data/abac_benchmark/resource_0233,r_attr_03,value_43
data/abac_benchmark/resource_0233,r_attr_04,value_07
data/abac_benchmark/resource_0233,r_attr_05,value_04
data/abac_benchmark/resource_0233,r_attr_06,value_21
data/abac_benchmark/resource_0233,r_attr_07,value_63
data/abac_benchmark/resource_0233,r_attr_08,value_38
data/abac_benchmark/resource_0233,r_attr_09,value_52
data/abac_benchmark/resource_0233,r_attr_10,value_60
data/abac_benchmark/resource_0233,r_attr_11,value_55
data/abac_benchmark/resource_0233,r_attr_12,value_43
data/abac_benchmark/resource_0233,r_attr_13,value_34
data/abac_benchmark/resource_0233,r_attr_14,value_45
data/abac_benchmark/resource_0233,r_attr_15,value_20
data/abac_benchmark/resource_0233,r_attr_16,value_04
data/abac_benchmark/resource_0234,r_attr_01,value_52
data/abac_benchmark/resource_0234,r_attr_02,value_06
data/abac_benchmark/resource_0234,r_attr_03,value_01
data/abac_benchmark/resource_0234,r_attr_04,value_27
data/abac_benchmark/resource_0234,r_attr_05,value_12
data/abac_benchmark/resource_0234,r_attr_06,value_26
data/abac_benchmark/resource_0234,r_attr_07,value_19
data/abac_benchmark/resource_0234,r_attr_08,value_18
data/abac_benchmark/resource_0234,r_attr_09,value_21
data/abac_benchmark/resource_0234,r_attr_10,value_14
data/abac_benchmark/resource_0234,r_attr_11,value_25
data/abac_benchmark/resource_0234,r_attr_12,value_04
data/abac_benchmark/resource_0234,r_attr_13,value_51
data/abac_benchmark/resource_0234,r_attr_14,value_46
data/abac_benchmark/resource_0234,r_attr_15,value_61
data/abac_benchmark/resource_0234,r_attr_16,value_31
data/abac_benchmark/resource_0235,r_attr_01,value_25
data/abac_benchmark/resource_0235,r_attr_02,value_32
data/abac_benchmark/resource_0235,r_attr_03,value_47
data/abac_benchmark/resource_0235,r_attr_04,value_43
data/abac_benchmark/resource_0235,r_attr_05,value_06
data/abac_benchmark/resource_0235,r_attr_06,value_21
data/abac_benchmark/resource_0235,r_attr_07,value_00
data/abac_benchmark/resource_0235,r_attr_08,value_39
data/abac_benchmark/resource_0235,r_attr_09,value_07
data/abac_benchmark/resource_0235,r_attr_10,value_12
data/abac_benchmark/resource_0235,r_attr_11,value_35
data/abac_benchmark/resource_0235,r_attr_12,value_27
data/abac_benchmark/resource_0235,r_attr_13,value_56
data/abac_benchmark/resource_0235,r_attr_14,value_04
data/abac_benchmark/resource_0235,r_attr_15,value_10
data/abac_benchmark/resource_0235,r_attr_16,value_19
data/abac_benchmark/resource_0236,r_attr_01,value_10
data/abac_benchmark/resource_0236,r_attr_02,value_58
data/abac_benchmark/resource_0236,r_attr_03,value_59
data/abac_benchmark/resource_0236,r_attr_04,value_14
data/abac_benchmark/resource_0236,r_attr_05,value_08
data/abac_benchmark/resource_0236,r_attr_06,value_59
data/abac_benchmark/resource_0236,r_attr_07,value_06
data/abac_benchmark/resource_0236,r_attr_08,value_18
data/abac_benchmark/resource_0236,r_attr_09,value_01
data/abac_benchmark/resource_0236,r_attr_10,value_16
data/abac_benchmark/resource_0236,r_attr_11,value_17
data/abac_benchmark/resource_0236,r_attr_12,value_63
data/abac_benchmark/resource_0236,r_attr_13,value_58
data/abac_benchmark/resource_0236,r_attr_14,value_01
data/abac_benchmark/resource_0236,r_attr_15,value_63
data/abac_benchmark/resource_0236,r_attr_16,value_31
data/abac_benchmark/resource_0237,r_attr_01,value_27
data/abac_benchmark/resource_0237,r_attr_02,value_46
data/abac_benchmark/resource_0237,r_attr_03,value_43
data/abac_benchmark/resource_0237,r_attr_04,value_59
data/abac_benchmark/resource_0237,r_attr_05,value_28
data/abac_benchmark/resource_0237,r_attr_06,value_45
data/abac_benchmark/resource_0237,r_attr_07,value_10
data/abac_benchmark/resource_0237,r_attr_08,value_07
data/abac_benchmark/resource_0237,r_attr_09,value_33
data/abac_benchmark/resource_0237,r_attr_10,value_36
data/abac_benchmark/resource_0237,r_attr_11,value_36
data/abac_benchmark/resource_0237,r_attr_12,value_31
data/abac_benchmark/resource_0237,r_attr_13,value_32
data/abac_benchmark/resource_0237,r_attr_14,value_14
data/abac_benchmark/resource_0237,r_attr_15,value_63
data/abac_benchmark/resource_0237,r_attr_16,value_28
data/abac_benchmark/resource_0238,r_attr_01,value_37
data/abac_benchmark/resource_0238,r_attr_02,value_10
data/abac_benchmark/resource_0238,r_attr_03,value_38
data/abac_benchmark/resource_0238,r_attr_04,value_58
data/abac_benchmark/resource_0238,r_attr_05,value_36
data/abac_benchmark/resource_0238,r_attr_06,value_53
data/abac_benchmark/resource_0238,r_attr_07,value_27
data/abac_benchmark/resource_0238,r_attr_08,value_21
data/abac_benchmark/resource_0238,r_attr_09,value_08
data/abac_benchmark/resource_0238,r_attr_10,value_28
data/abac_benchmark/resource_0238,r_attr_11,value_37
data/abac_benchmark/resource_0238,r_attr_12,value_51
data/abac_benchmark/resource_0238,r_attr_13,value_49
data/abac_benchmark/resource_0238,r_attr_14,value_33
data/abac_benchmark/resource_0238,r_attr_15,value_39
data/abac_benchmark/resource_0238,r_attr_16,value_43
data/abac_benchmark/resource_0239,r_attr_01,value_46
data/abac_benchmark/resource_0239,r_attr_02,value_12
data/abac_benchmark/resource_0239,r_attr_03,value_09
data/abac_benchmark/resource_0239,r_attr_04,value_38
data/abac_benchmark/resource_0239,r_attr_05,value_04
data/abac_benchmark/resource_0239,r_attr_06,value_12
data/abac_benchmark/resource_0239,r_attr_07,value_61
data/abac_benchmark/resource_0239,r_attr_08,value_21
data/abac_benchmark/resource_0239,r_attr_09,value_41
data/abac_benchmark/resource_0239,r_attr_10,value_53
data/abac_benchmark/resource_0239,r_attr_11,value_05
data/abac_benchmark/resource_0239,r_attr_12,value_45
data/abac_benchmark/resource_0239,r_attr_13,value_35
data/abac_benchmark/resource_0239,r_attr_14,value_51
data/abac_benchmark/resource_0239,r_attr_15,value_25
data/abac_benchmark/resource_0239,r_attr_16,value_17
data/abac_benchmark/resource_0240,r_attr_01,value_45
data/abac_benchmark/resource_0240,r_attr_02,value_48
data/abac_benchmark/resource_0240,r_attr_03,value_46
data/abac_benchmark/resource_0240,r_attr_04,value_55
data/abac_benchmark/resource_0240,r_attr_05,value_43
data/abac_benchmark/resource_0240,r_attr_06,value_11
data/abac_benchmark/resource_0240,r_attr_07,value_37
data/abac_benchmark/resource_0240,r_attr_08,value_58
data/abac_benchmark/resource_0240,r_attr_09,value_33
data/abac_benchmark/resource_0240,r_attr_10,value_40
data/abac_benchmark/resource_0240,r_attr_11,value_55
data/abac_benchmark/resource_0240,r_attr_12,value_40
data/abac_benchmark/resource_0240,r_attr_13,value_15
data/abac_benchmark/resource_0240,r_attr_14,value_48
data/abac_benchmark/resource_0240,r_attr_15,value_05
data/abac_benchmark/resource_0240,r_attr_16,value_04
data/abac_benchmark/resource_0241,r_attr_01,value_35
data/abac_benchmark/resource_0241,r_attr_02,value_11
data/abac_benchmark/resource_0241,r_attr_03,value_15
data/abac_benchmark/resource_0241,r_attr_04,value_37
data/abac_benchmark/resource_0241,r_attr_05,value_17
data/abac_benchmark/resource_0241,r_attr_06,value_32
data/abac_benchmark/resource_0241,r_attr_07,value_47
data/abac_benchmark/resource_0241,r_attr_08,value_36
data/abac_benchmark/resource_0241,r_attr_09,value_51
data/abac_benchmark/resource_0241,r_attr_10,value_38
data/abac_benchmark/resource_0241,r_attr_11,value_46
data/abac_benchmark/resource_0241,r_attr_12,value_61
data/abac_benchmark/resource_0241,r_attr_13,value_52
data/abac_benchmark/resource_0241,r_attr_14,value_46
data/abac_benchmark/resource_0241,r_attr_15,value_44
data/abac_benchmark/resource_0241,r_attr_16,value_48
data/abac_benchmark/resource_0242,r_attr_01,value_24
data/abac_benchmark/resource_0242,r_attr_02,value_15
data/abac_benchmark/resource_0242,r_attr_03,value_00
data/abac_benchmark/resource_0242,r_attr_04,value_02
data/abac_benchmark/resource_0242,r_attr_05,value_25
data/abac_benchmark/resource_0242,r_attr_06,value_61
data/abac_benchmark/resource_0242,r_attr_07,value_48
data/abac_benchmark/resource_0242,r_attr_08,value_01
data/abac_benchmark/resource_0242,r_attr_09,value_40
data/abac_benchmark/resource_0242,r_attr_10,value_56
data/abac_benchmark/resource_0242,r_attr_11,value_61
data/abac_benchmark/resource_0242,r_attr_12,value_29
data/abac_benchmark/resource_0242,r_attr_13,value_61
data/abac_benchmark/resource_0242,r_attr_14,value_00
data/abac_benchmark/resource_0242,r_attr_15,value_30
data/abac_benchmark/resource_0242,r_attr_16,value_15
data/abac_benchmark/resource_0243,r_attr_01,value_10
data/abac_benchmark/resource_0243,r_attr_02,value_57
data/abac_benchmark/resource_0243,r_attr_03,value_61
data/abac_benchmark/resource_0243,r_attr_04,value_03
data/abac_benchmark/resource_0243,r_attr_05,value_24
data/abac_benchmark/resource_0243,r_attr_06,value_54
data/abac_benchmark/resource_0243,r_attr_07,value_01
data/abac_benchmark/resource_0243,r_attr_08,value_28
data/abac_benchmark/resource_0243,r_attr_09,value_03
data/abac_benchmark/resource_0243,r_attr_10,value_47
data/abac_benchmark/resource_0243,r_attr_11,value_41
data/abac_benchmark/resource_0243,r_attr_12,value_37
data/abac_benchmark/resource_0243,r_attr_13,value_10
data/abac_benchmark/resource_0243,r_attr_14,value_15
data/abac_benchmark/resource_0243,r_attr_15,value_59
data/abac_benchmark/resource_0243,r_attr_16,value_06
data/abac_benchmark/resource_0244,r_attr_01,value_13
data/abac_benchmark/resource_0244,r_attr_02,value_13
data/abac_benchmark/resource_0244,r_attr_03,value_28
data/abac_benchmark/resource_0244,r_attr_04,value_38
data/abac_benchmark/resource_0244,r_attr_05,value_16
data/abac_benchmark/resource_0244,r_attr_06,value_56
data/abac_benchmark/resource_0244,r_attr_07,value_59
data/abac_benchmark/resource_0244,r_attr_08,value_13
data/abac_benchmark/resource_0244,r_attr_09,value_49
data/abac_benchmark/resource_0244,r_attr_10,value_39
data/abac_benchmark/resource_0244,r_attr_11,value_00
data/abac_benchmark/resource_0244,r_attr_12,value_61
data/abac_benchmark/resource_0244,r_attr_13,value_31
data/abac_benchmark/resource_0244,r_attr_14,value_53
data/abac_benchmark/resource_0244,r_attr_15,value_28
data/abac_benchmark/resource_0244,r_attr_16,value_52
data/abac_benchmark/resource_0245,r_attr_01,value_02
data/abac_benchmark/resource_0245,r_attr_02,value_62
data/abac_benchmark/resource_0245,r_attr_03,value_27
data/abac_benchmark/resource_0245,r_attr_04,value_24
data/abac_benchmark/resource_0245,r_attr_05,value_56
data/abac_benchmark/resource_0245,r_attr_06,value_26
data/abac_benchmark/resource_0245,r_attr_07,value_03
data/abac_benchmark/resource_0245,r_attr_08,value_23
data/abac_benchmark/resource_0245,r_attr_09,value_58
data/abac_benchmark/resource_0245,r_attr_10,value_56
data/abac_benchmark/resource_0245,r_attr_11,value_39
data/abac_benchmark/resource_0245,r_attr_12,value_11
data/abac_benchmark/resource_0245,r_attr_13,value_21
data/abac_benchmark/resource_0245,r_attr_14,value_34
data/abac_benchmark/resource_0245,r_attr_15,value_27
data/abac_benchmark/resource_0245,r_attr_16,value_19
data/abac_benchmark/resource_0246,r_attr_01,value_53
data/abac_benchmark/resource_0246,r_attr_02,value_28
data/abac_benchmark/resource_0246,r_attr_03,value_36
data/abac_benchmark/resource_0246,r_attr_04,value_36
data/abac_benchmark/resource_0246,r_attr_05,value_00
data/abac_benchmark/resource_0246,r_attr_06,value_23
data/abac_benchmark/resource_0246,r_attr_07,value_18
data/abac_benchmark/resource_0246,r_attr_08,value_51
data/abac_benchmark/resource_0246,r_attr_09,value_12
data/abac_benchmark/resource_0246,r_attr_10,value_60
data/abac_benchmark/resource_0246,r_attr_11,value_36
data/abac_benchmark/resource_0246,r_attr_12,value_48
data/abac_benchmark/resource_0246,r_attr_13,value_09
data/abac_benchmark/resource_0246,r_attr_14,value_36
data/abac_benchmark/resource_0246,r_attr_15,value_42
data/abac_benchmark/resource_0246,r_attr_16,value_48
data/abac_benchmark/resource_0247,r_attr_01,value_08
data/abac_benchmark/resource_0247,r_attr_02,value_45
data/abac_benchmark/resource_0247,r_attr_03,value_31
data/abac_benchmark/resource_0247,r_attr_04,value_59
data/abac_benchmark/resource_0247,r_attr_05,value_27
data/abac_benchmark/resource_0247,r_attr_06,value_31
data/abac_benchmark/resource_0247,r_attr_07,value_24
data/abac_benchmark/resource_0247,r_attr_08,value_11
data/abac_benchmark/resource_0247,r_attr_09,value_55
data/abac_benchmark/resource_0247,r_attr_10,value_15
data/abac_benchmark/resource_0247,r_attr_11,value_24
data/abac_benchmark/resource_0247,r_attr_12,value_61
data/abac_benchmark/resource_0247,r_attr_13,value_06
data/abac_benchmark/resource_0247,r_attr_14,value_52
data/abac_benchmark/resource_0247,r_attr_15,value_24
data/abac_benchmark/resource_0247,r_attr_16,value_53
data/abac_benchmark/resource_0248,r_attr_01,value_07
data/abac_benchmark/resource_0248,r_attr_02,value_61
data/abac_benchmark/resource_0248,r_attr_03,value_26
data/abac_benchmark/resource_0248,r_attr_04,value_37
data/abac_benchmark/resource_0248,r_attr_05,value_11
data/abac_benchmark/resource_0248,r_attr_06,value_27
data/abac_benchmark/resource_0248,r_attr_07,value_57
data/abac_benchmark/resource_0248,r_attr_08,value_48
data/abac_benchmark/resource_0248,r_attr_09,value_23
data/abac_benchmark/resource_0248,r_attr_10,value_44
data/abac_benchmark/resource_0248,r_attr_11,value_34
data/abac_benchmark/resource_0248,r_attr_12,value_41
data/abac_benchmark/resource_0248,r_attr_13,value_16
data/abac_benchmark/resource_0248,r_attr_14,value_23
data/abac_benchmark/resource_0248,r_attr_15,value_32
data/abac_benchmark/resource_0248,r_attr_16,value_58
data/abac_benchmark/resource_0249,r_attr_01,value_29
data/abac_benchmark/resource_0249,r_attr_02,value_38
data/abac_benchmark/resource_0249,r_attr_03,value_58
data/abac_benchmark/resource_0249,r_attr_04,value_35
data/abac_benchmark/resource_0249,r_attr_05,value_25
data/abac_benchmark/resource_0249,r_attr_06,value_57
data/abac_benchmark/resource_0249,r_attr_07,value_38
data/abac_benchmark/resource_0249,r_attr_08,value_54
data/abac_benchmark/resource_0249,r_attr_09,value_36
data/abac_benchmark/resource_0249,r_attr_10,value_24
data/abac_benchmark/resource_0249,r_attr_11,value_02
data/abac_benchmark/resource_0249,r_attr_12,value_30
data/abac_benchmark/resource_0249,r_attr_13,value_43
data/abac_benchmark/resource_0249,r_attr_14,value_60
data/abac_benchmark/resource_0249,r_attr_15,value_46
data/abac_benchmark/resource_0249,r_attr_16,value_40
data/abac_benchmark/resource_0250,r_attr_01,value_12
data/abac_benchmark/resource_0250,r_attr_02,value_44
data/abac_benchmark/resource_0250,r_attr_03,value_20
data/abac_benchmark/resource_0250,r_attr_04,value_41
data/abac_benchmark/resource_0250,r_attr_05,value_39
data/abac_benchmark/resource_0250,r_attr_06,value_01
data/abac_benchmark/resource_0250,r_attr_07,value_51
data/abac_benchmark/resource_0250,r_attr_08,value_41
data/abac_benchmark/resource_0250,r_attr_09,value_04
data/abac_benchmark/resource_0250,r_attr_10,value_37
data/abac_benchmark/resource_0250,r_attr_11,value_01
data/abac_benchmark/resource_0250,r_attr_12,value_14
data/abac_benchmark/resource_0250,r_attr_13,value_13
data/abac_benchmark/resource_0250,r_attr_14,value_13
data/abac_benchmark/resource_0250,r_attr_15,value_31
data/abac_benchmark/resource_0250,r_attr_16,value_16
