resource_name,attribute_name,attribute_value
data/abac_benchmark/resource_0001,r_attr_01,value_12
data/abac_benchmark/resource_0001,r_attr_02,value_07
data/abac_benchmark/resource_0002,r_attr_01,value_00
data/abac_benchmark/resource_0002,r_attr_02,value_10
data/abac_benchmark/resource_0003,r_attr_01,value_15
data/abac_benchmark/resource_0003,r_attr_02,value_02
data/abac_benchmark/resource_0004,r_attr_01,value_14
data/abac_benchmark/resource_0004,r_attr_02,value_00
data/abac_benchmark/resource_0005,r_attr_01,value_05
data/abac_benchmark/resource_0005,r_attr_02,value_08
data/abac_benchmark/resource_0006,r_attr_01,value_08
data/abac_benchmark/resource_0006,r_attr_02,value_07
data/abac_benchmark/resource_0007,r_attr_01,value_08
data/abac_benchmark/resource_0007,r_attr_02,value_07
data/abac_benchmark/resource_0008,r_attr_01,value_04
data/abac_benchmark/resource_0008,r_attr_02,value_08
data/abac_benchmark/resource_0009,r_attr_01,value_07
data/abac_benchmark/resource_0009,r_attr_02,value_07
data/abac_benchmark/resource_0010,r_attr_01,value_04
data/abac_benchmark/resource_0010,r_attr_02,value_08
data/abac_benchmark/resource_0011,r_attr_01,value_11
data/abac_benchmark/resource_0011,r_attr_02,value_03
data/abac_benchmark/resource_0012,r_attr_01,value_08
data/abac_benchmark/resource_0012,r_attr_02,value_11
data/abac_benchmark/resource_0013,r_attr_01,value_04
data/abac_benchmark/resource_0013,r_attr_02,value_15
data/abac_benchmark/resource_0014,r_attr_01,value_08
data/abac_benchmark/resource_0014,r_attr_02,value_00
data/abac_benchmark/resource_0015,r_attr_01,value_04
data/abac_benchmark/resource_0015,r_attr_02,value_10
data/abac_benchmark/resource_0016,r_attr_01,value_09
data/abac_benchmark/resource_0016,r_attr_02,value_13
data/abac_benchmark/resource_0017,r_attr_01,value_10
data/abac_benchmark/resource_0017,r_attr_02,value_12
data/abac_benchmark/resource_0018,r_attr_01,value_04
data/abac_benchmark/resource_0018,r_attr_02,value_10
data/abac_benchmark/resource_0019,r_attr_01,value_08
data/abac_benchmark/resource_0019,r_attr_02,value_06
data/abac_benchmark/resource_0020,r_attr_01,value_13
data/abac_benchmark/resource_0020,r_attr_02,value_08
data/abac_benchmark/resource_0021,r_attr_01,value_10
data/abac_benchmark/resource_0021,r_attr_02,value_15
data/abac_benchmark/resource_0022,r_attr_01,value_14
data/abac_benchmark/resource_0022,r_attr_02,value_09
data/abac_benchmark/resource_0023,r_attr_01,value_03
data/abac_benchmark/resource_0023,r_attr_02,value_07
data/abac_benchmark/resource_0024,r_attr_01,value_02
data/abac_benchmark/resource_0024,r_attr_02,value_06
data/abac_benchmark/resource_0025,r_attr_01,value_13
data/abac_benchmark/resource_0025,r_attr_02,value_04
data/abac_benchmark/resource_0026,r_attr_01,value_12
data/abac_benchmark/resource_0026,r_attr_02,value_00
data/abac_benchmark/resource_0027,r_attr_01,value_15
data/abac_benchmark/resource_0027,r_attr_02,value_06
data/abac_benchmark/resource_0028,r_attr_01,value_07
data/abac_benchmark/resource_0028,r_attr_02,value_10
data/abac_benchmark/resource_0029,r_attr_01,value_15
data/abac_benchmark/resource_0029,r_attr_02,value_00
data/abac_benchmark/resource_0030,r_attr_01,value_10
data/abac_benchmark/resource_0030,r_attr_02,value_01
data/abac_benchmark/resource_0031,r_attr_01,value_15
data/abac_benchmark/resource_0031,r_attr_02,value_08
data/abac_benchmark/resource_0032,r_attr_01,value_08
data/abac_benchmark/resource_0032,r_attr_02,value_06
data/abac_benchmark/resource_0033,r_attr_01,value_11
data/abac_benchmark/resource_0033,r_attr_02,value_14
data/abac_benchmark/resource_0034,r_attr_01,value_11
data/abac_benchmark/resource_0034,r_attr_02,value_14
data/abac_benchmark/resource_0035,r_attr_01,value_13
data/abac_benchmark/resource_0035,r_attr_02,value_08
data/abac_benchmark/resource_0036,r_attr_01,value_03
data/abac_benchmark/resource_0036,r_attr_02,value_13
data/abac_benchmark/resource_0037,r_attr_01,value_06
data/abac_benchmark/resource_0037,r_attr_02,value_15
data/abac_benchmark/resource_0038,r_attr_01,value_05
data/abac_benchmark/resource_0038,r_attr_02,value_03
data/abac_benchmark/resource_0039,r_attr_01,value_06
data/abac_benchmark/resource_0039,r_attr_02,value_02
data/abac_benchmark/resource_0040,r_attr_01,value_08
data/abac_benchmark/resource_0040,r_attr_02,value_10
data/abac_benchmark/resource_0041,r_attr_01,value_11
data/abac_benchmark/resource_0041,r_attr_02,value_09
data/abac_benchmark/resource_0042,r_attr_01,value_07
data/abac_benchmark/resource_0042,r_attr_02,value_07
data/abac_benchmark/resource_0043,r_attr_01,value_06
data/abac_benchmark/resource_0043,r_attr_02,value_06
data/abac_benchmark/resource_0044,r_attr_01,value_14
data/abac_benchmark/resource_0044,r_attr_02,value_10
data/abac_benchmark/resource_0045,r_attr_01,value_01
data/abac_benchmark/resource_0045,r_attr_02,value_10
data/abac_benchmark/resource_0046,r_attr_01,value_01
data/abac_benchmark/resource_0046,r_attr_02,value_02
data/abac_benchmark/resource_0047,r_attr_01,value_13
data/abac_benchmark/resource_0047,r_attr_02,value_04
data/abac_benchmark/resource_0048,r_attr_01,value_14
data/abac_benchmark/resource_0048,r_attr_02,value_01
data/abac_benchmark/resource_0049,r_attr_01,value_15
data/abac_benchmark/resource_0049,r_attr_02,value_01
data/abac_benchmark/resource_0050,r_attr_01,value_13
data/abac_benchmark/resource_0050,r_attr_02,value_03
data/abac_benchmark/resource_0051,r_attr_01,value_06
data/abac_benchmark/resource_0051,r_attr_02,value_02
data/abac_benchmark/resource_0052,r_attr_01,value_11
data/abac_benchmark/resource_0052,r_attr_02,value_12
data/abac_benchmark/resource_0053,r_attr_01,value_07
data/abac_benchmark/resource_0053,r_attr_02,value_08
data/abac_benchmark/resource_0054,r_attr_01,value_01
data/abac_benchmark/resource_0054,r_attr_02,value_01
data/abac_benchmark/resource_0055,r_attr_01,value_10
data/abac_benchmark/resource_0055,r_attr_02,value_11
data/abac_benchmark/resource_0056,r_attr_01,value_09
data/abac_benchmark/resource_0056,r_attr_02,value_05
data/abac_benchmark/resource_0057,r_attr_01,value_04
data/abac_benchmark/resource_0057,r_attr_02,value_02
data/abac_benchmark/resource_0058,r_attr_01,value_05
data/abac_benchmark/resource_0058,r_attr_02,value_09
data/abac_benchmark/resource_0059,r_attr_01,value_11
data/abac_benchmark/resource_0059,r_attr_02,value_13
data/abac_benchmark/resource_0060,r_attr_01,value_03
data/abac_benchmark/resource_0060,r_attr_02,value_03
data/abac_benchmark/resource_0061,r_attr_01,value_04
data/abac_benchmark/resource_0061,r_attr_02,value_07
data/abac_benchmark/resource_0062,r_attr_01,value_02
data/abac_benchmark/resource_0062,r_attr_02,value_10
data/abac_benchmark/resource_0063,r_attr_01,value_09
data/abac_benchmark/resource_0063,r_attr_02,value_04
data/abac_benchmark/resource_0064,r_attr_01,value_12
data/abac_benchmark/resource_0064,r_attr_02,value_14
data/abac_benchmark/resource_0065,r_attr_01,value_09
data/abac_benchmark/resource_0065,r_attr_02,value_02
data/abac_benchmark/resource_0066,r_attr_01,value_14
data/abac_benchmark/resource_0066,r_attr_02,value_14
data/abac_benchmark/resource_0067,r_attr_01,value_05
data/abac_benchmark/resource_0067,r_attr_02,value_11
data/abac_benchmark/resource_0068,r_attr_01,value_02
data/abac_benchmark/resource_0068,r_attr_02,value_12
data/abac_benchmark/resource_0069,r_attr_01,value_07
data/abac_benchmark/resource_0069,r_attr_02,value_06
data/abac_benchmark/resource_0070,r_attr_01,value_04
data/abac_benchmark/resource_0070,r_attr_02,value_05
data/abac_benchmark/resource_0071,r_attr_01,value_12
data/abac_benchmark/resource_0071,r_attr_02,value_05
data/abac_benchmark/resource_0072,r_attr_01,value_10
data/abac_benchmark/resource_0072,r_attr_02,value_08
data/abac_benchmark/resource_0073,r_attr_01,value_13
data/abac_benchmark/resource_0073,r_attr_02,value_10
data/abac_benchmark/resource_0074,r_attr_01,value_10
data/abac_benchmark/resource_0074,r_attr_02,value_10
data/abac_benchmark/resource_0075,r_attr_01,value_00
data/abac_benchmark/resource_0075,r_attr_02,value_02
data/abac_benchmark/resource_0076,r_attr_01,value_05
data/abac_benchmark/resource_0076,r_attr_02,value_01
data/abac_benchmark/resource_0077,r_attr_01,value_00
data/abac_benchmark/resource_0077,r_attr_02,value_14
data/abac_benchmark/resource_0078,r_attr_01,value_10
data/abac_benchmark/resource_0078,r_attr_02,value_04
data/abac_benchmark/resource_0079,r_attr_01,value_07
data/abac_benchmark/resource_0079,r_attr_02,value_05
data/abac_benchmark/resource_0080,r_attr_01,value_14
data/abac_benchmark/resource_0080,r_attr_02,value_05
data/abac_benchmark/resource_0081,r_attr_01,value_14
data/abac_benchmark/resource_0081,r_attr_02,value_11
data/abac_benchmark/resource_0082,r_attr_01,value_04
data/abac_benchmark/resource_0082,r_attr_02,value_14
data/abac_benchmark/resource_0083,r_attr_01,value_06
data/abac_benchmark/resource_0083,r_attr_02,value_15
data/abac_benchmark/resource_0084,r_attr_01,value_03
data/abac_benchmark/resource_0084,r_attr_02,value_14
data/abac_benchmark/resource_0085,r_attr_01,value_04
data/abac_benchmark/resource_0085,r_attr_02,value_10
data/abac_benchmark/resource_0086,r_attr_01,value_03
data/abac_benchmark/resource_0086,r_attr_02,value_11
data/abac_benchmark/resource_0087,r_attr_01,value_03
data/abac_benchmark/resource_0087,r_attr_02,value_03
data/abac_benchmark/resource_0088,r_attr_01,value_13
data/abac_benchmark/resource_0088,r_attr_02,value_06
data/abac_benchmark/resource_0089,r_attr_01,value_05
data/abac_benchmark/resource_0089,r_attr_02,value_11
data/abac_benchmark/resource_0090,r_attr_01,value_01
data/abac_benchmark/resource_0090,r_attr_02,value_15
data/abac_benchmark/resource_0091,r_attr_01,value_08
data/abac_benchmark/resource_0091,r_attr_02,value_10
data/abac_benchmark/resource_0092,r_attr_01,value_09
data/abac_benchmark/resource_0092,r_attr_02,value_06
data/abac_benchmark/resource_0093,r_attr_01,value_10
data/abac_benchmark/resource_0093,r_attr_02,value_04
data/abac_benchmark/resource_0094,r_attr_01,value_14
data/abac_benchmark/resource_0094,r_attr_02,value_08
data/abac_benchmark/resource_0095,r_attr_01,value_10
data/abac_benchmark/resource_0095,r_attr_02,value_12
data/abac_benchmark/resource_0096,r_attr_01,value_06
data/abac_benchmark/resource_0096,r_attr_02,value_11
data/abac_benchmark/resource_0097,r_attr_01,value_06
data/abac_benchmark/resource_0097,r_attr_02,value_09
data/abac_benchmark/resource_0098,r_attr_01,value_13
data/abac_benchmark/resource_0098,r_attr_02,value_14
data/abac_benchmark/resource_0099,r_attr_01,value_07
data/abac_benchmark/resource_0099,r_attr_02,value_11
data/abac_benchmark/resource_0100,r_attr_01,value_04
data/abac_benchmark/resource_0100,r_attr_02,value_08
data/abac_benchmark/resource_0101,r_attr_01,value_05
data/abac_benchmark/resource_0101,r_attr_02,value_08
data/abac_benchmark/resource_0102,r_attr_01,value_03
data/abac_benchmark/resource_0102,r_attr_02,value_07
data/abac_benchmark/resource_0103,r_attr_01,value_03
data/abac_benchmark/resource_0103,r_attr_02,value_12
data/abac_benchmark/resource_0104,r_attr_01,value_09
data/abac_benchmark/resource_0104,r_attr_02,value_07
data/abac_benchmark/resource_0105,r_attr_01,value_07
data/abac_benchmark/resource_0105,r_attr_02,value_10
data/abac_benchmark/resource_0106,r_attr_01,value_09
data/abac_benchmark/resource_0106,r_attr_02,value_08
data/abac_benchmark/resource_0107,r_attr_01,value_15
data/abac_benchmark/resource_0107,r_attr_02,value_03
data/abac_benchmark/resource_0108,r_attr_01,value_09
data/abac_benchmark/resource_0108,r_attr_02,value_15
data/abac_benchmark/resource_0109,r_attr_01,value_00
data/abac_benchmark/resource_0109,r_attr_02,value_10
data/abac_benchmark/resource_0110,r_attr_01,value_09
data/abac_benchmark/resource_0110,r_attr_02,value_12
data/abac_benchmark/resource_0111,r_attr_01,value_09
data/abac_benchmark/resource_0111,r_attr_02,value_09
data/abac_benchmark/resource_0112,r_attr_01,value_14
data/abac_benchmark/resource_0112,r_attr_02,value_14
data/abac_benchmark/resource_0113,r_attr_01,value_13
data/abac_benchmark/resource_0113,r_attr_02,value_00
data/abac_benchmark/resource_0114,r_attr_01,value_14
data/abac_benchmark/resource_0114,r_attr_02,value_01
data/abac_benchmark/resource_0115,r_attr_01,value_02
data/abac_benchmark/resource_0115,r_attr_02,value_15
data/abac_benchmark/resource_0116,r_attr_01,value_02
data/abac_benchmark/resource_0116,r_attr_02,value_14
data/abac_benchmark/resource_0117,r_attr_01,value_13
data/abac_benchmark/resource_0117,r_attr_02,value_12
data/abac_benchmark/resource_0118,r_attr_01,value_15
data/abac_benchmark/resource_0118,r_attr_02,value_12
data/abac_benchmark/resource_0119,r_attr_01,value_12
data/abac_benchmark/resource_0119,r_attr_02,value_14
data/abac_benchmark/resource_0120,r_attr_01,value_11
data/abac_benchmark/resource_0120,r_attr_02,value_06
data/abac_benchmark/resource_0121,r_attr_01,value_01
data/abac_benchmark/resource_0121,r_attr_02,value_07
data/abac_benchmark/resource_0122,r_attr_01,value_04
data/abac_benchmark/resource_0122,r_attr_02,value_11
data/abac_benchmark/resource_0123,r_attr_01,value_04
data/abac_benchmark/resource_0123,r_attr_02,value_04
data/abac_benchmark/resource_0124,r_attr_01,value_04
data/abac_benchmark/resource_0124,r_attr_02,value_00
data/abac_benchmark/resource_0125,r_attr_01,value_11
data/abac_benchmark/resource_0125,r_attr_02,value_07
data/abac_benchmark/resource_0126,r_attr_01,value_02
data/abac_benchmark/resource_0126,r_attr_02,value_09
data/abac_benchmark/resource_0127,r_attr_01,value_03
data/abac_benchmark/resource_0127,r_attr_02,value_04
data/abac_benchmark/resource_0128,r_attr_01,value_08
data/abac_benchmark/resource_0128,r_attr_02,value_13
data/abac_benchmark/resource_0129,r_attr_01,value_02
data/abac_benchmark/resource_0129,r_attr_02,value_08
data/abac_benchmark/resource_0130,r_attr_01,value_09
data/abac_benchmark/resource_0130,r_attr_02,value_09
data/abac_benchmark/resource_0131,r_attr_01,value_00
data/abac_benchmark/resource_0131,r_attr_02,value_00
data/abac_benchmark/resource_0132,r_attr_01,value_06
data/abac_benchmark/resource_0132,r_attr_02,value_15
data/abac_benchmark/resource_0133,r_attr_01,value_02
data/abac_benchmark/resource_0133,r_attr_02,value_09
data/abac_benchmark/resource_0134,r_attr_01,value_06
data/abac_benchmark/resource_0134,r_attr_02,value_12
data/abac_benchmark/resource_0135,r_attr_01,value_04
data/abac_benchmark/resource_0135,r_attr_02,value_04
data/abac_benchmark/resource_0136,r_attr_01,value_13
data/abac_benchmark/resource_0136,r_attr_02,value_00
data/abac_benchmark/resource_0137,r_attr_01,value_02
data/abac_benchmark/resource_0137,r_attr_02,value_10
data/abac_benchmark/resource_0138,r_attr_01,value_12
data/abac_benchmark/resource_0138,r_attr_02,value_08
data/abac_benchmark/resource_0139,r_attr_01,value_08
data/abac_benchmark/resource_0139,r_attr_02,value_06
data/abac_benchmark/resource_0140,r_attr_01,value_11
data/abac_benchmark/resource_0140,r_attr_02,value_02
data/abac_benchmark/resource_0141,r_attr_01,value_15
data/abac_benchmark/resource_0141,r_attr_02,value_04
data/abac_benchmark/resource_0142,r_attr_01,value_14
data/abac_benchmark/resource_0142,r_attr_02,value_01
data/abac_benchmark/resource_0143,r_attr_01,value_12
data/abac_benchmark/resource_0143,r_attr_02,value_10
data/abac_benchmark/resource_0144,r_attr_01,value_11
data/abac_benchmark/resource_0144,r_attr_02,value_05
data/abac_benchmark/resource_0145,r_attr_01,value_01
data/abac_benchmark/resource_0145,r_attr_02,value_07
data/abac_benchmark/resource_0146,r_attr_01,value_02
data/abac_benchmark/resource_0146,r_attr_02,value_15
data/abac_benchmark/resource_0147,r_attr_01,value_09
data/abac_benchmark/resource_0147,r_attr_02,value_09
data/abac_benchmark/resource_0148,r_attr_01,value_15
data/abac_benchmark/resource_0148,r_attr_02,value_14
data/abac_benchmark/resource_0149,r_attr_01,value_08
data/abac_benchmark/resource_0149,r_attr_02,value_11
data/abac_benchmark/resource_0150,r_attr_01,value_12
data/abac_benchmark/resource_0150,r_attr_02,value_03
data/abac_benchmark/resource_0151,r_attr_01,value_02
data/abac_benchmark/resource_0151,r_attr_02,value_12
data/abac_benchmark/resource_0152,r_attr_01,value_06
data/abac_benchmark/resource_0152,r_attr_02,value_13
data/abac_benchmark/resource_0153,r_attr_01,value_10
data/abac_benchmark/resource_0153,r_attr_02,value_10
data/abac_benchmark/resource_0154,r_attr_01,value_06
data/abac_benchmark/resource_0154,r_attr_02,value_05
data/abac_benchmark/resource_0155,r_attr_01,value_07
data/abac_benchmark/resource_0155,r_attr_02,value_12
data/abac_benchmark/resource_0156,r_attr_01,value_15
data/abac_benchmark/resource_0156,r_attr_02,value_02
data/abac_benchmark/resource_0157,r_attr_01,value_06
data/abac_benchmark/resource_0157,r_attr_02,value_04
data/abac_benchmark/resource_0158,r_attr_01,value_14
data/abac_benchmark/resource_0158,r_attr_02,value_09
data/abac_benchmark/resource_0159,r_attr_01,value_09
data/abac_benchmark/resource_0159,r_attr_02,value_00
data/abac_benchmark/resource_0160,r_attr_01,value_03
data/abac_benchmark/resource_0160,r_attr_02,value_08
data/abac_benchmark/resource_0161,r_attr_01,value_06
data/abac_benchmark/resource_0161,r_attr_02,value_03
data/abac_benchmark/resource_0162,r_attr_01,value_01
data/abac_benchmark/resource_0162,r_attr_02,value_04
data/abac_benchmark/resource_0163,r_attr_01,value_08
data/abac_benchmark/resource_0163,r_attr_02,value_06
data/abac_benchmark/resource_0164,r_attr_01,value_05
data/abac_benchmark/resource_0164,r_attr_02,value_04
data/abac_benchmark/resource_0165,r_attr_01,value_08
data/abac_benchmark/resource_0165,r_attr_02,value_05
data/abac_benchmark/resource_0166,r_attr_01,value_07
data/abac_benchmark/resource_0166,r_attr_02,value_14
data/abac_benchmark/resource_0167,r_attr_01,value_00
data/abac_benchmark/resource_0167,r_attr_02,value_04
data/abac_benchmark/resource_0168,r_attr_01,value_02
data/abac_benchmark/resource_0168,r_attr_02,value_14
data/abac_benchmark/resource_0169,r_attr_01,value_03
data/abac_benchmark/resource_0169,r_attr_02,value_12
data/abac_benchmark/resource_0170,r_attr_01,value_01
data/abac_benchmark/resource_0170,r_attr_02,value_15
data/abac_benchmark/resource_0171,r_attr_01,value_12
data/abac_benchmark/resource_0171,r_attr_02,value_14
data/abac_benchmark/resource_0172,r_attr_01,value_15
data/abac_benchmark/resource_0172,r_attr_02,value_02
data/abac_benchmark/resource_0173,r_attr_01,value_14
data/abac_benchmark/resource_0173,r_attr_02,value_06
data/abac_benchmark/resource_0174,r_attr_01,value_10
data/abac_benchmark/resource_0174,r_attr_02,value_01
data/abac_benchmark/resource_0175,r_attr_01,value_02
data/abac_benchmark/resource_0175,r_attr_02,value_05
data/abac_benchmark/resource_0176,r_attr_01,value_06
data/abac_benchmark/resource_0176,r_attr_02,value_06
data/abac_benchmark/resource_0177,r_attr_01,value_00
data/abac_benchmark/resource_0177,r_attr_02,value_03
data/abac_benchmark/resource_0178,r_attr_01,value_02
data/abac_benchmark/resource_0178,r_attr_02,value_00
data/abac_benchmark/resource_0179,r_attr_01,value_14
data/abac_benchmark/resource_0179,r_attr_02,value_13
data/abac_benchmark/resource_0180,r_attr_01,value_01
data/abac_benchmark/resource_0180,r_attr_02,value_00
data/abac_benchmark/resource_0181,r_attr_01,value_03
data/abac_benchmark/resource_0181,r_attr_02,value_07
data/abac_benchmark/resource_0182,r_attr_01,value_01
data/abac_benchmark/resource_0182,r_attr_02,value_13
data/abac_benchmark/resource_0183,r_attr_01,value_09
data/abac_benchmark/resource_0183,r_attr_02,value_01
data/abac_benchmark/resource_0184,r_attr_01,value_04
data/abac_benchmark/resource_0184,r_attr_02,value_02
data/abac_benchmark/resource_0185,r_attr_01,value_12
data/abac_benchmark/resource_0185,r_attr_02,value_07
data/abac_benchmark/resource_0186,r_attr_01,value_04
data/abac_benchmark/resource_0186,r_attr_02,value_12
data/abac_benchmark/resource_0187,r_attr_01,value_10
data/abac_benchmark/resource_0187,r_attr_02,value_15
data/abac_benchmark/resource_0188,r_attr_01,value_01
data/abac_benchmark/resource_0188,r_attr_02,value_02
data/abac_benchmark/resource_0189,r_attr_01,value_11
data/abac_benchmark/resource_0189,r_attr_02,value_15
data/abac_benchmark/resource_0190,r_attr_01,value_02
data/abac_benchmark/resource_0190,r_attr_02,value_09
data/abac_benchmark/resource_0191,r_attr_01,value_06
data/abac_benchmark/resource_0191,r_attr_02,value_13
data/abac_benchmark/resource_0192,r_attr_01,value_12
data/abac_benchmark/resource_0192,r_attr_02,value_10
data/abac_benchmark/resource_0193,r_attr_01,value_00
data/abac_benchmark/resource_0193,r_attr_02,value_03
data/abac_benchmark/resource_0194,r_attr_01,value_00
data/abac_benchmark/resource_0194,r_attr_02,value_13
data/abac_benchmark/resource_0195,r_attr_01,value_04
data/abac_benchmark/resource_0195,r_attr_02,value_03
data/abac_benchmark/resource_0196,r_attr_01,value_03
data/abac_benchmark/resource_0196,r_attr_02,value_07
data/abac_benchmark/resource_0197,r_attr_01,value_05
data/abac_benchmark/resource_0197,r_attr_02,value_01
data/abac_benchmark/resource_0198,r_attr_01,value_00
data/abac_benchmark/resource_0198,r_attr_02,value_06
data/abac_benchmark/resource_0199,r_attr_01,value_09
data/abac_benchmark/resource_0199,r_attr_02,value_01
data/abac_benchmark/resource_0200,r_attr_01,value_09
data/abac_benchmark/resource_0200,r_attr_02,value_01
data/abac_benchmark/resource_0201,r_attr_01,value_10
data/abac_benchmark/resource_0201,r_attr_02,value_02
data/abac_benchmark/resource_0202,r_attr_01,value_13
data/abac_benchmark/resource_0202,r_attr_02,value_12
data/abac_benchmark/resource_0203,r_attr_01,value_00
data/abac_benchmark/resource_0203,r_attr_02,value_11
data/abac_benchmark/resource_0204,r_attr_01,value_05
data/abac_benchmark/resource_0204,r_attr_02,value_11
data/abac_benchmark/resource_0205,r_attr_01,value_09
data/abac_benchmark/resource_0205,r_attr_02,value_13
data/abac_benchmark/resource_0206,r_attr_01,value_13
data/abac_benchmark/resource_0206,r_attr_02,value_08
data/abac_benchmark/resource_0207,r_attr_01,value_00
data/abac_benchmark/resource_0207,r_attr_02,value_14
data/abac_benchmark/resource_0208,r_attr_01,value_07
data/abac_benchmark/resource_0208,r_attr_02,value_10
data/abac_benchmark/resource_0209,r_attr_01,value_00
data/abac_benchmark/resource_0209,r_attr_02,value_01
data/abac_benchmark/resource_0210,r_attr_01,value_15
data/abac_benchmark/resource_0210,r_attr_02,value_02
data/abac_benchmark/resource_0211,r_attr_01,value_10
data/abac_benchmark/resource_0211,r_attr_02,value_08
data/abac_benchmark/resource_0212,r_attr_01,value_02
data/abac_benchmark/resource_0212,r_attr_02,value_07
data/abac_benchmark/resource_0213,r_attr_01,value_08
data/abac_benchmark/resource_0213,r_attr_02,value_01
data/abac_benchmark/resource_0214,r_attr_01,value_05
data/abac_benchmark/resource_0214,r_attr_02,value_11
data/abac_benchmark/resource_0215,r_attr_01,value_10
data/abac_benchmark/resource_0215,r_attr_02,value_04
data/abac_benchmark/resource_0216,r_attr_01,value_03
data/abac_benchmark/resource_0216,r_attr_02,value_12
data/abac_benchmark/resource_0217,r_attr_01,value_03
data/abac_benchmark/resource_0217,r_attr_02,value_04
data/abac_benchmark/resource_0218,r_attr_01,value_14
data/abac_benchmark/resource_0218,r_attr_02,value_09
data/abac_benchmark/resource_0219,r_attr_01,value_07
data/abac_benchmark/resource_0219,r_attr_02,value_07
data/abac_benchmark/resource_0220,r_attr_01,value_08
data/abac_benchmark/resource_0220,r_attr_02,value_03
data/abac_benchmark/resource_0221,r_attr_01,value_02
data/abac_benchmark/resource_0221,r_attr_02,value_01
data/abac_benchmark/resource_0222,r_attr_01,value_07
data/abac_benchmark/resource_0222,r_attr_02,value_10
data/abac_benchmark/resource_0223,r_attr_01,value_02
data/abac_benchmark/resource_0223,r_attr_02,value_03
data/abac_benchmark/resource_0224,r_attr_01,value_11
data/abac_benchmark/resource_0224,r_attr_02,value_08
data/abac_benchmark/resource_0225,r_attr_01,value_11
data/abac_benchmark/resource_0225,r_attr_02,value_00
data/abac_benchmark/resource_0226,r_attr_01,value_05
data/abac_benchmark/resource_0226,r_attr_02,value_01
data/abac_benchmark/resource_0227,r_attr_01,value_13
data/abac_benchmark/resource_0227,r_attr_02,value_09
data/abac_benchmark/resource_0228,r_attr_01,value_13
data/abac_benchmark/resource_0228,r_attr_02,value_03
data/abac_benchmark/resource_0229,r_attr_01,value_02
data/abac_benchmark/resource_0229,r_attr_02,value_05
data/abac_benchmark/resource_0230,r_attr_01,value_11
data/abac_benchmark/resource_0230,r_attr_02,value_05
data/abac_benchmark/resource_0231,r_attr_01,value_15
data/abac_benchmark/resource_0231,r_attr_02,value_03
data/abac_benchmark/resource_0232,r_attr_01,value_10
data/abac_benchmark/resource_0232,r_attr_02,value_05
data/abac_benchmark/resource_0233,r_attr_01,value_10
data/abac_benchmark/resource_0233,r_attr_02,value_11
data/abac_benchmark/resource_0234,r_attr_01,value_05
data/abac_benchmark/resource_0234,r_attr_02,value_13
data/abac_benchmark/resource_0235,r_attr_01,value_10
data/abac_benchmark/resource_0235,r_attr_02,value_05
data/abac_benchmark/resource_0236,r_attr_01,value_11
data/abac_benchmark/resource_0236,r_attr_02,value_07
data/abac_benchmark/resource_0237,r_attr_01,value_05
data/abac_benchmark/resource_0237,r_attr_02,value_02
data/abac_benchmark/resource_0238,r_attr_01,value_06
data/abac_benchmark/resource_0238,r_attr_02,value_01
data/abac_benchmark/resource_0239,r_attr_01,value_02
data/abac_benchmark/resource_0239,r_attr_02,value_12
data/abac_benchmark/resource_0240,r_attr_01,value_00
data/abac_benchmark/resource_0240,r_attr_02,value_06
data/abac_benchmark/resource_0241,r_attr_01,value_15
data/abac_benchmark/resource_0241,r_attr_02,value_13
data/abac_benchmark/resource_0242,r_attr_01,value_12
data/abac_benchmark/resource_0242,r_attr_02,value_00
data/abac_benchmark/resource_0243,r_attr_01,value_06
data/abac_benchmark/resource_0243,r_attr_02,value_13
data/abac_benchmark/resource_0244,r_attr_01,value_13
data/abac_benchmark/resource_0244,r_attr_02,value_13
data/abac_benchmark/resource_0245,r_attr_01,value_00
data/abac_benchmark/resource_0245,r_attr_02,value_14
data/abac_benchmark/resource_0246,r_attr_01,value_15
data/abac_benchmark/resource_0246,r_attr_02,value_08
data/abac_benchmark/resource_0247,r_attr_01,value_00
data/abac_benchmark/resource_0247,r_attr_02,value_13
data/abac_benchmark/resource_0248,r_attr_01,value_12
data/abac_benchmark/resource_0248,r_attr_02,value_00
data/abac_benchmark/resource_0249,r_attr_01,value_12
data/abac_benchmark/resource_0249,r_attr_02,value_03
data/abac_benchmark/resource_0250,r_attr_01,value_05
data/abac_benchmark/resource_0250,r_attr_02,value_05
data/abac_benchmark/resource_0251,r_attr_01,value_04
data/abac_benchmark/resource_0251,r_attr_02,value_14
data/abac_benchmark/resource_0252,r_attr_01,value_01
data/abac_benchmark/resource_0252,r_attr_02,value_03
data/abac_benchmark/resource_0253,r_attr_01,value_13
data/abac_benchmark/resource_0253,r_attr_02,value_14
data/abac_benchmark/resource_0254,r_attr_01,value_06
data/abac_benchmark/resource_0254,r_attr_02,value_11
data/abac_benchmark/resource_0255,r_attr_01,value_08
data/abac_benchmark/resource_0255,r_attr_02,value_11
data/abac_benchmark/resource_0256,r_attr_01,value_06
data/abac_benchmark/resource_0256,r_attr_02,value_08
data/abac_benchmark/resource_0257,r_attr_01,value_07
data/abac_benchmark/resource_0257,r_attr_02,value_12
data/abac_benchmark/resource_0258,r_attr_01,value_01
data/abac_benchmark/resource_0258,r_attr_02,value_05
data/abac_benchmark/resource_0259,r_attr_01,value_07
data/abac_benchmark/resource_0259,r_attr_02,value_07
data/abac_benchmark/resource_0260,r_attr_01,value_14
data/abac_benchmark/resource_0260,r_attr_02,value_14
data/abac_benchmark/resource_0261,r_attr_01,value_04
data/abac_benchmark/resource_0261,r_attr_02,value_11
data/abac_benchmark/resource_0262,r_attr_01,value_07
data/abac_benchmark/resource_0262,r_attr_02,value_11
data/abac_benchmark/resource_0263,r_attr_01,value_05
data/abac_benchmark/resource_0263,r_attr_02,value_00
data/abac_benchmark/resource_0264,r_attr_01,value_01
data/abac_benchmark/resource_0264,r_attr_02,value_00
data/abac_benchmark/resource_0265,r_attr_01,value_14
data/abac_benchmark/resource_0265,r_attr_02,value_05
data/abac_benchmark/resource_0266,r_attr_01,value_02
data/abac_benchmark/resource_0266,r_attr_02,value_01
data/abac_benchmark/resource_0267,r_attr_01,value_06
data/abac_benchmark/resource_0267,r_attr_02,value_13
data/abac_benchmark/resource_0268,r_attr_01,value_06
data/abac_benchmark/resource_0268,r_attr_02,value_12
data/abac_benchmark/resource_0269,r_attr_01,value_01
data/abac_benchmark/resource_0269,r_attr_02,value_13
data/abac_benchmark/resource_0270,r_attr_01,value_12
data/abac_benchmark/resource_0270,r_attr_02,value_03
data/abac_benchmark/resource_0271,r_attr_01,value_04
data/abac_benchmark/resource_0271,r_attr_02,value_07
data/abac_benchmark/resource_0272,r_attr_01,value_12
data/abac_benchmark/resource_0272,r_attr_02,value_06
data/abac_benchmark/resource_0273,r_attr_01,value_10
data/abac_benchmark/resource_0273,r_attr_02,value_12
data/abac_benchmark/resource_0274,r_attr_01,value_12
data/abac_benchmark/resource_0274,r_attr_02,value_13
data/abac_benchmark/resource_0275,r_attr_01,value_04
data/abac_benchmark/resource_0275,r_attr_02,value_01
data/abac_benchmark/resource_0276,r_attr_01,value_09
data/abac_benchmark/resource_0276,r_attr_02,value_04
data/abac_benchmark/resource_0277,r_attr_01,value_00
data/abac_benchmark/resource_0277,r_attr_02,value_10
data/abac_benchmark/resource_0278,r_attr_01,value_04
data/abac_benchmark/resource_0278,r_attr_02,value_15
data/abac_benchmark/resource_0279,r_attr_01,value_15
data/abac_benchmark/resource_0279,r_attr_02,value_09
data/abac_benchmark/resource_0280,r_attr_01,value_03
data/abac_benchmark/resource_0280,r_attr_02,value_10
data/abac_benchmark/resource_0281,r_attr_01,value_09
data/abac_benchmark/resource_0281,r_attr_02,value_12
data/abac_benchmark/resource_0282,r_attr_01,value_01
data/abac_benchmark/resource_0282,r_attr_02,value_14
data/abac_benchmark/resource_0283,r_attr_01,value_14
data/abac_benchmark/resource_0283,r_attr_02,value_12
data/abac_benchmark/resource_0284,r_attr_01,value_13
data/abac_benchmark/resource_0284,r_attr_02,value_08
data/abac_benchmark/resource_0285,r_attr_01,value_10
data/abac_benchmark/resource_0285,r_attr_02,value_00
data/abac_benchmark/resource_0286,r_attr_01,value_11
data/abac_benchmark/resource_0286,r_attr_02,value_00
data/abac_benchmark/resource_0287,r_attr_01,value_03
data/abac_benchmark/resource_0287,r_attr_02,value_00
data/abac_benchmark/resource_0288,r_attr_01,value_09
data/abac_benchmark/resource_0288,r_attr_02,value_09
data/abac_benchmark/resource_0289,r_attr_01,value_14
data/abac_benchmark/resource_0289,r_attr_02,value_10
data/abac_benchmark/resource_0290,r_attr_01,value_02
data/abac_benchmark/resource_0290,r_attr_02,value_06
data/abac_benchmark/resource_0291,r_attr_01,value_15
data/abac_benchmark/resource_0291,r_attr_02,value_02
data/abac_benchmark/resource_0292,r_attr_01,value_06
data/abac_benchmark/resource_0292,r_attr_02,value_01
data/abac_benchmark/resource_0293,r_attr_01,value_05
data/abac_benchmark/resource_0293,r_attr_02,value_10
data/abac_benchmark/resource_0294,r_attr_01,value_03
data/abac_benchmark/resource_0294,r_attr_02,value_11
data/abac_benchmark/resource_0295,r_attr_01,value_02
data/abac_benchmark/resource_0295,r_attr_02,value_05
data/abac_benchmark/resource_0296,r_attr_01,value_08
data/abac_benchmark/resource_0296,r_attr_02,value_15
data/abac_benchmark/resource_0297,r_attr_01,value_06
data/abac_benchmark/resource_0297,r_attr_02,value_03
data/abac_benchmark/resource_0298,r_attr_01,value_01
data/abac_benchmark/resource_0298,r_attr_02,value_11
data/abac_benchmark/resource_0299,r_attr_01,value_13
data/abac_benchmark/resource_0299,r_attr_02,value_15
data/abac_benchmark/resource_0300,r_attr_01,value_05
data/abac_benchmark/resource_0300,r_attr_02,value_10
data/abac_benchmark/resource_0301,r_attr_01,value_10
data/abac_benchmark/resource_0301,r_attr_02,value_08
data/abac_benchmark/resource_0302,r_attr_01,value_04
data/abac_benchmark/resource_0302,r_attr_02,value_11
data/abac_benchmark/resource_0303,r_attr_01,value_07
data/abac_benchmark/resource_0303,r_attr_02,value_10
data/abac_benchmark/resource_0304,r_attr_01,value_06
data/abac_benchmark/resource_0304,r_attr_02,value_08
data/abac_benchmark/resource_0305,r_attr_01,value_12
data/abac_benchmark/resource_0305,r_attr_02,value_00
data/abac_benchmark/resource_0306,r_attr_01,value_14
data/abac_benchmark/resource_0306,r_attr_02,value_07
data/abac_benchmark/resource_0307,r_attr_01,value_02
data/abac_benchmark/resource_0307,r_attr_02,value_15
data/abac_benchmark/resource_0308,r_attr_01,value_11
data/abac_benchmark/resource_0308,r_attr_02,value_12
data/abac_benchmark/resource_0309,r_attr_01,value_02
data/abac_benchmark/resource_0309,r_attr_02,value_06
data/abac_benchmark/resource_0310,r_attr_01,value_08
data/abac_benchmark/resource_0310,r_attr_02,value_04
data/abac_benchmark/resource_0311,r_attr_01,value_09
data/abac_benchmark/resource_0311,r_attr_02,value_00
data/abac_benchmark/resource_0312,r_attr_01,value_14
data/abac_benchmark/resource_0312,r_attr_02,value_07
data/abac_benchmark/resource_0313,r_attr_01,value_00
data/abac_benchmark/resource_0313,r_attr_02,value_05
data/abac_benchmark/resource_0314,r_attr_01,value_15
data/abac_benchmark/resource_0314,r_attr_02,value_08
data/abac_benchmark/resource_0315,r_attr_01,value_13
data/abac_benchmark/resource_0315,r_attr_02,value_03
data/abac_benchmark/resource_0316,r_attr_01,value_11
data/abac_benchmark/resource_0316,r_attr_02,value_08
data/abac_benchmark/resource_0317,r_attr_01,value_06
data/abac_benchmark/resource_0317,r_attr_02,value_09
data/abac_benchmark/resource_0318,r_attr_01,value_08
data/abac_benchmark/resource_0318,r_attr_02,value_01
data/abac_benchmark/resource_0319,r_attr_01,value_03
data/abac_benchmark/resource_0319,r_attr_02,value_08
data/abac_benchmark/resource_0320,r_attr_01,value_10
data/abac_benchmark/resource_0320,r_attr_02,value_05
data/abac_benchmark/resource_0321,r_attr_01,value_11
data/abac_benchmark/resource_0321,r_attr_02,value_12
data/abac_benchmark/resource_0322,r_attr_01,value_02
data/abac_benchmark/resource_0322,r_attr_02,value_08
data/abac_benchmark/resource_0323,r_attr_01,value_14
data/abac_benchmark/resource_0323,r_attr_02,value_11
data/abac_benchmark/resource_0324,r_attr_01,value_06
data/abac_benchmark/resource_0324,r_attr_02,value_14
data/abac_benchmark/resource_0325,r_attr_01,value_02
data/abac_benchmark/resource_0325,r_attr_02,value_15
data/abac_benchmark/resource_0326,r_attr_01,value_05
data/abac_benchmark/resource_0326,r_attr_02,value_14
data/abac_benchmark/resource_0327,r_attr_01,value_02
data/abac_benchmark/resource_0327,r_attr_02,value_10
data/abac_benchmark/resource_0328,r_attr_01,value_11
data/abac_benchmark/resource_0328,r_attr_02,value_10
data/abac_benchmark/resource_0329,r_attr_01,value_10
data/abac_benchmark/resource_0329,r_attr_02,value_12
data/abac_benchmark/resource_0330,r_attr_01,value_05
data/abac_benchmark/resource_0330,r_attr_02,value_06
data/abac_benchmark/resource_0331,r_attr_01,value_13
data/abac_benchmark/resource_0331,r_attr_02,value_14
data/abac_benchmark/resource_0332,r_attr_01,value_06
data/abac_benchmark/resource_0332,r_attr_02,value_09
data/abac_benchmark/resource_0333,r_attr_01,value_03
data/abac_benchmark/resource_0333,r_attr_02,value_14
data/abac_benchmark/resource_0334,r_attr_01,value_01
data/abac_benchmark/resource_0334,r_attr_02,value_00
data/abac_benchmark/resource_0335,r_attr_01,value_13
data/abac_benchmark/resource_0335,r_attr_02,value_08
data/abac_benchmark/resource_0336,r_attr_01,value_02
data/abac_benchmark/resource_0336,r_attr_02,value_15
data/abac_benchmark/resource_0337,r_attr_01,value_13
data/abac_benchmark/resource_0337,r_attr_02,value_01
data/abac_benchmark/resource_0338,r_attr_01,value_00
data/abac_benchmark/resource_0338,r_attr_02,value_07
data/abac_benchmark/resource_0339,r_attr_01,value_12
data/abac_benchmark/resource_0339,r_attr_02,value_06
data/abac_benchmark/resource_0340,r_attr_01,value_01
data/abac_benchmark/resource_0340,r_attr_02,value_14
data/abac_benchmark/resource_0341,r_attr_01,value_00
data/abac_benchmark/resource_0341,r_attr_02,value_02
data/abac_benchmark/resource_0342,r_attr_01,value_03
data/abac_benchmark/resource_0342,r_attr_02,value_04
data/abac_benchmark/resource_0343,r_attr_01,value_15
data/abac_benchmark/resource_0343,r_attr_02,value_00
data/abac_benchmark/resource_0344,r_attr_01,value_02
data/abac_benchmark/resource_0344,r_attr_02,value_12
data/abac_benchmark/resource_0345,r_attr_01,value_02
data/abac_benchmark/resource_0345,r_attr_02,value_13
data/abac_benchmark/resource_0346,r_attr_01,value_10
data/abac_benchmark/resource_0346,r_attr_02,value_11
data/abac_benchmark/resource_0347,r_attr_01,value_05
data/abac_benchmark/resource_0347,r_attr_02,value_14
data/abac_benchmark/resource_0348,r_attr_01,value_11
data/abac_benchmark/resource_0348,r_attr_02,value_12
data/abac_benchmark/resource_0349,r_attr_01,value_00
data/abac_benchmark/resource_0349,r_attr_02,value_00
data/abac_benchmark/resource_0350,r_attr_01,value_15
data/abac_benchmark/resource_0350,r_attr_02,value_01
data/abac_benchmark/resource_0351,r_attr_01,value_14
data/abac_benchmark/resource_0351,r_attr_02,value_07
data/abac_benchmark/resource_0352,r_attr_01,value_09
data/abac_benchmark/resource_0352,r_attr_02,value_12
data/abac_benchmark/resource_0353,r_attr_01,value_07
data/abac_benchmark/resource_0353,r_attr_02,value_05
data/abac_benchmark/resource_0354,r_attr_01,value_12
data/abac_benchmark/resource_0354,r_attr_02,value_14
data/abac_benchmark/resource_0355,r_attr_01,value_00
data/abac_benchmark/resource_0355,r_attr_02,value_06
data/abac_benchmark/resource_0356,r_attr_01,value_04
data/abac_benchmark/resource_0356,r_attr_02,value_12
data/abac_benchmark/resource_0357,r_attr_01,value_02
data/abac_benchmark/resource_0357,r_attr_02,value_00
data/abac_benchmark/resource_0358,r_attr_01,value_00
data/abac_benchmark/resource_0358,r_attr_02,value_12
data/abac_benchmark/resource_0359,r_attr_01,value_15
data/abac_benchmark/resource_0359,r_attr_02,value_11
data/abac_benchmark/resource_0360,r_attr_01,value_05
data/abac_benchmark/resource_0360,r_attr_02,value_13
data/abac_benchmark/resource_0361,r_attr_01,value_11
data/abac_benchmark/resource_0361,r_attr_02,value_03
data/abac_benchmark/resource_0362,r_attr_01,value_07
data/abac_benchmark/resource_0362,r_attr_02,value_04
data/abac_benchmark/resource_0363,r_attr_01,value_10
data/abac_benchmark/resource_0363,r_attr_02,value_11
data/abac_benchmark/resource_0364,r_attr_01,value_14
data/abac_benchmark/resource_0364,r_attr_02,value_08
data/abac_benchmark/resource_0365,r_attr_01,value_07
data/abac_benchmark/resource_0365,r_attr_02,value_14
data/abac_benchmark/resource_0366,r_attr_01,value_03
data/abac_benchmark/resource_0366,r_attr_02,value_03
data/abac_benchmark/resource_0367,r_attr_01,value_06
data/abac_benchmark/resource_0367,r_attr_02,value_10
data/abac_benchmark/resource_0368,r_attr_01,value_14
data/abac_benchmark/resource_0368,r_attr_02,value_05
data/abac_benchmark/resource_0369,r_attr_01,value_13
data/abac_benchmark/resource_0369,r_attr_02,value_09
data/abac_benchmark/resource_0370,r_attr_01,value_01
data/abac_benchmark/resource_0370,r_attr_02,value_11
data/abac_benchmark/resource_0371,r_attr_01,value_01
data/abac_benchmark/resource_0371,r_attr_02,value_09
data/abac_benchmark/resource_0372,r_attr_01,value_05
data/abac_benchmark/resource_0372,r_attr_02,value_15
data/abac_benchmark/resource_0373,r_attr_01,value_13
data/abac_benchmark/resource_0373,r_attr_02,value_04
data/abac_benchmark/resource_0374,r_attr_01,value_00
data/abac_benchmark/resource_0374,r_attr_02,value_05
data/abac_benchmark/resource_0375,r_attr_01,value_12
data/abac_benchmark/resource_0375,r_attr_02,value_00
data/abac_benchmark/resource_0376,r_attr_01,value_15
data/abac_benchmark/resource_0376,r_attr_02,value_00
data/abac_benchmark/resource_0377,r_attr_01,value_12
data/abac_benchmark/resource_0377,r_attr_02,value_11
data/abac_benchmark/resource_0378,r_attr_01,value_12
data/abac_benchmark/resource_0378,r_attr_02,value_08
data/abac_benchmark/resource_0379,r_attr_01,value_15
data/abac_benchmark/resource_0379,r_attr_02,value_12
data/abac_benchmark/resource_0380,r_attr_01,value_15
data/abac_benchmark/resource_0380,r_attr_02,value_01
data/abac_benchmark/resource_0381,r_attr_01,value_15
data/abac_benchmark/resource_0381,r_attr_02,value_01
data/abac_benchmark/resource_0382,r_attr_01,value_04
data/abac_benchmark/resource_0382,r_attr_02,value_01
data/abac_benchmark/resource_0383,r_attr_01,value_10
data/abac_benchmark/resource_0383,r_attr_02,value_13
data/abac_benchmark/resource_0384,r_attr_01,value_12
data/abac_benchmark/resource_0384,r_attr_02,value_05
data/abac_benchmark/resource_0385,r_attr_01,value_05
data/abac_benchmark/resource_0385,r_attr_02,value_14
data/abac_benchmark/resource_0386,r_attr_01,value_04
data/abac_benchmark/resource_0386,r_attr_02,value_01
data/abac_benchmark/resource_0387,r_attr_01,value_10
data/abac_benchmark/resource_0387,r_attr_02,value_04
data/abac_benchmark/resource_0388,r_attr_01,value_10
data/abac_benchmark/resource_0388,r_attr_02,value_11
data/abac_benchmark/resource_0389,r_attr_01,value_12
data/abac_benchmark/resource_0389,r_attr_02,value_12
data/abac_benchmark/resource_0390,r_attr_01,value_05
data/abac_benchmark/resource_0390,r_attr_02,value_09
data/abac_benchmark/resource_0391,r_attr_01,value_05
data/abac_benchmark/resource_0391,r_attr_02,value_08
data/abac_benchmark/resource_0392,r_attr_01,value_04
data/abac_benchmark/resource_0392,r_attr_02,value_00
data/abac_benchmark/resource_0393,r_attr_01,value_12
data/abac_benchmark/resource_0393,r_attr_02,value_15
data/abac_benchmark/resource_0394,r_attr_01,value_05
data/abac_benchmark/resource_0394,r_attr_02,value_09
data/abac_benchmark/resource_0395,r_attr_01,value_13
data/abac_benchmark/resource_0395,r_attr_02,value_07
data/abac_benchmark/resource_0396,r_attr_01,value_08
data/abac_benchmark/resource_0396,r_attr_02,value_07
data/abac_benchmark/resource_0397,r_attr_01,value_01
data/abac_benchmark/resource_0397,r_attr_02,value_08
data/abac_benchmark/resource_0398,r_attr_01,value_00
data/abac_benchmark/resource_0398,r_attr_02,value_03
data/abac_benchmark/resource_0399,r_attr_01,value_09
data/abac_benchmark/resource_0399,r_attr_02,value_08
data/abac_benchmark/resource_0400,r_attr_01,value_10
data/abac_benchmark/resource_0400,r_attr_02,value_04
data/abac_benchmark/resource_0401,r_attr_01,value_04
data/abac_benchmark/resource_0401,r_attr_02,value_00
data/abac_benchmark/resource_0402,r_attr_01,value_02
data/abac_benchmark/resource_0402,r_attr_02,value_15
data/abac_benchmark/resource_0403,r_attr_01,value_02
data/abac_benchmark/resource_0403,r_attr_02,value_10
data/abac_benchmark/resource_0404,r_attr_01,value_03
data/abac_benchmark/resource_0404,r_attr_02,value_10
data/abac_benchmark/resource_0405,r_attr_01,value_13
data/abac_benchmark/resource_0405,r_attr_02,value_08
data/abac_benchmark/resource_0406,r_attr_01,value_08
data/abac_benchmark/resource_0406,r_attr_02,value_14
data/abac_benchmark/resource_0407,r_attr_01,value_12
data/abac_benchmark/resource_0407,r_attr_02,value_15
data/abac_benchmark/resource_0408,r_attr_01,value_05
data/abac_benchmark/resource_0408,r_attr_02,value_12
data/abac_benchmark/resource_0409,r_attr_01,value_02
data/abac_benchmark/resource_0409,r_attr_02,value_08
data/abac_benchmark/resource_0410,r_attr_01,value_12
data/abac_benchmark/resource_0410,r_attr_02,value_01
data/abac_benchmark/resource_0411,r_attr_01,value_08
data/abac_benchmark/resource_0411,r_attr_02,value_07
data/abac_benchmark/resource_0412,r_attr_01,value_00
data/abac_benchmark/resource_0412,r_attr_02,value_03
data/abac_benchmark/resource_0413,r_attr_01,value_12
data/abac_benchmark/resource_0413,r_attr_02,value_13
data/abac_benchmark/resource_0414,r_attr_01,value_10
data/abac_benchmark/resource_0414,r_attr_02,value_15
data/abac_benchmark/resource_0415,r_attr_01,value_15
data/abac_benchmark/resource_0415,r_attr_02,value_08
data/abac_benchmark/resource_0416,r_attr_01,value_05
data/abac_benchmark/resource_0416,r_attr_02,value_00
data/abac_benchmark/resource_0417,r_attr_01,value_13
data/abac_benchmark/resource_0417,r_attr_02,value_01
data/abac_benchmark/resource_0418,r_attr_01,value_03
data/abac_benchmark/resource_0418,r_attr_02,value_01
data/abac_benchmark/resource_0419,r_attr_01,value_09
data/abac_benchmark/resource_0419,r_attr_02,value_00
data/abac_benchmark/resource_0420,r_attr_01,value_03
data/abac_benchmark/resource_0420,r_attr_02,value_08
data/abac_benchmark/resource_0421,r_attr_01,value_03
data/abac_benchmark/resource_0421,r_attr_02,value_10
data/abac_benchmark/resource_0422,r_attr_01,value_14
data/abac_benchmark/resource_0422,r_attr_02,value_00
data/abac_benchmark/resource_0423,r_attr_01,value_07
data/abac_benchmark/resource_0423,r_attr_02,value_12
data/abac_benchmark/resource_0424,r_attr_01,value_11
data/abac_benchmark/resource_0424,r_attr_02,value_10
data/abac_benchmark/resource_0425,r_attr_01,value_00
data/abac_benchmark/resource_0425,r_attr_02,value_13
data/abac_benchmark/resource_0426,r_attr_01,value_11
data/abac_benchmark/resource_0426,r_attr_02,value_13
data/abac_benchmark/resource_0427,r_attr_01,value_04
data/abac_benchmark/resource_0427,r_attr_02,value_07
data/abac_benchmark/resource_0428,r_attr_01,value_05
data/abac_benchmark/resource_0428,r_attr_02,value_15
data/abac_benchmark/resource_0429,r_attr_01,value_11
data/abac_benchmark/resource_0429,r_attr_02,value_06
data/abac_benchmark/resource_0430,r_attr_01,value_11
data/abac_benchmark/resource_0430,r_attr_02,value_10
data/abac_benchmark/resource_0431,r_attr_01,value_03
data/abac_benchmark/resource_0431,r_attr_02,value_02
data/abac_benchmark/resource_0432,r_attr_01,value_14
data/abac_benchmark/resource_0432,r_attr_02,value_00
data/abac_benchmark/resource_0433,r_attr_01,value_09
data/abac_benchmark/resource_0433,r_attr_02,value_08
data/abac_benchmark/resource_0434,r_attr_01,value_14
data/abac_benchmark/resource_0434,r_attr_02,value_04
data/abac_benchmark/resource_0435,r_attr_01,value_03
data/abac_benchmark/resource_0435,r_attr_02,value_06
data/abac_benchmark/resource_0436,r_attr_01,value_04
data/abac_benchmark/resource_0436,r_attr_02,value_04
data/abac_benchmark/resource_0437,r_attr_01,value_05
data/abac_benchmark/resource_0437,r_attr_02,value_00
data/abac_benchmark/resource_0438,r_attr_01,value_06
data/abac_benchmark/resource_0438,r_attr_02,value_00
data/abac_benchmark/resource_0439,r_attr_01,value_01
data/abac_benchmark/resource_0439,r_attr_02,value_13
data/abac_benchmark/resource_0440,r_attr_01,value_09
data/abac_benchmark/resource_0440,r_attr_02,value_05
data/abac_benchmark/resource_0441,r_attr_01,value_03
data/abac_benchmark/resource_0441,r_attr_02,value_02
data/abac_benchmark/resource_0442,r_attr_01,value_13
data/abac_benchmark/resource_0442,r_attr_02,value_09
data/abac_benchmark/resource_0443,r_attr_01,value_01
data/abac_benchmark/resource_0443,r_attr_02,value_01
data/abac_benchmark/resource_0444,r_attr_01,value_14
data/abac_benchmark/resource_0444,r_attr_02,value_06
data/abac_benchmark/resource_0445,r_attr_01,value_03
data/abac_benchmark/resource_0445,r_attr_02,value_05
data/abac_benchmark/resource_0446,r_attr_01,value_12
data/abac_benchmark/resource_0446,r_attr_02,value_00
data/abac_benchmark/resource_0447,r_attr_01,value_15
data/abac_benchmark/resource_0447,r_attr_02,value_07
data/abac_benchmark/resource_0448,r_attr_01,value_09
data/abac_benchmark/resource_0448,r_attr_02,value_07
data/abac_benchmark/resource_0449,r_attr_01,value_06
data/abac_benchmark/resource_0449,r_attr_02,value_05
data/abac_benchmark/resource_0450,r_attr_01,value_06
data/abac_benchmark/resource_0450,r_attr_02,value_05
data/abac_benchmark/resource_0451,r_attr_01,value_06
data/abac_benchmark/resource_0451,r_attr_02,value_07
data/abac_benchmark/resource_0452,r_attr_01,value_03
data/abac_benchmark/resource_0452,r_attr_02,value_05
data/abac_benchmark/resource_0453,r_attr_01,value_08
data/abac_benchmark/resource_0453,r_attr_02,value_12
data/abac_benchmark/resource_0454,r_attr_01,value_08
data/abac_benchmark/resource_0454,r_attr_02,value_01
data/abac_benchmark/resource_0455,r_attr_01,value_12
data/abac_benchmark/resource_0455,r_attr_02,value_09
data/abac_benchmark/resource_0456,r_attr_01,value_12
data/abac_benchmark/resource_0456,r_attr_02,value_04
data/abac_benchmark/resource_0457,r_attr_01,value_11
data/abac_benchmark/resource_0457,r_attr_02,value_00
data/abac_benchmark/resource_0458,r_attr_01,value_07
data/abac_benchmark/resource_0458,r_attr_02,value_07
data/abac_benchmark/resource_0459,r_attr_01,value_15
data/abac_benchmark/resource_0459,r_attr_02,value_12
data/abac_benchmark/resource_0460,r_attr_01,value_02
data/abac_benchmark/resource_0460,r_attr_02,value_14
data/abac_benchmark/resource_0461,r_attr_01,value_14
data/abac_benchmark/resource_0461,r_attr_02,value_15
data/abac_benchmark/resource_0462,r_attr_01,value_00
data/abac_benchmark/resource_0462,r_attr_02,value_00
data/abac_benchmark/resource_0463,r_attr_01,value_07
data/abac_benchmark/resource_0463,r_attr_02,value_15
data/abac_benchmark/resource_0464,r_attr_01,value_02
data/abac_benchmark/resource_0464,r_attr_02,value_01
data/abac_benchmark/resource_0465,r_attr_01,value_15
data/abac_benchmark/resource_0465,r_attr_02,value_06
data/abac_benchmark/resource_0466,r_attr_01,value_00
data/abac_benchmark/resource_0466,r_attr_02,value_07
data/abac_benchmark/resource_0467,r_attr_01,value_10
data/abac_benchmark/resource_0467,r_attr_02,value_01
data/abac_benchmark/resource_0468,r_attr_01,value_10
data/abac_benchmark/resource_0468,r_attr_02,value_07
data/abac_benchmark/resource_0469,r_attr_01,value_10
data/abac_benchmark/resource_0469,r_attr_02,value_13
data/abac_benchmark/resource_0470,r_attr_01,value_12
data/abac_benchmark/resource_0470,r_attr_02,value_07
data/abac_benchmark/resource_0471,r_attr_01,value_08
data/abac_benchmark/resource_0471,r_attr_02,value_06
data/abac_benchmark/resource_0472,r_attr_01,value_00
data/abac_benchmark/resource_0472,r_attr_02,value_11
data/abac_benchmark/resource_0473,r_attr_01,value_02
data/abac_benchmark/resource_0473,r_attr_02,value_10
data/abac_benchmark/resource_0474,r_attr_01,value_15
data/abac_benchmark/resource_0474,r_attr_02,value_01
data/abac_benchmark/resource_0475,r_attr_01,value_00
data/abac_benchmark/resource_0475,r_attr_02,value_08
data/abac_benchmark/resource_0476,r_attr_01,value_12
data/abac_benchmark/resource_0476,r_attr_02,value_09
data/abac_benchmark/resource_0477,r_attr_01,value_05
data/abac_benchmark/resource_0477,r_attr_02,value_00
data/abac_benchmark/resource_0478,r_attr_01,value_10
data/abac_benchmark/resource_0478,r_attr_02,value_11
data/abac_benchmark/resource_0479,r_attr_01,value_04
data/abac_benchmark/resource_0479,r_attr_02,value_00
data/abac_benchmark/resource_0480,r_attr_01,value_12
data/abac_benchmark/resource_0480,r_attr_02,value_02
data/abac_benchmark/resource_0481,r_attr_01,value_02
data/abac_benchmark/resource_0481,r_attr_02,value_14
data/abac_benchmark/resource_0482,r_attr_01,value_02
data/abac_benchmark/resource_0482,r_attr_02,value_15
data/abac_benchmark/resource_0483,r_attr_01,value_06
data/abac_benchmark/resource_0483,r_attr_02,value_08
data/abac_benchmark/resource_0484,r_attr_01,value_10
data/abac_benchmark/resource_0484,r_attr_02,value_06
data/abac_benchmark/resource_0485,r_attr_01,value_10
data/abac_benchmark/resource_0485,r_attr_02,value_09
data/abac_benchmark/resource_0486,r_attr_01,value_06
data/abac_benchmark/resource_0486,r_attr_02,value_13
data/abac_benchmark/resource_0487,r_attr_01,value_09
data/abac_benchmark/resource_0487,r_attr_02,value_15
data/abac_benchmark/resource_0488,r_attr_01,value_05
data/abac_benchmark/resource_0488,r_attr_02,value_14
data/abac_benchmark/resource_0489,r_attr_01,value_03
data/abac_benchmark/resource_0489,r_attr_02,value_11
data/abac_benchmark/resource_0490,r_attr_01,value_11
data/abac_benchmark/resource_0490,r_attr_02,value_05
data/abac_benchmark/resource_0491,r_attr_01,value_10
data/abac_benchmark/resource_0491,r_attr_02,value_15
data/abac_benchmark/resource_0492,r_attr_01,value_03
data/abac_benchmark/resource_0492,r_attr_02,value_13
data/abac_benchmark/resource_0493,r_attr_01,value_04
data/abac_benchmark/resource_0493,r_attr_02,value_14
data/abac_benchmark/resource_0494,r_attr_01,value_10
data/abac_benchmark/resource_0494,r_attr_02,value_00
data/abac_benchmark/resource_0495,r_attr_01,value_14
data/abac_benchmark/resource_0495,r_attr_02,value_15
data/abac_benchmark/resource_0496,r_attr_01,value_11
data/abac_benchmark/resource_0496,r_attr_02,value_08
data/abac_benchmark/resource_0497,r_attr_01,value_08
data/abac_benchmark/resource_0497,r_attr_02,value_15
data/abac_benchmark/resource_0498,r_attr_01,value_04
data/abac_benchmark/resource_0498,r_attr_02,value_06
data/abac_benchmark/resource_0499,r_attr_01,value_09
data/abac_benchmark/resource_0499,r_attr_02,value_11
data/abac_benchmark/resource_0500,r_attr_01,value_07
data/abac_benchmark/resource_0500,r_attr_02,value_02
data/abac_benchmark/resource_0501,r_attr_01,value_11
data/abac_benchmark/resource_0501,r_attr_02,value_05
data/abac_benchmark/resource_0502,r_attr_01,value_00
data/abac_benchmark/resource_0502,r_attr_02,value_06
data/abac_benchmark/resource_0503,r_attr_01,value_12
data/abac_benchmark/resource_0503,r_attr_02,value_05
data/abac_benchmark/resource_0504,r_attr_01,value_00
data/abac_benchmark/resource_0504,r_attr_02,value_10
data/abac_benchmark/resource_0505,r_attr_01,value_07
data/abac_benchmark/resource_0505,r_attr_02,value_09
data/abac_benchmark/resource_0506,r_attr_01,value_08
data/abac_benchmark/resource_0506,r_attr_02,value_15
data/abac_benchmark/resource_0507,r_attr_01,value_14
data/abac_benchmark/resource_0507,r_attr_02,value_10
data/abac_benchmark/resource_0508,r_attr_01,value_05
data/abac_benchmark/resource_0508,r_attr_02,value_06
data/abac_benchmark/resource_0509,r_attr_01,value_14
data/abac_benchmark/resource_0509,r_attr_02,value_00
data/abac_benchmark/resource_0510,r_attr_01,value_02
data/abac_benchmark/resource_0510,r_attr_02,value_07
data/abac_benchmark/resource_0511,r_attr_01,value_04
data/abac_benchmark/resource_0511,r_attr_02,value_02
data/abac_benchmark/resource_0512,r_attr_01,value_00
data/abac_benchmark/resource_0512,r_attr_02,value_12
data/abac_benchmark/resource_0513,r_attr_01,value_14
data/abac_benchmark/resource_0513,r_attr_02,value_09
data/abac_benchmark/resource_0514,r_attr_01,value_01
data/abac_benchmark/resource_0514,r_attr_02,value_09
data/abac_benchmark/resource_0515,r_attr_01,value_13
data/abac_benchmark/resource_0515,r_attr_02,value_06
data/abac_benchmark/resource_0516,r_attr_01,value_08
data/abac_benchmark/resource_0516,r_attr_02,value_04
data/abac_benchmark/resource_0517,r_attr_01,value_01
data/abac_benchmark/resource_0517,r_attr_02,value_08
data/abac_benchmark/resource_0518,r_attr_01,value_03
data/abac_benchmark/resource_0518,r_attr_02,value_14
data/abac_benchmark/resource_0519,r_attr_01,value_08
data/abac_benchmark/resource_0519,r_attr_02,value_03
data/abac_benchmark/resource_0520,r_attr_01,value_15
data/abac_benchmark/resource_0520,r_attr_02,value_11
data/abac_benchmark/resource_0521,r_attr_01,value_10
data/abac_benchmark/resource_0521,r_attr_02,value_06
data/abac_benchmark/resource_0522,r_attr_01,value_08
data/abac_benchmark/resource_0522,r_attr_02,value_11
data/abac_benchmark/resource_0523,r_attr_01,value_09
data/abac_benchmark/resource_0523,r_attr_02,value_13
data/abac_benchmark/resource_0524,r_attr_01,value_09
data/abac_benchmark/resource_0524,r_attr_02,value_02
data/abac_benchmark/resource_0525,r_attr_01,value_10
data/abac_benchmark/resource_0525,r_attr_02,value_07
data/abac_benchmark/resource_0526,r_attr_01,value_06
data/abac_benchmark/resource_0526,r_attr_02,value_00
data/abac_benchmark/resource_0527,r_attr_01,value_08
data/abac_benchmark/resource_0527,r_attr_02,value_00
data/abac_benchmark/resource_0528,r_attr_01,value_15
data/abac_benchmark/resource_0528,r_attr_02,value_07
data/abac_benchmark/resource_0529,r_attr_01,value_03
data/abac_benchmark/resource_0529,r_attr_02,value_09
data/abac_benchmark/resource_0530,r_attr_01,value_09
data/abac_benchmark/resource_0530,r_attr_02,value_03
data/abac_benchmark/resource_0531,r_attr_01,value_11
data/abac_benchmark/resource_0531,r_attr_02,value_11
data/abac_benchmark/resource_0532,r_attr_01,value_13
data/abac_benchmark/resource_0532,r_attr_02,value_12
data/abac_benchmark/resource_0533,r_attr_01,value_07
data/abac_benchmark/resource_0533,r_attr_02,value_09
data/abac_benchmark/resource_0534,r_attr_01,value_08
data/abac_benchmark/resource_0534,r_attr_02,value_05
data/abac_benchmark/resource_0535,r_attr_01,value_04
data/abac_benchmark/resource_0535,r_attr_02,value_15
data/abac_benchmark/resource_0536,r_attr_01,value_00
data/abac_benchmark/resource_0536,r_attr_02,value_15
data/abac_benchmark/resource_0537,r_attr_01,value_00
data/abac_benchmark/resource_0537,r_attr_02,value_13
data/abac_benchmark/resource_0538,r_attr_01,value_00
data/abac_benchmark/resource_0538,r_attr_02,value_05
data/abac_benchmark/resource_0539,r_attr_01,value_00
data/abac_benchmark/resource_0539,r_attr_02,value_00
data/abac_benchmark/resource_0540,r_attr_01,value_02
data/abac_benchmark/resource_0540,r_attr_02,value_15
data/abac_benchmark/resource_0541,r_attr_01,value_00
data/abac_benchmark/resource_0541,r_attr_02,value_02
data/abac_benchmark/resource_0542,r_attr_01,value_02
data/abac_benchmark/resource_0542,r_attr_02,value_14
data/abac_benchmark/resource_0543,r_attr_01,value_15
data/abac_benchmark/resource_0543,r_attr_02,value_15
data/abac_benchmark/resource_0544,r_attr_01,value_11
data/abac_benchmark/resource_0544,r_attr_02,value_13
data/abac_benchmark/resource_0545,r_attr_01,value_01
data/abac_benchmark/resource_0545,r_attr_02,value_13
data/abac_benchmark/resource_0546,r_attr_01,value_02
data/abac_benchmark/resource_0546,r_attr_02,value_01
data/abac_benchmark/resource_0547,r_attr_01,value_00
data/abac_benchmark/resource_0547,r_attr_02,value_15
data/abac_benchmark/resource_0548,r_attr_01,value_06
data/abac_benchmark/resource_0548,r_attr_02,value_15
data/abac_benchmark/resource_0549,r_attr_01,value_09
data/abac_benchmark/resource_0549,r_attr_02,value_15
data/abac_benchmark/resource_0550,r_attr_01,value_13
data/abac_benchmark/resource_0550,r_attr_02,value_15
data/abac_benchmark/resource_0551,r_attr_01,value_07
data/abac_benchmark/resource_0551,r_attr_02,value_00
data/abac_benchmark/resource_0552,r_attr_01,value_04
data/abac_benchmark/resource_0552,r_attr_02,value_06
data/abac_benchmark/resource_0553,r_attr_01,value_12
data/abac_benchmark/resource_0553,r_attr_02,value_01
data/abac_benchmark/resource_0554,r_attr_01,value_10
data/abac_benchmark/resource_0554,r_attr_02,value_03
data/abac_benchmark/resource_0555,r_attr_01,value_04
data/abac_benchmark/resource_0555,r_attr_02,value_02
data/abac_benchmark/resource_0556,r_attr_01,value_15
data/abac_benchmark/resource_0556,r_attr_02,value_13
data/abac_benchmark/resource_0557,r_attr_01,value_14
data/abac_benchmark/resource_0557,r_attr_02,value_08
data/abac_benchmark/resource_0558,r_attr_01,value_11
data/abac_benchmark/resource_0558,r_attr_02,value_01
data/abac_benchmark/resource_0559,r_attr_01,value_01
data/abac_benchmark/resource_0559,r_attr_02,value_12
data/abac_benchmark/resource_0560,r_attr_01,value_10
data/abac_benchmark/resource_0560,r_attr_02,value_02
data/abac_benchmark/resource_0561,r_attr_01,value_09
data/abac_benchmark/resource_0561,r_attr_02,value_08
data/abac_benchmark/resource_0562,r_attr_01,value_07
data/abac_benchmark/resource_0562,r_attr_02,value_08
data/abac_benchmark/resource_0563,r_attr_01,value_02
data/abac_benchmark/resource_0563,r_attr_02,value_05
data/abac_benchmark/resource_0564,r_attr_01,value_14
data/abac_benchmark/resource_0564,r_attr_02,value_09
data/abac_benchmark/resource_0565,r_attr_01,value_12
data/abac_benchmark/resource_0565,r_attr_02,value_09
data/abac_benchmark/resource_0566,r_attr_01,value_14
data/abac_benchmark/resource_0566,r_attr_02,value_04
data/abac_benchmark/resource_0567,r_attr_01,value_07
data/abac_benchmark/resource_0567,r_attr_02,value_03
data/abac_benchmark/resource_0568,r_attr_01,value_15
data/abac_benchmark/resource_0568,r_attr_02,value_02
data/abac_benchmark/resource_0569,r_attr_01,value_06
data/abac_benchmark/resource_0569,r_attr_02,value_08
data/abac_benchmark/resource_0570,r_attr_01,value_12
data/abac_benchmark/resource_0570,r_attr_02,value_14
data/abac_benchmark/resource_0571,r_attr_01,value_11
data/abac_benchmark/resource_0571,r_attr_02,value_12
data/abac_benchmark/resource_0572,r_attr_01,value_04
data/abac_benchmark/resource_0572,r_attr_02,value_06
data/abac_benchmark/resource_0573,r_attr_01,value_05
data/abac_benchmark/resource_0573,r_attr_02,value_03
data/abac_benchmark/resource_0574,r_attr_01,value_06
data/abac_benchmark/resource_0574,r_attr_02,value_08
data/abac_benchmark/resource_0575,r_attr_01,value_01
data/abac_benchmark/resource_0575,r_attr_02,value_06
data/abac_benchmark/resource_0576,r_attr_01,value_10
data/abac_benchmark/resource_0576,r_attr_02,value_10
data/abac_benchmark/resource_0577,r_attr_01,value_10
data/abac_benchmark/resource_0577,r_attr_02,value_15
data/abac_benchmark/resource_0578,r_attr_01,value_10
data/abac_benchmark/resource_0578,r_attr_02,value_10
data/abac_benchmark/resource_0579,r_attr_01,value_00
data/abac_benchmark/resource_0579,r_attr_02,value_08
data/abac_benchmark/resource_0580,r_attr_01,value_13
data/abac_benchmark/resource_0580,r_attr_02,value_08
data/abac_benchmark/resource_0581,r_attr_01,value_02
data/abac_benchmark/resource_0581,r_attr_02,value_09
data/abac_benchmark/resource_0582,r_attr_01,value_00
data/abac_benchmark/resource_0582,r_attr_02,value_03
data/abac_benchmark/resource_0583,r_attr_01,value_12
data/abac_benchmark/resource_0583,r_attr_02,value_06
data/abac_benchmark/resource_0584,r_attr_01,value_08
data/abac_benchmark/resource_0584,r_attr_02,value_11
data/abac_benchmark/resource_0585,r_attr_01,value_14
data/abac_benchmark/resource_0585,r_attr_02,value_07
data/abac_benchmark/resource_0586,r_attr_01,value_09
data/abac_benchmark/resource_0586,r_attr_02,value_11
data/abac_benchmark/resource_0587,r_attr_01,value_11
data/abac_benchmark/resource_0587,r_attr_02,value_11
data/abac_benchmark/resource_0588,r_attr_01,value_03
data/abac_benchmark/resource_0588,r_attr_02,value_04
data/abac_benchmark/resource_0589,r_attr_01,value_01
data/abac_benchmark/resource_0589,r_attr_02,value_08
data/abac_benchmark/resource_0590,r_attr_01,value_10
data/abac_benchmark/resource_0590,r_attr_02,value_09
data/abac_benchmark/resource_0591,r_attr_01,value_04
data/abac_benchmark/resource_0591,r_attr_02,value_03
data/abac_benchmark/resource_0592,r_attr_01,value_07
data/abac_benchmark/resource_0592,r_attr_02,value_06
data/abac_benchmark/resource_0593,r_attr_01,value_09
data/abac_benchmark/resource_0593,r_attr_02,value_00
data/abac_benchmark/resource_0594,r_attr_01,value_05
data/abac_benchmark/resource_0594,r_attr_02,value_08
data/abac_benchmark/resource_0595,r_attr_01,value_09
data/abac_benchmark/resource_0595,r_attr_02,value_10
data/abac_benchmark/resource_0596,r_attr_01,value_06
data/abac_benchmark/resource_0596,r_attr_02,value_08
data/abac_benchmark/resource_0597,r_attr_01,value_10
data/abac_benchmark/resource_0597,r_attr_02,value_13
data/abac_benchmark/resource_0598,r_attr_01,value_07
data/abac_benchmark/resource_0598,r_attr_02,value_00
data/abac_benchmark/resource_0599,r_attr_01,value_12
data/abac_benchmark/resource_0599,r_attr_02,value_00
data/abac_benchmark/resource_0600,r_attr_01,value_02
data/abac_benchmark/resource_0600,r_attr_02,value_03
data/abac_benchmark/resource_0601,r_attr_01,value_10
data/abac_benchmark/resource_0601,r_attr_02,value_09
data/abac_benchmark/resource_0602,r_attr_01,value_05
data/abac_benchmark/resource_0602,r_attr_02,value_01
data/abac_benchmark/resource_0603,r_attr_01,value_03
data/abac_benchmark/resource_0603,r_attr_02,value_10
data/abac_benchmark/resource_0604,r_attr_01,value_07
data/abac_benchmark/resource_0604,r_attr_02,value_14
data/abac_benchmark/resource_0605,r_attr_01,value_12
data/abac_benchmark/resource_0605,r_attr_02,value_00
data/abac_benchmark/resource_0606,r_attr_01,value_08
data/abac_benchmark/resource_0606,r_attr_02,value_14
data/abac_benchmark/resource_0607,r_attr_01,value_09
data/abac_benchmark/resource_0607,r_attr_02,value_06
data/abac_benchmark/resource_0608,r_attr_01,value_04
data/abac_benchmark/resource_0608,r_attr_02,value_06
data/abac_benchmark/resource_0609,r_attr_01,value_06
data/abac_benchmark/resource_0609,r_attr_02,value_02
data/abac_benchmark/resource_0610,r_attr_01,value_08
data/abac_benchmark/resource_0610,r_attr_02,value_03
data/abac_benchmark/resource_0611,r_attr_01,value_13
data/abac_benchmark/resource_0611,r_attr_02,value_10
data/abac_benchmark/resource_0612,r_attr_01,value_01
data/abac_benchmark/resource_0612,r_attr_02,value_00
data/abac_benchmark/resource_0613,r_attr_01,value_02
data/abac_benchmark/resource_0613,r_attr_02,value_12
data/abac_benchmark/resource_0614,r_attr_01,value_07
data/abac_benchmark/resource_0614,r_attr_02,value_13
data/abac_benchmark/resource_0615,r_attr_01,value_10
data/abac_benchmark/resource_0615,r_attr_02,value_00
data/abac_benchmark/resource_0616,r_attr_01,value_07
data/abac_benchmark/resource_0616,r_attr_02,value_08
data/abac_benchmark/resource_0617,r_attr_01,value_03
data/abac_benchmark/resource_0617,r_attr_02,value_15
data/abac_benchmark/resource_0618,r_attr_01,value_00
data/abac_benchmark/resource_0618,r_attr_02,value_08
data/abac_benchmark/resource_0619,r_attr_01,value_10
data/abac_benchmark/resource_0619,r_attr_02,value_03
data/abac_benchmark/resource_0620,r_attr_01,value_11
data/abac_benchmark/resource_0620,r_attr_02,value_07
data/abac_benchmark/resource_0621,r_attr_01,value_12
data/abac_benchmark/resource_0621,r_attr_02,value_10
data/abac_benchmark/resource_0622,r_attr_01,value_15
data/abac_benchmark/resource_0622,r_attr_02,value_04
data/abac_benchmark/resource_0623,r_attr_01,value_14
data/abac_benchmark/resource_0623,r_attr_02,value_00
data/abac_benchmark/resource_0624,r_attr_01,value_14
data/abac_benchmark/resource_0624,r_attr_02,value_10
data/abac_benchmark/resource_0625,r_attr_01,value_04
data/abac_benchmark/resource_0625,r_attr_02,value_05
data/abac_benchmark/resource_0626,r_attr_01,value_14
data/abac_benchmark/resource_0626,r_attr_02,value_08
data/abac_benchmark/resource_0627,r_attr_01,value_01
data/abac_benchmark/resource_0627,r_attr_02,value_03
data/abac_benchmark/resource_0628,r_attr_01,value_02
data/abac_benchmark/resource_0628,r_attr_02,value_13
data/abac_benchmark/resource_0629,r_attr_01,value_09
data/abac_benchmark/resource_0629,r_attr_02,value_10
data/abac_benchmark/resource_0630,r_attr_01,value_09
data/abac_benchmark/resource_0630,r_attr_02,value_14
data/abac_benchmark/resource_0631,r_attr_01,value_02
data/abac_benchmark/resource_0631,r_attr_02,value_08
data/abac_benchmark/resource_0632,r_attr_01,value_15
data/abac_benchmark/resource_0632,r_attr_02,value_11
data/abac_benchmark/resource_0633,r_attr_01,value_02
data/abac_benchmark/resource_0633,r_attr_02,value_15
data/abac_benchmark/resource_0634,r_attr_01,value_13
data/abac_benchmark/resource_0634,r_attr_02,value_03
data/abac_benchmark/resource_0635,r_attr_01,value_09
data/abac_benchmark/resource_0635,r_attr_02,value_04
data/abac_benchmark/resource_0636,r_attr_01,value_03
data/abac_benchmark/resource_0636,r_attr_02,value_15
data/abac_benchmark/resource_0637,r_attr_01,value_07
data/abac_benchmark/resource_0637,r_attr_02,value_02
data/abac_benchmark/resource_0638,r_attr_01,value_03
data/abac_benchmark/resource_0638,r_attr_02,value_05
data/abac_benchmark/resource_0639,r_attr_01,value_12
data/abac_benchmark/resource_0639,r_attr_02,value_00
data/abac_benchmark/resource_0640,r_attr_01,value_01
data/abac_benchmark/resource_0640,r_attr_02,value_09
data/abac_benchmark/resource_0641,r_attr_01,value_04
data/abac_benchmark/resource_0641,r_attr_02,value_10
data/abac_benchmark/resource_0642,r_attr_01,value_07
data/abac_benchmark/resource_0642,r_attr_02,value_02
data/abac_benchmark/resource_0643,r_attr_01,value_12
data/abac_benchmark/resource_0643,r_attr_02,value_05
data/abac_benchmark/resource_0644,r_attr_01,value_08
data/abac_benchmark/resource_0644,r_attr_02,value_06
data/abac_benchmark/resource_0645,r_attr_01,value_03
data/abac_benchmark/resource_0645,r_attr_02,value_09
data/abac_benchmark/resource_0646,r_attr_01,value_15
data/abac_benchmark/resource_0646,r_attr_02,value_15
data/abac_benchmark/resource_0647,r_attr_01,value_08
data/abac_benchmark/resource_0647,r_attr_02,value_14
data/abac_benchmark/resource_0648,r_attr_01,value_02
data/abac_benchmark/resource_0648,r_attr_02,value_05
data/abac_benchmark/resource_0649,r_attr_01,value_02
data/abac_benchmark/resource_0649,r_attr_02,value_00
data/abac_benchmark/resource_0650,r_attr_01,value_04
data/abac_benchmark/resource_0650,r_attr_02,value_09
data/abac_benchmark/resource_0651,r_attr_01,value_11
data/abac_benchmark/resource_0651,r_attr_02,value_05
data/abac_benchmark/resource_0652,r_attr_01,value_06
data/abac_benchmark/resource_0652,r_attr_02,value_03
data/abac_benchmark/resource_0653,r_attr_01,value_05
data/abac_benchmark/resource_0653,r_attr_02,value_13
data/abac_benchmark/resource_0654,r_attr_01,value_05
data/abac_benchmark/resource_0654,r_attr_02,value_02
data/abac_benchmark/resource_0655,r_attr_01,value_15
data/abac_benchmark/resource_0655,r_attr_02,value_00
data/abac_benchmark/resource_0656,r_attr_01,value_08
data/abac_benchmark/resource_0656,r_attr_02,value_11
data/abac_benchmark/resource_0657,r_attr_01,value_03
data/abac_benchmark/resource_0657,r_attr_02,value_05
data/abac_benchmark/resource_0658,r_attr_01,value_13
data/abac_benchmark/resource_0658,r_attr_02,value_10
data/abac_benchmark/resource_0659,r_attr_01,value_06
data/abac_benchmark/resource_0659,r_attr_02,value_15
data/abac_benchmark/resource_0660,r_attr_01,value_14
data/abac_benchmark/resource_0660,r_attr_02,value_13
data/abac_benchmark/resource_0661,r_attr_01,value_15
data/abac_benchmark/resource_0661,r_attr_02,value_05
data/abac_benchmark/resource_0662,r_attr_01,value_03
data/abac_benchmark/resource_0662,r_attr_02,value_09
data/abac_benchmark/resource_0663,r_attr_01,value_15
data/abac_benchmark/resource_0663,r_attr_02,value_14
data/abac_benchmark/resource_0664,r_attr_01,value_15
data/abac_benchmark/resource_0664,r_attr_02,value_02
data/abac_benchmark/resource_0665,r_attr_01,value_12
data/abac_benchmark/resource_0665,r_attr_02,value_11
data/abac_benchmark/resource_0666,r_attr_01,value_10
data/abac_benchmark/resource_0666,r_attr_02,value_01
data/abac_benchmark/resource_0667,r_attr_01,value_07
data/abac_benchmark/resource_0667,r_attr_02,value_02
data/abac_benchmark/resource_0668,r_attr_01,value_04
data/abac_benchmark/resource_0668,r_attr_02,value_15
data/abac_benchmark/resource_0669,r_attr_01,value_13
data/abac_benchmark/resource_0669,r_attr_02,value_15
data/abac_benchmark/resource_0670,r_attr_01,value_10
data/abac_benchmark/resource_0670,r_attr_02,value_05
data/abac_benchmark/resource_0671,r_attr_01,value_10
data/abac_benchmark/resource_0671,r_attr_02,value_02
data/abac_benchmark/resource_0672,r_attr_01,value_07
data/abac_benchmark/resource_0672,r_attr_02,value_13
data/abac_benchmark/resource_0673,r_attr_01,value_01
data/abac_benchmark/resource_0673,r_attr_02,value_08
data/abac_benchmark/resource_0674,r_attr_01,value_05
data/abac_benchmark/resource_0674,r_attr_02,value_13
data/abac_benchmark/resource_0675,r_attr_01,value_10
data/abac_benchmark/resource_0675,r_attr_02,value_09
data/abac_benchmark/resource_0676,r_attr_01,value_14
data/abac_benchmark/resource_0676,r_attr_02,value_15
data/abac_benchmark/resource_0677,r_attr_01,value_05
data/abac_benchmark/resource_0677,r_attr_02,value_06
data/abac_benchmark/resource_0678,r_attr_01,value_05
data/abac_benchmark/resource_0678,r_attr_02,value_04
data/abac_benchmark/resource_0679,r_attr_01,value_06
data/abac_benchmark/resource_0679,r_attr_02,value_15
data/abac_benchmark/resource_0680,r_attr_01,value_07
data/abac_benchmark/resource_0680,r_attr_02,value_01
data/abac_benchmark/resource_0681,r_attr_01,value_05
data/abac_benchmark/resource_0681,r_attr_02,value_05
data/abac_benchmark/resource_0682,r_attr_01,value_01
data/abac_benchmark/resource_0682,r_attr_02,value_07
data/abac_benchmark/resource_0683,r_attr_01,value_10
data/abac_benchmark/resource_0683,r_attr_02,value_13
data/abac_benchmark/resource_0684,r_attr_01,value_11
data/abac_benchmark/resource_0684,r_attr_02,value_14
data/abac_benchmark/resource_0685,r_attr_01,value_06
data/abac_benchmark/resource_0685,r_attr_02,value_00
data/abac_benchmark/resource_0686,r_attr_01,value_02
data/abac_benchmark/resource_0686,r_attr_02,value_11
data/abac_benchmark/resource_0687,r_attr_01,value_05
data/abac_benchmark/resource_0687,r_attr_02,value_08
data/abac_benchmark/resource_0688,r_attr_01,value_00
data/abac_benchmark/resource_0688,r_attr_02,value_03
data/abac_benchmark/resource_0689,r_attr_01,value_05
data/abac_benchmark/resource_0689,r_attr_02,value_02
data/abac_benchmark/resource_0690,r_attr_01,value_07
data/abac_benchmark/resource_0690,r_attr_02,value_00
data/abac_benchmark/resource_0691,r_attr_01,value_03
data/abac_benchmark/resource_0691,r_attr_02,value_01
data/abac_benchmark/resource_0692,r_attr_01,value_10
data/abac_benchmark/resource_0692,r_attr_02,value_09
data/abac_benchmark/resource_0693,r_attr_01,value_06
data/abac_benchmark/resource_0693,r_attr_02,value_04
data/abac_benchmark/resource_0694,r_attr_01,value_05
data/abac_benchmark/resource_0694,r_attr_02,value_06
data/abac_benchmark/resource_0695,r_attr_01,value_14
data/abac_benchmark/resource_0695,r_attr_02,value_04
data/abac_benchmark/resource_0696,r_attr_01,value_11
data/abac_benchmark/resource_0696,r_attr_02,value_09
data/abac_benchmark/resource_0697,r_attr_01,value_01
data/abac_benchmark/resource_0697,r_attr_02,value_10
data/abac_benchmark/resource_0698,r_attr_01,value_07
data/abac_benchmark/resource_0698,r_attr_02,value_11
data/abac_benchmark/resource_0699,r_attr_01,value_13
data/abac_benchmark/resource_0699,r_attr_02,value_00
data/abac_benchmark/resource_0700,r_attr_01,value_03
data/abac_benchmark/resource_0700,r_attr_02,value_12
data/abac_benchmark/resource_0701,r_attr_01,value_05
data/abac_benchmark/resource_0701,r_attr_02,value_06
data/abac_benchmark/resource_0702,r_attr_01,value_04
data/abac_benchmark/resource_0702,r_attr_02,value_10
data/abac_benchmark/resource_0703,r_attr_01,value_08
data/abac_benchmark/resource_0703,r_attr_02,value_14
data/abac_benchmark/resource_0704,r_attr_01,value_10
data/abac_benchmark/resource_0704,r_attr_02,value_05
data/abac_benchmark/resource_0705,r_attr_01,value_11
data/abac_benchmark/resource_0705,r_attr_02,value_10
data/abac_benchmark/resource_0706,r_attr_01,value_08
data/abac_benchmark/resource_0706,r_attr_02,value_15
data/abac_benchmark/resource_0707,r_attr_01,value_09
data/abac_benchmark/resource_0707,r_attr_02,value_15
data/abac_benchmark/resource_0708,r_attr_01,value_08
data/abac_benchmark/resource_0708,r_attr_02,value_09
data/abac_benchmark/resource_0709,r_attr_01,value_09
data/abac_benchmark/resource_0709,r_attr_02,value_09
data/abac_benchmark/resource_0710,r_attr_01,value_08
data/abac_benchmark/resource_0710,r_attr_02,value_10
data/abac_benchmark/resource_0711,r_attr_01,value_08
data/abac_benchmark/resource_0711,r_attr_02,value_08
data/abac_benchmark/resource_0712,r_attr_01,value_09
data/abac_benchmark/resource_0712,r_attr_02,value_09
data/abac_benchmark/resource_0713,r_attr_01,value_11
data/abac_benchmark/resource_0713,r_attr_02,value_06
data/abac_benchmark/resource_0714,r_attr_01,value_11
data/abac_benchmark/resource_0714,r_attr_02,value_14
data/abac_benchmark/resource_0715,r_attr_01,value_01
data/abac_benchmark/resource_0715,r_attr_02,value_03
data/abac_benchmark/resource_0716,r_attr_01,value_15
data/abac_benchmark/resource_0716,r_attr_02,value_06
data/abac_benchmark/resource_0717,r_attr_01,value_14
data/abac_benchmark/resource_0717,r_attr_02,value_11
data/abac_benchmark/resource_0718,r_attr_01,value_03
data/abac_benchmark/resource_0718,r_attr_02,value_11
data/abac_benchmark/resource_0719,r_attr_01,value_00
data/abac_benchmark/resource_0719,r_attr_02,value_09
data/abac_benchmark/resource_0720,r_attr_01,value_02
data/abac_benchmark/resource_0720,r_attr_02,value_01
data/abac_benchmark/resource_0721,r_attr_01,value_00
data/abac_benchmark/resource_0721,r_attr_02,value_04
data/abac_benchmark/resource_0722,r_attr_01,value_03
data/abac_benchmark/resource_0722,r_attr_02,value_10
data/abac_benchmark/resource_0723,r_attr_01,value_05
data/abac_benchmark/resource_0723,r_attr_02,value_06
data/abac_benchmark/resource_0724,r_attr_01,value_00
data/abac_benchmark/resource_0724,r_attr_02,value_05
data/abac_benchmark/resource_0725,r_attr_01,value_03
data/abac_benchmark/resource_0725,r_attr_02,value_13
data/abac_benchmark/resource_0726,r_attr_01,value_13
data/abac_benchmark/resource_0726,r_attr_02,value_03
data/abac_benchmark/resource_0727,r_attr_01,value_05
data/abac_benchmark/resource_0727,r_attr_02,value_02
data/abac_benchmark/resource_0728,r_attr_01,value_00
data/abac_benchmark/resource_0728,r_attr_02,value_08
data/abac_benchmark/resource_0729,r_attr_01,value_08
data/abac_benchmark/resource_0729,r_attr_02,value_02
data/abac_benchmark/resource_0730,r_attr_01,value_04
data/abac_benchmark/resource_0730,r_attr_02,value_08
data/abac_benchmark/resource_0731,r_attr_01,value_09
data/abac_benchmark/resource_0731,r_attr_02,value_05
data/abac_benchmark/resource_0732,r_attr_01,value_07
data/abac_benchmark/resource_0732,r_attr_02,value_15
data/abac_benchmark/resource_0733,r_attr_01,value_12
data/abac_benchmark/resource_0733,r_attr_02,value_07
data/abac_benchmark/resource_0734,r_attr_01,value_12
data/abac_benchmark/resource_0734,r_attr_02,value_08
data/abac_benchmark/resource_0735,r_attr_01,value_11
data/abac_benchmark/resource_0735,r_attr_02,value_02
data/abac_benchmark/resource_0736,r_attr_01,value_14
data/abac_benchmark/resource_0736,r_attr_02,value_09
data/abac_benchmark/resource_0737,r_attr_01,value_13
data/abac_benchmark/resource_0737,r_attr_02,value_04
data/abac_benchmark/resource_0738,r_attr_01,value_11
data/abac_benchmark/resource_0738,r_attr_02,value_01
data/abac_benchmark/resource_0739,r_attr_01,value_10
data/abac_benchmark/resource_0739,r_attr_02,value_07
data/abac_benchmark/resource_0740,r_attr_01,value_13
data/abac_benchmark/resource_0740,r_attr_02,value_02
data/abac_benchmark/resource_0741,r_attr_01,value_09
data/abac_benchmark/resource_0741,r_attr_02,value_10
data/abac_benchmark/resource_0742,r_attr_01,value_07
data/abac_benchmark/resource_0742,r_attr_02,value_06
data/abac_benchmark/resource_0743,r_attr_01,value_01
data/abac_benchmark/resource_0743,r_attr_02,value_04
data/abac_benchmark/resource_0744,r_attr_01,value_11
data/abac_benchmark/resource_0744,r_attr_02,value_15
data/abac_benchmark/resource_0745,r_attr_01,value_06
data/abac_benchmark/resource_0745,r_attr_02,value_00
data/abac_benchmark/resource_0746,r_attr_01,value_05
data/abac_benchmark/resource_0746,r_attr_02,value_09
data/abac_benchmark/resource_0747,r_attr_01,value_09
data/abac_benchmark/resource_0747,r_attr_02,value_02
data/abac_benchmark/resource_0748,r_attr_01,value_12
data/abac_benchmark/resource_0748,r_attr_02,value_00
data/abac_benchmark/resource_0749,r_attr_01,value_07
data/abac_benchmark/resource_0749,r_attr_02,value_14
data/abac_benchmark/resource_0750,r_attr_01,value_12
data/abac_benchmark/resource_0750,r_attr_02,value_14
data/abac_benchmark/resource_0751,r_attr_01,value_09
data/abac_benchmark/resource_0751,r_attr_02,value_15
data/abac_benchmark/resource_0752,r_attr_01,value_03
data/abac_benchmark/resource_0752,r_attr_02,value_03
data/abac_benchmark/resource_0753,r_attr_01,value_07
data/abac_benchmark/resource_0753,r_attr_02,value_09
data/abac_benchmark/resource_0754,r_attr_01,value_08
data/abac_benchmark/resource_0754,r_attr_02,value_04
data/abac_benchmark/resource_0755,r_attr_01,value_02
data/abac_benchmark/resource_0755,r_attr_02,value_15
data/abac_benchmark/resource_0756,r_attr_01,value_10
data/abac_benchmark/resource_0756,r_attr_02,value_11
data/abac_benchmark/resource_0757,r_attr_01,value_08
data/abac_benchmark/resource_0757,r_attr_02,value_15
data/abac_benchmark/resource_0758,r_attr_01,value_15
data/abac_benchmark/resource_0758,r_attr_02,value_14
data/abac_benchmark/resource_0759,r_attr_01,value_08
data/abac_benchmark/resource_0759,r_attr_02,value_04
data/abac_benchmark/resource_0760,r_attr_01,value_01
data/abac_benchmark/resource_0760,r_attr_02,value_12
data/abac_benchmark/resource_0761,r_attr_01,value_09
data/abac_benchmark/resource_0761,r_attr_02,value_01
data/abac_benchmark/resource_0762,r_attr_01,value_00
data/abac_benchmark/resource_0762,r_attr_02,value_08
data/abac_benchmark/resource_0763,r_attr_01,value_15
data/abac_benchmark/resource_0763,r_attr_02,value_09
data/abac_benchmark/resource_0764,r_attr_01,value_12
data/abac_benchmark/resource_0764,r_attr_02,value_11
data/abac_benchmark/resource_0765,r_attr_01,value_05
data/abac_benchmark/resource_0765,r_attr_02,value_04
data/abac_benchmark/resource_0766,r_attr_01,value_03
data/abac_benchmark/resource_0766,r_attr_02,value_15
data/abac_benchmark/resource_0767,r_attr_01,value_13
data/abac_benchmark/resource_0767,r_attr_02,value_05
data/abac_benchmark/resource_0768,r_attr_01,value_15
data/abac_benchmark/resource_0768,r_attr_02,value_06
data/abac_benchmark/resource_0769,r_attr_01,value_00
data/abac_benchmark/resource_0769,r_attr_02,value_02
data/abac_benchmark/resource_0770,r_attr_01,value_13
data/abac_benchmark/resource_0770,r_attr_02,value_11
data/abac_benchmark/resource_0771,r_attr_01,value_03
data/abac_benchmark/resource_0771,r_attr_02,value_14
data/abac_benchmark/resource_0772,r_attr_01,value_02
data/abac_benchmark/resource_0772,r_attr_02,value_14
data/abac_benchmark/resource_0773,r_attr_01,value_11
data/abac_benchmark/resource_0773,r_attr_02,value_03
data/abac_benchmark/resource_0774,r_attr_01,value_07
data/abac_benchmark/resource_0774,r_attr_02,value_06
data/abac_benchmark/resource_0775,r_attr_01,value_10
data/abac_benchmark/resource_0775,r_attr_02,value_15
data/abac_benchmark/resource_0776,r_attr_01,value_05
data/abac_benchmark/resource_0776,r_attr_02,value_03
data/abac_benchmark/resource_0777,r_attr_01,value_11
data/abac_benchmark/resource_0777,r_attr_02,value_10
data/abac_benchmark/resource_0778,r_attr_01,value_07
data/abac_benchmark/resource_0778,r_attr_02,value_12
data/abac_benchmark/resource_0779,r_attr_01,value_07
data/abac_benchmark/resource_0779,r_attr_02,value_14
data/abac_benchmark/resource_0780,r_attr_01,value_05
data/abac_benchmark/resource_0780,r_attr_02,value_15
data/abac_benchmark/resource_0781,r_attr_01,value_01
data/abac_benchmark/resource_0781,r_attr_02,value_15
data/abac_benchmark/resource_0782,r_attr_01,value_02
data/abac_benchmark/resource_0782,r_attr_02,value_03
data/abac_benchmark/resource_0783,r_attr_01,value_15
data/abac_benchmark/resource_0783,r_attr_02,value_06
data/abac_benchmark/resource_0784,r_attr_01,value_12
data/abac_benchmark/resource_0784,r_attr_02,value_12
data/abac_benchmark/resource_0785,r_attr_01,value_04
data/abac_benchmark/resource_0785,r_attr_02,value_01
data/abac_benchmark/resource_0786,r_attr_01,value_14
data/abac_benchmark/resource_0786,r_attr_02,value_09
data/abac_benchmark/resource_0787,r_attr_01,value_05
data/abac_benchmark/resource_0787,r_attr_02,value_14
data/abac_benchmark/resource_0788,r_attr_01,value_05
data/abac_benchmark/resource_0788,r_attr_02,value_09
data/abac_benchmark/resource_0789,r_attr_01,value_02
data/abac_benchmark/resource_0789,r_attr_02,value_15
data/abac_benchmark/resource_0790,r_attr_01,value_04
data/abac_benchmark/resource_0790,r_attr_02,value_05
data/abac_benchmark/resource_0791,r_attr_01,value_14
data/abac_benchmark/resource_0791,r_attr_02,value_04
data/abac_benchmark/resource_0792,r_attr_01,value_09
data/abac_benchmark/resource_0792,r_attr_02,value_00
data/abac_benchmark/resource_0793,r_attr_01,value_10
data/abac_benchmark/resource_0793,r_attr_02,value_04
data/abac_benchmark/resource_0794,r_attr_01,value_00
data/abac_benchmark/resource_0794,r_attr_02,value_13
data/abac_benchmark/resource_0795,r_attr_01,value_06
data/abac_benchmark/resource_0795,r_attr_02,value_10
data/abac_benchmark/resource_0796,r_attr_01,value_01
data/abac_benchmark/resource_0796,r_attr_02,value_11
data/abac_benchmark/resource_0797,r_attr_01,value_15
data/abac_benchmark/resource_0797,r_attr_02,value_01
data/abac_benchmark/resource_0798,r_attr_01,value_08
data/abac_benchmark/resource_0798,r_attr_02,value_11
data/abac_benchmark/resource_0799,r_attr_01,value_11
data/abac_benchmark/resource_0799,r_attr_02,value_06
data/abac_benchmark/resource_0800,r_attr_01,value_15
data/abac_benchmark/resource_0800,r_attr_02,value_10
data/abac_benchmark/resource_0801,r_attr_01,value_14
data/abac_benchmark/resource_0801,r_attr_02,value_05
data/abac_benchmark/resource_0802,r_attr_01,value_07
data/abac_benchmark/resource_0802,r_attr_02,value_11
data/abac_benchmark/resource_0803,r_attr_01,value_15
data/abac_benchmark/resource_0803,r_attr_02,value_00
data/abac_benchmark/resource_0804,r_attr_01,value_08
data/abac_benchmark/resource_0804,r_attr_02,value_03
data/abac_benchmark/resource_0805,r_attr_01,value_07
data/abac_benchmark/resource_0805,r_attr_02,value_14
data/abac_benchmark/resource_0806,r_attr_01,value_11
data/abac_benchmark/resource_0806,r_attr_02,value_09
data/abac_benchmark/resource_0807,r_attr_01,value_04
data/abac_benchmark/resource_0807,r_attr_02,value_07
data/abac_benchmark/resource_0808,r_attr_01,value_04
data/abac_benchmark/resource_0808,r_attr_02,value_05
data/abac_benchmark/resource_0809,r_attr_01,value_09
data/abac_benchmark/resource_0809,r_attr_02,value_06
data/abac_benchmark/resource_0810,r_attr_01,value_14
data/abac_benchmark/resource_0810,r_attr_02,value_09
data/abac_benchmark/resource_0811,r_attr_01,value_11
data/abac_benchmark/resource_0811,r_attr_02,value_02
data/abac_benchmark/resource_0812,r_attr_01,value_15
data/abac_benchmark/resource_0812,r_attr_02,value_00
data/abac_benchmark/resource_0813,r_attr_01,value_09
data/abac_benchmark/resource_0813,r_attr_02,value_04
data/abac_benchmark/resource_0814,r_attr_01,value_15
data/abac_benchmark/resource_0814,r_attr_02,value_13
data/abac_benchmark/resource_0815,r_attr_01,value_05
data/abac_benchmark/resource_0815,r_attr_02,value_09
data/abac_benchmark/resource_0816,r_attr_01,value_03
data/abac_benchmark/resource_0816,r_attr_02,value_03
data/abac_benchmark/resource_0817,r_attr_01,value_03
data/abac_benchmark/resource_0817,r_attr_02,value_05
data/abac_benchmark/resource_0818,r_attr_01,value_09
data/abac_benchmark/resource_0818,r_attr_02,value_14
data/abac_benchmark/resource_0819,r_attr_01,value_11
data/abac_benchmark/resource_0819,r_attr_02,value_03
data/abac_benchmark/resource_0820,r_attr_01,value_03
data/abac_benchmark/resource_0820,r_attr_02,value_01
data/abac_benchmark/resource_0821,r_attr_01,value_15
data/abac_benchmark/resource_0821,r_attr_02,value_09
data/abac_benchmark/resource_0822,r_attr_01,value_00
data/abac_benchmark/resource_0822,r_attr_02,value_04
data/abac_benchmark/resource_0823,r_attr_01,value_09
data/abac_benchmark/resource_0823,r_attr_02,value_09
data/abac_benchmark/resource_0824,r_attr_01,value_02
data/abac_benchmark/resource_0824,r_attr_02,value_06
data/abac_benchmark/resource_0825,r_attr_01,value_13
data/abac_benchmark/resource_0825,r_attr_02,value_14
data/abac_benchmark/resource_0826,r_attr_01,value_03
data/abac_benchmark/resource_0826,r_attr_02,value_09
data/abac_benchmark/resource_0827,r_attr_01,value_05
data/abac_benchmark/resource_0827,r_attr_02,value_00
data/abac_benchmark/resource_0828,r_attr_01,value_14
data/abac_benchmark/resource_0828,r_attr_02,value_08
data/abac_benchmark/resource_0829,r_attr_01,value_07
data/abac_benchmark/resource_0829,r_attr_02,value_13
data/abac_benchmark/resource_0830,r_attr_01,value_06
data/abac_benchmark/resource_0830,r_attr_02,value_15
data/abac_benchmark/resource_0831,r_attr_01,value_10
data/abac_benchmark/resource_0831,r_attr_02,value_02
data/abac_benchmark/resource_0832,r_attr_01,value_04
data/abac_benchmark/resource_0832,r_attr_02,value_04
data/abac_benchmark/resource_0833,r_attr_01,value_07
data/abac_benchmark/resource_0833,r_attr_02,value_11
data/abac_benchmark/resource_0834,r_attr_01,value_04
data/abac_benchmark/resource_0834,r_attr_02,value_00
data/abac_benchmark/resource_0835,r_attr_01,value_14
data/abac_benchmark/resource_0835,r_attr_02,value_09
data/abac_benchmark/resource_0836,r_attr_01,value_04
data/abac_benchmark/resource_0836,r_attr_02,value_02
data/abac_benchmark/resource_0837,r_attr_01,value_08
data/abac_benchmark/resource_0837,r_attr_02,value_09
data/abac_benchmark/resource_0838,r_attr_01,value_01
data/abac_benchmark/resource_0838,r_attr_02,value_10
data/abac_benchmark/resource_0839,r_attr_01,value_05
data/abac_benchmark/resource_0839,r_attr_02,value_08
data/abac_benchmark/resource_0840,r_attr_01,value_05
data/abac_benchmark/resource_0840,r_attr_02,value_08
data/abac_benchmark/resource_0841,r_attr_01,value_12
data/abac_benchmark/resource_0841,r_attr_02,value_07
data/abac_benchmark/resource_0842,r_attr_01,value_10
data/abac_benchmark/resource_0842,r_attr_02,value_10
data/abac_benchmark/resource_0843,r_attr_01,value_00
data/abac_benchmark/resource_0843,r_attr_02,value_13
data/abac_benchmark/resource_0844,r_attr_01,value_11
data/abac_benchmark/resource_0844,r_attr_02,value_05
data/abac_benchmark/resource_0845,r_attr_01,value_01
data/abac_benchmark/resource_0845,r_attr_02,value_05
data/abac_benchmark/resource_0846,r_attr_01,value_05
data/abac_benchmark/resource_0846,r_attr_02,value_01
data/abac_benchmark/resource_0847,r_attr_01,value_02
data/abac_benchmark/resource_0847,r_attr_02,value_12
data/abac_benchmark/resource_0848,r_attr_01,value_01
data/abac_benchmark/resource_0848,r_attr_02,value_13
data/abac_benchmark/resource_0849,r_attr_01,value_05
data/abac_benchmark/resource_0849,r_attr_02,value_09
data/abac_benchmark/resource_0850,r_attr_01,value_12
data/abac_benchmark/resource_0850,r_attr_02,value_12
data/abac_benchmark/resource_0851,r_attr_01,value_14
data/abac_benchmark/resource_0851,r_attr_02,value_05
data/abac_benchmark/resource_0852,r_attr_01,value_14
data/abac_benchmark/resource_0852,r_attr_02,value_06
data/abac_benchmark/resource_0853,r_attr_01,value_14
data/abac_benchmark/resource_0853,r_attr_02,value_10
data/abac_benchmark/resource_0854,r_attr_01,value_00
data/abac_benchmark/resource_0854,r_attr_02,value_02
data/abac_benchmark/resource_0855,r_attr_01,value_14
data/abac_benchmark/resource_0855,r_attr_02,value_08
data/abac_benchmark/resource_0856,r_attr_01,value_00
data/abac_benchmark/resource_0856,r_attr_02,value_03
data/abac_benchmark/resource_0857,r_attr_01,value_00
data/abac_benchmark/resource_0857,r_attr_02,value_03
data/abac_benchmark/resource_0858,r_attr_01,value_02
data/abac_benchmark/resource_0858,r_attr_02,value_13
data/abac_benchmark/resource_0859,r_attr_01,value_13
data/abac_benchmark/resource_0859,r_attr_02,value_09
data/abac_benchmark/resource_0860,r_attr_01,value_10
data/abac_benchmark/resource_0860,r_attr_02,value_14
data/abac_benchmark/resource_0861,r_attr_01,value_08
data/abac_benchmark/resource_0861,r_attr_02,value_13
data/abac_benchmark/resource_0862,r_attr_01,value_01
data/abac_benchmark/resource_0862,r_attr_02,value_12
data/abac_benchmark/resource_0863,r_attr_01,value_05
data/abac_benchmark/resource_0863,r_attr_02,value_09
data/abac_benchmark/resource_0864,r_attr_01,value_12
data/abac_benchmark/resource_0864,r_attr_02,value_03
data/abac_benchmark/resource_0865,r_attr_01,value_00
data/abac_benchmark/resource_0865,r_attr_02,value_09
data/abac_benchmark/resource_0866,r_attr_01,value_09
data/abac_benchmark/resource_0866,r_attr_02,value_02
data/abac_benchmark/resource_0867,r_attr_01,value_11
data/abac_benchmark/resource_0867,r_attr_02,value_14
data/abac_benchmark/resource_0868,r_attr_01,value_05
data/abac_benchmark/resource_0868,r_attr_02,value_14
data/abac_benchmark/resource_0869,r_attr_01,value_14
data/abac_benchmark/resource_0869,r_attr_02,value_01
data/abac_benchmark/resource_0870,r_attr_01,value_00
data/abac_benchmark/resource_0870,r_attr_02,value_05
data/abac_benchmark/resource_0871,r_attr_01,value_03
data/abac_benchmark/resource_0871,r_attr_02,value_02
data/abac_benchmark/resource_0872,r_attr_01,value_02
data/abac_benchmark/resource_0872,r_attr_02,value_06
data/abac_benchmark/resource_0873,r_attr_01,value_00
data/abac_benchmark/resource_0873,r_attr_02,value_01
data/abac_benchmark/resource_0874,r_attr_01,value_06
data/abac_benchmark/resource_0874,r_attr_02,value_06
data/abac_benchmark/resource_0875,r_attr_01,value_06
data/abac_benchmark/resource_0875,r_attr_02,value_10
data/abac_benchmark/resource_0876,r_attr_01,value_15
data/abac_benchmark/resource_0876,r_attr_02,value_10
data/abac_benchmark/resource_0877,r_attr_01,value_14
data/abac_benchmark/resource_0877,r_attr_02,value_00
data/abac_benchmark/resource_0878,r_attr_01,value_09
data/abac_benchmark/resource_0878,r_attr_02,value_14
data/abac_benchmark/resource_0879,r_attr_01,value_14
data/abac_benchmark/resource_0879,r_attr_02,value_01
data/abac_benchmark/resource_0880,r_attr_01,value_08
data/abac_benchmark/resource_0880,r_attr_02,value_11
data/abac_benchmark/resource_0881,r_attr_01,value_08
data/abac_benchmark/resource_0881,r_attr_02,value_01
data/abac_benchmark/resource_0882,r_attr_01,value_13
data/abac_benchmark/resource_0882,r_attr_02,value_14
data/abac_benchmark/resource_0883,r_attr_01,value_02
data/abac_benchmark/resource_0883,r_attr_02,value_09
data/abac_benchmark/resource_0884,r_attr_01,value_05
data/abac_benchmark/resource_0884,r_attr_02,value_10
data/abac_benchmark/resource_0885,r_attr_01,value_04
data/abac_benchmark/resource_0885,r_attr_02,value_02
data/abac_benchmark/resource_0886,r_attr_01,value_13
data/abac_benchmark/resource_0886,r_attr_02,value_04
data/abac_benchmark/resource_0887,r_attr_01,value_13
data/abac_benchmark/resource_0887,r_attr_02,value_03
data/abac_benchmark/resource_0888,r_attr_01,value_15
data/abac_benchmark/resource_0888,r_attr_02,value_01
data/abac_benchmark/resource_0889,r_attr_01,value_06
data/abac_benchmark/resource_0889,r_attr_02,value_13
data/abac_benchmark/resource_0890,r_attr_01,value_08
data/abac_benchmark/resource_0890,r_attr_02,value_00
data/abac_benchmark/resource_0891,r_attr_01,value_00
data/abac_benchmark/resource_0891,r_attr_02,value_06
data/abac_benchmark/resource_0892,r_attr_01,value_05
data/abac_benchmark/resource_0892,r_attr_02,value_12
data/abac_benchmark/resource_0893,r_attr_01,value_06
data/abac_benchmark/resource_0893,r_attr_02,value_14
data/abac_benchmark/resource_0894,r_attr_01,value_08
data/abac_benchmark/resource_0894,r_attr_02,value_03
data/abac_benchmark/resource_0895,r_attr_01,value_13
data/abac_benchmark/resource_0895,r_attr_02,value_15
data/abac_benchmark/resource_0896,r_attr_01,value_03
data/abac_benchmark/resource_0896,r_attr_02,value_02
data/abac_benchmark/resource_0897,r_attr_01,value_13
data/abac_benchmark/resource_0897,r_attr_02,value_05
data/abac_benchmark/resource_0898,r_attr_01,value_10
data/abac_benchmark/resource_0898,r_attr_02,value_14
data/abac_benchmark/resource_0899,r_attr_01,value_08
data/abac_benchmark/resource_0899,r_attr_02,value_02
data/abac_benchmark/resource_0900,r_attr_01,value_02
data/abac_benchmark/resource_0900,r_attr_02,value_05
data/abac_benchmark/resource_0901,r_attr_01,value_10
data/abac_benchmark/resource_0901,r_attr_02,value_10
data/abac_benchmark/resource_0902,r_attr_01,value_02
data/abac_benchmark/resource_0902,r_attr_02,value_05
data/abac_benchmark/resource_0903,r_attr_01,value_11
data/abac_benchmark/resource_0903,r_attr_02,value_06
data/abac_benchmark/resource_0904,r_attr_01,value_04
data/abac_benchmark/resource_0904,r_attr_02,value_03
data/abac_benchmark/resource_0905,r_attr_01,value_10
data/abac_benchmark/resource_0905,r_attr_02,value_09
data/abac_benchmark/resource_0906,r_attr_01,value_00
data/abac_benchmark/resource_0906,r_attr_02,value_03
data/abac_benchmark/resource_0907,r_attr_01,value_10
data/abac_benchmark/resource_0907,r_attr_02,value_00
data/abac_benchmark/resource_0908,r_attr_01,value_01
data/abac_benchmark/resource_0908,r_attr_02,value_07
data/abac_benchmark/resource_0909,r_attr_01,value_09
data/abac_benchmark/resource_0909,r_attr_02,value_05
data/abac_benchmark/resource_0910,r_attr_01,value_15
data/abac_benchmark/resource_0910,r_attr_02,value_04
data/abac_benchmark/resource_0911,r_attr_01,value_10
data/abac_benchmark/resource_0911,r_attr_02,value_12
data/abac_benchmark/resource_0912,r_attr_01,value_07
data/abac_benchmark/resource_0912,r_attr_02,value_10
data/abac_benchmark/resource_0913,r_attr_01,value_11
data/abac_benchmark/resource_0913,r_attr_02,value_05
data/abac_benchmark/resource_0914,r_attr_01,value_02
data/abac_benchmark/resource_0914,r_attr_02,value_08
data/abac_benchmark/resource_0915,r_attr_01,value_10
data/abac_benchmark/resource_0915,r_attr_02,value_01
data/abac_benchmark/resource_0916,r_attr_01,value_09
data/abac_benchmark/resource_0916,r_attr_02,value_06
data/abac_benchmark/resource_0917,r_attr_01,value_04
data/abac_benchmark/resource_0917,r_attr_02,value_15
data/abac_benchmark/resource_0918,r_attr_01,value_07
data/abac_benchmark/resource_0918,r_attr_02,value_01
data/abac_benchmark/resource_0919,r_attr_01,value_12
data/abac_benchmark/resource_0919,r_attr_02,value_09
data/abac_benchmark/resource_0920,r_attr_01,value_08
data/abac_benchmark/resource_0920,r_attr_02,value_06
data/abac_benchmark/resource_0921,r_attr_01,value_03
data/abac_benchmark/resource_0921,r_attr_02,value_11
data/abac_benchmark/resource_0922,r_attr_01,value_11
data/abac_benchmark/resource_0922,r_attr_02,value_03
data/abac_benchmark/resource_0923,r_attr_01,value_11
data/abac_benchmark/resource_0923,r_attr_02,value_11
data/abac_benchmark/resource_0924,r_attr_01,value_12
data/abac_benchmark/resource_0924,r_attr_02,value_01
data/abac_benchmark/resource_0925,r_attr_01,value_02
data/abac_benchmark/resource_0925,r_attr_02,value_01
data/abac_benchmark/resource_0926,r_attr_01,value_00
data/abac_benchmark/resource_0926,r_attr_02,value_05
data/abac_benchmark/resource_0927,r_attr_01,value_01
data/abac_benchmark/resource_0927,r_attr_02,value_09
data/abac_benchmark/resource_0928,r_attr_01,value_03
data/abac_benchmark/resource_0928,r_attr_02,value_12
data/abac_benchmark/resource_0929,r_attr_01,value_14
data/abac_benchmark/resource_0929,r_attr_02,value_12
data/abac_benchmark/resource_0930,r_attr_01,value_13
data/abac_benchmark/resource_0930,r_attr_02,value_00
data/abac_benchmark/resource_0931,r_attr_01,value_07
data/abac_benchmark/resource_0931,r_attr_02,value_01
data/abac_benchmark/resource_0932,r_attr_01,value_07
data/abac_benchmark/resource_0932,r_attr_02,value_12
data/abac_benchmark/resource_0933,r_attr_01,value_07
data/abac_benchmark/resource_0933,r_attr_02,value_03
data/abac_benchmark/resource_0934,r_attr_01,value_04
data/abac_benchmark/resource_0934,r_attr_02,value_03
data/abac_benchmark/resource_0935,r_attr_01,value_15
data/abac_benchmark/resource_0935,r_attr_02,value_01
data/abac_benchmark/resource_0936,r_attr_01,value_02
data/abac_benchmark/resource_0936,r_attr_02,value_05
data/abac_benchmark/resource_0937,r_attr_01,value_05
data/abac_benchmark/resource_0937,r_attr_02,value_02
data/abac_benchmark/resource_0938,r_attr_01,value_04
data/abac_benchmark/resource_0938,r_attr_02,value_09
data/abac_benchmark/resource_0939,r_attr_01,value_06
data/abac_benchmark/resource_0939,r_attr_02,value_10
data/abac_benchmark/resource_0940,r_attr_01,value_10
data/abac_benchmark/resource_0940,r_attr_02,value_13
data/abac_benchmark/resource_0941,r_attr_01,value_03
data/abac_benchmark/resource_0941,r_attr_02,value_00
data/abac_benchmark/resource_0942,r_attr_01,value_02
data/abac_benchmark/resource_0942,r_attr_02,value_07
data/abac_benchmark/resource_0943,r_attr_01,value_13
data/abac_benchmark/resource_0943,r_attr_02,value_01
data/abac_benchmark/resource_0944,r_attr_01,value_00
data/abac_benchmark/resource_0944,r_attr_02,value_05
data/abac_benchmark/resource_0945,r_attr_01,value_15
data/abac_benchmark/resource_0945,r_attr_02,value_00
data/abac_benchmark/resource_0946,r_attr_01,value_12
data/abac_benchmark/resource_0946,r_attr_02,value_12
data/abac_benchmark/resource_0947,r_attr_01,value_04
data/abac_benchmark/resource_0947,r_attr_02,value_08
data/abac_benchmark/resource_0948,r_attr_01,value_00
data/abac_benchmark/resource_0948,r_attr_02,value_06
data/abac_benchmark/resource_0949,r_attr_01,value_03
data/abac_benchmark/resource_0949,r_attr_02,value_01
data/abac_benchmark/resource_0950,r_attr_01,value_07
data/abac_benchmark/resource_0950,r_attr_02,value_01
data/abac_benchmark/resource_0951,r_attr_01,value_08
data/abac_benchmark/resource_0951,r_attr_02,value_15
data/abac_benchmark/resource_0952,r_attr_01,value_03
data/abac_benchmark/resource_0952,r_attr_02,value_09
data/abac_benchmark/resource_0953,r_attr_01,value_05
data/abac_benchmark/resource_0953,r_attr_02,value_00
data/abac_benchmark/resource_0954,r_attr_01,value_14
data/abac_benchmark/resource_0954,r_attr_02,value_06
data/abac_benchmark/resource_0955,r_attr_01,value_10
data/abac_benchmark/resource_0955,r_attr_02,value_08
data/abac_benchmark/resource_0956,r_attr_01,value_05
data/abac_benchmark/resource_0956,r_attr_02,value_00
data/abac_benchmark/resource_0957,r_attr_01,value_03
data/abac_benchmark/resource_0957,r_attr_02,value_08
data/abac_benchmark/resource_0958,r_attr_01,value_15
data/abac_benchmark/resource_0958,r_attr_02,value_01
data/abac_benchmark/resource_0959,r_attr_01,value_03
data/abac_benchmark/resource_0959,r_attr_02,value_01
data/abac_benchmark/resource_0960,r_attr_01,value_00
data/abac_benchmark/resource_0960,r_attr_02,value_15
data/abac_benchmark/resource_0961,r_attr_01,value_11
data/abac_benchmark/resource_0961,r_attr_02,value_06
data/abac_benchmark/resource_0962,r_attr_01,value_14
data/abac_benchmark/resource_0962,r_attr_02,value_06
data/abac_benchmark/resource_0963,r_attr_01,value_01
data/abac_benchmark/resource_0963,r_attr_02,value_01
data/abac_benchmark/resource_0964,r_attr_01,value_12
data/abac_benchmark/resource_0964,r_attr_02,value_02
data/abac_benchmark/resource_0965,r_attr_01,value_10
data/abac_benchmark/resource_0965,r_attr_02,value_06
data/abac_benchmark/resource_0966,r_attr_01,value_14
data/abac_benchmark/resource_0966,r_attr_02,value_08
data/abac_benchmark/resource_0967,r_attr_01,value_12
data/abac_benchmark/resource_0967,r_attr_02,value_14
data/abac_benchmark/resource_0968,r_attr_01,value_02
data/abac_benchmark/resource_0968,r_attr_02,value_11
data/abac_benchmark/resource_0969,r_attr_01,value_02
data/abac_benchmark/resource_0969,r_attr_02,value_14
data/abac_benchmark/resource_0970,r_attr_01,value_15
data/abac_benchmark/resource_0970,r_attr_02,value_07
data/abac_benchmark/resource_0971,r_attr_01,value_03
data/abac_benchmark/resource_0971,r_attr_02,value_08
data/abac_benchmark/resource_0972,r_attr_01,value_14
data/abac_benchmark/resource_0972,r_attr_02,value_05
data/abac_benchmark/resource_0973,r_attr_01,value_13
data/abac_benchmark/resource_0973,r_attr_02,value_12
data/abac_benchmark/resource_0974,r_attr_01,value_13
data/abac_benchmark/resource_0974,r_attr_02,value_03
data/abac_benchmark/resource_0975,r_attr_01,value_11
data/abac_benchmark/resource_0975,r_attr_02,value_11
data/abac_benchmark/resource_0976,r_attr_01,value_05
data/abac_benchmark/resource_0976,r_attr_02,value_01
data/abac_benchmark/resource_0977,r_attr_01,value_07
data/abac_benchmark/resource_0977,r_attr_02,value_13
data/abac_benchmark/resource_0978,r_attr_01,value_14
data/abac_benchmark/resource_0978,r_attr_02,value_05
data/abac_benchmark/resource_0979,r_attr_01,value_10
data/abac_benchmark/resource_0979,r_attr_02,value_13
data/abac_benchmark/resource_0980,r_attr_01,value_11
data/abac_benchmark/resource_0980,r_attr_02,value_02
data/abac_benchmark/resource_0981,r_attr_01,value_02
data/abac_benchmark/resource_0981,r_attr_02,value_11
data/abac_benchmark/resource_0982,r_attr_01,value_07
data/abac_benchmark/resource_0982,r_attr_02,value_04
data/abac_benchmark/resource_0983,r_attr_01,value_08
data/abac_benchmark/resource_0983,r_attr_02,value_13
data/abac_benchmark/resource_0984,r_attr_01,value_07
data/abac_benchmark/resource_0984,r_attr_02,value_07
data/abac_benchmark/resource_0985,r_attr_01,value_12
data/abac_benchmark/resource_0985,r_attr_02,value_08
data/abac_benchmark/resource_0986,r_attr_01,value_03
data/abac_benchmark/resource_0986,r_attr_02,value_15
data/abac_benchmark/resource_0987,r_attr_01,value_08
data/abac_benchmark/resource_0987,r_attr_02,value_01
data/abac_benchmark/resource_0988,r_attr_01,value_13
data/abac_benchmark/resource_0988,r_attr_02,value_09
data/abac_benchmark/resource_0989,r_attr_01,value_13
data/abac_benchmark/resource_0989,r_attr_02,value_00
data/abac_benchmark/resource_0990,r_attr_01,value_08
data/abac_benchmark/resource_0990,r_attr_02,value_05
data/abac_benchmark/resource_0991,r_attr_01,value_12
data/abac_benchmark/resource_0991,r_attr_02,value_03
data/abac_benchmark/resource_0992,r_attr_01,value_15
data/abac_benchmark/resource_0992,r_attr_02,value_13
data/abac_benchmark/resource_0993,r_attr_01,value_07
data/abac_benchmark/resource_0993,r_attr_02,value_00
data/abac_benchmark/resource_0994,r_attr_01,value_00
data/abac_benchmark/resource_0994,r_attr_02,value_07
data/abac_benchmark/resource_0995,r_attr_01,value_06
data/abac_benchmark/resource_0995,r_attr_02,value_12
data/abac_benchmark/resource_0996,r_attr_01,value_15
data/abac_benchmark/resource_0996,r_attr_02,value_04
data/abac_benchmark/resource_0997,r_attr_01,value_07
data/abac_benchmark/resource_0997,r_attr_02,value_04
data/abac_benchmark/resource_0998,r_attr_01,value_06
data/abac_benchmark/resource_0998,r_attr_02,value_11
data/abac_benchmark/resource_0999,r_attr_01,value_11
data/abac_benchmark/resource_0999,r_attr_02,value_08
data/abac_benchmark/resource_1000,r_attr_01,value_00
data/abac_benchmark/resource_1000,r_attr_02,value_03
