rule_count,conditions_per_rule,sample,elapsed_ns
1,1,0,597001
1,1,1,608754
1,1,2,598773
1,1,3,612829
1,1,4,591765
1,1,5,606121
1,1,6,588641
1,1,7,606951
1,1,8,602606
1,1,9,542606
1,1,10,639946
1,1,11,649741
1,1,12,681656
1,1,13,621261
1,1,14,581362
1,1,15,604384
1,1,16,570960
1,1,17,560667
1,1,18,574870
1,1,19,614066
1,1,20,603851
1,1,21,576889
1,1,22,617177
1,1,23,655772
1,1,24,584974
1,1,25,536902
1,1,26,552876
1,1,27,518785
1,1,28,544052
1,1,29,586113
1,1,30,544708
1,1,31,548983
1,1,32,623285
1,1,33,533453
1,1,34,619174
1,1,35,566961
1,1,36,628498
1,1,37,568388
1,1,38,571858
1,1,39,586787
1,1,40,566380
1,1,41,537827
1,1,42,536943
1,1,43,576519
1,1,44,561403
1,1,45,638719
1,1,46,613410
1,1,47,680762
1,1,48,523039
1,1,49,515957
1,1,50,499791
1,1,51,481280
1,1,52,518126
1,1,53,502355
1,1,54,502201
1,1,55,521117
1,1,56,533374
1,1,57,484354
1,1,58,548294
1,1,59,554157
1,1,60,513947
1,1,61,505991
1,1,62,533582
1,1,63,530751
1,1,64,527897
1,1,65,478893
1,1,66,521385
1,1,67,561051
1,1,68,563839
1,1,69,565606
1,1,70,822675
1,1,71,589211
1,1,72,592995
1,1,73,585277
1,1,74,607850
1,1,75,667887
1,1,76,551720
1,1,77,554468
1,1,78,507933
1,1,79,540361
1,1,80,545412
1,1,81,608738
1,1,82,525289
1,1,83,459861
1,1,84,470564
1,1,85,480272
1,1,86,468321
1,1,87,505560
1,1,88,460075
1,1,89,780184
1,1,90,501909
1,1,91,496198
1,1,92,499835
1,1,93,476747
1,1,94,469084
1,1,95,639011
1,1,96,496591
1,1,97,481547
1,1,98,464163
1,1,99,489376
10,1,0,960715
10,1,1,1010908
10,1,2,992269
10,1,3,1286560
10,1,4,943298
10,1,5,944918
10,1,6,913333
10,1,7,797386
10,1,8,761928
10,1,9,911128
10,1,10,1091147
10,1,11,916546
10,1,12,789772
10,1,13,785590
10,1,14,814935
10,1,15,741899
10,1,16,824581
10,1,17,970792
10,1,18,1366422
10,1,19,1340154
10,1,20,1193972
10,1,21,976129
10,1,22,916338
10,1,23,809921
10,1,24,1117552
10,1,25,1024552
10,1,26,1006281
10,1,27,879929
10,1,28,914157
10,1,29,910882
10,1,30,821964
10,1,31,942823
10,1,32,855182
10,1,33,906784
10,1,34,968718
10,1,35,787035
10,1,36,688824
10,1,37,671404
10,1,38,676213
10,1,39,673933
10,1,40,849316
10,1,41,655357
10,1,42,658551
10,1,43,695989
10,1,44,643249
10,1,45,645783
10,1,46,795996
10,1,47,789945
10,1,48,683097
10,1,49,806767
10,1,50,856719
10,1,51,1007089
10,1,52,736092
10,1,53,636634
10,1,54,668791
10,1,55,632962
10,1,56,676458
10,1,57,690165
10,1,58,627020
10,1,59,736702
10,1,60,887066
10,1,61,927824
10,1,62,732819
10,1,63,658775
10,1,64,679803
10,1,65,631338
10,1,66,583765
10,1,67,608576
10,1,68,623922
10,1,69,880198
10,1,70,648969
10,1,71,611083
10,1,72,593571
10,1,73,614184
10,1,74,635000
10,1,75,733794
10,1,76,737916
10,1,77,699275
10,1,78,711552
10,1,79,736068
10,1,80,708137
10,1,81,705246
10,1,82,896714
10,1,83,624747
10,1,84,609134
10,1,85,619387
10,1,86,671855
10,1,87,736179
10,1,88,998125
10,1,89,726321
10,1,90,825732
10,1,91,639892
10,1,92,614566
10,1,93,570635
10,1,94,594554
10,1,95,658129
10,1,96,576190
10,1,97,729284
10,1,98,723554
10,1,99,632344
50,1,0,1563124
50,1,1,1475271
50,1,2,1417016
50,1,3,1611719
50,1,4,1838285
50,1,5,3603524
50,1,6,3499316
50,1,7,3638563
50,1,8,3448743
50,1,9,3457917
50,1,10,3568621
50,1,11,3610764
50,1,12,3463744
50,1,13,3280151
50,1,14,3381504
50,1,15,3461556
50,1,16,3392937
50,1,17,3284389
50,1,18,3080477
50,1,19,3111512
50,1,20,2603199
50,1,21,1968195
50,1,22,1850566
50,1,23,1979868
50,1,24,2547526
50,1,25,2306237
50,1,26,1525364
50,1,27,1656819
50,1,28,1753654
50,1,29,1533103
50,1,30,1697876
50,1,31,1651199
50,1,32,1981517
50,1,33,2023546
50,1,34,1900599
50,1,35,1803830
50,1,36,1832130
50,1,37,1595416
50,1,38,1762476
50,1,39,1792491
50,1,40,1917064
50,1,41,1942065
50,1,42,1615555
50,1,43,1810829
50,1,44,1847062
50,1,45,1834928
50,1,46,1755554
50,1,47,1384571
50,1,48,1420100
50,1,49,1343120
50,1,50,1292167
50,1,51,1285906
50,1,52,1608800
50,1,53,1759106
50,1,54,1848216
50,1,55,1496083
50,1,56,1648499
50,1,57,1903082
50,1,58,1539116
50,1,59,1545412
50,1,60,1676774
50,1,61,1745531
50,1,62,1869700
50,1,63,1458549
50,1,64,1336091
50,1,65,1630769
50,1,66,1670639
50,1,67,1742408
50,1,68,1732052
50,1,69,1422988
50,1,70,1410133
50,1,71,1369328
50,1,72,1278430
50,1,73,1403108
50,1,74,1440047
50,1,75,1407249
50,1,76,1408636
50,1,77,1498094
50,1,78,1703365
50,1,79,1413803
50,1,80,1304868
50,1,81,1336034
50,1,82,1360249
50,1,83,1799219
50,1,84,1677142
50,1,85,1452211
50,1,86,1338001
50,1,87,1326024
50,1,88,1506765
50,1,89,1468737
50,1,90,1845799
50,1,91,1461381
50,1,92,1454448
50,1,93,1496666
50,1,94,1355536
50,1,95,1341855
50,1,96,1281011
50,1,97,1307187
50,1,98,1650805
50,1,99,1377987
100,1,0,1911890
100,1,1,1847143
100,1,2,1879994
100,1,3,1893796
100,1,4,1792496
100,1,5,1767872
100,1,6,1791251
100,1,7,1879069
100,1,8,1832063
100,1,9,1855922
100,1,10,1882878
100,1,11,1815073
100,1,12,1859766
100,1,13,1915737
100,1,14,1997798
100,1,15,1853125
100,1,16,1786034
100,1,17,1757515
100,1,18,1759504
100,1,19,1884422
100,1,20,1970931
100,1,21,2024760
100,1,22,1943246
100,1,23,1859931
100,1,24,1854837
100,1,25,1899736
100,1,26,1867060
100,1,27,1880765
100,1,28,1906039
100,1,29,1928470
100,1,30,1995314
100,1,31,1964380
100,1,32,1952510
100,1,33,1934033
100,1,34,2013768
100,1,35,2057028
100,1,36,2019677
100,1,37,1899194
100,1,38,1961245
100,1,39,1888749
100,1,40,1934910
100,1,41,1977471
100,1,42,1916589
100,1,43,1940733
100,1,44,1868296
100,1,45,1897971
100,1,46,1893813
100,1,47,1955925
100,1,48,1887710
100,1,49,1909178
100,1,50,1897895
100,1,51,1798796
100,1,52,1834813
100,1,53,1871828
100,1,54,1935362
100,1,55,1899679
100,1,56,1942229
100,1,57,1810026
100,1,58,1785688
100,1,59,1822285
100,1,60,1836787
100,1,61,1929658
100,1,62,1854551
100,1,63,1880675
100,1,64,1833608
100,1,65,1842632
100,1,66,1785175
100,1,67,1819904
100,1,68,1794298
100,1,69,1796620
100,1,70,1812334
100,1,71,1845836
100,1,72,1907883
100,1,73,1806081
100,1,74,1911299
100,1,75,2003982
100,1,76,1975969
100,1,77,1864337
100,1,78,1840752
100,1,79,1925790
100,1,80,1948132
100,1,81,1934983
100,1,82,1929316
100,1,83,2019345
100,1,84,1983096
100,1,85,2013262
100,1,86,2371923
100,1,87,1999721
100,1,88,2039703
100,1,89,1979851
100,1,90,2007562
100,1,91,1878464
100,1,92,2122697
100,1,93,2466055
100,1,94,2113608
100,1,95,2052706
100,1,96,2005965
100,1,97,2065505
100,1,98,2045992
100,1,99,2032469
200,1,0,3840345
200,1,1,3859231
200,1,2,3825672
200,1,3,3808983
200,1,4,3837670
200,1,5,3872295
200,1,6,3809202
200,1,7,3819925
200,1,8,4003334
200,1,9,3902481
200,1,10,3808732
200,1,11,3738712
200,1,12,3916825
200,1,13,4314190
200,1,14,4164511
200,1,15,4114271
200,1,16,3963252
200,1,17,3846236
200,1,18,3849178
200,1,19,3801622
200,1,20,3899992
200,1,21,3792514
200,1,22,4046153
200,1,23,4594643
200,1,24,4304886
200,1,25,3925793
200,1,26,3871532
200,1,27,3900546
200,1,28,3722601
200,1,29,3628827
200,1,30,3602880
200,1,31,3409962
200,1,32,3456597
200,1,33,3594656
200,1,34,3705545
200,1,35,3519359
200,1,36,5762892
200,1,37,3882583
200,1,38,4167522
200,1,39,4051578
200,1,40,4136311
200,1,41,4541092
200,1,42,3893121
200,1,43,3829535
200,1,44,3888074
200,1,45,3885295
200,1,46,3882591
200,1,47,4023040
200,1,48,3976315
200,1,49,3943983
200,1,50,3878762
200,1,51,3812549
200,1,52,3852054
200,1,53,3762157
200,1,54,3837131
200,1,55,4078857
200,1,56,4033236
200,1,57,4000490
200,1,58,3848993
200,1,59,3780448
200,1,60,3789536
200,1,61,4134484
200,1,62,4161911
200,1,63,4434135
200,1,64,4063896
200,1,65,3906320
200,1,66,4082141
200,1,67,3869756
200,1,68,3901801
200,1,69,3869879
200,1,70,3917043
200,1,71,3915969
200,1,72,3913835
200,1,73,3962488
200,1,74,3805156
200,1,75,3875127
200,1,76,3830368
200,1,77,3827945
200,1,78,4163632
200,1,79,4084268
200,1,80,4199930
200,1,81,3798839
200,1,82,3688667
200,1,83,3576958
200,1,84,3616850
200,1,85,3670320
200,1,86,3637552
200,1,87,3565898
200,1,88,3555951
200,1,89,3514441
200,1,90,3614055
200,1,91,3535761
200,1,92,3443128
200,1,93,3467496
200,1,94,3505573
200,1,95,3662104
200,1,96,3620050
200,1,97,4022352
200,1,98,4300745
200,1,99,4272613
400,1,0,7305625
400,1,1,7338894
400,1,2,6964899
400,1,3,7264618
400,1,4,7329907
400,1,5,7484281
400,1,6,7314149
400,1,7,7251081
400,1,8,7319781
400,1,9,7264639
400,1,10,7314322
400,1,11,7184977
400,1,12,10324751
400,1,13,8067063
400,1,14,11059044
400,1,15,9674723
400,1,16,8978126
400,1,17,8003152
400,1,18,6977100
400,1,19,6994893
400,1,20,6903459
400,1,21,6892863
400,1,22,6802207
400,1,23,6993160
400,1,24,6894259
400,1,25,6897705
400,1,26,6869355
400,1,27,7008168
400,1,28,7064790
400,1,29,6976703
400,1,30,6906406
400,1,31,6813244
400,1,32,7044078
400,1,33,6916114
400,1,34,6909390
400,1,35,6816556
400,1,36,6875020
400,1,37,6986733
400,1,38,7001736
400,1,39,6888350
400,1,40,6869059
400,1,41,6971481
400,1,42,6930726
400,1,43,6961160
400,1,44,6938483
400,1,45,6825753
400,1,46,7118133
400,1,47,7017830
400,1,48,7113891
400,1,49,7390283
400,1,50,7563573
400,1,51,7367496
400,1,52,7176520
400,1,53,7122291
400,1,54,7048027
400,1,55,7479635
400,1,56,6910611
400,1,57,6880550
400,1,58,6888545
400,1,59,6869811
400,1,60,6832168
400,1,61,6814249
400,1,62,6945647
400,1,63,6826610
400,1,64,6772648
400,1,65,7025970
400,1,66,9670042
400,1,67,7118923
400,1,68,6975714
400,1,69,6999291
400,1,70,7208848
400,1,71,7369837
400,1,72,7486689
400,1,73,7424448
400,1,74,7223061
400,1,75,7388027
400,1,76,7373596
400,1,77,7258237
400,1,78,7328320
400,1,79,7472708
400,1,80,7507405
400,1,81,7520941
400,1,82,7269170
400,1,83,7287308
400,1,84,7162076
400,1,85,7089328
400,1,86,7015770
400,1,87,6913097
400,1,88,7008426
400,1,89,7042635
400,1,90,6975574
400,1,91,7023632
400,1,92,7236474
400,1,93,7104519
400,1,94,7057441
400,1,95,7088704
400,1,96,7629358
400,1,97,7631672
400,1,98,7217642
400,1,99,7008606
600,1,0,10229814
600,1,1,10491497
600,1,2,10511054
600,1,3,10356633
600,1,4,10299341
600,1,5,10075533
600,1,6,10518343
600,1,7,10585422
600,1,8,10735905
600,1,9,10701008
600,1,10,10786473
600,1,11,10596894
600,1,12,10425985
600,1,13,10617068
600,1,14,10569962
600,1,15,10646031
600,1,16,11053651
600,1,17,10761973
600,1,18,10665492
600,1,19,10601485
600,1,20,10244697
600,1,21,10428161
600,1,22,10303492
600,1,23,10122742
600,1,24,10201559
600,1,25,10361606
600,1,26,10392494
600,1,27,10552269
600,1,28,10493605
600,1,29,10395204
600,1,30,10571990
600,1,31,10496224
600,1,32,10293426
600,1,33,10530264
600,1,34,10621164
600,1,35,12613868
600,1,36,10571347
600,1,37,10639637
600,1,38,10623284
600,1,39,10848321
600,1,40,10682753
600,1,41,10748190
600,1,42,10616866
600,1,43,10569172
600,1,44,11304850
600,1,45,10784937
600,1,46,10506461
600,1,47,10619681
600,1,48,10612764
600,1,49,10559566
600,1,50,10711568
600,1,51,10335289
600,1,52,10269496
600,1,53,10678687
600,1,54,10778530
600,1,55,10401333
600,1,56,10253488
600,1,57,10195021
600,1,58,10303361
600,1,59,10219897
600,1,60,10313953
600,1,61,10423355
600,1,62,10477814
600,1,63,10456847
600,1,64,10491692
600,1,65,10535752
600,1,66,10518551
600,1,67,10591017
600,1,68,10717585
600,1,69,10476832
600,1,70,10328250
600,1,71,10393407
600,1,72,10522137
600,1,73,10404867
600,1,74,13007045
600,1,75,10428628
600,1,76,10959129
600,1,77,10698899
600,1,78,10386805
600,1,79,10474055
600,1,80,10255668
600,1,81,10212954
600,1,82,10576950
600,1,83,10486747
600,1,84,10446241
600,1,85,10258815
600,1,86,10343395
600,1,87,10112673
600,1,88,10405050
600,1,89,10165073
600,1,90,10170267
600,1,91,10210644
600,1,92,10398611
600,1,93,10305442
600,1,94,10373506
600,1,95,10327720
600,1,96,10281168
600,1,97,10180569
600,1,98,10376781
600,1,99,10829462
800,1,0,14597840
800,1,1,14628573
800,1,2,13797533
800,1,3,13851801
800,1,4,13572117
800,1,5,13778327
800,1,6,13984991
800,1,7,13928735
800,1,8,14117478
800,1,9,13989350
800,1,10,14041602
800,1,11,14138398
800,1,12,16457377
800,1,13,13794141
800,1,14,13877409
800,1,15,13960567
800,1,16,13991909
800,1,17,14002926
800,1,18,14218480
800,1,19,13754726
800,1,20,14734657
800,1,21,14299119
800,1,22,14498702
800,1,23,14084768
800,1,24,13972640
800,1,25,14031393
800,1,26,13869549
800,1,27,13770268
800,1,28,13615664
800,1,29,13895232
800,1,30,13740087
800,1,31,13786219
800,1,32,13758742
800,1,33,13743575
800,1,34,13647236
800,1,35,13630384
800,1,36,13868578
800,1,37,13694657
800,1,38,13790430
800,1,39,13729070
800,1,40,14195480
800,1,41,17214069
800,1,42,14017151
800,1,43,13885690
800,1,44,14077083
800,1,45,14125956
800,1,46,14284295
800,1,47,14173742
800,1,48,14239508
800,1,49,14276146
800,1,50,14455345
800,1,51,14740625
800,1,52,14386503
800,1,53,14389386
800,1,54,14421657
800,1,55,14430038
800,1,56,14191449
800,1,57,14397492
800,1,58,14350255
800,1,59,14618086
800,1,60,14189605
800,1,61,14692732
800,1,62,14796603
800,1,63,14876891
800,1,64,15136991
800,1,65,15068688
800,1,66,14948795
800,1,67,14749941
800,1,68,15099518
800,1,69,17206911
800,1,70,15112885
800,1,71,14938570
800,1,72,15380359
800,1,73,16415630
800,1,74,14925503
800,1,75,14642410
800,1,76,14269693
800,1,77,14410926
800,1,78,14553160
800,1,79,14439985
800,1,80,14502868
800,1,81,14451470
800,1,82,14283294
800,1,83,14219639
800,1,84,14501927
800,1,85,14315997
800,1,86,14491188
800,1,87,14270559
800,1,88,14338351
800,1,89,14332498
800,1,90,14596522
800,1,91,14414733
800,1,92,14875958
800,1,93,14379440
800,1,94,14480421
800,1,95,14265261
800,1,96,14287105
800,1,97,14437447
800,1,98,16539460
800,1,99,14463647
1000,1,0,18527808
1000,1,1,18349674
1000,1,2,18192686
1000,1,3,18229027
1000,1,4,18474447
1000,1,5,18283712
1000,1,6,18255213
1000,1,7,18068753
1000,1,8,18045480
1000,1,9,17796811
1000,1,10,18240290
1000,1,11,19118705
1000,1,12,18554888
1000,1,13,18169268
1000,1,14,19560073
1000,1,15,17959954
1000,1,16,17994793
1000,1,17,17740057
1000,1,18,18077974
1000,1,19,18707421
1000,1,20,18766544
1000,1,21,18215580
1000,1,22,18234182
1000,1,23,18011091
1000,1,24,17923766
1000,1,25,17949444
1000,1,26,17910545
1000,1,27,17628426
1000,1,28,18036278
1000,1,29,18213944
1000,1,30,18308677
1000,1,31,18568972
1000,1,32,18304226
1000,1,33,18308045
1000,1,34,18657828
1000,1,35,18211575
1000,1,36,17944008
1000,1,37,20049067
1000,1,38,18033054
1000,1,39,17982333
1000,1,40,17887124
1000,1,41,17600242
1000,1,42,17820399
1000,1,43,17926685
1000,1,44,18577029
1000,1,45,18660853
1000,1,46,18430142
1000,1,47,18057002
1000,1,48,18263531
1000,1,49,17972676
1000,1,50,18023529
1000,1,51,17540792
1000,1,52,17696498
1000,1,53,17844298
1000,1,54,18123530
1000,1,55,18458223
1000,1,56,17819949
1000,1,57,17728671
1000,1,58,17848929
1000,1,59,17906781
1000,1,60,19812739
1000,1,61,17859643
1000,1,62,18281230
1000,1,63,17860253
1000,1,64,17910774
1000,1,65,18036272
1000,1,66,18730641
1000,1,67,18489094
1000,1,68,17764132
1000,1,69,17615109
1000,1,70,18455501
1000,1,71,18252565
1000,1,72,18315249
1000,1,73,18165161
1000,1,74,17989421
1000,1,75,18089594
1000,1,76,18248230
1000,1,77,18261529
1000,1,78,17730851
1000,1,79,18053113
1000,1,80,18054640
1000,1,81,17899966
1000,1,82,18034912
1000,1,83,18124579
1000,1,84,20615092
1000,1,85,18274917
1000,1,86,18156804
1000,1,87,18257144
1000,1,88,18860931
1000,1,89,18171926
1000,1,90,18694524
1000,1,91,20029341
1000,1,92,20596146
1000,1,93,20800178
1000,1,94,20929821
1000,1,95,21061897
1000,1,96,22741383
1000,1,97,22640818
1000,1,98,24816282
1000,1,99,22519378
1,2,0,291565
1,2,1,268440
1,2,2,255943
1,2,3,270368
1,2,4,307013
1,2,5,163574
1,2,6,141152
1,2,7,172260
1,2,8,137916
1,2,9,143018
1,2,10,133458
1,2,11,135884
1,2,12,131705
1,2,13,135542
1,2,14,135406
1,2,15,130138
1,2,16,133017
1,2,17,326639
1,2,18,136314
1,2,19,127840
1,2,20,132080
1,2,21,140051
1,2,22,139134
1,2,23,153626
1,2,24,138566
1,2,25,137910
1,2,26,146410
1,2,27,133815
1,2,28,191209
1,2,29,159685
1,2,30,137992
1,2,31,135706
1,2,32,133100
1,2,33,140933
1,2,34,144556
1,2,35,160484
1,2,36,136851
1,2,37,128773
1,2,38,211384
1,2,39,169048
1,2,40,151931
1,2,41,146411
1,2,42,153324
1,2,43,161906
1,2,44,150359
1,2,45,140713
1,2,46,128670
1,2,47,136306
1,2,48,142805
1,2,49,133220
1,2,50,124079
1,2,51,121797
1,2,52,120633
1,2,53,157227
1,2,54,125046
1,2,55,129218
1,2,56,134025
1,2,57,137250
1,2,58,128699
1,2,59,124814
1,2,60,121590
1,2,61,126008
1,2,62,127204
1,2,63,150007
1,2,64,126790
1,2,65,122838
1,2,66,131885
1,2,67,128017
1,2,68,124511
1,2,69,127497
1,2,70,127193
1,2,71,123481
1,2,72,139122
1,2,73,128219
1,2,74,158413
1,2,75,126883
1,2,76,142368
1,2,77,126488
1,2,78,124927
1,2,79,138125
1,2,80,126118
1,2,81,123926
1,2,82,128085
1,2,83,128082
1,2,84,123366
1,2,85,132243
1,2,86,144928
1,2,87,127041
1,2,88,122990
1,2,89,126758
1,2,90,120152
1,2,91,122112
1,2,92,127231
1,2,93,130443
1,2,94,141523
1,2,95,129030
1,2,96,122880
1,2,97,124613
1,2,98,121979
1,2,99,120111
10,2,0,273922
10,2,1,278709
10,2,2,267349
10,2,3,244873
10,2,4,271723
10,2,5,281080
10,2,6,251639
10,2,7,245079
10,2,8,262448
10,2,9,249257
10,2,10,251606
10,2,11,269212
10,2,12,257974
10,2,13,253728
10,2,14,249876
10,2,15,247548
10,2,16,247039
10,2,17,263585
10,2,18,336558
10,2,19,353803
10,2,20,341751
10,2,21,459534
10,2,22,335539
10,2,23,324025
10,2,24,314998
10,2,25,306949
10,2,26,269867
10,2,27,305984
10,2,28,250559
10,2,29,269093
10,2,30,305778
10,2,31,257647
10,2,32,311800
10,2,33,249704
10,2,34,249645
10,2,35,246495
10,2,36,251729
10,2,37,248512
10,2,38,246319
10,2,39,253444
10,2,40,250919
10,2,41,251767
10,2,42,253953
10,2,43,252089
10,2,44,251653
10,2,45,260195
10,2,46,256081
10,2,47,257306
10,2,48,247047
10,2,49,244332
10,2,50,240774
10,2,51,246311
10,2,52,290688
10,2,53,252330
10,2,54,242452
10,2,55,242105
10,2,56,241617
10,2,57,241118
10,2,58,243039
10,2,59,246436
10,2,60,240499
10,2,61,373346
10,2,62,259347
10,2,63,246709
10,2,64,249235
10,2,65,243898
10,2,66,248370
10,2,67,248170
10,2,68,247215
10,2,69,283890
10,2,70,382909
10,2,71,275902
10,2,72,249688
10,2,73,299060
10,2,74,270324
10,2,75,295255
10,2,76,264142
10,2,77,251879
10,2,78,246262
10,2,79,247257
10,2,80,248736
10,2,81,259256
10,2,82,259215
10,2,83,256676
10,2,84,255704
10,2,85,284746
10,2,86,266150
10,2,87,268658
10,2,88,353269
10,2,89,267770
10,2,90,295590
10,2,91,254422
10,2,92,268097
10,2,93,249672
10,2,94,258185
10,2,95,260292
10,2,96,259242
10,2,97,280424
10,2,98,262428
10,2,99,257735
50,2,0,1101513
50,2,1,1083024
50,2,2,1070071
50,2,3,1020249
50,2,4,1013991
50,2,5,1018915
50,2,6,1010592
50,2,7,1010551
50,2,8,1015753
50,2,9,1029174
50,2,10,983932
50,2,11,982538
50,2,12,981635
50,2,13,1022099
50,2,14,1033741
50,2,15,1019252
50,2,16,1080577
50,2,17,1041733
50,2,18,1032425
50,2,19,1015759
50,2,20,1047791
50,2,21,1024052
50,2,22,1098091
50,2,23,1068862
50,2,24,1110912
50,2,25,1097914
50,2,26,1088423
50,2,27,1146825
50,2,28,1193922
50,2,29,1141440
50,2,30,1122459
50,2,31,1177021
50,2,32,1145457
50,2,33,1190424
50,2,34,1161184
50,2,35,1143656
50,2,36,1125105
50,2,37,1129221
50,2,38,1121337
50,2,39,1098800
50,2,40,1123580
50,2,41,1084972
50,2,42,1077375
50,2,43,1045238
50,2,44,1039811
50,2,45,1078184
50,2,46,1067075
50,2,47,1119574
50,2,48,1178036
50,2,49,1089557
50,2,50,1066468
50,2,51,1053880
50,2,52,1128458
50,2,53,1109252
50,2,54,1117633
50,2,55,1118110
50,2,56,1132317
50,2,57,1142246
50,2,58,1161275
50,2,59,1146496
50,2,60,1114511
50,2,61,1123637
50,2,62,1145860
50,2,63,1101278
50,2,64,1118935
50,2,65,1183828
50,2,66,1123314
50,2,67,1108676
50,2,68,1110452
50,2,69,1071680
50,2,70,1077645
50,2,71,1065013
50,2,72,1065899
50,2,73,1061019
50,2,74,1073573
50,2,75,1069526
50,2,76,1052344
50,2,77,1034247
50,2,78,1050771
50,2,79,1084502
50,2,80,1066763
50,2,81,1069235
50,2,82,1045931
50,2,83,1042891
50,2,84,1044480
50,2,85,1035225
50,2,86,1016944
50,2,87,1004454
50,2,88,997819
50,2,89,1001087
50,2,90,991924
50,2,91,981975
50,2,92,978719
50,2,93,987770
50,2,94,985919
50,2,95,978171
50,2,96,976405
50,2,97,974925
50,2,98,972206
50,2,99,969964
100,2,0,2148339
100,2,1,2075489
100,2,2,2110797
100,2,3,2289786
100,2,4,2096648
100,2,5,2041643
100,2,6,2038529
100,2,7,2183194
100,2,8,2105296
100,2,9,1989080
100,2,10,2099147
100,2,11,1991941
100,2,12,1936677
100,2,13,2050734
100,2,14,2053382
100,2,15,2258527
100,2,16,2091904
100,2,17,2296452
100,2,18,2045762
100,2,19,2018725
100,2,20,2094703
100,2,21,1962442
100,2,22,1926361
100,2,23,2062877
100,2,24,1940663
100,2,25,1934008
100,2,26,1949821
100,2,27,2103405
100,2,28,1988320
100,2,29,1956198
100,2,30,2066709
100,2,31,1983667
100,2,32,1950976
100,2,33,1997399
100,2,34,2155509
100,2,35,1997632
100,2,36,1942666
100,2,37,2045631
100,2,38,1929694
100,2,39,1935789
100,2,40,2003392
100,2,41,1908952
100,2,42,1897319
100,2,43,1883358
100,2,44,2336953
100,2,45,2822114
100,2,46,2175899
100,2,47,2144356
100,2,48,2093615
100,2,49,1980373
100,2,50,1982034
100,2,51,2039043
100,2,52,2059065
100,2,53,1967458
100,2,54,2121858
100,2,55,1929956
100,2,56,1933425
100,2,57,1939729
100,2,58,2006345
100,2,59,1980382
100,2,60,2002944
100,2,61,2003982
100,2,62,2022590
100,2,63,2000533
100,2,64,2060992
100,2,65,2109002
100,2,66,4511073
100,2,67,2133230
100,2,68,2009795
100,2,69,1991730
100,2,70,2050121
100,2,71,2027646
100,2,72,2005489
100,2,73,2056934
100,2,74,2031456
100,2,75,2032904
100,2,76,2088388
100,2,77,2106070
100,2,78,2035124
100,2,79,2045622
100,2,80,2124034
100,2,81,2074831
100,2,82,2081526
100,2,83,2108833
100,2,84,2069470
100,2,85,2060732
100,2,86,2068798
100,2,87,2073235
100,2,88,2084396
100,2,89,2077185
100,2,90,2098791
100,2,91,2055689
100,2,92,2108941
100,2,93,2784272
100,2,94,3466130
100,2,95,2932142
100,2,96,2116997
100,2,97,2072946
100,2,98,2075906
100,2,99,2037695
200,2,0,3624283
200,2,1,3632075
200,2,2,3748326
200,2,3,3747292
200,2,4,3741363
200,2,5,3701691
200,2,6,3695468
200,2,7,3696238
200,2,8,3695319
200,2,9,3742829
200,2,10,3764265
200,2,11,3876434
200,2,12,3832860
200,2,13,3915990
200,2,14,3860542
200,2,15,3770294
200,2,16,3716830
200,2,17,3712450
200,2,18,3951312
200,2,19,3938738
200,2,20,3834154
200,2,21,3745318
200,2,22,3707696
200,2,23,3656994
200,2,24,3555505
200,2,25,3575371
200,2,26,3648381
200,2,27,3631969
200,2,28,3657810
200,2,29,3670213
200,2,30,3687042
200,2,31,5406522
200,2,32,3883613
200,2,33,3752430
200,2,34,3775414
200,2,35,3877997
200,2,36,3838093
200,2,37,3793191
200,2,38,3819790
200,2,39,3848126
200,2,40,3999101
200,2,41,3977848
200,2,42,3854491
200,2,43,3751371
200,2,44,3778622
200,2,45,3700155
200,2,46,3668362
200,2,47,3672070
200,2,48,3725210
200,2,49,3667100
200,2,50,3687332
200,2,51,3743109
200,2,52,3822571
200,2,53,3811249
200,2,54,3751984
200,2,55,3827667
200,2,56,3809474
200,2,57,3665859
200,2,58,3686960
200,2,59,3614115
200,2,60,3774116
200,2,61,3793294
200,2,62,3837925
200,2,63,3761093
200,2,64,3762619
200,2,65,3741881
200,2,66,3768251
200,2,67,3724935
200,2,68,3758013
200,2,69,3694228
200,2,70,3664266
200,2,71,3653442
200,2,72,3653925
200,2,73,3648829
200,2,74,3604888
200,2,75,3611312
200,2,76,3581577
200,2,77,3566586
200,2,78,3697576
200,2,79,3702153
200,2,80,3716503
200,2,81,3724557
200,2,82,3739354
200,2,83,3869505
200,2,84,3863780
200,2,85,3842637
200,2,86,3756168
200,2,87,3633388
200,2,88,3612344
200,2,89,3641694
200,2,90,3638801
200,2,91,3685010
200,2,92,3723134
200,2,93,3751048
200,2,94,3836877
200,2,95,3896370
200,2,96,3770012
200,2,97,3734032
200,2,98,3692935
200,2,99,3834238
400,2,0,8913687
400,2,1,8832231
400,2,2,8850318
400,2,3,8708261
400,2,4,8774899
400,2,5,8853449
400,2,6,8695114
400,2,7,8852136
400,2,8,8811454
400,2,9,8790846
400,2,10,8729043
400,2,11,8888623
400,2,12,8771543
400,2,13,8739087
400,2,14,10712223
400,2,15,8821311
400,2,16,8668680
400,2,17,8513201
400,2,18,8512714
400,2,19,8892974
400,2,20,9003388
400,2,21,8993261
400,2,22,9018523
400,2,23,9016372
400,2,24,9108677
400,2,25,9020097
400,2,26,8759972
400,2,27,8814236
400,2,28,8850881
400,2,29,8771652
400,2,30,8677518
400,2,31,8882242
400,2,32,9082859
400,2,33,9091862
400,2,34,8940722
400,2,35,9190603
400,2,36,9048417
400,2,37,8908491
400,2,38,8812570
400,2,39,8913003
400,2,40,8790556
400,2,41,8874702
400,2,42,8906950
400,2,43,8847498
400,2,44,8688931
400,2,45,8780519
400,2,46,8814450
400,2,47,9093276
400,2,48,9076962
400,2,49,9034210
400,2,50,8834252
400,2,51,8875453
400,2,52,8848604
400,2,53,8843472
400,2,54,9311930
400,2,55,9783769
400,2,56,10075179
400,2,57,9923568
400,2,58,9889243
400,2,59,9915942
400,2,60,10571858
400,2,61,10169805
400,2,62,9962989
400,2,63,9836218
400,2,64,10030375
400,2,65,10181584
400,2,66,10284873
400,2,67,10402032
400,2,68,12768304
400,2,69,10464193
400,2,70,10184653
400,2,71,10178657
400,2,72,10066400
400,2,73,9907205
400,2,74,9972362
400,2,75,9850866
400,2,76,9878409
400,2,77,9853522
400,2,78,9647464
400,2,79,9721239
400,2,80,9928259
400,2,81,9904583
400,2,82,9702659
400,2,83,9710251
400,2,84,9834019
400,2,85,9564463
400,2,86,9304890
400,2,87,9209035
400,2,88,9277905
400,2,89,8762618
400,2,90,8734847
400,2,91,8783945
400,2,92,8781245
400,2,93,8828463
400,2,94,8690178
400,2,95,8717482
400,2,96,8781870
400,2,97,8795460
400,2,98,8662343
400,2,99,8710377
600,2,0,10822306
600,2,1,10797878
600,2,2,10824461
600,2,3,10552362
600,2,4,10440935
600,2,5,10450960
600,2,6,10462918
600,2,7,10548622
600,2,8,10647744
600,2,9,10777251
600,2,10,10794564
600,2,11,10986652
600,2,12,10900557
600,2,13,10820670
600,2,14,10779736
600,2,15,10666915
600,2,16,10905445
600,2,17,10787429
600,2,18,10630896
600,2,19,10812400
600,2,20,10497471
600,2,21,10623210
600,2,22,10667564
600,2,23,10872653
600,2,24,11030483
600,2,25,10677701
600,2,26,10602394
600,2,27,10591438
600,2,28,10513478
600,2,29,10744938
600,2,30,20033495
600,2,31,10630309
600,2,32,10565849
600,2,33,10517305
600,2,34,10617225
600,2,35,10631904
600,2,36,10630201
600,2,37,11704139
600,2,38,10985624
600,2,39,11008826
600,2,40,11459014
600,2,41,11004790
600,2,42,11204121
600,2,43,11217980
600,2,44,11145391
600,2,45,11381925
600,2,46,11147601
600,2,47,10992209
600,2,48,10764433
600,2,49,11028104
600,2,50,11025834
600,2,51,10828084
600,2,52,10960274
600,2,53,10900682
600,2,54,10822652
600,2,55,11044009
600,2,56,10916270
600,2,57,10851072
600,2,58,10818907
600,2,59,10982311
600,2,60,10845663
600,2,61,10764279
600,2,62,11202970
600,2,63,11079666
600,2,64,11132011
600,2,65,12675788
600,2,66,10889489
600,2,67,11083700
600,2,68,10860537
600,2,69,10870085
600,2,70,10892509
600,2,71,10881796
600,2,72,10954466
600,2,73,11110206
600,2,74,10812359
600,2,75,10957854
600,2,76,10866953
600,2,77,11026311
600,2,78,10775640
600,2,79,11196622
600,2,80,11057888
600,2,81,10991787
600,2,82,11076267
600,2,83,10899726
600,2,84,11108396
600,2,85,11179938
600,2,86,11059149
600,2,87,11380176
600,2,88,11288433
600,2,89,11314706
600,2,90,11433317
600,2,91,11264471
600,2,92,11489785
600,2,93,11482639
600,2,94,11319113
600,2,95,11340974
600,2,96,11487507
600,2,97,11439215
600,2,98,11527306
600,2,99,11216299
800,2,0,16414075
800,2,1,15139137
800,2,2,17994822
800,2,3,14142993
800,2,4,14622407
800,2,5,15894442
800,2,6,14995119
800,2,7,14710358
800,2,8,15389260
800,2,9,14796049
800,2,10,15468407
800,2,11,15067948
800,2,12,15022153
800,2,13,14969312
800,2,14,17557732
800,2,15,19034517
800,2,16,16772696
800,2,17,15385902
800,2,18,14803734
800,2,19,14605033
800,2,20,15080825
800,2,21,14592286
800,2,22,17467052
800,2,23,16810692
800,2,24,15087061
800,2,25,14906067
800,2,26,14348750
800,2,27,15088686
800,2,28,13991040
800,2,29,13980537
800,2,30,14085999
800,2,31,14156648
800,2,32,14296497
800,2,33,14027053
800,2,34,14014987
800,2,35,14022302
800,2,36,14342405
800,2,37,14442549
800,2,38,14308625
800,2,39,14257951
800,2,40,13878397
800,2,41,14171676
800,2,42,14310563
800,2,43,14176748
800,2,44,14729348
800,2,45,14579313
800,2,46,14408302
800,2,47,14493550
800,2,48,14398782
800,2,49,14391059
800,2,50,14421858
800,2,51,14292604
800,2,52,14365630
800,2,53,16459036
800,2,54,14744992
800,2,55,14620133
800,2,56,14481238
800,2,57,14376207
800,2,58,14933959
800,2,59,14791836
800,2,60,14764061
800,2,61,14465828
800,2,62,14707071
800,2,63,14574193
800,2,64,14420129
800,2,65,14288690
800,2,66,14229170
800,2,67,14018507
800,2,68,14123999
800,2,69,14314949
800,2,70,14232245
800,2,71,14522331
800,2,72,14620704
800,2,73,14504354
800,2,74,14649724
800,2,75,14361495
800,2,76,14602976
800,2,77,14479309
800,2,78,14634395
800,2,79,14438097
800,2,80,16194480
800,2,81,14703275
800,2,82,14458033
800,2,83,14548693
800,2,84,14363977
800,2,85,14716001
800,2,86,14554892
800,2,87,14552129
800,2,88,14171162
800,2,89,14628607
800,2,90,14654718
800,2,91,14457015
800,2,92,14319020
800,2,93,14672001
800,2,94,14617520
800,2,95,14995844
800,2,96,15461223
800,2,97,15411916
800,2,98,15489951
800,2,99,15090423
1000,2,0,18291233
1000,2,1,18363902
1000,2,2,18236819
1000,2,3,18512162
1000,2,4,18403878
1000,2,5,18328604
1000,2,6,18502067
1000,2,7,20604348
1000,2,8,23807296
1000,2,9,23669821
1000,2,10,21046954
1000,2,11,17947977
1000,2,12,17979410
1000,2,13,17842953
1000,2,14,17685160
1000,2,15,17748104
1000,2,16,19656691
1000,2,17,18412126
1000,2,18,18319520
1000,2,19,17998052
1000,2,20,17839176
1000,2,21,18262863
1000,2,22,18227934
1000,2,23,20796266
1000,2,24,18362939
1000,2,25,18361297
1000,2,26,18219088
1000,2,27,17911207
1000,2,28,18401269
1000,2,29,17932426
1000,2,30,18015165
1000,2,31,18092486
1000,2,32,18066832
1000,2,33,18272425
1000,2,34,17991602
1000,2,35,18187877
1000,2,36,17928422
1000,2,37,20091463
1000,2,38,18341555
1000,2,39,18468799
1000,2,40,18443491
1000,2,41,18174215
1000,2,42,18059611
1000,2,43,18298796
1000,2,44,17945388
1000,2,45,17956484
1000,2,46,17845988
1000,2,47,18333193
1000,2,48,17903132
1000,2,49,18753425
1000,2,50,19319617
1000,2,51,18215979
1000,2,52,18535095
1000,2,53,18842573
1000,2,54,19849118
1000,2,55,20377405
1000,2,56,20624313
1000,2,57,20224945
1000,2,58,22202123
1000,2,59,20099113
1000,2,60,20268246
1000,2,61,18653841
1000,2,62,18406049
1000,2,63,18713421
1000,2,64,18798398
1000,2,65,18695583
1000,2,66,18908989
1000,2,67,18641756
1000,2,68,18869776
1000,2,69,18634870
1000,2,70,19317908
1000,2,71,18906331
1000,2,72,18993417
1000,2,73,18790904
1000,2,74,18748776
1000,2,75,19023664
1000,2,76,19171679
1000,2,77,19008958
1000,2,78,18766260
1000,2,79,18496778
1000,2,80,20884909
1000,2,81,18368042
1000,2,82,18137714
1000,2,83,18310509
1000,2,84,17962987
1000,2,85,18277163
1000,2,86,18418252
1000,2,87,18165035
1000,2,88,18213172
1000,2,89,18402654
1000,2,90,18432224
1000,2,91,18217338
1000,2,92,18916738
1000,2,93,19203220
1000,2,94,18905584
1000,2,95,18355792
1000,2,96,18315850
1000,2,97,18728719
1000,2,98,18952965
1000,2,99,19625514
1,4,0,169153
1,4,1,138177
1,4,2,130757
1,4,3,133141
1,4,4,131357
1,4,5,221605
1,4,6,117590
1,4,7,62696
1,4,8,56386
1,4,9,62307
1,4,10,55403
1,4,11,55152
1,4,12,58258
1,4,13,81824
1,4,14,113884
1,4,15,95288
1,4,16,69585
1,4,17,64312
1,4,18,59756
1,4,19,61903
1,4,20,55137
1,4,21,55572
1,4,22,54716
1,4,23,56659
1,4,24,53692
1,4,25,54992
1,4,26,58970
1,4,27,62284
1,4,28,65042
1,4,29,61353
1,4,30,56505
1,4,31,52803
1,4,32,52753
1,4,33,52445
1,4,34,52690
1,4,35,54938
1,4,36,52911
1,4,37,53029
1,4,38,56339
1,4,39,62873
1,4,40,68500
1,4,41,60368
1,4,42,56055
1,4,43,57741
1,4,44,64703
1,4,45,67272
1,4,46,65191
1,4,47,80279
1,4,48,60166
1,4,49,57874
1,4,50,56347
1,4,51,57088
1,4,52,56003
1,4,53,60432
1,4,54,56053
1,4,55,56183
1,4,56,57379
1,4,57,55878
1,4,58,53248
1,4,59,54672
1,4,60,57598
1,4,61,59272
1,4,62,93130
1,4,63,56986
1,4,64,54236
1,4,65,77541
1,4,66,60829
1,4,67,55851
1,4,68,53603
1,4,69,54679
1,4,70,54050
1,4,71,53301
1,4,72,53502
1,4,73,59043
1,4,74,59197
1,4,75,84224
1,4,76,61483
1,4,77,52811
1,4,78,53169
1,4,79,59205
1,4,80,54375
1,4,81,53423
1,4,82,53625
1,4,83,52891
1,4,84,56292
1,4,85,54077
1,4,86,54582
1,4,87,52140
1,4,88,52628
1,4,89,53128
1,4,90,52598
1,4,91,53019
1,4,92,54250
1,4,93,55684
1,4,94,58490
1,4,95,54300
1,4,96,52390
1,4,97,52651
1,4,98,53648
1,4,99,53638
10,4,0,227241
10,4,1,224657
10,4,2,228314
10,4,3,216805
10,4,4,219409
10,4,5,217505
10,4,6,204585
10,4,7,218269
10,4,8,228624
10,4,9,216776
10,4,10,319739
10,4,11,464843
10,4,12,449725
10,4,13,448898
10,4,14,449484
10,4,15,268921
10,4,16,232374
10,4,17,264551
10,4,18,253078
10,4,19,219549
10,4,20,320296
10,4,21,226422
10,4,22,301873
10,4,23,247960
10,4,24,216801
10,4,25,217878
10,4,26,215449
10,4,27,214986
10,4,28,214875
10,4,29,211852
10,4,30,215218
10,4,31,211907
10,4,32,223032
10,4,33,215487
10,4,34,213490
10,4,35,212745
10,4,36,213379
10,4,37,222055
10,4,38,232520
10,4,39,219282
10,4,40,217127
10,4,41,223340
10,4,42,224691
10,4,43,215846
10,4,44,289241
10,4,45,220309
10,4,46,217256
10,4,47,216339
10,4,48,211272
10,4,49,210453
10,4,50,215070
10,4,51,212188
10,4,52,213348
10,4,53,233402
10,4,54,246268
10,4,55,230087
10,4,56,231014
10,4,57,225028
10,4,58,217820
10,4,59,216855
10,4,60,231382
10,4,61,216423
10,4,62,214263
10,4,63,213527
10,4,64,219745
10,4,65,214031
10,4,66,211462
10,4,67,219043
10,4,68,214774
10,4,69,215000
10,4,70,213192
10,4,71,215859
10,4,72,218937
10,4,73,262384
10,4,74,246484
10,4,75,214971
10,4,76,242774
10,4,77,224303
10,4,78,226643
10,4,79,242182
10,4,80,230409
10,4,81,231773
10,4,82,230169
10,4,83,224681
10,4,84,244285
10,4,85,255303
10,4,86,237832
10,4,87,221860
10,4,88,220425
10,4,89,236722
10,4,90,219093
10,4,91,234309
10,4,92,223747
10,4,93,220934
10,4,94,217632
10,4,95,226529
10,4,96,222050
10,4,97,291009
10,4,98,233179
10,4,99,215260
50,4,0,1020200
50,4,1,1006946
50,4,2,1020801
50,4,3,1059827
50,4,4,1029328
50,4,5,1018005
50,4,6,1039707
50,4,7,1026468
50,4,8,999173
50,4,9,1028943
50,4,10,1073841
50,4,11,1074751
50,4,12,1041675
50,4,13,1113346
50,4,14,1074603
50,4,15,1061435
50,4,16,1220514
50,4,17,1200859
50,4,18,1228386
50,4,19,1133425
50,4,20,1149503
50,4,21,1083654
50,4,22,1119093
50,4,23,1049275
50,4,24,1029075
50,4,25,1018876
50,4,26,1020568
50,4,27,1005601
50,4,28,1023185
50,4,29,1129627
50,4,30,1017753
50,4,31,1000112
50,4,32,991169
50,4,33,990676
50,4,34,987044
50,4,35,1004779
50,4,36,1104844
50,4,37,1002921
50,4,38,992213
50,4,39,994735
50,4,40,988369
50,4,41,986726
50,4,42,1052664
50,4,43,1006741
50,4,44,989746
50,4,45,1138769
50,4,46,1101614
50,4,47,1079739
50,4,48,1084349
50,4,49,1136051
50,4,50,1016177
50,4,51,1007671
50,4,52,993891
50,4,53,1006501
50,4,54,998023
50,4,55,1025868
50,4,56,1014999
50,4,57,996357
50,4,58,1080874
50,4,59,1071466
50,4,60,1005613
50,4,61,973459
50,4,62,975588
50,4,63,979717
50,4,64,966558
50,4,65,961805
50,4,66,956324
50,4,67,969747
50,4,68,974992
50,4,69,1002841
50,4,70,1004555
50,4,71,1008512
50,4,72,986611
50,4,73,993411
50,4,74,992656
50,4,75,1037795
50,4,76,1367585
50,4,77,1258880
50,4,78,1039765
50,4,79,1013442
50,4,80,1044312
50,4,81,1017374
50,4,82,997159
50,4,83,1095107
50,4,84,1040282
50,4,85,999052
50,4,86,1007961
50,4,87,996109
50,4,88,1023850
50,4,89,1002847
50,4,90,1000978
50,4,91,990414
50,4,92,992101
50,4,93,980078
50,4,94,1007787
50,4,95,991514
50,4,96,989043
50,4,97,988305
50,4,98,993650
50,4,99,992212
100,4,0,1852945
100,4,1,1829804
100,4,2,1862844
100,4,3,1811465
100,4,4,1809450
100,4,5,1840565
100,4,6,1857266
100,4,7,1853413
100,4,8,1855799
100,4,9,1970656
100,4,10,1939244
100,4,11,1907324
100,4,12,1897797
100,4,13,1885338
100,4,14,1852588
100,4,15,1876238
100,4,16,1892545
100,4,17,1878256
100,4,18,1828726
100,4,19,1871340
100,4,20,1926546
100,4,21,1978774
100,4,22,2029620
100,4,23,1898277
100,4,24,1924399
100,4,25,2333723
100,4,26,2056293
100,4,27,3545401
100,4,28,2074603
100,4,29,2169919
100,4,30,1871166
100,4,31,1915305
100,4,32,1871585
100,4,33,1838055
100,4,34,1838152
100,4,35,1905601
100,4,36,1870892
100,4,37,1920824
100,4,38,1894018
100,4,39,1876985
100,4,40,1874470
100,4,41,1875860
100,4,42,1897031
100,4,43,1916461
100,4,44,1896958
100,4,45,1900385
100,4,46,1857802
100,4,47,1929569
100,4,48,1951708
100,4,49,1892620
100,4,50,1905566
100,4,51,1890100
100,4,52,1904711
100,4,53,1876261
100,4,54,1883013
100,4,55,1982434
100,4,56,1910154
100,4,57,1846007
100,4,58,1871655
100,4,59,1866991
100,4,60,1902344
100,4,61,1906366
100,4,62,1923626
100,4,63,1862458
100,4,64,1848912
100,4,65,1826467
100,4,66,1897205
100,4,67,1879357
100,4,68,1834493
100,4,69,1870566
100,4,70,1882517
100,4,71,1904839
100,4,72,1860263
100,4,73,1887818
100,4,74,1891970
100,4,75,1913142
100,4,76,1876190
100,4,77,1874656
100,4,78,1869459
100,4,79,1875545
100,4,80,1859970
100,4,81,1880074
100,4,82,1875498
100,4,83,1878357
100,4,84,1879479
100,4,85,1877897
100,4,86,1886349
100,4,87,1874883
100,4,88,1900430
100,4,89,1872544
100,4,90,1835206
100,4,91,1877226
100,4,92,1848143
100,4,93,1857189
100,4,94,1893136
100,4,95,1889390
100,4,96,1880815
100,4,97,1984428
100,4,98,1895482
100,4,99,1990113
200,4,0,3865381
200,4,1,4044196
200,4,2,3889836
200,4,3,3827391
200,4,4,3935093
200,4,5,5547747
200,4,6,3808056
200,4,7,3801836
200,4,8,3861511
200,4,9,3784816
200,4,10,3890793
200,4,11,3803723
200,4,12,3856518
200,4,13,3855395
200,4,14,3794895
200,4,15,3765980
200,4,16,3848732
200,4,17,3805088
200,4,18,3770234
200,4,19,3960324
200,4,20,3852374
200,4,21,3816606
200,4,22,3927718
200,4,23,3835620
200,4,24,3763857
200,4,25,3868197
200,4,26,3763052
200,4,27,3796001
200,4,28,3881579
200,4,29,3795419
200,4,30,3781588
200,4,31,3809247
200,4,32,3772772
200,4,33,3749868
200,4,34,3751208
200,4,35,3832077
200,4,36,3811019
200,4,37,3809551
200,4,38,3843176
200,4,39,3778761
200,4,40,3744155
200,4,41,3803056
200,4,42,3826671
200,4,43,3773801
200,4,44,3835558
200,4,45,3783068
200,4,46,3790531
200,4,47,3851222
200,4,48,3865890
200,4,49,3904110
200,4,50,3995918
200,4,51,4002839
200,4,52,4045190
200,4,53,4065230
200,4,54,3963971
200,4,55,3943496
200,4,56,3987616
200,4,57,3878746
200,4,58,3952565
200,4,59,4030192
200,4,60,3982834
200,4,61,3921410
200,4,62,4029189
200,4,63,3988530
200,4,64,3986669
200,4,65,4038567
200,4,66,4101995
200,4,67,4083836
200,4,68,4058366
200,4,69,4069996
200,4,70,4096186
200,4,71,4080739
200,4,72,3985614
200,4,73,4016750
200,4,74,4175640
200,4,75,4116086
200,4,76,4109800
200,4,77,4128137
200,4,78,4070391
200,4,79,3960708
200,4,80,4039036
200,4,81,3974537
200,4,82,4153375
200,4,83,4217568
200,4,84,4093365
200,4,85,4077656
200,4,86,4069422
200,4,87,4071924
200,4,88,4095376
200,4,89,4091826
200,4,90,4011841
200,4,91,4029671
200,4,92,4122992
200,4,93,3955183
200,4,94,3951358
200,4,95,4023407
200,4,96,4069492
200,4,97,4060881
200,4,98,4301800
200,4,99,4069768
400,4,0,7528062
400,4,1,7583057
400,4,2,7500775
400,4,3,7550835
400,4,4,7673568
400,4,5,7565606
400,4,6,7492124
400,4,7,7588288
400,4,8,7798291
400,4,9,7853207
400,4,10,7802330
400,4,11,7648812
400,4,12,7639178
400,4,13,7558817
400,4,14,7505161
400,4,15,7685986
400,4,16,7485108
400,4,17,7560823
400,4,18,7593271
400,4,19,7602745
400,4,20,7523624
400,4,21,7495814
400,4,22,7483028
400,4,23,7697288
400,4,24,7607162
400,4,25,7513166
400,4,26,7496276
400,4,27,7490389
400,4,28,7589301
400,4,29,7558874
400,4,30,7506229
400,4,31,7531173
400,4,32,7562287
400,4,33,7616452
400,4,34,7542580
400,4,35,7696351
400,4,36,7646985
400,4,37,7592714
400,4,38,7518064
400,4,39,7537034
400,4,40,7446352
400,4,41,7619364
400,4,42,7482481
400,4,43,7492315
400,4,44,7638783
400,4,45,8895033
400,4,46,7374923
400,4,47,7556691
400,4,48,7474839
400,4,49,7514102
400,4,50,7519357
400,4,51,7505649
400,4,52,7588292
400,4,53,7548199
400,4,54,7457908
400,4,55,7689716
400,4,56,7653617
400,4,57,7531285
400,4,58,7675305
400,4,59,7593611
400,4,60,7705954
400,4,61,7676548
400,4,62,7638063
400,4,63,7518372
400,4,64,7649365
400,4,65,7632606
400,4,66,7441493
400,4,67,7468853
400,4,68,7496052
400,4,69,7613655
400,4,70,7505817
400,4,71,8181870
400,4,72,9693874
400,4,73,7667754
400,4,74,7587134
400,4,75,7630825
400,4,76,7645779
400,4,77,7507206
400,4,78,7585604
400,4,79,7504145
400,4,80,7661447
400,4,81,7553212
400,4,82,7494480
400,4,83,7761379
400,4,84,7797590
400,4,85,7613915
400,4,86,7634759
400,4,87,7655824
400,4,88,7788765
400,4,89,7659035
400,4,90,7547875
400,4,91,7581692
400,4,92,7650943
400,4,93,7549595
400,4,94,7576906
400,4,95,9356541
400,4,96,7444811
400,4,97,7495545
400,4,98,7419856
400,4,99,7589161
600,4,0,11528066
600,4,1,11471220
600,4,2,11305085
600,4,3,11385482
600,4,4,11233270
600,4,5,11306598
600,4,6,11440087
600,4,7,11516824
600,4,8,13197390
600,4,9,11486043
600,4,10,11371634
600,4,11,11298220
600,4,12,11426190
600,4,13,11268310
600,4,14,11401032
600,4,15,11373233
600,4,16,12147735
600,4,17,11619192
600,4,18,11429622
600,4,19,11661338
600,4,20,11765268
600,4,21,11579125
600,4,22,11620979
600,4,23,11888719
600,4,24,11758764
600,4,25,11773079
600,4,26,11794295
600,4,27,11761025
600,4,28,11724489
600,4,29,11821413
600,4,30,12839828
600,4,31,11711652
600,4,32,11742961
600,4,33,11818926
600,4,34,11727340
600,4,35,11820421
600,4,36,11595092
600,4,37,11439607
600,4,38,11645196
600,4,39,11404875
600,4,40,11235262
600,4,41,13316837
600,4,42,11231926
600,4,43,11353397
600,4,44,11278467
600,4,45,11479272
600,4,46,11749762
600,4,47,11275730
600,4,48,11698114
600,4,49,11377793
600,4,50,11324046
600,4,51,11448431
600,4,52,11465063
600,4,53,11291943
600,4,54,11163593
600,4,55,11419611
600,4,56,11319346
600,4,57,11237834
600,4,58,11255710
600,4,59,11409094
600,4,60,11344792
600,4,61,11226418
600,4,62,11310784
600,4,63,11387067
600,4,64,11369842
600,4,65,11651939
600,4,66,11332679
600,4,67,11268644
600,4,68,11397555
600,4,69,11475601
600,4,70,11353109
600,4,71,11498841
600,4,72,11570359
600,4,73,11309467
600,4,74,11464973
600,4,75,13548885
600,4,76,11348140
600,4,77,11505079
600,4,78,11488646
600,4,79,11413028
600,4,80,11405818
600,4,81,11406519
600,4,82,11286129
600,4,83,11522403
600,4,84,11412399
600,4,85,11330897
600,4,86,11599162
600,4,87,11853015
600,4,88,11512070
600,4,89,11621704
600,4,90,11367371
600,4,91,11637686
600,4,92,11788320
600,4,93,11502030
600,4,94,11630223
600,4,95,11364580
600,4,96,11325043
600,4,97,11260049
600,4,98,11323241
600,4,99,11900405
800,4,0,15253062
800,4,1,15281055
800,4,2,17415947
800,4,3,16144879
800,4,4,16671535
800,4,5,15410548
800,4,6,14963279
800,4,7,15030813
800,4,8,15466947
800,4,9,16184145
800,4,10,15945021
800,4,11,16252383
800,4,12,16047915
800,4,13,16016291
800,4,14,16120532
800,4,15,16330624
800,4,16,16081106
800,4,17,16392154
800,4,18,16063944
800,4,19,16081829
800,4,20,16273967
800,4,21,16435428
800,4,22,16235621
800,4,23,16201111
800,4,24,16355924
800,4,25,16394647
800,4,26,17930801
800,4,27,16144463
800,4,28,16336226
800,4,29,16316287
800,4,30,16206145
800,4,31,15967567
800,4,32,16080448
800,4,33,16229657
800,4,34,16152581
800,4,35,16054457
800,4,36,16213995
800,4,37,16035730
800,4,38,16154133
800,4,39,16337213
800,4,40,16610948
800,4,41,16357474
800,4,42,16486838
800,4,43,16154437
800,4,44,16042427
800,4,45,16179928
800,4,46,16213421
800,4,47,16120455
800,4,48,16147201
800,4,49,16122838
800,4,50,16032363
800,4,51,18918358
800,4,52,20936200
800,4,53,15731401
800,4,54,14979317
800,4,55,14946208
800,4,56,14978476
800,4,57,15145156
800,4,58,14930871
800,4,59,14940713
800,4,60,14705914
800,4,61,14180308
800,4,62,14245149
800,4,63,14821041
800,4,64,14969849
800,4,65,15404910
800,4,66,15292620
800,4,67,15817834
800,4,68,15486253
800,4,69,15202888
800,4,70,15360529
800,4,71,15457554
800,4,72,15813162
800,4,73,16832849
800,4,74,17257584
800,4,75,17257862
800,4,76,18865771
800,4,77,18144994
800,4,78,18060826
800,4,79,18135409
800,4,80,18066146
800,4,81,17559057
800,4,82,17961875
800,4,83,17933765
800,4,84,18032805
800,4,85,17938399
800,4,86,18026558
800,4,87,18050513
800,4,88,17913500
800,4,89,17745752
800,4,90,18230690
800,4,91,18398795
800,4,92,18085260
800,4,93,18036666
800,4,94,17483725
800,4,95,17572203
800,4,96,17555841
800,4,97,17856110
800,4,98,17952890
800,4,99,17840945
1000,4,0,61394868
1000,4,1,47279537
1000,4,2,41075086
1000,4,3,37015109
1000,4,4,33405315
1000,4,5,30995073
1000,4,6,29398111
1000,4,7,30279247
1000,4,8,26143620
1000,4,9,24979759
1000,4,10,24374654
1000,4,11,23575471
1000,4,12,23056268
1000,4,13,22539202
1000,4,14,23351204
1000,4,15,28982544
1000,4,16,27048827
1000,4,17,21091160
1000,4,18,20775681
1000,4,19,20697476
1000,4,20,20324183
1000,4,21,20045340
1000,4,22,19959318
1000,4,23,20030155
1000,4,24,20173498
1000,4,25,19726166
1000,4,26,19243832
1000,4,27,22209053
1000,4,28,32401500
1000,4,29,23174569
1000,4,30,20004843
1000,4,31,20093193
1000,4,32,20646499
1000,4,33,20237554
1000,4,34,20273276
1000,4,35,20329339
1000,4,36,20292863
1000,4,37,19865781
1000,4,38,20347291
1000,4,39,20294165
1000,4,40,20066966
1000,4,41,20281687
1000,4,42,20260183
1000,4,43,20380219
1000,4,44,20119971
1000,4,45,20173601
1000,4,46,20077967
1000,4,47,21221031
1000,4,48,19739270
1000,4,49,20319060
1000,4,50,20341168
1000,4,51,20255961
1000,4,52,20241195
1000,4,53,19663191
1000,4,54,20284675
1000,4,55,20208314
1000,4,56,20218739
1000,4,57,20133534
1000,4,58,20506555
1000,4,59,20663994
1000,4,60,20308055
1000,4,61,20261473
1000,4,62,20143593
1000,4,63,20104176
1000,4,64,20078652
1000,4,65,20379348
1000,4,66,20053177
1000,4,67,21917578
1000,4,68,20306620
1000,4,69,20362944
1000,4,70,20118070
1000,4,71,20291720
1000,4,72,20649847
1000,4,73,20445288
1000,4,74,20696924
1000,4,75,20455256
1000,4,76,20478245
1000,4,77,20489258
1000,4,78,20099003
1000,4,79,20309889
1000,4,80,20229062
1000,4,81,19925606
1000,4,82,20257530
1000,4,83,20168100
1000,4,84,20590651
1000,4,85,20302237
1000,4,86,20086289
1000,4,87,22038961
1000,4,88,20638120
1000,4,89,20314582
1000,4,90,21584904
1000,4,91,20356265
1000,4,92,20654346
1000,4,93,19924557
1000,4,94,20040553
1000,4,95,20808058
1000,4,96,19579584
1000,4,97,19972321
1000,4,98,20105433
1000,4,99,20454411
1,8,0,47785
1,8,1,47920
1,8,2,46084
1,8,3,45851
1,8,4,46119
1,8,5,62925
1,8,6,46770
1,8,7,45702
1,8,8,45071
1,8,9,46170
1,8,10,53208
1,8,11,75796
1,8,12,46637
1,8,13,46063
1,8,14,48859
1,8,15,46140
1,8,16,50003
1,8,17,49367
1,8,18,46201
1,8,19,45337
1,8,20,47415
1,8,21,47431
1,8,22,48195
1,8,23,47675
1,8,24,49737
1,8,25,47160
1,8,26,47282
1,8,27,47544
1,8,28,48896
1,8,29,81527
1,8,30,48370
1,8,31,47152
1,8,32,46529
1,8,33,48304
1,8,34,47758
1,8,35,47079
1,8,36,48855
1,8,37,47669
1,8,38,51457
1,8,39,47370
1,8,40,46803
1,8,41,48249
1,8,42,47912
1,8,43,49344
1,8,44,48094
1,8,45,50053
1,8,46,46759
1,8,47,47052
1,8,48,46246
1,8,49,51731
1,8,50,48991
1,8,51,49717
1,8,52,52619
1,8,53,49727
1,8,54,49805
1,8,55,48806
1,8,56,50132
1,8,57,50068
1,8,58,88964
1,8,59,51267
1,8,60,49708
1,8,61,55461
1,8,62,50149
1,8,63,49805
1,8,64,49056
1,8,65,49045
1,8,66,49122
1,8,67,49806
1,8,68,50215
1,8,69,51988
1,8,70,55188
1,8,71,90676
1,8,72,56063
1,8,73,52929
1,8,74,51266
1,8,75,52851
1,8,76,51178
1,8,77,50642
1,8,78,49974
1,8,79,50348
1,8,80,66344
1,8,81,51808
1,8,82,50764
1,8,83,50526
1,8,84,53156
1,8,85,78954
1,8,86,52383
1,8,87,51305
1,8,88,51051
1,8,89,54258
1,8,90,52260
1,8,91,54290
1,8,92,51965
1,8,93,52027
1,8,94,50724
1,8,95,51910
1,8,96,51774
1,8,97,76762
1,8,98,52947
1,8,99,108238
10,8,0,260383
10,8,1,236032
10,8,2,281156
10,8,3,278137
10,8,4,246137
10,8,5,239552
10,8,6,241530
10,8,7,250875
10,8,8,287523
10,8,9,243603
10,8,10,231603
10,8,11,224916
10,8,12,239983
10,8,13,232433
10,8,14,235592
10,8,15,219191
10,8,16,229548
10,8,17,219940
10,8,18,218479
10,8,19,220039
10,8,20,219596
10,8,21,221283
10,8,22,220119
10,8,23,222902
10,8,24,221095
10,8,25,219220
10,8,26,221078
10,8,27,222246
10,8,28,217932
10,8,29,222606
10,8,30,220401
10,8,31,229976
10,8,32,256972
10,8,33,233434
10,8,34,233055
10,8,35,235884
10,8,36,230252
10,8,37,230158
10,8,38,230842
10,8,39,233543
10,8,40,235199
10,8,41,241434
10,8,42,245743
10,8,43,239120
10,8,44,230187
10,8,45,231581
10,8,46,246010
10,8,47,247696
10,8,48,252234
10,8,49,239990
10,8,50,232656
10,8,51,235349
10,8,52,226101
10,8,53,231132
10,8,54,230198
10,8,55,229676
10,8,56,235177
10,8,57,225069
10,8,58,229005
10,8,59,228741
10,8,60,267258
10,8,61,242694
10,8,62,240981
10,8,63,370946
10,8,64,283312
10,8,65,245510
10,8,66,229164
10,8,67,234853
10,8,68,233093
10,8,69,230638
10,8,70,246467
10,8,71,248510
10,8,72,226778
10,8,73,222918
10,8,74,225628
10,8,75,223036
10,8,76,222614
10,8,77,228062
10,8,78,236866
10,8,79,228667
10,8,80,229272
10,8,81,240020
10,8,82,231322
10,8,83,229927
10,8,84,225221
10,8,85,224148
10,8,86,225713
10,8,87,229779
10,8,88,229388
10,8,89,228301
10,8,90,228140
10,8,91,259174
10,8,92,246252
10,8,93,231663
10,8,94,224567
10,8,95,233373
10,8,96,228530
10,8,97,233253
10,8,98,249027
10,8,99,232052
50,8,0,1160827
50,8,1,1142923
50,8,2,1133531
50,8,3,1058622
50,8,4,1086767
50,8,5,1056368
50,8,6,1048614
50,8,7,1096833
50,8,8,1123928
50,8,9,1178079
50,8,10,1073854
50,8,11,1041249
50,8,12,1046837
50,8,13,1068088
50,8,14,1072503
50,8,15,1070146
50,8,16,1189447
50,8,17,1073026
50,8,18,1036523
50,8,19,1051032
50,8,20,1080404
50,8,21,1075847
50,8,22,1086742
50,8,23,1129445
50,8,24,1154410
50,8,25,1050821
50,8,26,1058962
50,8,27,1020819
50,8,28,1010660
50,8,29,1002015
50,8,30,1002603
50,8,31,1070636
50,8,32,1024741
50,8,33,1006011
50,8,34,1003685
50,8,35,1025191
50,8,36,1048240
50,8,37,1049024
50,8,38,1046747
50,8,39,1126232
50,8,40,1047225
50,8,41,1044784
50,8,42,1041138
50,8,43,1012298
50,8,44,1009803
50,8,45,1015298
50,8,46,1023380
50,8,47,1075382
50,8,48,978122
50,8,49,996446
50,8,50,979802
50,8,51,988063
50,8,52,969942
50,8,53,974965
50,8,54,987743
50,8,55,1027606
50,8,56,970739
50,8,57,968283
50,8,58,974275
50,8,59,975210
50,8,60,987895
50,8,61,971485
50,8,62,995769
50,8,63,1042635
50,8,64,983386
50,8,65,981750
50,8,66,978207
50,8,67,1008383
50,8,68,1016672
50,8,69,1014645
50,8,70,1044584
50,8,71,1083451
50,8,72,1034663
50,8,73,1027081
50,8,74,1036872
50,8,75,1016125
50,8,76,1008702
50,8,77,1003923
50,8,78,1009529
50,8,79,1061163
50,8,80,1026109
50,8,81,1015852
50,8,82,996460
50,8,83,995793
50,8,84,974058
50,8,85,974180
50,8,86,1021154
50,8,87,1011849
50,8,88,997176
50,8,89,1001967
50,8,90,996134
50,8,91,997965
50,8,92,987631
50,8,93,975220
50,8,94,1034660
50,8,95,1009295
50,8,96,997163
50,8,97,1003977
50,8,98,1003135
50,8,99,1007906
100,8,0,1975542
100,8,1,1904185
100,8,2,1918751
100,8,3,1956118
100,8,4,1933529
100,8,5,1902761
100,8,6,1910054
100,8,7,1961679
100,8,8,1910992
100,8,9,1902905
100,8,10,1925679
100,8,11,1935777
100,8,12,1912580
100,8,13,1894279
100,8,14,1936683
100,8,15,2006592
100,8,16,1934685
100,8,17,1972401
100,8,18,2031397
100,8,19,2113998
100,8,20,1967241
100,8,21,1955469
100,8,22,1935820
100,8,23,1993218
100,8,24,1924992
100,8,25,3250817
100,8,26,2009552
100,8,27,1988712
100,8,28,1899783
100,8,29,1879888
100,8,30,1907636
100,8,31,1990852
100,8,32,1930422
100,8,33,1900382
100,8,34,1916003
100,8,35,1979051
100,8,36,1916218
100,8,37,1941748
100,8,38,1935666
100,8,39,1969545
100,8,40,1909873
100,8,41,1908728
100,8,42,2068217
100,8,43,2103260
100,8,44,2017717
100,8,45,2023653
100,8,46,1976783
100,8,47,2032279
100,8,48,1974025
100,8,49,1980887
100,8,50,2094023
100,8,51,2140640
100,8,52,2071790
100,8,53,1995515
100,8,54,1939056
100,8,55,2004899
100,8,56,1979805
100,8,57,1947810
100,8,58,1957418
100,8,59,2009259
100,8,60,1950214
100,8,61,1952542
100,8,62,1943330
100,8,63,1957395
100,8,64,1941517
100,8,65,1965142
100,8,66,1980303
100,8,67,2026127
100,8,68,1928054
100,8,69,1908750
100,8,70,1916878
100,8,71,1946869
100,8,72,1894181
100,8,73,1893176
100,8,74,1899243
100,8,75,1897617
100,8,76,1955513
100,8,77,1890224
100,8,78,1896779
100,8,79,1924625
100,8,80,2001607
100,8,81,1956042
100,8,82,1956511
100,8,83,1949311
100,8,84,1976764
100,8,85,1947060
100,8,86,1897662
100,8,87,1931916
100,8,88,1993361
100,8,89,1943004
100,8,90,1970625
100,8,91,1901756
100,8,92,1903504
100,8,93,1899359
100,8,94,1956904
100,8,95,1930467
100,8,96,1913026
100,8,97,1927508
100,8,98,2021350
100,8,99,1971491
200,8,0,3892680
200,8,1,3952725
200,8,2,3889192
200,8,3,3929576
200,8,4,3833768
200,8,5,4046322
200,8,6,3876602
200,8,7,3824064
200,8,8,3765789
200,8,9,3822259
200,8,10,3778244
200,8,11,3929250
200,8,12,3894738
200,8,13,3931411
200,8,14,3816439
200,8,15,3919564
200,8,16,3887381
200,8,17,3770393
200,8,18,3827967
200,8,19,3765667
200,8,20,3844713
200,8,21,3789308
200,8,22,3990937
200,8,23,3918646
200,8,24,3838223
200,8,25,3858398
200,8,26,3923997
200,8,27,3914251
200,8,28,3962548
200,8,29,3903223
200,8,30,3967977
200,8,31,3881466
200,8,32,3869059
200,8,33,3807722
200,8,34,3894580
200,8,35,3761679
200,8,36,3843612
200,8,37,3909497
200,8,38,3881792
200,8,39,3805511
200,8,40,3832193
200,8,41,3749495
200,8,42,3826489
200,8,43,3765500
200,8,44,3827025
200,8,45,3891094
200,8,46,4072430
200,8,47,3985746
200,8,48,4074275
200,8,49,3911777
200,8,50,3952783
200,8,51,3920960
200,8,52,3973026
200,8,53,3923272
200,8,54,4006500
200,8,55,3905152
200,8,56,3977597
200,8,57,3876997
200,8,58,3874687
200,8,59,3830463
200,8,60,4020884
200,8,61,3953603
200,8,62,4046885
200,8,63,3906891
200,8,64,3859972
200,8,65,3827429
200,8,66,3922732
200,8,67,3909367
200,8,68,3945497
200,8,69,3921697
200,8,70,3973467
200,8,71,3867805
200,8,72,3874807
200,8,73,3866249
200,8,74,5727426
200,8,75,3777105
200,8,76,3850885
200,8,77,3803375
200,8,78,3831235
200,8,79,3782098
200,8,80,3892003
200,8,81,3814887
200,8,82,3960681
200,8,83,3740424
200,8,84,3881788
200,8,85,3906868
200,8,86,3946922
200,8,87,3805618
200,8,88,3862562
200,8,89,3881030
200,8,90,3969695
200,8,91,3934790
200,8,92,4017813
200,8,93,3848172
200,8,94,3846182
200,8,95,3788644
200,8,96,3859843
200,8,97,3842822
200,8,98,4079859
200,8,99,4017601
400,8,0,7829947
400,8,1,7678718
400,8,2,7823208
400,8,3,7723365
400,8,4,7794271
400,8,5,7856897
400,8,6,7701090
400,8,7,7724770
400,8,8,7812182
400,8,9,8036621
400,8,10,7955224
400,8,11,7862671
400,8,12,7817691
400,8,13,7879886
400,8,14,7889070
400,8,15,9655913
400,8,16,7665189
400,8,17,7636964
400,8,18,7804799
400,8,19,7667694
400,8,20,7765833
400,8,21,7824390
400,8,22,7937522
400,8,23,7876331
400,8,24,7814038
400,8,25,7752843
400,8,26,7955947
400,8,27,7792732
400,8,28,7611691
400,8,29,7836052
400,8,30,7865413
400,8,31,7757051
400,8,32,7713703
400,8,33,7857632
400,8,34,7823426
400,8,35,7853056
400,8,36,7880507
400,8,37,7928119
400,8,38,7942313
400,8,39,7658545
400,8,40,7590774
400,8,41,7595930
400,8,42,7849113
400,8,43,7878805
400,8,44,7810895
400,8,45,7824517
400,8,46,7836473
400,8,47,7703584
400,8,48,7821191
400,8,49,7682190
400,8,50,7716958
400,8,51,7820106
400,8,52,7863079
400,8,53,7860631
400,8,54,7701780
400,8,55,7801057
400,8,56,7683723
400,8,57,7701675
400,8,58,8900922
400,8,59,7908937
400,8,60,8038468
400,8,61,7994362
400,8,62,7846114
400,8,63,7720093
400,8,64,7620409
400,8,65,7785790
400,8,66,7849753
400,8,67,7649165
400,8,68,7646686
400,8,69,7809211
400,8,70,7547504
400,8,71,7606881
400,8,72,7588301
400,8,73,7839673
400,8,74,7682764
400,8,75,7619498
400,8,76,7640489
400,8,77,7728957
400,8,78,7719092
400,8,79,7687192
400,8,80,7658046
400,8,81,7614247
400,8,82,7637974
400,8,83,7587936
400,8,84,7863336
400,8,85,7905338
400,8,86,7883109
400,8,87,7781186
400,8,88,7836452
400,8,89,7846362
400,8,90,7699471
400,8,91,7676034
400,8,92,7661010
400,8,93,7681030
400,8,94,7614868
400,8,95,7602054
400,8,96,7636603
400,8,97,7613360
400,8,98,7746403
400,8,99,7729921
600,8,0,11136111
600,8,1,11202078
600,8,2,12276971
600,8,3,11001356
600,8,4,11037648
600,8,5,10785878
600,8,6,11487340
600,8,7,11280049
600,8,8,10801018
600,8,9,10926711
600,8,10,10736591
600,8,11,10720647
600,8,12,11140505
600,8,13,11063260
600,8,14,10918489
600,8,15,11047306
600,8,16,10898811
600,8,17,10924807
600,8,18,11153738
600,8,19,11116892
600,8,20,11052628
600,8,21,11194864
600,8,22,11087195
600,8,23,11141681
600,8,24,11089881
600,8,25,10778018
600,8,26,11266514
600,8,27,11008348
600,8,28,11165689
600,8,29,11071908
600,8,30,12778679
600,8,31,10873393
600,8,32,10992371
600,8,33,10772607
600,8,34,11534941
600,8,35,11042953
600,8,36,11651229
600,8,37,11402517
600,8,38,10986753
600,8,39,10989199
600,8,40,11038838
600,8,41,11015303
600,8,42,11418761
600,8,43,11369025
600,8,44,11128424
600,8,45,10888769
600,8,46,10865662
600,8,47,11120082
600,8,48,11128678
600,8,49,10992417
600,8,50,11080068
600,8,51,10973085
600,8,52,10891386
600,8,53,11545434
600,8,54,11563070
600,8,55,10939752
600,8,56,11131670
600,8,57,11071497
600,8,58,11168868
600,8,59,12700737
600,8,60,10812265
600,8,61,11534938
600,8,62,11013889
600,8,63,10945324
600,8,64,11164425
600,8,65,11322210
600,8,66,11109381
600,8,67,11153014
600,8,68,11117213
600,8,69,11449222
600,8,70,11373580
600,8,71,11095121
600,8,72,11459411
600,8,73,11425469
600,8,74,11029232
600,8,75,11215208
600,8,76,11170943
600,8,77,11025696
600,8,78,11384192
600,8,79,11238810
600,8,80,10995653
600,8,81,11029696
600,8,82,10820245
600,8,83,10926517
600,8,84,11195851
600,8,85,11047325
600,8,86,11141083
600,8,87,12362549
600,8,88,10955987
600,8,89,11335293
600,8,90,11266842
600,8,91,11117299
600,8,92,11237183
600,8,93,10938356
600,8,94,11087356
600,8,95,10991186
600,8,96,11206703
600,8,97,11089694
600,8,98,11035841
600,8,99,11014436
800,8,0,16881193
800,8,1,15474401
800,8,2,15633012
800,8,3,15685912
800,8,4,15473839
800,8,5,15150244
800,8,6,15233443
800,8,7,15553232
800,8,8,15383132
800,8,9,15545681
800,8,10,15489762
800,8,11,15691367
800,8,12,15784991
800,8,13,15612069
800,8,14,15332333
800,8,15,15378885
800,8,16,15586685
800,8,17,15419842
800,8,18,15338848
800,8,19,15756025
800,8,20,15434512
800,8,21,17052768
800,8,22,15051041
800,8,23,15406209
800,8,24,15515554
800,8,25,15522118
800,8,26,15295319
800,8,27,15364319
800,8,28,15397567
800,8,29,15694470
800,8,30,15804447
800,8,31,15746735
800,8,32,15682733
800,8,33,15349932
800,8,34,15247677
800,8,35,15574013
800,8,36,15736758
800,8,37,15664110
800,8,38,15578122
800,8,39,15628021
800,8,40,15309356
800,8,41,15215684
800,8,42,16463498
800,8,43,15012648
800,8,44,15511859
800,8,45,15294766
800,8,46,15209720
800,8,47,15517716
800,8,48,15434481
800,8,49,15424966
800,8,50,15469807
800,8,51,15740900
800,8,52,15291865
800,8,53,15669851
800,8,54,15409733
800,8,55,15636696
800,8,56,15204787
800,8,57,15490610
800,8,58,15418951
800,8,59,15386734
800,8,60,15572773
800,8,61,15198736
800,8,62,15378455
800,8,63,16612313
800,8,64,15942219
800,8,65,15605734
800,8,66,15303967
800,8,67,15183294
800,8,68,15352358
800,8,69,15399039
800,8,70,15304880
800,8,71,15170123
800,8,72,15280965
800,8,73,15122205
800,8,74,15459591
800,8,75,15727114
800,8,76,15946141
800,8,77,15719961
800,8,78,15478273
800,8,79,15259910
800,8,80,16004105
800,8,81,15496377
800,8,82,15617767
800,8,83,15279150
800,8,84,15487010
800,8,85,16667384
800,8,86,15401351
800,8,87,15356411
800,8,88,15458545
800,8,89,15353128
800,8,90,15868063
800,8,91,15450692
800,8,92,15415601
800,8,93,15610074
800,8,94,15557340
800,8,95,15446424
800,8,96,15662318
800,8,97,15426498
800,8,98,15290280
800,8,99,15441956
1000,8,0,18694879
1000,8,1,18871741
1000,8,2,20595671
1000,8,3,18523742
1000,8,4,18656289
1000,8,5,18721192
1000,8,6,18735444
1000,8,7,18560965
1000,8,8,18586787
1000,8,9,18396294
1000,8,10,18452892
1000,8,11,18225369
1000,8,12,18434450
1000,8,13,19001805
1000,8,14,18834331
1000,8,15,19019167
1000,8,16,18680130
1000,8,17,19041880
1000,8,18,19130267
1000,8,19,19813838
1000,8,20,18703986
1000,8,21,18680466
1000,8,22,18908800
1000,8,23,18813348
1000,8,24,18554279
1000,8,25,18467771
1000,8,26,18165935
1000,8,27,18370235
1000,8,28,18500460
1000,8,29,18394696
1000,8,30,18599849
1000,8,31,18798315
1000,8,32,18691871
1000,8,33,18503055
1000,8,34,18300555
1000,8,35,18323359
1000,8,36,20035869
1000,8,37,18346224
1000,8,38,18502234
1000,8,39,18259690
1000,8,40,18493410
1000,8,41,18198257
1000,8,42,18762948
1000,8,43,18800113
1000,8,44,18386035
1000,8,45,18154716
1000,8,46,18872922
1000,8,47,18924064
1000,8,48,18694381
1000,8,49,18862731
1000,8,50,18915728
1000,8,51,19005391
1000,8,52,19205267
1000,8,53,20310529
1000,8,54,18477461
1000,8,55,18515224
1000,8,56,18608156
1000,8,57,18146779
1000,8,58,18573949
1000,8,59,18252101
1000,8,60,18302443
1000,8,61,18502955
1000,8,62,18747907
1000,8,63,19051364
1000,8,64,19043061
1000,8,65,19054401
1000,8,66,18778943
1000,8,67,19256316
1000,8,68,19133266
1000,8,69,18771896
1000,8,70,20110800
1000,8,71,18459816
1000,8,72,18488431
1000,8,73,18947511
1000,8,74,18948410
1000,8,75,18562678
1000,8,76,18383511
1000,8,77,18255926
1000,8,78,18454772
1000,8,79,18257664
1000,8,80,18367791
1000,8,81,18191286
1000,8,82,18575430
1000,8,83,18396112
1000,8,84,18647287
1000,8,85,18566423
1000,8,86,18377104
1000,8,87,21158734
1000,8,88,19171236
1000,8,89,20036082
1000,8,90,20072563
1000,8,91,20052734
1000,8,92,20492584
1000,8,93,20154181
1000,8,94,20523504
1000,8,95,21110001
1000,8,96,20005631
1000,8,97,18778518
1000,8,98,18917215
1000,8,99,19039938
                                                                                                                                                                                                                                                                                                                                                                                                                                                                                                                                                                                                                                                                                                                                                                                                                                                                                                                                                                                                                                                                                                                                                                                                                                                                                                                                                                                                                                                                                                                                                                                                                                                                                                                                                                                                                                                                                                                                                                                                                                                                                                                                                                                                                                                                                                                                                                                                                                                                                                                                                                                                                                                                                                                                                                                                                                                                                                                                                                                                                                                                                                                                                                                                                                                                                                                                                                                                                                                                                                                                                                                                                                                                                                                                                                                                                                                                                                                                                                                                                                                                                                                                                                                                                                                                                                                                                                                                                                                                                                                                                                                                                                                                                                                                                                                                                                                                                                                                                                                                                                                                                                                                                                                                                                                                                                                                                                                                                                                                                                                                                                                                                                                                                                                                                                                                                                                                                                                                                                                                                                                                                                                                                                                                                                                                                                                                                                                                                                                                                                                                                                                                                                                                                                                                                                                                                                                                                                                                                                                                                                                                                                                                                                                                                                                                                                                                                                                                                                                                                                                                                                                                                                                                                                                                                                                                                                                                                                                                                                                                                                                                                                                                                                                                                                                                                                                                                                                                                                                                                                                                                                                                                                                                                                                                                                                                                                                                                                                                                                                                                                                                                                                                                                                                                                                                                                                                                                                                                                                                                                                                                                                                                                                                                                                                                                                                                                                                                                                                                                                                                                                                                                                                                                                                                                                                                                                                                                                                                                                                                                                                                                                                                                                                                                                                                                                                                                                                                                                                                                                                                                                                                                                                                                                                                                                                                                                                                                                                                                                                                                                                                                                                                                                                                                                                                                                                                                                                                                                                                                                                                                                                                                                                                                                                                                                                                                                                                                                                                                                                                                                                                                                                                                                                                                                                                                                                                                                                                                                                                                                                                                                                                                                                                                                                                                                                                                                                                                                                                                                                                                                                                                                                                                                                                                                                                                                                                                                                                                                                                                                                                                                                                                                                                                                                                                                                                                                                                                                                                                                                                                                                                                                                                                                                                                                                                                                                                                                                                                                                                                                                                                                                                                                                                                                                                                                                                                                                                                                                                                                                                                                                                                                                                                                                                                                                                                                                                                                                                                                                                                                                                                                                                                                                                                                                                                                                                                                                                                                                                                                                                                                                                                                                                                                                                                                                                                                                                                                                                                                                                                                                                                                                                                                                                                                                                                                                                                                                                                                                                                                                                                                                                                                                                                                                                                                                                                                                                                                                                                                                                                                                                                                                                                                                                                                                                                                                                                                                                                                                                                                                                                                                                                                                                                                                                                                                                                                                                                                                                                                                                                                                                                                                                                                                                                                                                                                                                                                                                                                                                                                                                                                                                                                                                                                                                                                                                                                                                                                                                                                                                                                                                                                                                                                                                                                                                                                                                                                                                                                                                                                                                                                                                                                                                                                                                                                                                                                                                                                                                                                                                                                                                                                                                                                                                                                                                                                                                                                                                                                                                                                                                                                                                                                                                                                                                                                                                                                                                                                                                                                                                                                                                                                                                                                                                                                                                                                                                                                                                                                                                                                                                                                                                                                                                                                                                                                                                                                                                                                                                                                                                                                                                                                                                                                                                                                                                                                                                                                                                                                                                                                                                                                                                                                                                                                                                                                                                                                                                                                                                                                                                                                                                                                                                                                                                                                                                                                                                                                                                                                                                                                                                                                                                                                                                                                                                                                                                                                                                                                                                                                                                                                                                                                                                                                                                                                                                                                                                                                                                                                                                                                                                                                                                                                                                                                                                                                                                                                                                                                                                                                                                                                                                                                                                                                                                                                                                                                                                                                                                                                                                                                                                                                                                                                                                                                                                                                                                                                                                                                                                                                                                                                                                                                                                                                                                                                                                                                                                                                                                                                                                                                                                                                                                                                                                                                                                                                                                                                                                                                                                                                                                                                                                                                                                                                                                                                                                                                                                                                                                                                                                                                                                                                                                                                                                                                                                                                                                                                                                                                                                                                                                                                                                                                                                                                                                                                                                                                                                                                                                                                                                                                                                                                                                                                                                                                                                                                                                                                                                                                                                                                                                                                                                                                                                                                                                                                                                                                                                                                                                                                                                                                                                                                                                                                                                                                                                                                                                                                                                                                                                                                                                                                                                                                                                                                                                                                                                                                                                                                                                                                                                                                                                                                                                                                                                                                                                                                                                                                                                                                                                                                                                                                                                                                                                                                                                                                                                                                                                                                                                                                                                                                                                                                                                                                                                                                                                                                                                                                                                                                                                                                                                                                                                                                                                                                                                                                                                                                                                                                                                                                                                                                                                                                                                                                                                                                                                                                                                                                                                                                                                                                                                                                                                                                                                                                                                                                                                                                                                                                                                                                                                                                                                                                                                                                                                                                                                                                                                                                                                                                                                                                                                                                                                                                                                                                                                                                                                                                                                                                                                                                                                                                                                                                                                                                                                                                                                                                                                                                                                                                                                                                                                                                                                                                                                                                                                                                                                                                                                                                                                                                                                                                                                                                                                                                                                                                                                                                                                                                                                                                                                                                                                                                                                                                                                                                                                                                                                                                                                                                                                                                                                                                                                                                                                                                                                                                                                                                                                                                                                                                                                                                                                                                                                                                                                                                                                                                                                                                                                                                                                                                                                                                                                                                                                                                                                                                                                                                                                                                                                                                                                                                                                                                                                                                                                                                                                                                                                                                                                                                                                                                                                                                                                                                                                                                                                                                                                                                                                                                                                                                                                                                                                                                                                                                                                                                                                                                                                                                                                                                                                                                                                                                                                                                                                                                                                                                                                                                                                                                                                                                                                                                                                                                                                                                                                                                                                                                                                                                                                                                                                                                                                                                                                                                                                                                                                                                                                                                                                                                                                                                                                                                                                                                                                                                                                                                                                                                                                                                                                                                                                                                                                                                                                                                                                                                                                                                                                                                                                                                                                                                                                                                                                                                                                                                                                                                                                                                                                                                                                                                                                                                                                                                                                                                                                                                                                                                                                                                                                                                                                                                                                                                                                                                                                                                                                                                                                                                                                                                                                                                                                                                                                                                                                                                                                                                                                                                                                                                                                                                                                                                                                                                                                                                                                                                                                                                                                                                                                                                                                                                                                                                                                                                                                                                                                                                                                                                                                                                                                                                                                                                                                                                                                                                                                                                                                                                                                                                                                                                                                                                                                                                                                                                                                                                                                                                                                                                                                                                                                                                                                                                                                                                                                                                                                                                                                                                                                                                                                                                                                                                                                                                                                                                                                                                                                                                                                                                                                                                                                                                                                                                                                                                                                                                                                                                                                                                                                                                                                                                                                                                                                                                                                                                                                                                                                                                                                                                                                                                                                                                                                                                                                                                                                                                                                                                                                                                                                                                                                                                                                                                                                                                                                                                                                                                                                                                                                                                                                                                                                                                                                                                                                                                                                                                                                                                                                                                                                                                                                                                                                                                                                                                                                                                                                                                                                                                                                                                                                                                                                                                                                                                                                                                                                                                                                                                                                                                                                                                                                                                                                                                                                                                                                                                                                                                                                                                                                                                                                                                                                                                                                                                                                                                                                                                                                                                                                                                                                                                                                                                                                                                                                                                                                                                                                                                                                                                                                                                                                                                                                                                                                                                                                                                                                                                                                                                                                                                                                                                                                                                                                                                                                                                                                                                                                                                                                                                                                                                                                                                                                                                                                                                                                                                                                                                                                                                                                                                                                                                                                                                                                                                                                                                                                                                                                                                                                                                                                                                                                                                                                                                                                                                                                                                                                                                                                                                                                                                                                                                                                                                                                                                                                                                                                                                                                                                                                                                                                                                                                                                                                                                                                                                                                                                                                                                                                                                                                                                                                                                                                                                                                                                                                                                                                                                                                                                                                                                                                                                                                                                                                                                                                                                                                                                                                                                                                                                                                                                                                                                                                                                                                                                                                                                                                                                                                                                                                                                                                                                                                                                                                                                                                                                                                                                                                                                                                                                                                                                                                                                                                                                                                                                                                                                                                                                                                                                                                                                                                                                                                                                                                                                                                                                                                                                                                                                                                                                                                                                                                                                                                                                                                                                                                                                                                                                                                                                                                                                                                                                                                                                                                                                                                                                                                                                                                                                                                                                                                                                                                                                                                                                                                                                                                                                                                                                                                                                                                                                                                                                                                                                                                                                                                                                                                                                                                                                                                                                                                                                                                                                                                                                                                                                                                                                                                                                                                                                                                                                                                                                                                                                                                                                                                                                                                                                                                                                                                                                                                                                                                                                                                                                                                                                                                                                                                                                                                                                                                                                                                                                                                                                                                                                                                                                                                                                                                                                                                                                                                                                                                                                                                                                                                                                                                                                                                                                                                                                                                                                                                                                                                                                                                                                                                                                                                                                                                                                                                                                                                                                                                                                                                                                                                                                                                                                                                                                                                                                                                                                                                                                                                                                                                                                                                                                                                                                                                                                                                                                                                                                                                                                                                                                                                                                                                                                                                                                                                                                                                                                                                                                                                                                                                                                                                                                                                                                                                                                                                                                                                                                                                                                                                                                                                                                                                                                                                                                                                                                                                                                                                                                                                                                                                                                                                                                                                                                                                                                                                                                                                                                                                                                                                                                                                                                                                                                                                                                                                                                                                                                                                                                                                                                                                                                                                                                                                                                                                                                                                                                                                                                                                                                                                                                                                                                                                                                                                                                                                                                                                                                                                                                                                                                                                                                                                                                                                                                                                                                                                                                                                                                                                                                                                                                                                                                                                                                                                                                                                                                                                                                                                                                                                                                                                                                                                                                                                                                                                                                                                                                                                                                                                                                                                                                                                                                                                                                                                                                                                                                                                                                                                                                                                                                                                                                                                                                                                                                                                                                                                                                                                                                                                                                                                                                                                                                                                                                                                                                                                                                                                                                                                                                                                                                                                                                                                                                                                                                                                                                                                                                                                                                                                                                                                                                                                                                                                                                                                                                                                                                                                                                                                                                                                                                                                                                                                                                                                                                                                                                                                                                                                                                                                                                                                                                                                                                                                                                                                                                                                                                                                                                                                                                                                                                                                                                                                                                                                                                                                                                                                                                                                                                                                                                                                                                                                                                                                                                                                                                                                                                                                                                                                                                                                                                                                                                                                                                                                                                                                                                                                                                                                                                                                                                                                                                                                                                                                                                                                                                                                                                                                                                                                                                                                                                                                                                                                                                                                                                                                                                                                                                                                                                                                                                                                                                                                                                                                                                                                                                                                                                                                                                                                                                                                                                                                                                                                                                                                                                                                                                                                                                                                                                                                                                                                                                                                                                                                                                                                                                                                                                                                                                                                                                                                                                                                                                                                                                                                                                                                                                                                                                                                                                                                                                                                                                                                                                                                                                                                                                                                                                                                                                                                                                                                                                                                                                                                                                                                                                                                                                                                                                                                                                                                                                                                                                                                                                                                                                                                                                                                                                                                                                                                                                                                                                                                                                                                                                                                                                                                                                                                                                                                                                                                                                                                                                                                                                                                                                                                                                                                                                                                                                                                                                                                                                                                                                                                                                                                                                                                                                                                                                                                                                                                                                                                                                                                                                                                                                                                                                                                                                                                                                                                                                                                                                                                                                                                                                                                                                                                                                                                                                                                                                                                                                                                                                                                                                                                                                                                                                                                                                                                                                                                                                                                                                                                                                                                                                                                                                                                                                                                                                                                                                                                                                                                                                                                                                                                                                                                                                                                                                                                                                                                                                                                                                                                                                                                                                                                                                                                                                                                                                                                                                                                                                                                                                                                                                                                                                                                                                                                                                                                                                                                                                                                                                                                                                                                                                                                                                                                                                                                                                                                                                                                                                                                                                                                                                                                                                                                                                                                                                                                                                                                                                                                                                                                                                                                                                                                                                                                                                                                                                                                                                                                                                                                                                                                                                                                                                                                                                                                                                                                                                                                                                                                                                                                                                                                                                                                                                                                                                                                                                                                                                                                                                                                                                                                                                                                                                                                                                                                                                                                                                                                                                                                                                                                                                                                                                                                                                                                                                                                                                                                                                                                                                                                                                                                                                                                                                                                                                                                                                                                                                                                                                                                                                                                                                                                                                                                                                                                                                                                                                                                                                                                                                                                                                                                                                                                                                                                                                                                                                                                                                                                                                                                                                                                                                                                                                                                                                                                                                                                                                                                                                                                                                                                                                                                                                                                                                                                                                                                                                                                                                                                                                                                                                                                                                                                                                                                                                                                                                                                                                                                                                                                                                                                                                                                                                                                                                                                                                                                                                                                                                                                                                                                                                                                                                                                                                                                                                                                                                                                                                                                                                                                                                                                                                                                                                                                                                                                                                                                                                                                                                                                                                                                                                                                                                                                                                                                                                                                                                                                                                                                                                                                                                                                                                                                                                                                                                                                                                                                                                                                                                                                                                                                                                                                                                                                                                                                                                                                                                                                                                                                                                                                                                                                                                                                                                                                                                                                                                                                                                                                                                                                                                                                                                                                                                                                                                                                                                                                                                                                                                                                                                                                                                                                                                                                                                                                                                                                                                                                                                                                                                                                                                                                                                                                                                                                                                                                                                                                                                                                                                                                                                                                                                                                                                                                                                                                                                                                                                                                                                                                                                                                                                                                                                                                                                                                                                                                                                                                                                                                                                                                                                                                                                                                                                                                                                                                                                                                                                                                                                                                                                                                                                                                                                                                                                                                                                                                                                                                                                                                                                                                                                                                                                                                                                                                                                                                                                                                                                                                                                                                                                                                                                                                                                                                                                                                                                                                                                                                                                                                                                                                                                                                                                                                                                                                                                                                                                                                                                                                                                                                                                                                                                                                                                                                                                                                                                                                                                                                                                                                                                                                                                                                                                                                                                                                                                                                                                                                                                                                                                                                                                                                                                                                                                                                                                                                                                                                                                                                                                                                                                                                                                                                                                                                                                                                                                                                                                                                                                                                                                                                                                                                                                                                                                                                                                                                                                                                                                                                                                                                                                                                                                                                                                                                                                                                                                                                                                                                                                                                                                                                                                                                                                                                                                                                                                                                                                                                                                                                                                                                                                                                                                                                                                                                                                                                                                                                                                                                                                                                                                                                                                                                                                                                                                                                                                                                                                                                                                                                                                                                                                                                                                                                                                                                                                                                                                                                                                                                                                                                                                                                                                                                                                                                                                                                                                                                                                                                                                                                                                                                                                                                                                                                                                                                                                                                                                                                                                                                                                                                                                                                                                                                                                                                                                                                                                                                                                                                                                                                                                                                                                                                                                                                                                                                                                                                                                                                                                                                                                                                                                                                                                                                                                                                                                                                                                                                                                                                                                                                                                                                                                                                                                                                                                                                                                                                                                                                                                                                                                                                                                                                                                                                                                                                                                                                                                                                                                                                                                                                                                                                                                                                                                                                                                                                                                                                                                                                                                                                                                                                                                                                                                                                                                                                                                                                                                                                                                                                                                                                                                                                                                                                                                                                                                                                                                                                                                                                                                                                                                                                                                                                                                                                                                                                                                                                                                                                                                                                                                                                                                                                                                                                                                                                                                                                                                                                                                                                                                                                                                                                                                                                                                                                                                                                                                                                                                                                                                                                                                                                                                                                                                                                                                                                                                                                                                                                                                                                                                                                                                                                                                                                                                                                                                                                                                                                                                                                                                                                                                                                                                                                                                                                                                                                                                                                                                                                                                                                                                                                                                                                                                                                                                                                                                                                                                                                                                                                                                                                                                                                                                                                                                                                                                                                                                                                                                                                                                                                                                                                                                                                                                                                                                                                                                                                                                                                                                                                                                                                                                                                                                                                                                                                                                                                                                                                                                                                                                                                                                                                                                                                                                                                                                                                                                                                                                                                                                                                                                                                                                                                                                                                                                                                                                                                                                                                                                                                                                                                                                                                                                                                                                                                                                                                                                                                                                                                                                                                                                                                                                                                                                                                                                                                                                                                                                                                                                                                                                                                                                                                                                                                                                                                                                                                                                                                                                                                                                                                                                                                                                                                                                                                                                                                                                                                                                                                                                                                                                                                                                                                                                                                                                                                                                                                                                                                                                                                                                                                                                                                                                                                                                                                                                                                                                                                                                                                                                                                                                                                                                                                                                                                                                                                                                                                                                                                                                                                                                                                                                                                                                                                                                                                                                                                                                                                                                                                                                                                                                                                                                                                                                                                                                                                                                                                                                                                                                                                                                                                                                                                                                                                                                                                                                                                                                                                                                                                                                                                                                                                                                                                                                                                                                                                                                                                                                                                                                                                                                                                                                                                                                                                                                                                                                                                                                                                                                                                                                                                                                                                                                                                                                                                                                                                                                                                                                                                                                                                                                                                                                                                                                                                                                                                                                                                                                                                                                                                                                                                                                                                                                                                                                                                                                                                                                                                                                                                                                                                                                                                                                                                                                                                                                                                                                                                                                                                                                                                                                                                                                                                                                                                                                                                                                                                                                                                                                                                                                                                                                                                                                                                                                                                                                                                                                                                                                                                                                                                                                                                                                                                                                                                                                                                                                                                                                                                                                                                                                                                                                                                                                                                                                                                                                                                                                                                                                                                                                                                                                                                                                                                                                                                                                                                                                                                                                                                                                                                                                                                                                                                                                                                                                                                                                                                                                                                                                                                                                                                                                                                                                                                                                                                                                                                                                                                                                                                                                                                                                                                                                                                                                                                                                                                                                                                                                                                                                                                                                                                                                                                                                                                                                                                                                                                                                                                                                                                                                                                                                                                                                                                                                                                                                                                                                                                                                                                                                                                                                                                                                                                                                                                                                                                                                                                                                                                                                                                                                                                                                                                                                                                                                                                                                                                                                                                                                                                                                                                                                                                                                                                                                                                                                                                                                                                                                                                                                                                                                                                                                                                                                                                                                                                                                                                                                                                                                                                                                                                                                                                                                                                                                                                                                                                                                                                                                                                                                                                                                                                                                                                                                                                                                                                                                                                                                                                                                                                                                                                                                                                                                                                                                                                                                                                                                                                                                                                                                                                                                                                                                                                                                                                                                                                                                                                                                                                                                                                                                                                                                                                                                                                                                                                                                                                                                                                                                                                                                                                                                                                                                                                                                                                                                                                                                                                                                                                                                                                                                                                                                                                                                                                                                                                                                                                                                                                                                                                                                                                                                                                                                                                                                                                                                                                                                                                                                                                                                                                                                                                                                                                                                                                                                                                                                                                                                                                                                                                                                                                                                                                                                                                                                                                                                                                                                                                                                                                                                                                                                                                                                                                                                                                                                                                                                                                                                                                                                                                                                                                                                                                                                                                                                                                                                                                                                                                                                                                                                                                                                                                                                                                                                                                                                                                                                                                                                                                                                                                                                                                                                                                                                                                                                                                                                                                                                                                                                                                                                                                                                                                                                                                                                                                                                                                                                                                                                                                                                                                                                                                                                                                                                                                                                                                                                                                                                                                                                                                                                                                                                                                                                                                                                                                                                                                                                                                                                                                                                                                                                                                                                                                                                                                                                                                                                                                                                                                                                                                                                                                                                                                                                                                                                                                                                                                                                                                                                                                                                                                                                                                                                                                                                                                                                                                                                                                                                                                                                                                                                                                                                                                                                                                                                                                                                                                                                                                                                                                                                                                                                                                                                                                                                                                                                                                                                                                                                                                                                                                                                                                                                                                                                                                                                                                                                                                                                                                                                                                                                                                                                                                                                                                                                                                                                                                                                                                                                                                                                                                                                                                                                                                                                                                                                                                                                                                                                                                                                                                                                                                                                                                                                                                                                                                                                                                                                                                                                                                                                                                                                                                                                                                                                                                                                                                                                                                                                                                                                                                                                                                                                                                                                                                                                                                                                                                                                                                                                                                                                                                                                                                                                                                                                                                                                                                                                                                                                                                                                                                                                                                                                                                                                                                                                                                                                                                                                                                                                                                                                                                                                                                                                                                                                                                                                                                                                                                                                                                                                                                                                                                                                                                                                                                                                                                                                                                                                                                                                                                                                                                                                                                                                                                                                                                                                                                                                                                                                                                                                                                                                                                                                                                                                                                                                                                                                                                                                                                                                                                                                                                                                                                                                                                                                                                                                                                                                                                                                                                                                                                                                                                                                                                                                                                                                                                                                                                                                                                                                                                                                                                                                                                                                                                                                                                                                                                                                                                                                                                                                                                                                                                                                                                                                                                                                                                                                                                                                                                                                                                                                                                                                                                                                                                                                                                                                                                                                                                                                                                                                                                                                                                                                                                                                                                                                                                                                                                                                                                                                                                                                                                                                                                                                                                                                                                                                                                                                                                                                                                                                                                                                                                                                                                                                                                                                                                                                                                                                                                                                                                                                                                                                                                                                                                                                                                                                                                                                                                                                                                                                                                                                                                                                                                                                                                                                                                                                                                                                                                                                                                                                                                                                                                                                                                                                                                                                                                                                                                                                                                                                                                                                                                                                                                                                                                                                                                                                                                                                                                                                                                                                                                                                                                                                                                                                                                                                                                                                                                                                                                                                                                                                                                                                                                                                                                                                                                                                                                                                                                                                                                                                                                                                                                                                                                                                                                                                                                                                                                                                                                                                                                                                                                                                                                                                                                                                                                                                                                                                                                                                                                                                                                                                                                                                                                                                                                                                                                                                                                                                                                                                                                                                                                                                                                                                                                                                                                                                                                                                                                                                                                                                                                                                                                                                                                                                                                                                                                                                                                                                                                                                                                                                                                                                                                                                                                                                                                                                                                                                                                                                                                                                                                                                                                                                                                                                                                                                                                                                                                                                                                                                                                                                                                                                                                                                                                                                                                                                                                                                                                                                                                                                                                                                                                                                                                                                                                                                                                                                                                                                                                                                                                                                                                                                                                                                                                                                                                                                                                                                                                                                                                                                                                                                                                                                                                                                                                                                                                                                                                                                                                                                                                                                                                                                                                                                                                                                                                                                                                                                                                                                                                                                                                                                                                                                                                                                                                                                                                                                                                                                                                                                                                                                                                                                                                                                                                                                                                                                                                                                                                                                                                                                                                                                                                                                                                                                                                                                                                                                                                                                                                                                                                                                                                                                                                                                                                                                                                                                                                                                                                                                                                                                                                                                                                                                                                                                                                                                                                                                                                                                                                                                                                                                                                                                                                                                                                                                                                                                                                                                                                                                                                                                                                                                                                                                                                                                                                                                                                                                                                                                                                                                                                                                                                                                                                                                                                                                                                                                                                                                                                                                                                                                                                                                                                                                                                                                                                                                                                                                                                                                                                                                                                                                                                                                                                                                                                                                                                                                                                                                                                                                                                                                                                                                                                                                                                                                                                                                                                                                                                                                                                                                                                                                                                                                                                                                                                                                                                                                                                                                                                                                                                                                                                                                                                                                                                                                                                                                                                                                                                                                                                                                                                                                                                                                                                                                                                                                                                                                                                                                                                                                                                                                                                                                                                                                                                                                                                                                                                                                                                                                                                                                                                                                                                                                                                                                                                                                                                                                                                                                                                                                                                                                                                                                                                                                                                                                                                                                                                                                                                                                                                                                                                                                                                                                                                                                                                                                                                                                                                                                                                                                                                                                                                                                                                                                                                                                                                                                                                                                                                                                                                                                                                                                                                                                                                                                                                                                                                                                                                                                                                                                                                                                                                                                                                                                                                                                                                                                                                                                                                                                                                                                                                                                                                                                                                                                                                                                                                                                                                                                                                                                                                                                                                                                                                                                                                                                                                                                                                                                                                                                                                                                                                                                                                                                                                                                                                                                                                                                                                                                                                                                                                                                                                                                                                                                                                                                                                                                                                                                                                                                                                                                                                                                                                                                                                                                                                                                                                                                                                                                                                                                                                                                                                                                                                                                                                                                                                                                                                                                                                                                                                                                                                                                                                                                                                                                                                                                                                                                                                                                                                                                                                                                                                                                                                                                                                                                                                                                                                                                                                                                                                                                                                                                                                                                                                                                                                                                                                                                                                                                                                                                                                                                                                                                                                                                                                                                                                                                                                                                                                                                                                                                                                                                                                                                                                                                                                                                                                                                                                                                                                                                                                                                                                                                                                                                                                                                                                                                                                                                                                                                                                                                                                                                                                                                                                                                                                                                                                                                                                                                                                                                                                                                                                                                                                                                                                                                                                                                                                                                                                                                                                                                                                                                                                                                                                                                                                                                                                                                                                                                                                                                                                                                                                                                                                                                                                                                                                                                                                                                                                                                                                                                                                                                                                                                                                                                                                                                                                                                                                                                                                                                                                                                                                                                                                                                                                                                                                                                                                                                                                                                                                                                                                                                                                                                                                                                                                                                                                                                                                                                                                                                                                                                                                                                                                                                                                                                                                                                                                                                                                                                                                                                                                                                                                                                                                                                                                                                                                                                                                                                                                                                                                                                                                                                                                                                                                                                                                                                                                                                                                                                                                                                                                                                                                                                                                                                                                                                                                                                                                                                                                                                                                                                                                                                                                                                                                                                                                                                                                                                                                                                                                                                                                                                                                                                                                                                                                                                                                                                                                                                                                                                                                                                                                                                                                                                                                                                                                                                                                                                                                                                                                                                                                                                                                                                                                                                                                                                                                                                                                                                                                                                                                                                                                                                                                                                                                                                                                                                                                                                                                                                                                                                                                                                                                                                                                                                                                                                                                                                                                                                                                                                                                                                                                                                                                                                                                                                                                                                                                                                                                                                                                                                                                                                                                                                                                                                                                                                                                                                                                                                                                                                                                                                                                                                                                                                                                                                                                                                                                                                                                                                                                                                                                                                                                                                                                                                                                                                                                                                                                                                                                                                                                                                                                                                                                                                                                                                                                                                                                                                                                                                                                                                                                                                                                                                                                                                                                                                                                                                                                                                                                                                                                                                                                                                                                                                                                                                                                                                                                                                                                                                                                                                                                                                                                                                                                                                                                                                                                                                                                                                                                                                                                                                                                                                                                                                                                                                                                                                                                                                                                                                                                                                                                                                                                                                                                                                                                                                                                                                                                                                                                                                                                                                                                                                                                                                                                                                                                                                                                                                                                                                                                                                                                                                                                                                                                                                                                                                                                                                                                                                                                                                                                                                                                                                                                                                                                                                                                                                                                                                                                                                                                                                                                                                                                                                                                                                                                                                                                                                                                                                                                                                                                                                                                                                                                                                                                                                                                                                                                                                                                                                                                                                                                                                                                                                                                                                                                                                                                                                                                                                                                                                                                                                                                                                                                                                                                                                                                                                                                                                                                                                                                                                                                                                                                                                                                                                                                                                                                                                                                                                                                                                                                                                                                                                                                                                                                                                                                                                                                                                                                                                                                                                                                                                                                                                                                                                                                                                                                                                                                                                                                                                                                                                                                                                                                                                                                                                                                                                                                                                                                                                                                                                                                                                                                                                                                                                                                                                                                                                                                                                                                                                                                                                                                                                                                                                                                                                                                                                                                                                                                                                                                                                                                                                                                                                                                                                                                                                                                                                                                                                                                                                                                                                                                                                                                                                                                                                                                                                                                                                                                                                                                                                                                                                                                                                                                                                                                                                                                                                                                                                                                                                                                                                                                                                                                                                                                                                                                                                                                                                                                                                                                                                                                                                                                                                                                                                                                                                                                                                                                                                                                                                                                                                                                                                                                                                                                                                                                                                                                                                                                                                                                                                                                                                                                                                                                                                                                                                                                                                                                                                                                                                                                                                                                                                                                                                                                                                                                                                                                                                                                                                                                                                                                                                                                                                                                                                                                                                                                                                                                                                                                                                                                                                                                                                                                                                                                                                                                                                                                                                                                                                                                                                                                                                                                                                                                                                                                                                                                                                                                                                                                                                                                                                                                                                                                                                                                                                                                                                                                                                                                                                                                                                                                                                                                                                                                                                                                                                                                                                                                                                                                                                                                                                                                                                                                                                                                                                                                                                                                                                                                                                                                                                                                                                                                                                                                                                                                                                                                                                                                                                                                                                                                                                                                                                                                                                                                                                                                                                                                                                                                                                                                                                                                                                                                                                                                                                                                                                                                                                                                                                                                                                                                                                                                                                                                                                                                                                                                                                                                                                                                                                                                                                                                                                                                                                                                                                                                                                                                                                                                                                                                                                                                                                                                                                                                                                                                                                                                                                                                                                                                                                                                                                                                                                                                                                                                                                                                                                                                                                                                                                                                                                                                                                                                                                                                                                                                                                                                                                                                                                                                                                                                                                                                                                                                                                                                                                                                                                                                                                                                                                                                                                                                                                                                                                                                                                                                                                                                                                                                                                                                                                                                                                                                                                                                                                                                                                                                                                                                                                                                                                                                                                                                                                                                                                                                                                                                                                                                                                                                                                                                                                                                                                                                                                                                                                                                                                                                                                                                                                                                                                                                                                                                                                                                                                                                                                                                                                                                                                                                                                                                                                                                                                                                                                                                                                                                                                                                                                                                                                                                                                                                                                                                                                                                                                                                                                                                                                                                                                                                                                                                                                                                                                                                                                                                                                                                                                                                                                                                                                                                                                                                                                                                                                                                                                                                                                                                                                                                                                                                                                                                                                                                                                                                                                                                                                                                                                                                                                                                                                                                                                                                                                                                                                                                                                                                                                                                                                                                                                                                                                                                                                                                                                                                                                                                                                                                                                                                                                                                                                                                                                                                                                                                                                                                                                                                                                                                                                                                                                                                                                                                                                                                                                                                                                                                                                                                                                                                                                                                                                                                                                                                                                                                                                                                                                                                                                                                                                                                                                                                                                                                                                                                                                                                                                                                                                                                                                                                                                                                                                                                                                                                                                                                                                                                                                                                                                                                                                                                                                                                                                                                                                                                                                                                                                                                                                                                                                                                                                                                                                                                                                                                                                                                                                                                                                                                                                                                                                                                                                                                                                                                                                                                                                                                                                                                                                                                                                                                                                                                                                                                                                                                                                                                                                                                                                                                                                                                                                                                                                                                                                                                                                                                                                                                                                                                                                                                                                                                                                                                                                                                                                                                                                                                                                                                                                                                                                                                                                                                                                                                                                                                                                                                                                                                                                                                                                                                                                                                                                                                                                                                                                                                                                                                                                                                                                                                                                                                                                                                                                                                                                                                                                                                                                                                                                                                                                                                                                                                                                                                                                                                                                                                                                                                                                                                                                                                                                                                                                                                                                                                                                                                                                                                                                                                                                                                                                                                                                                                                                                                                                                                                                                                                                                                                                                                                                                                                                                                                                                                                                                                                                                                                                                                                                                                                                                                                                                                                                                                                                                                                                                                                                                                                                                                                                                                                                                                                                                                                                                                                                                                                                                                                                                                                                                                                                                                                                                                                                                                                                                                                                                                                                                                                                                                                                                                                                                                                                                                                                                                                                                                                                                                                                                                                                                                                                                                                                                                                                                                                                                                                                                                                                                                                                                                                                                                                                                                                                                                                                                                                                                                                                                                                                                                                                                                                                                                                                                                                                                                                                                                                                                                                                                                                                                                                                                                                                                                                                                                                                                                                                                                                                                                                                                                                                                                                                                                                                                                                                                                                                                                                                                                                                                                                                                                                                                                                                                                                                                                                                                                                                                                                                                                                                                                                                                                                                                                                                                                                                                                                                                                                                                                                                                                                                                                                                                                                                                                                                                                                                                                                                                                                                                                                                                                                                                                                                                                                                                                                                                                                                                                                                                                                                                                                                                                                                                                                                                                                                                                                                                                                                                                                                                                                                                                                                                                                                                                                                                                                                                                                                                                                                                                                                                                                                                                                                                                                                                                                                                                                                                                                                                                                                                                                                                                                                                                                                                                                                                                                                                                                                                                                                                                                                                                                                                                                                                                                                                                                                                                                                                                                                                                                                                                                                                                                                                                                                                                                                                                                                                                                                                                                                                                                                                                                                                                                                                                                                                                                                                                                                                                                                                                                                                                                                                                                                                                                                                                                                                                                                                                                                                                                                                                                                                                                                                                                                                                                                                                                                                                                                                                                                                                                                                                                                                                                                                                                                                                                                                                                                                                                                                                                                                                                                                                                                                                                                                                                                                                                                                                                                                                                                                                                                                                                                                                                                                                                                                                                                                                                                                                                                                                                                                                                                                                                                                                                                                                                                                                                                                                                                                                                                                                                                                                                                                                                                                                                                                                                                                                                                                                                                                                                                                                                                                                                                                                                                                                                                                                                                                                                                                                                                                                                                                                                                                                                                                                                                                                                                                                                                                                                                                                                                                                                                                                                                                                                                                                                                                                                                                                                                                                                                                                                                                                                                                                                                                                                                                                                                                                                                                                                                                                                                                                                                                                                                                                                                                                                                                                                                                                                                                                                                                                                                                                                                                                                                                                                                                                                                                                                                                                                                                                                                                                                                                                                                                                                                                                                                                                                                                                                                                                                                                                                                                                                                                                                                                                                                                                                                                                                                                                                                                                                                                                                                                                                                                                                                                                                                                                                                                                                                                                                                                                                                                                                                                                                                                                                                                                                                                                                                                                                                                                                                                                                                                                                                                                                                                                                                                                                                                                                                                                                                                                                                                                                                                                                                                                                                                                                                                                                                                                                                                                                                                                                                                                                                                                                                                                                                                                                                                                                                                                                                                                                                                                                                                                                                                                                                                                                                                                                                                                                                                                                                                                                                                                                                                                                                                                                                                                                                                                                                                                                                                                                                                                                                                                                                                                                                                                                                                                                                                                                                                                                                                                                                                                                                                                                                                                                                                                                                                                                                                                                                                                                                                                                                                                                                                                                                                                                                                                                                                                                                                                                                                                                                                                                                                                                                                                                                                                                                                                                                                                                                                                                                                                                                                                                                                                                                                                                                                                                                                                                                                                                                                                                                                                                                                                                                                                                                                                                                                                                                                                                                                                                                                                                                                                                                                                                                                                                                                                                                                                                                                                                                                                                                                                                                                                                                                                                                                                                                                                                                                                                                                                                                                                                                                                                                                                                                                                                                                                                                                                                                                                                                                                                                                                                                                                                                                                                                                                                                                                                                                                                                                                                                                                                                                                                                                                                                                                                                                                                                                                                                                                                                                                                                                                                                                                                                                                                                                                                                                                                                                                                                                                                                                                                                                                                                                                                                                                                                                                                                                                                                                                                                                                                                                                                                                                                                                                                                                                                                                                                                                                                                                                                                                                                                                                                                                                                                                                                                                                                                                                                                                                                                                                                                                                                                                                                                                                                                                                                                                                                                                                                                                                                                                                                                                                                                                                                                                                                                                                                                                                                                                                                                                                                                                                                                                                                                                                                                                                                                                                                                                                                                                                                                                                                                                                                                                                                                                                                                                                                                                                                                                                                                                                                                                                                                                                                                                                                                                                                                                                                                                                                                                                                                                                                                                                                                                                                                                                                                                                                                                                                                                                                                                                                                                                                                                                                                                                                                                                                                                                                                                                                                                                                                                                                                                                                                                                                                                                                                                                                                                                                                                                                                                                                                                                                                                                                                                                                                                                                                                                                                                                                                                                                                                                                                                                                                                                                                                                                                                                                                                                                                                                                                                                                                                                                                                                                                                                                                                                                                                                                                                                                                                                                                                                                                                                                                                                                                                                                                                                                                                                                                                                                                                                                                                                                                                                                                                                                                                                                                                                                                                                                                                                                                                                                                                                                                                                                                                                                                                                                                                                                                                                                                                                                                                                                                                                                                                                                                                                                                                                                                                                                                                                                                                                                                                                                                                                                                                                                                                                                                                                                                                                                                                                                                                                                                                                                                                                                                                                                                                                                                                                                                                                                                                                                                                                                                                                                                                                                                                                                                                                                                                                                                                                                                                                                                                                                                                                                                                                                                                                                                                                                                                                                                                                                                                                                                                                                                                                                                                                                                                                                                                                                                                                                                                                                                                                                                                                                                                                                                                                                                                                                                                                                                                                                                                                                                                                                                                                                                                                                                                                                                                                                                                                                                                                                                                                                                                                                                                                                                                                                                                                                                                                                                                                                                                                                                                                                                                                                                                                                                                                                                                                                                                                                                                                                                                                                                                                                                                                                                                                                                                                                                                                                                                                                                                                                                                                                                                                                                                                                                                                                                                                                                                                                                                                                                                                                                                                                                                                                                                                                                                                                                                                                                                                                                                                                                                                                                                                                                                                                                                                                                                                                                                                                                                                                                                                                                                                                                                                                                                                                                                                                                                                                                                                                                                                                                                                                                                                                                                                                                                                                                                                                                                                                                                                                                                                                                                                                                                                                                                                                                                                                                                                                                                                                                                                                                                                                                                                                                                                                                                                                                                                                                                                                                                                                                                                                                                                                                                                                                                                                                                                                                                                                                                                                                                                                                                                                                                                                                                                                                                                                                                                                                                                                                                                                                                                                                                                                                                                                                                                                                                                                                                                                                                                                                                                                                                                                                                                                                                                                                                                                                                                                                                                                                                                                                                                                                                                                                                                                                                                                                                                                                                                                                                                                                                                                                                                                                                                                                                                                                                                                                                                                                                                                                                                                                                                                                                                                                                                                                                                                                                                                                                                                                                                                                                                                                                                                                                                                                                                                                                                                                                                                                                                                                                                                                                                                                                                                                                                                                                                                                                                                                                                                                                                                                                                                                                                                                                                                                                                                                                                                                                                                                                                                                                                                                                                                                                                                                                                                                                                                                                                                                                                                                                                                                                                                                                                                                                                                                                                                                                                                                                                                                                                                                                                                                                                                                                                                                                                                                                                                                                                                                                                                                                                                                                                                                                                                                                                                                                                                                                                                                                                                                                                                                                                                                                                                                                                                                                                                                                                                                                                                                                                                                                                                                                                                                                                                                                                                                                                                                                                                                                                                                                                                                                                                                                                                                                                                                                                                                                                                                                                                                                                                                                                                                                                                                                                                                                                                                                                                                                                                                                                                                                                                                                                                                                                                                                                                                                                                                                                                                                                                                                                                                                                                                                                                                                                                                                                                                                                                                                                                                                                                                                                                                                                                                                                                                                                                                                                                                                                                                                                                                                                                                                                                                                                                                                                                                                                                                                                                                                                                                                                                                                                                                                                                                                                                                                                                                                                                                                                                                                                                                                                                                                                                                                                                                                                                                                                                                                                                                                                                                                                                                                                                                                                                                                                                                                                                                                                                                                                                                                                                                                                                                                                                                                                                                                                                                                                                                                                                                                                                                                                                                                                                                                                                                                                                                                                                                                                                                                                                                                                                                                                                                                                                                                                                                                                                                                                                                                                                                                                                                                                                                                                                                                                                                                                                                                                                                                                                                                                                                                                                                                                                                                                                                                                                                                                                                                                                                                                                                                                                                                                                                                                                                                                                                                                                                                                                                                                                                                                                                                                                                                                                                                                                                                                                                                                                                                                                                                                                                                                                                                                                                                                                                                                                                                                                                                                                                                                                                                                                                                                                                                                                                                                                                                                                                                                                                                                                                                                                                                                                                                                                                                                                                                                                                                                                                                                                                                                                                                                                                                                                                                                                                                                                                                                                                                                                                                                                                                                                                                                                                                                                                                                                                                                                                                                                                                                                                                                                                                                                                                                                                                                                                                                                                                                                                                                                                                                                                                                                                                                                                                                                                                                                                                                                                                                                                                                                                                                                                                                                                                                                                                                                                                                                                                                                                                                                                                                                                                                                                                                                                                                                                                                                                                                                                                                                                                                                                                                                                                                                                                                                                                                                                                                                                                                                                                                                                                                                                                                                                                                                                                                                                                                                                                                                                                                                                                                                                                                                                                                                                                                                                                                                                                                                                                                                                                                                                                                                                                                                                                                                                                                                                                                                                                                                                                                                                                                                                                                                                                                                                                                                                                                                                                                                                                                                                                                                                                                                                                                                                                                                                                                                                                                                                                                                                                                                                                                                                                                                                                                                                                                                                                                                                                                                                                                                                                                                                                                                                                                                                                                                                                                                                                                                                                                                                                                                                                                                                                                                                                                                                                                                                                                                                                                                                                                                                                                                                                                                                                                                                                                                                                                                                                                                                                                                                                                                                                                                                                                                                                                                                                                                                                                                                                                                                                                                                                                                                                                                                                                                                                                                                                                                                                                                                                                                                                                                                                                                                                                                                                                                                                                                                                                                                                                                                                                                                                                                                                                                                                                                                                                                                                                                                                                                                                                                                                                                                                                                                                                                                                                                                                                                                                                                                                                                                                                                                                                                                                                                                                                                                                                                                                                                                                                                                                                                                                                                                                                                                                                                                                                                                                                                                                                                                                                                                                                                                                                                                                                                                                                                                                                                                                                                                                                                                                                                                                                                                                                                                                                                                                                                                                                                                                                                                                                                                                                                                                                                                                                                                                                                                                                                                                                                                                                                                                                                                                                                                                                                                                                                                                                                                                                                                                                                                                                                                                                                                                                                                                                                                                                                                                                                                                                                                                                                                                                                                                                                                                                                                                                                                                                                                                                                                                                                                                                                                                                                                                                                                                                                                                                                                                                                                                                                                                                                                                                                                                                                                                                                                                                                                                                                                                                                                                                                                                                                                                                                                                                                                                                                                                                                                                                                                                                                                                                                                                                                                                                                                                                                                                                                                                                                                                                                                                                                                                                                                                                                                                                                                                                                                                                                                                                                                                                                                                                                                                                                                                                                                                                                                                                                                                                                                                                                                                                                                                                                                                                                                                                                                                                                                                                                                                                                                                                                                                                                                                                                                                                                                                                                                                                                                                                                                                                                                                                                                                                                                                                                                                                                                                                                                                                                                                                                                                                                                                                                                                                                                                                                                                                                                                                                                                                                                                                                                                                                                                                                                                                                                                                                                                                                                                                                                                                                                                                                                                                                                                                                                                                                                                                                                                                                                                                                                                                                                                                                                                                                                                                                                                                                                                                                                                                                                                                                                                                                                                                                                                                                                                                                                                                                                                                                                                                                                                                                                                                                                                                                                                                                                                                                                                                                                                                                                                                                                                                                                                                                                                                                                                                                                                                                                                                                                                                                                                                                                                                                                                                                                                                                                                                                                                                                                                                                                                                                                                                                                                                                                                                                                                                                                                                                                                                                                                                                                                                                                                                                                                                                                                                                                                                                                                                                                                                                                                                                                                                                                                                                                                                                                                                                                                                                                                                                                                                                                                                                                                                                                                                                                                                                                                                                                                                                                                                                                                                                                                                                                                                                                                                                                                                                                                                                                                                                                                                                                                                                                                                                                                                                                                                                                                                                                                                                                                                                                                                                                                                                                                                                                                                                                                                                                                                                                                                                                                                                                                                                                                                                                                                                                                                                                                                                                                                                                                                                                                                                                                                                                                                                                                                                                                                                                                                                                                                                                                                                                                                                                                                                                                                                                                                                                                                                                                                                                                                                                                                                                                                                                                                                                                                                                                                                                                                                                                                                                                                                                                                                                                                                                                                                                                                                                                                                                                                                                                                                                                                                                                                                                                                                                                                                                                                                                                                                                                                                                                                                                                                                                                                                                                                                                                                                                                                                                                                                                                                                                                                                                                                                                                                                                                                                                                                                                                                                                                                                                                                                                                                                                                                                                                                                                                                                                                                                                                                                                                                                                                                                                                                                                                                                                                                                                                                                                                                                                                                                                                                                                                                                                                                                                                                                                                                                                                                                                                                                                                                                                                                                                                                                                                                                                                                                                                                                                                                                                                                                                                                                                                                                                                                                                                                                                                                                                                                                                                                                                                                                                                                                                                                                                                                                                                                                                                                                                                                                                                                                                                                                                                                                                                                                                                                                                                                                                                                                                                                                                                                                                                                                                                                                                                                                                                                                                                                                                                                                                                                                                                                                                                                                                                                                                                                                                                                                                                                                                                                                                                                                                                                                                                                                                                                                                                                                                                                                                                                                                                                                                                                                                                                                                                                                                                                                                                                                                                                                                                                                                                                                                                                                                                                                                                                                                                                                                                                                                                                                                                                                                                                                                                                                                                                                                                                                                                                                                                                                                                                                                                                                                                                                                                                                                                                                                                                                                                                                                                                                                                                                                                                                                                                                                                                                                                                                                                                                                                                                                                                                                                                                                                                                                                                                                                                                                                                                                                                                                                                                                                                                                                                                                                                                                                                                                                                                                                                                                                                                                                                                                                                                                                                                                                                                                                                                                                                                                                                                                                                                                                                                                                                                                                                                                                                                                                                                                                                                                                                                                                                                                                                                                                                                                                                                                                                                                                                                                                                                                                                                                                                                                                                                                                                                                                                                                                                                                                                                                                                                                                                                                                                                                                                                                                                                                                                                                                                                                                                                                                                                                                                                                                                                                                                                                                                                                                                                                                                                                                                                                                                                                                                                                                                                                                                                                                                                                                                                                                                                                                                                                                                                                                                                                                                                                                                                                                                                                                                                                                                                                                                                                                                                                                                                                                                                                                                                                                                                                                                                                                                                                                                                                                                                                                                                                                                                                                                                                                                                                                                                                                                                                                                                                                                                                                                                                                                                                                                                                                                                                                                                                                                                                                                                                                                                                                                                                                                                                                                                                                                                                                                                                                                                                                                                                                                                                                                                                                                                                                                                                                                                                                                                                                                                                                                                                                                                                                                                                                                                                                                                                                                                                                                                                                                                                                                                                                                                                                                                                                                                                                                                                                                                                                                                                                                                                                                                                                                                                                                                                                                                                                                                                                                                                                                                                                                                                                                                                                                                                                                                                                                                                                                                                                                                                                                                                                                                                                                                                                                                                                                                                                                                                                                                                                                                                                                                                                                                                                                                                                                                                                                                                                                                                                                                                                                                                                                                                                                                                                                                                                                                                                                                                                                                                                                                                                                                                                                                                                                                                                                                                                                                                                                                                                                                                                                                                                                                                                                                                                                                                                                                                                                                                                                                                                                                                                                                                                                                                                                                                                                                                                                                                                                                                                                                                                                                                                                                                                                                                                                                                                                                                                                                                                                                                                                                                                                                                                                                                                                                                                                                                                                                                                                                                                                                                                                                                                                                                                                                                                                                                                                                                                                                                                                                                                                                                                                                                                                                                                                                                                                                                                                                                                                                                                                                                                                                                                                                                                                                                                                                                                                                                                                                                                                                                                                                                                                                                                                                                                                                                                                                                                                                                                                                                                                                                                                                                                                                                                                                                                                                                                                                                                                                                                                                                                                                                                                                                                                                                                                                                                                                                                                                                                                                                                                                                                                                                                                                                                                                                                                                                                                                                                                                                                                                                                                                                                                                                                                                                                                                                                                                                                                                                                                                                                                                                                                                                                                                                                                                                                                                                                                                                                                                                                                                                                                                                                                                                                                                                                                                                                                                                                                                                                                                                                                                                                                                                                                                                                                                                                                                                                                                                                                                                                                                                                                                                                                                                                                                                                                                                                                                                                                                                                                                                                                                                                                                                                                                                                                                                                                                                                                                                                                                                                                                                                                                                                                                                                                                                                                                                                                                                                                                                                                                                                                                                                                                                                                                                                                                                                                                                                                                                                                                                                                                                                                                                                                                                                                                                                                                                                                                                                                                                                                                                                                                                                                                                                                                                                                                                                                                                                                                                                                                                                                                                                                                                                                                                                                                                                                                                                                                                                                                                                                                                                                                                                                                                                                                                                                                                                                                                                                                                                                                                                                                                                                                                                                                                                                                                                                                                                                                                                                                                                                                                                                                                                                                                                                                                                                                                                                                                                                                                                                                                                                                                                                                                                                                                                                                                                                                                                                                                                                                                                                                                                                                                                                                                                                                                                                                                                                                                                                                                                                                                                                                                                                                                                                                                                                                                                                                                                                                                                                                                                                                                                                                                                                                                                                                                                                                                                                                                                                                                                                                                                                                                                                                                                                                                                                                                                                                                                                                                                                                                                                                                                                                                                                                                                                                                                                                                                                                                                                                                                                                                                                                                                                                                                                                                                                                                                                                                                                                                                                                                                                                                                                                                                                                                                                                                                                                                                                                                                                                                                                                                                                                                                                                                                                                                                                                                                                                                                                                                                                                                                                                                                                                                                                                                                                                                                                                                                                                                                                                                                                                                                                                                                                                                                                                                                                                                                                                                                                                                                                                                                                                                                                                                                                                                                                                                                                                                                                                                                                                                                                                                                                                                                                                                                                                                                                                                                                                                                                                                                                                                                                                                                                                                                                                                                                                                                                                                                                                                                                                                                                                                                                                                                                                                                                                                                                                                                                                                                                                                                                                                                                                                                                                                                                                                                                                                                                                                                                                                                                                                                                                                                                                                                                                                                                                                                                                                                                                                                                                                                                                                                                                                                                                                                                                                                                                                                                                                                                                                                                                                                                                                                                                                                                                                                                                                                                                                                                                                                                                                                                                                                                                                                                                                                                                                                                                                                                                                                                                                                                                                                                                                                                                                                                                                                                                                                                                                                                                                                                                                                                                                                                                                                                                                                                                                                                                                                                                                                                                                                                                                                                                                                                                                                                                                                                                                                                                                                                                                                                                                                                                                                                                                                                                                                                                                                                                                                                                                                                                                                                                                                                                                                                                                                                                                                                                                                                                                                                                                                                                                                                                                                                                                                                                                                                                                                                                                                                                                                                                                                                                                                                                                                                                                                                                                                                                                                                                                                                                                                                                                                                                                                                                                                                                                                                                                                                                                                                                                                                                                                                                                                                                                                                                                                                                                                                                                                                                                                                                                                                                                                                                                                                                                                                                                                                                                                                                                                                                                                                                                                                                                                                                                                                                                                                                                                                                                                                                                                                                                                                                                                                                                                                                                                                                                                                                                                                                                                                                                                                                                                                                                                                                                                                                                                                                                                                                                                                                                                                                                                                                                                                                                                                                                                                                                                                                                                                                                                                                                                                                                                                                                                                                                                                                                                                                                                                                                                                                                                                                                                                                                                                                                                                                                                                                                                                                                                                                                                                                                                                                                                                                                                                                                                                                                                                                                                                                                                                                                                                                                                                                                                                                                                                                                                                                                                                                                                                                                                                                                                                                                                                                                                                                                                                                                                                                                                                                                                                                                                                                                                                                                                                                                                                                                                                                                                                                                                                                                                                                                                                                                                                                                                                                                                                                                                                                                                                                                                                                                                                                                                                                                                                                                                                                                                                                                                                                                                                                                                                                                                                                                                                                                                                                                                                                                                                                                                                                                                                                                                                                                                                                                                                                                                                                                                                                                                                                                                                                                                                                                                                                                                                                                                                                                                                                                                                                                                                                                                                                                                                                                                                                                                                                                                                                                                                                                                                                                                                                                                                                                                                                                                                                                                                                                                                                                                                                                                                                                                                                                                                                                                                                                                                                                                                                                                                                                                                                                                                                                                                                                                                                                                                                                                                                                                                                                                                                                                                                                                                                                                                                                                                                                                                                                                                                                                                                                                                                                                                                                                                                                                                                                                                                                                                                                                                                                                                                                                                                                                                                                                                                                                                                                                                                                                                                                                                                                                                                                                                                                                                                                                                                                                                                                                                                                                                                                                                                                                                                                                                                                                                                                                                                                                                                                                                                                                                                                                                                                                                                                                                                                                                                                                                                                                                                                                                                                                                                                                                                                                                                                                                                                                                                                                                                                                                                                                                                                                                                                                                                                                                                                                                                                                                                                                                                                                                                                                                                                                                                                                                                                                                                                                                                                                                                                                                                                                                                                                                                                                                                                                                                                                                                                                                                                                                                                                                                                                                                                                                                                                                                                                                                                                                                                                                                                                                                                                                                                                                                                                                                                                                                                                                                                                                                                                                                                                                                                                                                                                                                                                                                                                                                                                                                                                                                                                                                                                                                                                                                                                                                                                                                                                                                                                                                                                                                                                                                                                                                                                                                                                                                                                                                                                                                                                                                                                                                                                                                                                                                                                                                                                                                                                                                                                                                                                                                                                                                                                                                                                                                                                                                                                                                                                                                                                                                                                                                                                                                                                                                                                                                                                                                                                                                                                                                                                                                                                                                                                                                                                                                                                                                                                                                                                                                                                                                                                                                                                                                                                                                                                                                                                                                                                                                                                                                                                                                                                                                                                                                                                                                                                                                                                                                                                                                                                                                                                                                                                                                                                                                                                                                                                                                                                                                                                                                                                                                                                                                                                                                                                                                                                                                                                                                                                                                                                                                                                                                                                                                                                                                                                                                                                                                                                                                                                                                                                                                                                                                                                                                                                                                                                                                                                                                                                                                                                                                                                                                                                                                                                                                                                                                                                                                                                                                                                                                                                                                                                                                                                                                                                                                                                                                                                                                                                                                                                                                                                                                                                                                                                                                                                                                                                                                                                                                                                                                                                                                                                                                                                                                                                                                                                                                                                                                                                                                                                                                                                                                                                                                                                                                                                                                                                                                                                                                                                                                                                                                                                                                                                                                                                                                                                                                                                                                                                                                                                                                                                                                                                                                                                                                                                                                                                                                                                                                                                                                                                                                                                                                                                                                                                                                                                                                                                                                                                                                                                                                                                                                                                                                                                                                                                                                                                                                                                                                                                                                                                                                                                                                                                                                                                                                                                                                                                                                                                                                                                                                                                                                                                                                                                                                                                                                                                                                                                                                                                                                                                                                                                                                                                                                                                                                                                                                                                                                                                                                                                                                                                                                                                                                                                                                                                                                                                                                                                                                                                                                                                                                                                                                                                                                                                                                                                                                                                                                                                                                                                                                                                                                                                                                                                                                                                                                                                                                                                                                                                                                                                                                                                                                                                                                                                                                                                                                                                                                                                                                                                                                                                                                                                                                                                                                                                                                                                                                                                                                                                                                                                                                                                                                                                                                                                                                                                                                                                                                                                                                                                                                                                                                                                                                                                                                                                                                                                                                                                                                                                                                                                                                                                                                                                                                                                                                                                                                                                                                                                                                                                                                                                                                                                                                                                                                                                                                                                                                                                                                                                                                                                                                                                                                                                                                                                                                                                                                                                                                                                                                                                                                                                                                                                                                                                                                                                                                                                                                                                                                                                                                                                                                                                                                                                                                                                                                                                                                                                                                                                                                                                                                                                                                                                                                                                                                                                                                                                                                                                                                                                                                                                                                                                                                                                                                                                                                                                                                                                                                                                                                                                                                                                                                                                                                                                                                                                                                                                                                                                                                                                                                                                                                                                                                                                                                                                                                                                                                                                                                                                                                                                                                                                                                                                                                                                                                                                                                                                                                                                                                                                                                                                                                                                                                                                                                                                                                                                                                                                                                                                                                                                                                                                                                                                                                                                                                                                                                                                                                                                                                                                                                                                                                                                                                                                                                                                                                                                                                                                                                                                                                                                                                                                                                                                                                                                                                                                                                                                                                                                                                                                                                                                                                                                                                                                                                                                                                                                                                                                                                                                                                                                                                                                                                                                                                                                                                                                                                                                                                                                                                                                                                                                                                                                                                                                                                                                                                                                                                                                                                                                                                                                                                                                                                                                                                                                                                                                                                                                                                                                                                                                                                                                                                                                                                                                                                                                                                                                                                                                                                                                                                                                                                                                                                                                                                                                                                                                                                                                                                                                                                                                                                                                                                                                                                                                                                                                                                                                                                                                                                                                                                                                                                                                                                                                                                                                                                                                                                                                                                                                                                                                                                                                                                                                                                                                                                                                                                                                                                                                                                                                                                                                                                                                                                                                                                                                                                                                                                                                                                                                                                                                                                                                                                                                                                                                                                                                                                                                                                                                                                                                                                                                                                                                                                                                                                                                                                                                                                                                                                                                                                                                                                                                                                                                                                                                                                                                                                                                                                                                                                                                                                                                                                                                                                                                                                                                                                                                                                                                                                                                                                                                                                                                                                                                                                                                                                                                                                                                                                                                                                                                                                                                                                                                                                                                                                                                                                                                                                                                                                                                                                                                                                                                                                                                                                                                                                                                                                                                                                                                                                                                                                                                                                                                                                                                                                                                                                                                                                                                                                                                                                                                                                                                                                                                                                                                                                                                                                                                                                                                                                                                                                                                                                                                                                                                                                                                                                                                                                                                                                                                                                                                                                                                                                                                                                                                                                                                                                                                                                                                                                                                                                                                                                                                                                                                                                                                                                                                                                                                                                                                                                                                                                                                                                                                                                                                                                                                                                                                                                                                                                                                                                                                                                                                                                                                                                                                                                                                                                                                                                                                                                                                                                                                                                                                                                                                                                                                                                                                                                                                                                                                                                                                                                                                                                                                                                                                                                                                                                                                                                                                                                                                                                                                                                                                                                                                                                                                                                                                                                                                                                                                                                                                                                                                                                                                                                                                                                                                                                                                                                                                                                                                                                                                                                                                                                                                                                                                                                                                                                                                                                                                                                                                                                                                                                                                                                                                                                                                                                                                                                                                                                                                                                                                                                                                                                                                                                                                                                                                                                                                                                                                                                                                                                                                                                                                                                                                                                                                                                                                                                                                                                                                                                                                                                                                                                                                                                                                                                                                                                                                                                                                                                                                                                                                                                                                                                                                                                                                                                                                                                                                                                                                                                                                                                                                                                                                                                                                                                                                                                                                                                                                                                                                                                                                                                                                                                                                                                                                                                                                                                                                                                                                                                                                                                                                                                                                                                                                                                                                                                                                                                                                                                                                                                                                                                                                                                                                                                                                                                                                                                                                                                                                                                                                                                                                                                                                                                                                                                                                                                                                                                                                                                                                                                                                                                                                                                                                                                                                                                                                                                                                                                                                                                                                                                                                                                                                                                                                                                                                                                                                                                                                                                                                                                                                                                                                                                                                                                                                                                                                                                                                                                                                                                                                                                                                                                                                                                                                                                                                                                                                                                                                                                                                                                                                                                                                                                                                                                                                                                                                                                                                                                                                                                                                                                                                                                                                                                                                                                                                                                                                                                                                                                                                                                                                                                                                                                                                                                                                                                                                                                                                                                                                                                                                                                                                                                                                                                                                                                                                                                                                                                                                                                                                                                                                                                                                                                                                                                                                                                                                                                                                                                                                                                                                                                                                                                                                                                                                                                                                                                                                                                                                                                                                                                                                                                                                                                                                                                                                                                                                                                                                                                                                                                                                                                                                                                                                                                                                                                                                                                                                                                                                                                                                                                                                                                                                                                                                                                                                                                                                                                                                                                                                                                                                                                                                                                                                                                                                                                                                                                                                                                                                                                                                                                                                                                                                                                                                                                                                                                                                                                                                                                                                                                                                                                                                                                                                                                                                                                                                                                                                                                                                                                                                                                                                                                                                                                                                                                                                                                                                                                                                                                                                                                                                                                                                                                                                                                                                                                                                                                                                                                                                                                                                                                                                                                                                                                                                                                                                                                                                                                                                                                                                                                                                                                                                                                                                                                                                                                                                                                                                                                                                                                                                                                                                                                                                                                                                                                                                                                                                                                                                                                                                                                                                                                                                                                                                                                                                                                                                                                                                                                                                                                                                                                                                                                                                                                                                                                                                                                                                                                                                                                                                                                                                                                                                                                                                                                                                                                                                                                                                                                                                                                                                                                                                                                                                                                                                                                                                                                                                                                                                                                                                                                                                                                                                                                                                                                                                                                                                                                                                                                                                                                                                                                                                                                                                                                                                                                                                                                                                                                                                                                                                                                                                                                                                                                                                                                                                                                                                                                                                                                                                                                                                                                                                                                                                                                                                                                                                                                                                                                                                                                                                                                                                                                                                                                                                                                                                                                                                                                                                                                                                                                                                                                                                                                                                                                                                                                                                                                                                                                                                                                                                                                                                                                                                                                                                                                                                                                                                                                                                                                                                                                                                                                                                                                                                                                                                                                                                                                                                                                                                                                                                                                                                                                                                                                                                                                                                                                                                                                                                                                                                                                                                                                                                                                                                                                                                                                                                                                                                                                                                                                                                                                                                                                                                                                                                                                                                                                                                                                                                                                                                                                                                                                                                                                                                                                                                                                                                                                                                                                                                                                                                                                                                                                                                                                                                                                                                                                                                                                                                                                                                                                                                                                                                                                                                                                                                                                                                                                                                                                                                                                                                                                                                                                                                                                                                                                                                                                                                                                                                                                                                                                                                                                                                                                                                                                                                                                                                                                                                                                                                                                                                                                                                                                                                                                                                                                                                                                                                                                                                                                                                                                                                                                                                                                                                                                                                                                                                                                                                                                                                                                                                                                                                                                                                                                                                                                                                                                                                                                                                                                                                                                                                                                                                                                                                                                                                                                                                                                                                                                                                                                                                                                                                                                                                                                                                                                                                                                                                                                                                                                                                                                                                                                                                                                                                                                                                                                                                                                                                                                                                                                                                                                                                                                                                                                                                                                                                                                                                                                                                                                                                                                                                                                                                                                                                                                                                                                                                                                                                                                                                                                                                                                                                                                                                                                                                                                                                                                                                                                                                                                                                                                                                                                                                                                                                                                                                                                                                                                                                                                                                                                                                                                                                                                                                                                                                                                                                                                                                                                                                                                                                                                                                                                                                                                                                                                                                                                                                                                                                                                                                                                                                                                                                                                                                                                                                                                                                                                                                                                                                                                                                                                                                                                                                                                                                                                                                                                                                                                                                                                                                                                                                                                                                                                                                                                                                                                                                                                                                                                                                                                                                                                                                                                                                                                                                                                                                                                                                                                                                                                                                                                                                                                                                                                                                                                                                                                                                                                                                                                                                                                                                                                                                                                                                                                                                                                                                                                                                                                                                                                                                                                                                                                                                                                                                                                                                                                                                                                                                                                                                                                                                                                                                                                                                                                                                                                                                                                                                                                                                                                                                                                                                                                                                                                                                                                                                                                                                                                                                                                                                                                                                                                                                                                                                                                                                                                                                                                                                                                                                                                                                                                                                                                                                                                                                                                                                                                                                                                                                                                                                                                                                                                                                                                                                                                                                                                                                                                                                                                                                                                                                                                                                                                                                                                                                                                                                                                                                                                                                                                                                                                                                                                                                                                                                                                                                                                                                                                                                                                                                                                                                                                                                                                                                                                                                                                                                                                                                                                                                                                                                                                                                                                                                                                                                                                                                                                                                                                                                                                                                                                                                                                                                                                                                                                                                                                                                                                                                                                                                                                                                                                                                                                                                                                                                                                                                                                                                                                                                                                                                                                                                                                                                                                                                                                                                                                                                                                                                                                                                                                                                                                                                                                                                                                                                                                                                                                                                                                                                                                                                                                                                                                                                                                                                                                                                                                                                                                                                                                                                                                                                                                                                                                                                                                                                                                                                                                                                                                                                                                                                                                                                                                                                                                                                                                                                                                                                                                                                                                                                                                                                                                                                                                                                                                                                                                                                                                                                                                                                                                                                                                                                                                                                                                                                                                                                                                                                                                                                                                                                                                                                                                                                                                                                                                                                                                                                                                                                                                                                                                                                                                                                                                                                                                                                                                                                                                                                                                                                                                                                                                                                                                                                                                                                                                                                                                                                                                                                                                                                                                                                                                                                                                                                                                                                                                                                                                                                                                                                                                                                                                                                                                                                                                                                                                                                                                                                                                                                                                                                                                                                                                                                                                                                                                                                                                                                                                                                                                                                                                                                                                                                                                                                                                                                                                                                                                                                                                                                                                                                                                                                                                                                                                                                                                                                                                                                                                                                                                                                                                                                                                                                                                                                                                                                                                                                                                                                                                                                                                                                                                                                                                                                                                                                                                                                                                                                                                                                                                                                                                                                                                                                                                                                                                                                                                                                                                                                                                                                                                                                                                                                                                                                                                                                                                                                                                                                                                                                                                                                                                                                                                                                                                                                                                                                                                                                                                                                                                                                                                                                                                                                                                                                                                                                                                                                                                                                                                                                                                                                                                                                                                                                                                                                                                                                                                                                                                                                                                                                                                                                                                                                                                                                                                                                                                                                                                                                                                                                                                                                                                                                                                                                                                                                                                                                                                                                                                                                                                                                                                                                                                                                                                                                                                                                                                                                                                                                                                                                                                                                                                                                                                                                                                                                                                                                                                                                                                                                                                                                                                                                                                                                                                                                                                                                                                                                                                                                                                                                                                                                                                                                                                                                                                                                                                                                                                                                                                                                                                                                                                                                                                                                                                                                                                                                                                                                                                                                                                                                                                                                                                                                                                                                                                                                                                                                                                                                                                                                                                                                                                                                                                                                                                                                                                                                                                                                                                                                                                                                                                                                                                                                                                                                                                                                                                                                                                                                                                                                                                                                                                                                                                                                                                                                                                                                                                                                                                                                                                                                                                                                                                                                                                                                                                                                                                                                                                                                                                                                                                                                                                                                                                                                                                                                                                                                                                                                                                                                                                                                                                                                                                                                                                                                                                                                                                                                                                                                                                                                                                                                                                                                                                                                                                                                                                                                                                                                                                                                                                                                                                                                                                                                                                                                                                                                                                                                                                                                                                                                                                                                                                                                                                                                                                                                                                                                                                                                                                                                                                                                                                                                                                                                                                                                                                                                                                                                                                                                                                                                                                                                                                                                                                                                                                                                                                                                                                                                                                                                                                                                                                                                                                                                                                                                                                                                                                                                                                                                                                                                                                                                                                                                                                                                                                                                                                                                                                                                                                                                                                                                                                                                                                                                                                                                                                                                                                                                                                                                                                                                                                                                                                                                                                                                                                                                                                                                                                                                                                                                                                                                                                                                                                                                                                                                                                                                                                                                                                                                                                                                                                                                                                                                                                                                                                                                                                                                                                                                                                                                                                                                                                                                                                                                                                                                                                                                                                                                                                                                                                                                                                                                                                                                                                                                                                                                                                                                                                                                                                                                                                                                                                                                                                                                                                                                                                                                                                                                                                                                                                                                                                                                                                                                                                                                                                                                                                                                                                                                                                                                                                                                                                                                                                                                                                                                                                                                                                                                                                                                                                                                                                                                                                                                                                                                                                                                                                                                                                                                                                                                                                                                                                                                                                                                                                                                                                                                                                                                                                                                                                                                                                                                                                                                                                                                                                                                                                                                                                                                                                                                                                                                                                                                                                                                                                                                                                                                                                                                                                                                                                                                                                                                                                                                                                                                                                                                                                                                                                                                                                                                                                                                                                                                                                                                                                                                                                                                                                                                                                                                                                                                                                                                                                                                                                                                                                                                                                                                                                                                                                                                                                                                                                                                                                                                                                                                                                                                                                                                                                                                                                                                                                                                                                                                                                                                                                                                                                                                                                                                                                                                                                                                                                                                                                                                                                                                                                                                                                                                                                                                                                                                                                                                                                                                                                                                                                                                                                                                                                                                                                                                                                                                                                                                                                                                                                                                                                                                                                                                                                                                                                                                                                                                                                                                                                                                                                                                                                                                                                                                                                                                                                                                                                                                                                                                                                                                                                                                                                                                                                                                                                                                                                                                                                                                                                                                                                                                                                                                                                                                                                                                                                                                                                                                                                                                                                                                                                                                                                                                                                                                                                                                                                                                                                                                                                                                                                                                                                                                                                                                                                                                                                                                                                                                                                                                                                                                                                                                                                                                                                                                                                                                                                                                                                                                                                                                                                                                                                                                                                                                                                                                                                                                                                                                                                                                                                                                                                                                                                                                                                                                                                                                                                                                                                                                                                                                                                                                                                                                                                                                                                                                                                                                                                                                                                                                                                                                                                                                                                                                                                                                                                                                                                                                                                                                                                                                                                                                                                                                                                                                                                                                                                                                                                                                                                                                                                                                                                                                                                                                                                                                                                                                                                                                                                                                                                                                                                                                                                                                                                                                                                                                                                                                                                                                                                                                                                                                                                                                                                                                                                                                                                                                                                                                                                                                                                                                                                                                                                                                                                                                                                                                                                                                                                                                                                                                                                                                                                                                                                                                                                                                                                                                                                                                                                                                                                                                                                                                                                                                                                                                                                                                                                                                                                                                                                                                                                                                                                                                                                                                                                                                                                                                                                                                                                                                                                                                                                                                                                                                                                                                                                                                                                                                                                                                                                                                                                                                                                                                                                                                                                                                                                                                                                                                                                                                                                                                                                                                                                                                                                                                                                                                                                                                                                                                                                                                                                                                                                                                                                                                                                                                                                                                                                                                                                                                                                                                                                                                                                                                                                                                                                                                                                                                                                                                                                                                                                                                                                                                                                                                                                                                                                                                                                                                                                                                                                                                                                                                                                                                                                                                                                                                                                                                                                                                                                                                                                                                                                                                                                                                                                                                                                                                                                                                                                                                                                                                                                                                                                                                                                                                                                                                                                                                                                                                                                                                                                                                                                                                                                                                                                                                                                                                                                                                                                                                                                                                                                                                                                                                                                                                                                                                                                                                                                                                                                                                                                                                                                                                                                                                                                                                                                                                                                                                                                                                                                                                                                                                                                                                                                                                                                                                                                                                                                                                                                                                                                                                                                                                                                                                                                                                                                                                                                                                                                                                                                                                                                                                                                                                                                                                                                                                                                                                                                                                                                                                                                                                                                                                                                                                                                                                                                                                                                                                                                                                                                                                                                                                                                                                                                                                                                                                                                                                                                                                                                                                                                                                                                                                                                                                                                                                                                                                                                                                                                                                                                                                                                                                                                                                                                                                                                                                                                                                                                                                                                                                                                                                                                                                                                                                                                                                                                                                                                                                                                                                                                                                                                                                                                                                                                                                                                                                                                                                                                                                                                                                                                                                                                                                                                                                                                                                                                                                                                                                                                                                                                                                                                                                                                                                                                                                                                                                                                                                                                                                                                                                                                                                                                                                                                                                                                                                                                                                                                                                                                                                                                                                                                                                                                                                                                                                                                                                                                                                                                                                                                                                                                                                                                                                                                                                                                                                                                                                                                                                                                                                                                                                                                                                                                                                                                                                                                                                                                                                                                                                                                                                                                                                                                                                                                                                                                                                                                                                                                                                                                                                                                                                                                                                                                                                                                                                                                                                                                                                                                                                                                                                                                                                                                                                                                                                                                                                                                                                                                                                                                                                                                                                                                                                                                                                                                                                                                                                                                                                                                                                                                                                                                                                                                                                                                                                                                                                                                                                                                                                                                                                                                                                                                                                                                                                                                                                                                                                                                                                                                                                                                                                                                                                                                                                                                                                                                                                                                                                                                                                                                                                                                                                                                                                                                                                                                                                                                                                                                                                                                                                                                                                                                                                                                                                                                                                                                                                                                                                                                                                                                                                                                                                                                                                                                                                                                                                                                                                                                                                                                                                                                                                                                                                                                                                                                                                                                                                                                                                                                                                                                                                                                                                                                                                                                                                                                                                                                                                                                                                                                                                                                                                                                                                                                                                                                                                                                                                                                                                                                                                                                                                                                                                                                                                                                                                                                                                                                                                                                                                                                                                                                                                                                                                                                                                                                                                                                                                                                                                                                                                                                                                                                                                                                                                                                                                                                                                                                                                                                                                                                                                                                                                                                                                                                                                                                                                                                                                                                                                                                                                                                                                                                                                                                                                                                                                                                                                                                                                                                                                                                                                                                                                                                                                                                                                                                                                                                                                                                                                                                                                                                                                                                                                                                                                                                                                                                                                                                                                                                                                                                                                                                                                                                                                                                                                                                                                                                                                                                                                                                                                                                                                                                                                                                                                                                                                                                                                                                                                                                                                                                                                                                                                                                                                                                                                                                                                                                                                                                                                                                                                                                                                                                                                                                                                                                                                                                                                                                                                                                                                                                                                                                                                                                                                                                                                                                                                                                                                                                                                                                                                                                                                                                                                                                                                                                                                                                                                                                                                                                                                                                                                                                                                                                                                                                                                                                                                                                                                                                                                                                                                                                                                                                                                                                                                                                                                                                                                                                                                                                                                                                                                                                                                                                                                                                                                                                                                                                                                                                                                                                                                                                                                                                                                                                                                                                                                                                                                                                                                                                                                                                                                                                                                                                                                                                                                                                                                                                                                                                                                                                                                                                                                                                                                                                                                                                                                                                                                                                                                                                                                                                                                                                                                                                                                                                                                                                                                                                                                                                                                                                                                                                                                                                                                                                                                                                                                                                                                                                                                                                                                                                                                                                                                                                                                                                                                                                                                                                                                                                                                                                                                                                                                                                                                                                                                                                                                                                                                                                                                                                                                                                                                                                                                                                                                                                                                                                                                                                                                                                                                                                                                                                                                                                                                                                                                                                                                                                                                                                                                                                                                                                                                                                                                                                                                                                                                                                                                                                                                                                                                                                                                                                                                                                                                                                                                                                                                                                                                                                                                                                                                                                                                                                                                                                                                                                                                                                                                                                                                                                                                                                                                                                                                                                                                                                                                                                                                                                                                                                                                                                                                                                                                                                                                                                                                                                                                                                                                                                                                                                                                                                                                                                                                                                                                                                                                                                                                                                                                                                                                                                                                                                                                                                                                                                                                                                                                                                                                                                                                                                                                                                                                                                                                                                                                                                                                                                                                                                                                                                                                                                                                                                                                                                                                                                                                                                                                                                                                                                                                                                                                                                                                                                                                                                                                                                                                                                                                                                                                                                                                                                                                                                                                                                                                                                                                                                                                                                                                                                                                                                                                                                                                                                                                                                                                                                                                                                                                                                                                                                                                                                                                                                                                                                                                                                                                                                                                                                                                                                                                                                                                                                                                                                                                                                                                                                                                                                                                                                                                                                                                                                                                                                                                                                                                                                                                                                                                                                                                                                                                                                                                                                                                                                                                                                                                                                                                                                                                                                                                                                                                                                                                                                                                                                                                                                                                                                                                                                                                                                                                                                                                                                                                                                                                                                                                                                                                                                                                                                                                                                                                                                                                                                                                                                                                                                                                                                                                                                                                                                                                                                                                                                                                                                                                                                                                                                                                                                                                                                                                                                                                                                                                                                                                                                                                                                                                                                                                                                                                                                                                                                                                                                                                                                                                                                                                                                                                                                                                                                                                                                                                                                                                                                                                                                                                                                                                                                                                                                                                                                                                                                                                                                                                                                                                                                                                                                                                                                                                                                                                                                                                                                                                                                                                                                                                                                                                                                                                                                                                                                                                                                                                                                                                                                                                                                                                                                                                                                                                                                                                                                                                                                                                                                                                                                                                                                                                                                                                                                                                                                                                                                                                                                                                                                                                                                                                                                                                                                                                                                                                                                                                                                                                                                                                                                                                                                                                                                                                                                                                                                                                                                                                                                                                                                                                                                                                                                                                                                                                                                                                                                                                                                                                                                                                                                                                                                                                                                                                                                                                                                                                                                                                                                                                                                                                                                                                                                                                                                                                                                                                                                                                                                                                                                                                                                                                                                                                                                                                                                                                                                                                                                                                                                                                                                                                                                                                                                                                                                                                                                                                                                                                                                                                                                                                                                                                                                                                                                                                                                                                                                                                                                                                                                                                                                                                                                                                                                                                                                                                                                                                                                                                                                                                                                                                                                                                                                                                                                                                                                                                                                                                                                                                                                                                                                                                                                                                                                                                                                                                                                                                                                                                                                                                                                                                                                                                                                                                                                                                                                                                                                                                                                                                                                                                                                                                                                                                                                                                                                                                                                                                                                                                                                                                                                                                                                                                                                                                                                                                                                                                                                                                                                                                                                                                                                                                                                                                                                                                                                                                                                                                                                                                                                                                                                                                                                                                                                                                                                                                                                                                                                                                                                                                                                                                                                                                                                                                                                                                                                                                                                                                                                                                                                                                                                                                                                                                                                                                                                                                                                                                                                                                                                                                                                                                                                                                                                                                                                                                                                                                                                                                                                                                                                                                                                                                                                                                                                                                                                                                                                                                                                                                                                                                                                                                                                                                                                                                                                                                                                                                                                                                                                                                                                                                                                                                                                                                                                                                                                                                                                                                                                                                                                                                                                                                                                                                                                                                                                                                                                                                                                                                                                                                                                                                                                                                                                                                                                                                                                                                                                                                                                                                                                                                                                                                                                                                                                                                                                                                                                                                                                                                                                                                                                                                                                                                                                                                                                                                                                                                                                                                                                                                                                                                                                                                                                                                                                                                                                                                                                                                                                                                                                                                                                                                                                                                                                                                                                                                                                                                                                                                                                                                                                                                                                                                                                                                                                                                                                                                                                                                                                                                                                                                                                                                                                                                                                                                                                                                                                                                                                                                                                                                                                                                                                                                                                                                                                                                                                                                                                                                                                                                                                                                                                                                                                                                                                                                                                                                                                                                                                                                                                                                                                                                                                                                                                                                                                                                                                                                                                                                                                                                                                                                                                                                                                                                                                                                                                                                                                                                                                                                                                                                                                                                                                                                                                                                                                                                                                                                                                                                                                                                                                                                                                                                                                                                                                                                                                                                                                                                                                                                                                                                                                                                                                                                                                                              
800,8,437,14450779
800,8,438,15772301
800,8,439,14567000
800,8,440,14528957
800,8,441,14206251
800,8,442,14369504
800,8,443,14238059
800,8,444,14287894
800,8,445,14690688
800,8,446,14713825
800,8,447,14481585
800,8,448,14507639
800,8,449,14473787
800,8,450,14308561
800,8,451,14201412
800,8,452,14249621
800,8,453,14223583
800,8,454,14102128
800,8,455,14285438
800,8,456,14422445
800,8,457,15552116
800,8,458,14706390
800,8,459,14948688
800,8,460,14905899
800,8,461,14496383
800,8,462,14513750
800,8,463,14507922
800,8,464,14423002
800,8,465,14205560
800,8,466,14540173
800,8,467,14254081
800,8,468,14442164
800,8,469,14363789
800,8,470,14272338
800,8,471,14480627
800,8,472,14403771
800,8,473,14803870
800,8,474,15086730
800,8,475,14804856
800,8,476,14612160
800,8,477,15628974
800,8,478,14573073
800,8,479,14538803
800,8,480,14525625
800,8,481,14551746
800,8,482,14498592
800,8,483,14340357
800,8,484,14236711
800,8,485,14326938
800,8,486,14665435
800,8,487,14825358
800,8,488,14620558
800,8,489,14546840
800,8,490,14504728
800,8,491,14430693
800,8,492,14467597
800,8,493,14449832
800,8,494,14480571
800,8,495,14278199
800,8,496,14162337
800,8,497,15344716
800,8,498,14353953
800,8,499,14367442
800,8,500,14538974
800,8,501,14624121
800,8,502,14574702
800,8,503,14447923
800,8,504,14397556
800,8,505,14378020
800,8,506,14087563
800,8,507,14220996
800,8,508,14150886
800,8,509,14527583
800,8,510,14649597
800,8,511,14402317
800,8,512,14136952
800,8,513,14182119
800,8,514,14519391
800,8,515,14761870
800,8,516,14541622
800,8,517,15497776
800,8,518,14517485
800,8,519,14174304
800,8,520,14263386
800,8,521,14349277
800,8,522,14433998
800,8,523,14361989
800,8,524,14482587
800,8,525,14247766
800,8,526,14517825
800,8,527,14166140
800,8,528,14669872
800,8,529,14638746
800,8,530,14603737
800,8,531,14520900
800,8,532,14261743
800,8,533,14503377
800,8,534,14467464
800,8,535,14491682
800,8,536,14518255
800,8,537,15593306
800,8,538,14522079
800,8,539,14462522
800,8,540,14458196
800,8,541,14288456
800,8,542,14830524
800,8,543,14835555
800,8,544,14584694
800,8,545,14238661
800,8,546,13955992
800,8,547,13947191
800,8,548,14206382
800,8,549,14522699
800,8,550,14408211
800,8,551,14492689
800,8,552,15009674
800,8,553,14470241
800,8,554,14510219
800,8,555,14559084
800,8,556,14843483
800,8,557,15632379
800,8,558,14539740
800,8,559,14547858
800,8,560,14499137
800,8,561,14201198
800,8,562,14550705
800,8,563,15100203
800,8,564,15368171
800,8,565,15020741
800,8,566,14829890
800,8,567,14508660
800,8,568,14474129
800,8,569,14758623
800,8,570,14762458
800,8,571,14494605
800,8,572,14096393
800,8,573,14008397
800,8,574,14155183
800,8,575,14125465
800,8,576,14366540
800,8,577,15503499
800,8,578,14525930
800,8,579,14445289
800,8,580,14446426
800,8,581,14085685
800,8,582,14225229
800,8,583,14158306
800,8,584,14652539
800,8,585,14511188
800,8,586,14456216
800,8,587,14474911
800,8,588,14537488
800,8,589,14553851
800,8,590,14160842
800,8,591,14442465
800,8,592,14463401
800,8,593,14448166
800,8,594,14457921
800,8,595,14224061
800,8,596,14154358
800,8,597,15311953
800,8,598,15059303
800,8,599,14569042
800,8,600,14191923
800,8,601,14087440
800,8,602,14129169
800,8,603,14235721
800,8,604,14399308
800,8,605,14615568
800,8,606,14487041
800,8,607,14518082
800,8,608,14477347
800,8,609,14521992
800,8,610,14300363
800,8,611,14608615
800,8,612,15341804
800,8,613,15315105
800,8,614,14914975
800,8,615,14974751
800,8,616,14694973
800,8,617,15300130
800,8,618,14342497
800,8,619,14127035
800,8,620,14462015
800,8,621,14135175
800,8,622,14045565
800,8,623,13829783
800,8,624,13823318
800,8,625,14478658
800,8,626,14209535
800,8,627,14471413
800,8,628,14247144
800,8,629,14206265
800,8,630,14288114
800,8,631,14229968
800,8,632,14228638
800,8,633,14225607
800,8,634,13917806
800,8,635,13851386
800,8,636,15006455
800,8,637,14530976
800,8,638,14349587
800,8,639,14687252
800,8,640,14483457
800,8,641,14085538
800,8,642,14047957
800,8,643,13788216
800,8,644,14114515
800,8,645,14328415
800,8,646,14360453
800,8,647,14246295
800,8,648,14495262
800,8,649,14459211
800,8,650,14331627
800,8,651,14452328
800,8,652,14397591
800,8,653,14716143
800,8,654,14538984
800,8,655,14360495
800,8,656,15329070
800,8,657,14315440
800,8,658,14216124
800,8,659,14124096
800,8,660,14248665
800,8,661,14362047
800,8,662,14385677
800,8,663,14473602
800,8,664,14486011
800,8,665,14509398
800,8,666,14505394
800,8,667,14852864
800,8,668,14673768
800,8,669,14602200
800,8,670,14499699
800,8,671,14526318
800,8,672,14469361
800,8,673,14307590
800,8,674,14513780
800,8,675,14796355
800,8,676,17118388
800,8,677,17566556
800,8,678,17949627
800,8,679,18301517
800,8,680,19308573
800,8,681,19535726
800,8,682,21272699
800,8,683,23341293
800,8,684,24144899
800,8,685,19185977
800,8,686,18181934
800,8,687,16993836
800,8,688,16198005
800,8,689,16028041
800,8,690,15231698
800,8,691,15134447
800,8,692,14870475
800,8,693,14452210
800,8,694,14452573
800,8,695,14443840
800,8,696,15459999
800,8,697,14174002
800,8,698,14120371
800,8,699,14252802
800,8,700,14065990
800,8,701,14333026
800,8,702,14077885
800,8,703,14074928
800,8,704,14378192
800,8,705,14634794
800,8,706,14542404
800,8,707,14282157
800,8,708,14288894
800,8,709,14644599
800,8,710,19181417
800,8,711,20129019
800,8,712,20915235
800,8,713,19952059
800,8,714,20349991
800,8,715,20524388
800,8,716,21915938
800,8,717,18651934
800,8,718,17184808
800,8,719,19206786
800,8,720,20405374
800,8,721,20175134
800,8,722,18499692
800,8,723,18679945
800,8,724,19667699
800,8,725,21970829
800,8,726,23357189
800,8,727,24083673
800,8,728,22168434
800,8,729,24625945
800,8,730,21612660
800,8,731,21170923
800,8,732,21240088
800,8,733,21414716
800,8,734,21024250
800,8,735,21357745
800,8,736,33220843
800,8,737,21348055
800,8,738,21145714
800,8,739,19544726
800,8,740,21940110
800,8,741,21121147
800,8,742,20930456
800,8,743,21307205
800,8,744,22379260
800,8,745,22324566
800,8,746,22435142
800,8,747,23675605
800,8,748,22962407
800,8,749,22709089
800,8,750,23004498
800,8,751,22917177
800,8,752,23066630
800,8,753,81124711
800,8,754,114531645
800,8,755,59986143
800,8,756,40710256
800,8,757,34677849
800,8,758,30464922
800,8,759,27772202
800,8,760,25395054
800,8,761,23621870
800,8,762,21956044
800,8,763,21388485
800,8,764,20891513
800,8,765,20720044
800,8,766,19573544
800,8,767,20931973
800,8,768,19421300
800,8,769,18730245
800,8,770,22317143
800,8,771,21551468
800,8,772,20194634
800,8,773,18062480
800,8,774,16644717
800,8,775,18153833
800,8,776,16842901
800,8,777,16938149
800,8,778,16318842
800,8,779,16307564
800,8,780,16285839
800,8,781,16928775
800,8,782,16715830
800,8,783,16221435
800,8,784,15784719
800,8,785,15933538
800,8,786,15861103
800,8,787,16067063
800,8,788,16097090
800,8,789,15526085
800,8,790,18520452
800,8,791,16249934
800,8,792,16263335
800,8,793,16723975
800,8,794,16382759
800,8,795,22861371
800,8,796,20827694
800,8,797,15749522
800,8,798,14943003
800,8,799,15236931
800,8,800,14959128
800,8,801,15525497
800,8,802,15043330
800,8,803,15281587
800,8,804,15248580
800,8,805,15270069
800,8,806,17457581
800,8,807,15570913
800,8,808,15963721
800,8,809,16005678
800,8,810,15355939
800,8,811,18838767
800,8,812,15237542
800,8,813,15321092
800,8,814,14828460
800,8,815,17162159
800,8,816,15426339
800,8,817,15499264
800,8,818,15303536
800,8,819,15199613
800,8,820,14893508
800,8,821,14753118
800,8,822,14418662
800,8,823,14841696
800,8,824,14708271
800,8,825,15094643
800,8,826,14970938
800,8,827,15295344
800,8,828,18020825
800,8,829,15945189
800,8,830,15295078
800,8,831,15279153
800,8,832,14978182
800,8,833,16145445
800,8,834,14621634
800,8,835,16364115
800,8,836,14909051
800,8,837,15148632
800,8,838,14977382
800,8,839,18620213
800,8,840,18916903
800,8,841,16252170
800,8,842,17067014
800,8,843,17790550
800,8,844,14892803
800,8,845,14566562
800,8,846,14735606
800,8,847,15012278
800,8,848,14666709
800,8,849,15371456
800,8,850,15293136
800,8,851,14654167
800,8,852,14841432
800,8,853,14732053
800,8,854,15551464
800,8,855,16771313
800,8,856,16062157
800,8,857,15696210
800,8,858,14701500
800,8,859,14858189
800,8,860,15161885
800,8,861,15182620
800,8,862,15408864
800,8,863,15037665
800,8,864,15269028
800,8,865,15631460
800,8,866,16339002
800,8,867,15821844
800,8,868,16008440
800,8,869,16181859
800,8,870,17003038
800,8,871,15751187
800,8,872,16224559
800,8,873,15653147
800,8,874,16018572
800,8,875,17175809
800,8,876,16214627
800,8,877,22773391
800,8,878,15205885
800,8,879,16105828
800,8,880,15401179
800,8,881,15499357
800,8,882,16493438
800,8,883,15006181
800,8,884,15842528
800,8,885,15750063
800,8,886,15306515
800,8,887,14843879
800,8,888,14794829
800,8,889,14847739
800,8,890,15152720
800,8,891,15715117
800,8,892,16119401
800,8,893,16271397
800,8,894,17299341
800,8,895,34164855
800,8,896,19992563
800,8,897,16424020
800,8,898,15600594
800,8,899,17794441
800,8,900,16801681
800,8,901,16545648
800,8,902,15978449
800,8,903,17021090
800,8,904,16442236
800,8,905,16187841
800,8,906,16371869
800,8,907,16109799
800,8,908,16702732
800,8,909,16485541
800,8,910,18988571
800,8,911,16373664
800,8,912,16409716
800,8,913,15524071
800,8,914,15724328
800,8,915,16741634
800,8,916,15529266
800,8,917,15332233
800,8,918,15830220
800,8,919,15135356
800,8,920,17739065
800,8,921,19134147
800,8,922,16452213
800,8,923,15433892
800,8,924,16819918
800,8,925,17282870
800,8,926,15563035
800,8,927,17013747
800,8,928,19019408
800,8,929,20342998
800,8,930,17696008
800,8,931,18521737
800,8,932,17508388
800,8,933,16569814
800,8,934,16787577
800,8,935,21831572
800,8,936,14888989
800,8,937,15808961
800,8,938,15819766
800,8,939,16686430
800,8,940,15891199
800,8,941,16331389
800,8,942,16065439
800,8,943,16149397
800,8,944,16550561
800,8,945,18294923
800,8,946,16208803
800,8,947,16268865
800,8,948,15884507
800,8,949,18345519
800,8,950,16974749
800,8,951,19423516
800,8,952,18776237
800,8,953,21632021
800,8,954,18416299
800,8,955,18509371
800,8,956,16567264
800,8,957,16415020
800,8,958,17404116
800,8,959,16431024
800,8,960,15930963
800,8,961,16768074
800,8,962,16198858
800,8,963,16322930
800,8,964,16927515
800,8,965,17768349
800,8,966,17045529
800,8,967,16497798
800,8,968,16558223
800,8,969,16445166
800,8,970,17428553
800,8,971,20738787
800,8,972,17866515
800,8,973,17097407
800,8,974,27601670
800,8,975,34478304
800,8,976,35117698
800,8,977,34918353
800,8,978,23967984
800,8,979,20420203
800,8,980,26991020
800,8,981,15788967
800,8,982,16807953
800,8,983,15003488
800,8,984,15589714
800,8,985,15890661
800,8,986,15811908
800,8,987,15789104
800,8,988,16667246
800,8,989,16470171
800,8,990,16986545
800,8,991,16492661
800,8,992,16591101
800,8,993,16494098
800,8,994,23508306
800,8,995,15183495
800,8,996,14666970
800,8,997,14555248
800,8,998,15622724
800,8,999,15671394
1000,8,0,19832142
1000,8,1,20064118
1000,8,2,20585221
1000,8,3,20703297
1000,8,4,21340842
1000,8,5,21382325
1000,8,6,20833752
1000,8,7,20876963
1000,8,8,21018705
1000,8,9,20711742
1000,8,10,20328025
1000,8,11,20002734
1000,8,12,21720543
1000,8,13,28078824
1000,8,14,23530843
1000,8,15,22621527
1000,8,16,20904389
1000,8,17,19494393
1000,8,18,19524391
1000,8,19,19791806
1000,8,20,19547327
1000,8,21,19272152
1000,8,22,19244684
1000,8,23,19350100
1000,8,24,19677064
1000,8,25,19669118
1000,8,26,19335095
1000,8,27,19165364
1000,8,28,21045235
1000,8,29,20120807
1000,8,30,20045953
1000,8,31,19709825
1000,8,32,20017261
1000,8,33,19633078
1000,8,34,19916336
1000,8,35,19465004
1000,8,36,19205678
1000,8,37,19704140
1000,8,38,19842602
1000,8,39,19602634
1000,8,40,19640037
1000,8,41,19697946
1000,8,42,18376115
1000,8,43,19720858
1000,8,44,19600194
1000,8,45,19837345
1000,8,46,19982981
1000,8,47,21716383
1000,8,48,22637735
1000,8,49,24804759
1000,8,50,24620667
1000,8,51,23900238
1000,8,52,26133400
1000,8,53,24995912
1000,8,54,24294108
1000,8,55,24680896
1000,8,56,24512198
1000,8,57,24055587
1000,8,58,22658929
1000,8,59,21982202
1000,8,60,20354503
1000,8,61,20186291
1000,8,62,19936902
1000,8,63,19628089
1000,8,64,20868204
1000,8,65,22151674
1000,8,66,23167218
1000,8,67,23723422
1000,8,68,23612116
1000,8,69,23579341
1000,8,70,23435167
1000,8,71,23446730
1000,8,72,23936571
1000,8,73,23197439
1000,8,74,24581191
1000,8,75,23763580
1000,8,76,23641575
1000,8,77,23285810
1000,8,78,23622192
1000,8,79,24045627
1000,8,80,24087895
1000,8,81,23580621
1000,8,82,23947251
1000,8,83,23232517
1000,8,84,23130929
1000,8,85,24216769
1000,8,86,23773094
1000,8,87,23711133
1000,8,88,25985929
1000,8,89,31017325
1000,8,90,38317153
1000,8,91,26937545
1000,8,92,27546199
1000,8,93,27925928
1000,8,94,27035551
1000,8,95,26337571
1000,8,96,25911536
1000,8,97,25929247
1000,8,98,25685758
1000,8,99,24549800
1000,8,100,23473850
1000,8,101,23338275
1000,8,102,23491623
1000,8,103,23187108
1000,8,104,53642742
1000,8,105,48600878
1000,8,106,38421061
1000,8,107,35077509
1000,8,108,31755353
1000,8,109,29469405
1000,8,110,27831313
1000,8,111,26610356
1000,8,112,25860022
1000,8,113,24618558
1000,8,114,23945683
1000,8,115,22927986
1000,8,116,22382354
1000,8,117,21989168
1000,8,118,21829622
1000,8,119,21205903
1000,8,120,21985743
1000,8,121,20560607
1000,8,122,20539504
1000,8,123,20051823
1000,8,124,20039246
1000,8,125,19683333
1000,8,126,19365713
1000,8,127,19412528
1000,8,128,18926640
1000,8,129,18975729
1000,8,130,18886364
1000,8,131,18604759
1000,8,132,18577729
1000,8,133,18929590
1000,8,134,18872552
1000,8,135,19474727
1000,8,136,18417009
1000,8,137,19378770
1000,8,138,19374704
1000,8,139,18840088
1000,8,140,18483622
1000,8,141,18888015
1000,8,142,18595436
1000,8,143,19045222
1000,8,144,19303930
1000,8,145,19080428
1000,8,146,19133531
1000,8,147,19073163
1000,8,148,19000393
1000,8,149,18710532
1000,8,150,19254908
1000,8,151,20191821
1000,8,152,18727825
1000,8,153,18622289
1000,8,154,19516432
1000,8,155,18692674
1000,8,156,18460410
1000,8,157,18485835
1000,8,158,18589312
1000,8,159,19156978
1000,8,160,19094643
1000,8,161,19256884
1000,8,162,19227217
1000,8,163,24681675
1000,8,164,19435487
1000,8,165,19105809
1000,8,166,20002913
1000,8,167,19092485
1000,8,168,19121058
1000,8,169,19189095
1000,8,170,19284500
1000,8,171,19319429
1000,8,172,19079618
1000,8,173,19697477
1000,8,174,19888292
1000,8,175,19878787
1000,8,176,19493345
1000,8,177,19315273
1000,8,178,19258672
1000,8,179,19979257
1000,8,180,19231322
1000,8,181,19584370
1000,8,182,20400566
1000,8,183,19665042
1000,8,184,20443542
1000,8,185,19830926
1000,8,186,19530702
1000,8,187,19806861
1000,8,188,19806153
1000,8,189,23858213
1000,8,190,20653545
1000,8,191,19984662
1000,8,192,20096427
1000,8,193,20151267
1000,8,194,19560245
1000,8,195,18867353
1000,8,196,19171510
1000,8,197,20041652
1000,8,198,18758942
1000,8,199,18917162
1000,8,200,19585817
1000,8,201,19628759
1000,8,202,19608286
1000,8,203,19652260
1000,8,204,19527717
1000,8,205,19273344
1000,8,206,19741912
1000,8,207,19765267
1000,8,208,19531935
1000,8,209,20082416
1000,8,210,20293541
1000,8,211,20034620
1000,8,212,21014273
1000,8,213,19451429
1000,8,214,19292667
1000,8,215,19330804
1000,8,216,19157310
1000,8,217,19286608
1000,8,218,19544355
1000,8,219,19207810
1000,8,220,19766717
1000,8,221,19352947
1000,8,222,19372119
1000,8,223,19582635
1000,8,224,19744612
1000,8,225,19470733
1000,8,226,19489038
1000,8,227,19419557
1000,8,228,21010278
1000,8,229,19512877
1000,8,230,20028789
1000,8,231,19820444
1000,8,232,20129041
1000,8,233,20069781
1000,8,234,20158776
1000,8,235,21973525
1000,8,236,28601492
1000,8,237,22683820
1000,8,238,21876108
1000,8,239,19903321
1000,8,240,19909788
1000,8,241,19473644
1000,8,242,18724417
1000,8,243,25236332
1000,8,244,29672754
1000,8,245,23973096
1000,8,246,19726837
1000,8,247,19911703
1000,8,248,19630466
1000,8,249,20054766
1000,8,250,20252156
1000,8,251,20126266
1000,8,252,20421779
1000,8,253,19890998
1000,8,254,19519665
1000,8,255,20201164
1000,8,256,19727681
1000,8,257,20178545
1000,8,258,21427000
1000,8,259,19553553
1000,8,260,18695722
1000,8,261,18283690
1000,8,262,18409229
1000,8,263,18488603
1000,8,264,18521410
1000,8,265,18440727
1000,8,266,18398817
1000,8,267,18851450
1000,8,268,19076946
1000,8,269,18907213
1000,8,270,18585543
1000,8,271,18775787
1000,8,272,18706583
1000,8,273,19112677
1000,8,274,19875077
1000,8,275,18747488
1000,8,276,18883815
1000,8,277,18782022
1000,8,278,19001648
1000,8,279,18764139
1000,8,280,19621055
1000,8,281,19379725
1000,8,282,19079806
1000,8,283,18960993
1000,8,284,19345740
1000,8,285,19323232
1000,8,286,18903723
1000,8,287,18999556
1000,8,288,18999633
1000,8,289,19607797
1000,8,290,18475989
1000,8,291,18552792
1000,8,292,18715795
1000,8,293,18729886
1000,8,294,18938936
1000,8,295,19075074
1000,8,296,19243895
1000,8,297,18959733
1000,8,298,19269997
1000,8,299,19249809
1000,8,300,19090766
1000,8,301,19942047
1000,8,302,19150706
1000,8,303,19194770
1000,8,304,19799431
1000,8,305,19343181
1000,8,306,19089922
1000,8,307,18568850
1000,8,308,19162523
1000,8,309,18973431
1000,8,310,18894143
1000,8,311,19250309
1000,8,312,19502288
1000,8,313,20053592
1000,8,314,20330307
1000,8,315,19833744
1000,8,316,19554932
1000,8,317,19775014
1000,8,318,20043418
1000,8,319,19662213
1000,8,320,20185100
1000,8,321,18741056
1000,8,322,19302244
1000,8,323,19229480
1000,8,324,19614975
1000,8,325,20263952
1000,8,326,18791118
1000,8,327,18389818
1000,8,328,19303841
1000,8,329,19693608
1000,8,330,19657750
1000,8,331,20021429
1000,8,332,19924529
1000,8,333,20006309
1000,8,334,20278393
1000,8,335,22022865
1000,8,336,20019291
1000,8,337,22688469
1000,8,338,19808583
1000,8,339,19659371
1000,8,340,19737016
1000,8,341,20027155
1000,8,342,19805278
1000,8,343,19955738
1000,8,344,19831999
1000,8,345,19896575
1000,8,346,20032331
1000,8,347,19558046
1000,8,348,20059976
1000,8,349,19902765
1000,8,350,22120115
1000,8,351,20319610
1000,8,352,19077438
1000,8,353,18374863
1000,8,354,18281476
1000,8,355,18240649
1000,8,356,18822038
1000,8,357,18756268
1000,8,358,19086900
1000,8,359,19248859
1000,8,360,18800722
1000,8,361,18968101
1000,8,362,19230670
1000,8,363,19008967
1000,8,364,19029732
1000,8,365,18657331
1000,8,366,20866730
1000,8,367,19566190
1000,8,368,19486372
1000,8,369,18659539
1000,8,370,19225093
1000,8,371,19335612
1000,8,372,19240878
1000,8,373,20196981
1000,8,374,19658199
1000,8,375,19582368
1000,8,376,19568852
1000,8,377,20200785
1000,8,378,19443257
1000,8,379,19333733
1000,8,380,18969861
1000,8,381,20195449
1000,8,382,19084965
1000,8,383,19163111
1000,8,384,19033392
1000,8,385,18703450
1000,8,386,19189832
1000,8,387,19411221
1000,8,388,19155700
1000,8,389,19185094
1000,8,390,18946733
1000,8,391,19279004
1000,8,392,19275108
1000,8,393,19394245
1000,8,394,19592008
1000,8,395,19310288
1000,8,396,19233101
1000,8,397,20404337
1000,8,398,19534953
1000,8,399,19167132
1000,8,400,19222779
1000,8,401,19017296
1000,8,402,19034475
1000,8,403,19363187
1000,8,404,19187862
1000,8,405,18994527
1000,8,406,19688416
1000,8,407,19526285
1000,8,408,19685657
1000,8,409,19397180
1000,8,410,19228925
1000,8,411,19117287
1000,8,412,20039644
1000,8,413,19005238
1000,8,414,18871474
1000,8,415,18963040
1000,8,416,18944191
1000,8,417,18959863
1000,8,418,19408280
1000,8,419,19255517
1000,8,420,19864979
1000,8,421,19734487
1000,8,422,21084579
1000,8,423,24931582
1000,8,424,25706267
1000,8,425,26115431
1000,8,426,21693802
1000,8,427,26620042
1000,8,428,20155782
1000,8,429,19329869
1000,8,430,19621600
1000,8,431,19642619
1000,8,432,19957675
1000,8,433,19797252
1000,8,434,19775581
1000,8,435,19931230
1000,8,436,19665454
1000,8,437,19970873
1000,8,438,20113919
1000,8,439,20439729
1000,8,440,20068603
1000,8,441,19636480
1000,8,442,20615006
1000,8,443,21170652
1000,8,444,20012764
1000,8,445,19527130
1000,8,446,19945026
1000,8,447,19245346
1000,8,448,19263345
1000,8,449,19108042
1000,8,450,19028262
1000,8,451,19120492
1000,8,452,19367838
1000,8,453,19125637
1000,8,454,19150679
1000,8,455,19220821
1000,8,456,19310198
1000,8,457,20820037
1000,8,458,23873044
1000,8,459,19475867
1000,8,460,19318549
1000,8,461,19368490
1000,8,462,20045885
1000,8,463,19958934
1000,8,464,20076511
1000,8,465,21943672
1000,8,466,20333036
1000,8,467,20087079
1000,8,468,21137835
1000,8,469,20265983
1000,8,470,20362089
1000,8,471,20130094
1000,8,472,20400272
1000,8,473,23250855
1000,8,474,19970615
1000,8,475,19505626
1000,8,476,19293031
1000,8,477,20498611
1000,8,478,24361863
1000,8,479,19488582
1000,8,480,19415117
1000,8,481,19441117
1000,8,482,19345489
1000,8,483,19841655
1000,8,484,24351584
1000,8,485,25920417
1000,8,486,25048916
1000,8,487,22261288
1000,8,488,22111030
1000,8,489,20933365
1000,8,490,19963584
1000,8,491,20059347
1000,8,492,19195401
1000,8,493,18800398
1000,8,494,19119663
1000,8,495,19271910
1000,8,496,18561415
1000,8,497,20243817
1000,8,498,19385589
1000,8,499,19562367
1000,8,500,19456747
1000,8,501,19273797
1000,8,502,18936062
1000,8,503,19277146
1000,8,504,20851199
1000,8,505,19097672
1000,8,506,19662193
1000,8,507,19970286
1000,8,508,19252178
1000,8,509,19511138
1000,8,510,19348235
1000,8,511,19497729
1000,8,512,18903562
1000,8,513,18802239
1000,8,514,19088593
1000,8,515,22389285
1000,8,516,22448529
1000,8,517,20986107
1000,8,518,20954146
1000,8,519,38379605
1000,8,520,21846046
1000,8,521,20997378
1000,8,522,20351245
1000,8,523,20161124
1000,8,524,19663458
1000,8,525,19554258
1000,8,526,19951720
1000,8,527,20230885
1000,8,528,19437238
1000,8,529,19515252
1000,8,530,19503754
1000,8,531,19647858
1000,8,532,19601151
1000,8,533,19512136
1000,8,534,19565950
1000,8,535,22361879
1000,8,536,20021563
1000,8,537,20608237
1000,8,538,20495176
1000,8,539,20753728
1000,8,540,20950223
1000,8,541,20927690
1000,8,542,20800920
1000,8,543,21113470
1000,8,544,20914272
1000,8,545,20879460
1000,8,546,20932780
1000,8,547,20250834
1000,8,548,19977032
1000,8,549,19866755
1000,8,550,21186262
1000,8,551,20246081
1000,8,552,20302148
1000,8,553,20610521
1000,8,554,20746460
1000,8,555,20736436
1000,8,556,21173495
1000,8,557,20759250
1000,8,558,20856735
1000,8,559,20887030
1000,8,560,20810834
1000,8,561,20720120
1000,8,562,20825768
1000,8,563,20637222
1000,8,564,20771583
1000,8,565,20923084
1000,8,566,23564431
1000,8,567,19862118
1000,8,568,19586785
1000,8,569,19584223
1000,8,570,19568398
1000,8,571,19301612
1000,8,572,19396470
1000,8,573,19648945
1000,8,574,19840658
1000,8,575,20082601
1000,8,576,19822644
1000,8,577,20114232
1000,8,578,20928617
1000,8,579,19592403
1000,8,580,19600569
1000,8,581,20330584
1000,8,582,19380044
1000,8,583,19476494
1000,8,584,19597904
1000,8,585,19413790
1000,8,586,19818534
1000,8,587,19487190
1000,8,588,24960820
1000,8,589,25102466
1000,8,590,25099828
1000,8,591,22225106
1000,8,592,19664492
1000,8,593,19744723
1000,8,594,19713426
1000,8,595,19595107
1000,8,596,20874976
1000,8,597,19293629
1000,8,598,19501534
1000,8,599,19669623
1000,8,600,19599878
1000,8,601,19505318
1000,8,602,19526747
1000,8,603,19615995
1000,8,604,19620441
1000,8,605,19740151
1000,8,606,19559236
1000,8,607,19489739
1000,8,608,19825724
1000,8,609,19056314
1000,8,610,18133159
1000,8,611,18518187
1000,8,612,19417047
1000,8,613,18835970
1000,8,614,18601654
1000,8,615,19549564
1000,8,616,20123459
1000,8,617,19826310
1000,8,618,19956358
1000,8,619,20649053
1000,8,620,19154556
1000,8,621,20612512
1000,8,622,19625523
1000,8,623,19462852
1000,8,624,20257122
1000,8,625,20268617
1000,8,626,19668655
1000,8,627,22893920
1000,8,628,19555449
1000,8,629,19504594
1000,8,630,19977206
1000,8,631,19545279
1000,8,632,19790375
1000,8,633,19575356
1000,8,634,19425081
1000,8,635,19589322
1000,8,636,19725405
1000,8,637,19735342
1000,8,638,19613951
1000,8,639,19246856
1000,8,640,19602045
1000,8,641,19553585
1000,8,642,20328794
1000,8,643,19607118
1000,8,644,19501862
1000,8,645,19588502
1000,8,646,19976239
1000,8,647,19933255
1000,8,648,19415753
1000,8,649,19423476
1000,8,650,20125568
1000,8,651,20794874
1000,8,652,19560594
1000,8,653,19319865
1000,8,654,19442352
1000,8,655,19499254
1000,8,656,20621866
1000,8,657,20099035
1000,8,658,20835664
1000,8,659,19843895
1000,8,660,20316585
1000,8,661,20335481
1000,8,662,20214045
1000,8,663,20120385
1000,8,664,20641115
1000,8,665,20190572
1000,8,666,20266815
1000,8,667,20017790
1000,8,668,19498046
1000,8,669,19654395
1000,8,670,19292745
1000,8,671,19537675
1000,8,672,19434482
1000,8,673,20452522
1000,8,674,19574810
1000,8,675,19641353
1000,8,676,19545008
1000,8,677,19664686
1000,8,678,19416054
1000,8,679,24512468
1000,8,680,20875719
1000,8,681,19416384
1000,8,682,19435500
1000,8,683,19555760
1000,8,684,19925185
1000,8,685,19426843
1000,8,686,19752702
1000,8,687,19609959
1000,8,688,21496191
1000,8,689,19606325
1000,8,690,24102469
1000,8,691,19537420
1000,8,692,19714294
1000,8,693,19369889
1000,8,694,19417606
1000,8,695,19357836
1000,8,696,19610177
1000,8,697,20073646
1000,8,698,19453784
1000,8,699,19779107
1000,8,700,19635652
1000,8,701,19527594
1000,8,702,19432843
1000,8,703,19173250
1000,8,704,20420406
1000,8,705,19600976
1000,8,706,19467109
1000,8,707,20121856
1000,8,708,19979243
1000,8,709,19961212
1000,8,710,20518778
1000,8,711,24020788
1000,8,712,24161364
1000,8,713,24428099
1000,8,714,23743313
1000,8,715,25438826
1000,8,716,23847068
1000,8,717,23147609
1000,8,718,23543794
1000,8,719,33752520
1000,8,720,29280541
1000,8,721,19595827
1000,8,722,19468122
1000,8,723,19705120
1000,8,724,20096021
1000,8,725,19610132
1000,8,726,20020769
1000,8,727,20600144
1000,8,728,19130231
1000,8,729,20166114
1000,8,730,20530820
1000,8,731,19435159
1000,8,732,20120088
1000,8,733,19886727
1000,8,734,19953378
1000,8,735,28471380
1000,8,736,22644989
1000,8,737,22309502
1000,8,738,22661653
1000,8,739,22970576
1000,8,740,28230364
1000,8,741,23541167
1000,8,742,22715593
1000,8,743,22456108
1000,8,744,20076645
1000,8,745,19480950
1000,8,746,19673528
1000,8,747,19511256
1000,8,748,19341246
1000,8,749,19385407
1000,8,750,21095763
1000,8,751,19912020
1000,8,752,21286439
1000,8,753,20032267
1000,8,754,19428083
1000,8,755,19542497
1000,8,756,20603687
1000,8,757,20750800
1000,8,758,20957931
1000,8,759,20449922
1000,8,760,20848431
1000,8,761,21080613
1000,8,762,21004822
1000,8,763,20598441
1000,8,764,20625741
1000,8,765,21790636
1000,8,766,20926976
1000,8,767,20746648
1000,8,768,20767272
1000,8,769,20715001
1000,8,770,21077778
1000,8,771,20817521
1000,8,772,20808452
1000,8,773,20875989
1000,8,774,20658752
1000,8,775,20883278
1000,8,776,20838347
1000,8,777,20746770
1000,8,778,20594554
1000,8,779,20746024
1000,8,780,20880366
1000,8,781,22074783
1000,8,782,21060698
1000,8,783,20696127
1000,8,784,20608511
1000,8,785,20789782
1000,8,786,20770734
1000,8,787,20680570
1000,8,788,20812034
1000,8,789,21319210
1000,8,790,20585201
1000,8,791,19842327
1000,8,792,19320789
1000,8,793,19420590
1000,8,794,19501949
1000,8,795,19339705
1000,8,796,23159590
1000,8,797,23907817
1000,8,798,19872298
1000,8,799,19480501
1000,8,800,19971220
1000,8,801,20299326
1000,8,802,19734469
1000,8,803,19775983
1000,8,804,20452427
1000,8,805,20590347
1000,8,806,22295054
1000,8,807,22588168
1000,8,808,23655010
1000,8,809,23692671
1000,8,810,23713429
1000,8,811,24825686
1000,8,812,23683364
1000,8,813,23352580
1000,8,814,23192556
1000,8,815,23025105
1000,8,816,23354375
1000,8,817,23213457
1000,8,818,23011466
1000,8,819,23333767
1000,8,820,23261631
1000,8,821,22803927
1000,8,822,22682744
1000,8,823,22675105
1000,8,824,22760007
1000,8,825,22726818
1000,8,826,22481608
1000,8,827,23262355
1000,8,828,22229372
1000,8,829,22314875
1000,8,830,23512770
1000,8,831,23868812
1000,8,832,27756870
1000,8,833,25374580
1000,8,834,24753950
1000,8,835,24249234
1000,8,836,24043984
1000,8,837,23380429
1000,8,838,23296280
1000,8,839,23566175
1000,8,840,23890708
1000,8,841,23111939
1000,8,842,24182854
1000,8,843,23304080
1000,8,844,23360643
1000,8,845,24095593
1000,8,846,23393173
1000,8,847,23250647
1000,8,848,23329111
1000,8,849,23340716
1000,8,850,23569876
1000,8,851,24051139
1000,8,852,23195946
1000,8,853,23397325
1000,8,854,23601938
1000,8,855,23359361
1000,8,856,23068123
1000,8,857,23824203
1000,8,858,23171131
1000,8,859,23121623
1000,8,860,23280346
1000,8,861,23409281
1000,8,862,23530869
1000,8,863,22787450
1000,8,864,23142769
1000,8,865,23448246
1000,8,866,23274258
1000,8,867,23097894
1000,8,868,23770314
1000,8,869,23490375
1000,8,870,24048783
1000,8,871,23124551
1000,8,872,23106146
1000,8,873,32300781
1000,8,874,23122385
1000,8,875,23000285
1000,8,876,22986948
1000,8,877,22844381
1000,8,878,23153077
1000,8,879,48353189
1000,8,880,171876064
1000,8,881,120868251
1000,8,882,61988143
1000,8,883,49178485
1000,8,884,41525546
1000,8,885,36747202
1000,8,886,34331564
1000,8,887,31216993
1000,8,888,30626925
1000,8,889,27394419
1000,8,890,26358503
1000,8,891,25452302
1000,8,892,24559895
1000,8,893,24746956
1000,8,894,23394369
1000,8,895,22658735
1000,8,896,22586194
1000,8,897,21720903
1000,8,898,21852349
1000,8,899,21514008
1000,8,900,21106415
1000,8,901,21166411
1000,8,902,21378251
1000,8,903,21979677
1000,8,904,20028119
1000,8,905,20185581
1000,8,906,19996596
1000,8,907,19559162
1000,8,908,20148369
1000,8,909,20830464
1000,8,910,19965535
1000,8,911,19870395
1000,8,912,20348608
1000,8,913,20482103
1000,8,914,20755401
1000,8,915,20353658
1000,8,916,20685626
1000,8,917,20787061
1000,8,918,20605799
1000,8,919,21894262
1000,8,920,20765438
1000,8,921,20751504
1000,8,922,20573278
1000,8,923,20583937
1000,8,924,20502539
1000,8,925,20912141
1000,8,926,20607647
1000,8,927,20545497
1000,8,928,20395903
1000,8,929,20407248
1000,8,930,21298708
1000,8,931,21168240
1000,8,932,20814133
1000,8,933,21001993
1000,8,934,24117816
1000,8,935,20199751
1000,8,936,20897241
1000,8,937,20807776
1000,8,938,20817741
1000,8,939,20607126
1000,8,940,20970055
1000,8,941,21048209
1000,8,942,20682248
1000,8,943,20558122
1000,8,944,20501779
1000,8,945,20387982
1000,8,946,20492220
1000,8,947,20741461
1000,8,948,20608307
1000,8,949,22302295
1000,8,950,20575862
1000,8,951,20874509
1000,8,952,20694441
1000,8,953,20800125
1000,8,954,21012134
1000,8,955,20701020
1000,8,956,20571123
1000,8,957,20951894
1000,8,958,20862279
1000,8,959,20929600
1000,8,960,20860441
1000,8,961,20788907
1000,8,962,20679773
1000,8,963,20791225
1000,8,964,20792572
1000,8,965,21777006
1000,8,966,20865469
1000,8,967,20708118
1000,8,968,21380219
1000,8,969,20690417
1000,8,970,20697919
1000,8,971,20673343
1000,8,972,20905890
1000,8,973,20962669
1000,8,974,20479820
1000,8,975,20842508
1000,8,976,20717491
1000,8,977,20483188
1000,8,978,20817818
1000,8,979,20853294
1000,8,980,27366925
1000,8,981,18291407
1000,8,982,20842273
1000,8,983,20466310
1000,8,984,20245955
1000,8,985,20062574
1000,8,986,19965993
1000,8,987,20354472
1000,8,988,20173334
1000,8,989,19791587
1000,8,990,19630420
1000,8,991,19448722
1000,8,992,19286381
1000,8,993,20011815
1000,8,994,21897371
1000,8,995,20618050
1000,8,996,23331834
1000,8,997,19542016
1000,8,998,18484870
1000,8,999,20134653
