profile,rule_count,point_id,run,sample,elapsed_ns
C5,10,C5-rules-010,1,1,283444
C5,10,C5-rules-010,1,2,601810
C5,10,C5-rules-010,1,3,415274
C5,10,C5-rules-010,1,4,352924
C5,10,C5-rules-010,1,5,338050
C5,10,C5-rules-010,1,6,323519
C5,10,C5-rules-010,1,7,341951
C5,10,C5-rules-010,1,8,328585
C5,10,C5-rules-010,1,9,332068
C5,10,C5-rules-010,1,10,341696
C5,10,C5-rules-010,1,11,313606
C5,10,C5-rules-010,1,12,298822
C5,10,C5-rules-010,1,13,302668
C5,10,C5-rules-010,1,14,289959
C5,10,C5-rules-010,1,15,284613
C5,10,C5-rules-010,1,16,294852
C5,10,C5-rules-010,1,17,302583
C5,10,C5-rules-010,1,18,287849
C5,10,C5-rules-010,1,19,289341
C5,10,C5-rules-010,1,20,292222
C5,10,C5-rules-010,1,21,287473
C5,10,C5-rules-010,1,22,283484
C5,10,C5-rules-010,1,23,358927
C5,10,C5-rules-010,1,24,280633
C5,10,C5-rules-010,1,25,293553
C5,10,C5-rules-010,1,26,277668
C5,10,C5-rules-010,1,27,275805
C5,10,C5-rules-010,1,28,273631
C5,10,C5-rules-010,1,29,281575
C5,10,C5-rules-010,1,30,283996
C5,10,C5-rules-010,1,31,269870
C5,10,C5-rules-010,1,32,286672
C5,10,C5-rules-010,1,33,296705
C5,10,C5-rules-010,1,34,296856
C5,10,C5-rules-010,1,35,281252
C5,10,C5-rules-010,1,36,280110
C5,10,C5-rules-010,1,37,293681
C5,10,C5-rules-010,1,38,285962
C5,10,C5-rules-010,1,39,268943
C5,10,C5-rules-010,1,40,273032
C5,10,C5-rules-010,1,41,269027
C5,10,C5-rules-010,1,42,299368
C5,10,C5-rules-010,1,43,302797
C5,10,C5-rules-010,1,44,289572
C5,10,C5-rules-010,1,45,263006
C5,10,C5-rules-010,1,46,264498
C5,10,C5-rules-010,1,47,263167
C5,10,C5-rules-010,1,48,266147
C5,10,C5-rules-010,1,49,270056
C5,10,C5-rules-010,1,50,269519
C5,10,C5-rules-010,1,51,269575
C5,10,C5-rules-010,1,52,333196
C5,10,C5-rules-010,1,53,346693
C5,10,C5-rules-010,1,54,300096
C5,10,C5-rules-010,1,55,302634
C5,10,C5-rules-010,1,56,292199
C5,10,C5-rules-010,1,57,307525
C5,10,C5-rules-010,1,58,264296
C5,10,C5-rules-010,1,59,287120
C5,10,C5-rules-010,1,60,262724
C5,10,C5-rules-010,1,61,263505
C5,10,C5-rules-010,1,62,255933
C5,10,C5-rules-010,1,63,253632
C5,10,C5-rules-010,1,64,270807
C5,10,C5-rules-010,1,65,271081
C5,10,C5-rules-010,1,66,265565
C5,10,C5-rules-010,1,67,263166
C5,10,C5-rules-010,1,68,256567
C5,10,C5-rules-010,1,69,251826
C5,10,C5-rules-010,1,70,245438
C5,10,C5-rules-010,1,71,296836
C5,10,C5-rules-010,1,72,264029
C5,10,C5-rules-010,1,73,242620
C5,10,C5-rules-010,1,74,243027
C5,10,C5-rules-010,1,75,239895
C5,10,C5-rules-010,1,76,248594
C5,10,C5-rules-010,1,77,238461
C5,10,C5-rules-010,1,78,239490
C5,10,C5-rules-010,1,79,236004
C5,10,C5-rules-010,1,80,243087
C5,10,C5-rules-010,1,81,270695
C5,10,C5-rules-010,1,82,249357
C5,10,C5-rules-010,1,83,240536
C5,10,C5-rules-010,1,84,245529
C5,10,C5-rules-010,1,85,241817
C5,10,C5-rules-010,1,86,238471
C5,10,C5-rules-010,1,87,244873
C5,10,C5-rules-010,1,88,233973
C5,10,C5-rules-010,1,89,239950
C5,10,C5-rules-010,1,90,236543
C5,10,C5-rules-010,1,91,238438
C5,10,C5-rules-010,1,92,235973
C5,10,C5-rules-010,1,93,249228
C5,10,C5-rules-010,1,94,267028
C5,10,C5-rules-010,1,95,253176
C5,10,C5-rules-010,1,96,291676
C5,10,C5-rules-010,1,97,249646
C5,10,C5-rules-010,1,98,241517
C5,10,C5-rules-010,1,99,249791
C5,10,C5-rules-010,1,100,239934
C5,10,C5-rules-010,2,1,415550
C5,10,C5-rules-010,2,2,271399
C5,10,C5-rules-010,2,3,257471
C5,10,C5-rules-010,2,4,238646
C5,10,C5-rules-010,2,5,240151
C5,10,C5-rules-010,2,6,257031
C5,10,C5-rules-010,2,7,238954
C5,10,C5-rules-010,2,8,257812
C5,10,C5-rules-010,2,9,453349
C5,10,C5-rules-010,2,10,329538
C5,10,C5-rules-010,2,11,261389
C5,10,C5-rules-010,2,12,240850
C5,10,C5-rules-010,2,13,243937
C5,10,C5-rules-010,2,14,265694
C5,10,C5-rules-010,2,15,250869
C5,10,C5-rules-010,2,16,293659
C5,10,C5-rules-010,2,17,248517
C5,10,C5-rules-010,2,18,238863
C5,10,C5-rules-010,2,19,248735
C5,10,C5-rules-010,2,20,275220
C5,10,C5-rules-010,2,21,226117
C5,10,C5-rules-010,2,22,234671
C5,10,C5-rules-010,2,23,230214
C5,10,C5-rules-010,2,24,217312
C5,10,C5-rules-010,2,25,243593
C5,10,C5-rules-010,2,26,226587
C5,10,C5-rules-010,2,27,241854
C5,10,C5-rules-010,2,28,237790
C5,10,C5-rules-010,2,29,228560
C5,10,C5-rules-010,2,30,231760
C5,10,C5-rules-010,2,31,222498
C5,10,C5-rules-010,2,32,234719
C5,10,C5-rules-010,2,33,218845
C5,10,C5-rules-010,2,34,215623
C5,10,C5-rules-010,2,35,214772
C5,10,C5-rules-010,2,36,208900
C5,10,C5-rules-010,2,37,208845
C5,10,C5-rules-010,2,38,231404
C5,10,C5-rules-010,2,39,217230
C5,10,C5-rules-010,2,40,224154
C5,10,C5-rules-010,2,41,216816
C5,10,C5-rules-010,2,42,219908
C5,10,C5-rules-010,2,43,205612
C5,10,C5-rules-010,2,44,217376
C5,10,C5-rules-010,2,45,216582
C5,10,C5-rules-010,2,46,225285
C5,10,C5-rules-010,2,47,210700
C5,10,C5-rules-010,2,48,221566
C5,10,C5-rules-010,2,49,214099
C5,10,C5-rules-010,2,50,211504
C5,10,C5-rules-010,2,51,220087
C5,10,C5-rules-010,2,52,10297078
C5,10,C5-rules-010,2,53,879857
C5,10,C5-rules-010,2,54,751017
C5,10,C5-rules-010,2,55,567595
C5,10,C5-rules-010,2,56,569511
C5,10,C5-rules-010,2,57,608216
C5,10,C5-rules-010,2,58,545679
C5,10,C5-rules-010,2,59,580240
C5,10,C5-rules-010,2,60,611539
C5,10,C5-rules-010,2,61,607473
C5,10,C5-rules-010,2,62,563940
C5,10,C5-rules-010,2,63,693553
C5,10,C5-rules-010,2,64,924169
C5,10,C5-rules-010,2,65,697989
C5,10,C5-rules-010,2,66,654612
C5,10,C5-rules-010,2,67,622213
C5,10,C5-rules-010,2,68,588180
C5,10,C5-rules-010,2,69,587361
C5,10,C5-rules-010,2,70,654723
C5,10,C5-rules-010,2,71,586242
C5,10,C5-rules-010,2,72,620858
C5,10,C5-rules-010,2,73,423387
C5,10,C5-rules-010,2,74,322075
C5,10,C5-rules-010,2,75,293576
C5,10,C5-rules-010,2,76,307375
C5,10,C5-rules-010,2,77,294985
C5,10,C5-rules-010,2,78,302004
C5,10,C5-rules-010,2,79,326475
C5,10,C5-rules-010,2,80,353668
C5,10,C5-rules-010,2,81,291337
C5,10,C5-rules-010,2,82,299502
C5,10,C5-rules-010,2,83,328997
C5,10,C5-rules-010,2,84,338117
C5,10,C5-rules-010,2,85,285879
C5,10,C5-rules-010,2,86,322652
C5,10,C5-rules-010,2,87,281283
C5,10,C5-rules-010,2,88,293555
C5,10,C5-rules-010,2,89,289976
C5,10,C5-rules-010,2,90,286228
C5,10,C5-rules-010,2,91,293671
C5,10,C5-rules-010,2,92,296948
C5,10,C5-rules-010,2,93,276433
C5,10,C5-rules-010,2,94,299943
C5,10,C5-rules-010,2,95,300057
C5,10,C5-rules-010,2,96,319197
C5,10,C5-rules-010,2,97,303982
C5,10,C5-rules-010,2,98,279202
C5,10,C5-rules-010,2,99,269106
C5,10,C5-rules-010,2,100,261435
C5,10,C5-rules-010,3,1,307918
C5,10,C5-rules-010,3,2,281096
C5,10,C5-rules-010,3,3,286627
C5,10,C5-rules-010,3,4,262417
C5,10,C5-rules-010,3,5,264023
C5,10,C5-rules-010,3,6,360068
C5,10,C5-rules-010,3,7,285826
C5,10,C5-rules-010,3,8,271699
C5,10,C5-rules-010,3,9,267929
C5,10,C5-rules-010,3,10,309721
C5,10,C5-rules-010,3,11,269630
C5,10,C5-rules-010,3,12,260912
C5,10,C5-rules-010,3,13,272726
C5,10,C5-rules-010,3,14,268712
C5,10,C5-rules-010,3,15,269140
C5,10,C5-rules-010,3,16,262328
C5,10,C5-rules-010,3,17,267334
C5,10,C5-rules-010,3,18,269295
C5,10,C5-rules-010,3,19,264862
C5,10,C5-rules-010,3,20,261460
C5,10,C5-rules-010,3,21,266529
C5,10,C5-rules-010,3,22,264575
C5,10,C5-rules-010,3,23,268479
C5,10,C5-rules-010,3,24,273338
C5,10,C5-rules-010,3,25,260905
C5,10,C5-rules-010,3,26,258688
C5,10,C5-rules-010,3,27,271785
C5,10,C5-rules-010,3,28,266989
C5,10,C5-rules-010,3,29,264036
C5,10,C5-rules-010,3,30,263361
C5,10,C5-rules-010,3,31,265621
C5,10,C5-rules-010,3,32,268454
C5,10,C5-rules-010,3,33,276583
C5,10,C5-rules-010,3,34,258606
C5,10,C5-rules-010,3,35,274753
C5,10,C5-rules-010,3,36,272784
C5,10,C5-rules-010,3,37,260987
C5,10,C5-rules-010,3,38,264145
C5,10,C5-rules-010,3,39,269362
C5,10,C5-rules-010,3,40,266311
C5,10,C5-rules-010,3,41,263196
C5,10,C5-rules-010,3,42,261676
C5,10,C5-rules-010,3,43,262807
C5,10,C5-rules-010,3,44,270220
C5,10,C5-rules-010,3,45,263745
C5,10,C5-rules-010,3,46,262811
C5,10,C5-rules-010,3,47,265104
C5,10,C5-rules-010,3,48,282784
C5,10,C5-rules-010,3,49,287223
C5,10,C5-rules-010,3,50,299586
C5,10,C5-rules-010,3,51,262786
C5,10,C5-rules-010,3,52,268144
C5,10,C5-rules-010,3,53,267785
C5,10,C5-rules-010,3,54,254591
C5,10,C5-rules-010,3,55,255223
C5,10,C5-rules-010,3,56,257628
C5,10,C5-rules-010,3,57,263989
C5,10,C5-rules-010,3,58,262392
C5,10,C5-rules-010,3,59,262479
C5,10,C5-rules-010,3,60,260119
C5,10,C5-rules-010,3,61,261576
C5,10,C5-rules-010,3,62,253879
C5,10,C5-rules-010,3,63,259841
C5,10,C5-rules-010,3,64,267314
C5,10,C5-rules-010,3,65,261374
C5,10,C5-rules-010,3,66,259641
C5,10,C5-rules-010,3,67,252945
C5,10,C5-rules-010,3,68,272042
C5,10,C5-rules-010,3,69,255533
C5,10,C5-rules-010,3,70,256627
C5,10,C5-rules-010,3,71,249398
C5,10,C5-rules-010,3,72,250723
C5,10,C5-rules-010,3,73,249328
C5,10,C5-rules-010,3,74,255815
C5,10,C5-rules-010,3,75,247646
C5,10,C5-rules-010,3,76,262124
C5,10,C5-rules-010,3,77,259275
C5,10,C5-rules-010,3,78,270383
C5,10,C5-rules-010,3,79,276968
C5,10,C5-rules-010,3,80,274525
C5,10,C5-rules-010,3,81,267684
C5,10,C5-rules-010,3,82,256010
C5,10,C5-rules-010,3,83,279967
C5,10,C5-rules-010,3,84,260837
C5,10,C5-rules-010,3,85,255041
C5,10,C5-rules-010,3,86,249982
C5,10,C5-rules-010,3,87,262356
C5,10,C5-rules-010,3,88,254584
C5,10,C5-rules-010,3,89,250526
C5,10,C5-rules-010,3,90,251163
C5,10,C5-rules-010,3,91,252776
C5,10,C5-rules-010,3,92,251108
C5,10,C5-rules-010,3,93,249270
C5,10,C5-rules-010,3,94,246657
C5,10,C5-rules-010,3,95,246801
C5,10,C5-rules-010,3,96,255810
C5,10,C5-rules-010,3,97,254071
C5,10,C5-rules-010,3,98,259513
C5,10,C5-rules-010,3,99,249483
C5,10,C5-rules-010,3,100,254999
C5,10,C5-rules-010,4,1,283046
C5,10,C5-rules-010,4,2,256807
C5,10,C5-rules-010,4,3,249240
C5,10,C5-rules-010,4,4,260666
C5,10,C5-rules-010,4,5,256389
C5,10,C5-rules-010,4,6,247302
C5,10,C5-rules-010,4,7,262517
C5,10,C5-rules-010,4,8,258034
C5,10,C5-rules-010,4,9,256793
C5,10,C5-rules-010,4,10,264320
C5,10,C5-rules-010,4,11,268218
C5,10,C5-rules-010,4,12,273012
C5,10,C5-rules-010,4,13,277983
C5,10,C5-rules-010,4,14,252680
C5,10,C5-rules-010,4,15,260528
C5,10,C5-rules-010,4,16,257660
C5,10,C5-rules-010,4,17,260958
C5,10,C5-rules-010,4,18,256339
C5,10,C5-rules-010,4,19,251882
C5,10,C5-rules-010,4,20,251256
C5,10,C5-rules-010,4,21,257255
C5,10,C5-rules-010,4,22,253844
C5,10,C5-rules-010,4,23,249769
C5,10,C5-rules-010,4,24,256007
C5,10,C5-rules-010,4,25,274878
C5,10,C5-rules-010,4,26,297724
C5,10,C5-rules-010,4,27,401138
C5,10,C5-rules-010,4,28,267004
C5,10,C5-rules-010,4,29,257200
C5,10,C5-rules-010,4,30,250862
C5,10,C5-rules-010,4,31,239482
C5,10,C5-rules-010,4,32,245515
C5,10,C5-rules-010,4,33,272178
C5,10,C5-rules-010,4,34,242083
C5,10,C5-rules-010,4,35,240293
C5,10,C5-rules-010,4,36,237890
C5,10,C5-rules-010,4,37,242101
C5,10,C5-rules-010,4,38,237697
C5,10,C5-rules-010,4,39,263891
C5,10,C5-rules-010,4,40,249396
C5,10,C5-rules-010,4,41,240034
C5,10,C5-rules-010,4,42,234793
C5,10,C5-rules-010,4,43,250132
C5,10,C5-rules-010,4,44,238294
C5,10,C5-rules-010,4,45,250436
C5,10,C5-rules-010,4,46,244844
C5,10,C5-rules-010,4,47,249668
C5,10,C5-rules-010,4,48,236430
C5,10,C5-rules-010,4,49,239978
C5,10,C5-rules-010,4,50,240522
C5,10,C5-rules-010,4,51,245027
C5,10,C5-rules-010,4,52,240296
C5,10,C5-rules-010,4,53,237064
C5,10,C5-rules-010,4,54,245990
C5,10,C5-rules-010,4,55,253659
C5,10,C5-rules-010,4,56,250638
C5,10,C5-rules-010,4,57,238496
C5,10,C5-rules-010,4,58,238163
C5,10,C5-rules-010,4,59,249072
C5,10,C5-rules-010,4,60,242737
C5,10,C5-rules-010,4,61,235819
C5,10,C5-rules-010,4,62,239974
C5,10,C5-rules-010,4,63,234939
C5,10,C5-rules-010,4,64,236932
C5,10,C5-rules-010,4,65,231163
C5,10,C5-rules-010,4,66,236277
C5,10,C5-rules-010,4,67,237863
C5,10,C5-rules-010,4,68,232587
C5,10,C5-rules-010,4,69,244331
C5,10,C5-rules-010,4,70,239935
C5,10,C5-rules-010,4,71,234181
C5,10,C5-rules-010,4,72,234930
C5,10,C5-rules-010,4,73,237599
C5,10,C5-rules-010,4,74,235188
C5,10,C5-rules-010,4,75,247799
C5,10,C5-rules-010,4,76,344568
C5,10,C5-rules-010,4,77,260288
C5,10,C5-rules-010,4,78,234937
C5,10,C5-rules-010,4,79,227710
C5,10,C5-rules-010,4,80,233326
C5,10,C5-rules-010,4,81,227596
C5,10,C5-rules-010,4,82,229407
C5,10,C5-rules-010,4,83,225006
C5,10,C5-rules-010,4,84,232276
C5,10,C5-rules-010,4,85,224772
C5,10,C5-rules-010,4,86,250128
C5,10,C5-rules-010,4,87,231421
C5,10,C5-rules-010,4,88,233298
C5,10,C5-rules-010,4,89,225546
C5,10,C5-rules-010,4,90,249806
C5,10,C5-rules-010,4,91,230646
C5,10,C5-rules-010,4,92,239912
C5,10,C5-rules-010,4,93,228312
C5,10,C5-rules-010,4,94,230810
C5,10,C5-rules-010,4,95,236617
C5,10,C5-rules-010,4,96,228824
C5,10,C5-rules-010,4,97,230998
C5,10,C5-rules-010,4,98,226142
C5,10,C5-rules-010,4,99,227678
C5,10,C5-rules-010,4,100,226435
C5,10,C5-rules-010,5,1,262291
C5,10,C5-rules-010,5,2,229694
C5,10,C5-rules-010,5,3,267191
C5,10,C5-rules-010,5,4,241117
C5,10,C5-rules-010,5,5,228202
C5,10,C5-rules-010,5,6,228250
C5,10,C5-rules-010,5,7,226274
C5,10,C5-rules-010,5,8,244187
C5,10,C5-rules-010,5,9,224016
C5,10,C5-rules-010,5,10,244962
C5,10,C5-rules-010,5,11,243367
C5,10,C5-rules-010,5,12,228142
C5,10,C5-rules-010,5,13,220393
C5,10,C5-rules-010,5,14,226964
C5,10,C5-rules-010,5,15,221378
C5,10,C5-rules-010,5,16,227740
C5,10,C5-rules-010,5,17,229475
C5,10,C5-rules-010,5,18,229662
C5,10,C5-rules-010,5,19,219030
C5,10,C5-rules-010,5,20,222670
C5,10,C5-rules-010,5,21,228698
C5,10,C5-rules-010,5,22,231793
C5,10,C5-rules-010,5,23,236025
C5,10,C5-rules-010,5,24,230485
C5,10,C5-rules-010,5,25,256549
C5,10,C5-rules-010,5,26,227446
C5,10,C5-rules-010,5,27,222962
C5,10,C5-rules-010,5,28,217355
C5,10,C5-rules-010,5,29,231364
C5,10,C5-rules-010,5,30,224686
C5,10,C5-rules-010,5,31,231587
C5,10,C5-rules-010,5,32,223690
C5,10,C5-rules-010,5,33,219580
C5,10,C5-rules-010,5,34,223084
C5,10,C5-rules-010,5,35,217153
C5,10,C5-rules-010,5,36,218167
C5,10,C5-rules-010,5,37,218077
C5,10,C5-rules-010,5,38,240353
C5,10,C5-rules-010,5,39,229856
C5,10,C5-rules-010,5,40,262970
C5,10,C5-rules-010,5,41,226190
C5,10,C5-rules-010,5,42,250311
C5,10,C5-rules-010,5,43,229327
C5,10,C5-rules-010,5,44,224491
C5,10,C5-rules-010,5,45,293098
C5,10,C5-rules-010,5,46,250271
C5,10,C5-rules-010,5,47,254709
C5,10,C5-rules-010,5,48,222611
C5,10,C5-rules-010,5,49,222277
C5,10,C5-rules-010,5,50,226450
C5,10,C5-rules-010,5,51,229145
C5,10,C5-rules-010,5,52,220256
C5,10,C5-rules-010,5,53,218990
C5,10,C5-rules-010,5,54,214165
C5,10,C5-rules-010,5,55,271224
C5,10,C5-rules-010,5,56,218253
C5,10,C5-rules-010,5,57,218332
C5,10,C5-rules-010,5,58,221978
C5,10,C5-rules-010,5,59,227385
C5,10,C5-rules-010,5,60,221263
C5,10,C5-rules-010,5,61,213999
C5,10,C5-rules-010,5,62,216138
C5,10,C5-rules-010,5,63,235205
C5,10,C5-rules-010,5,64,220816
C5,10,C5-rules-010,5,65,211647
C5,10,C5-rules-010,5,66,215988
C5,10,C5-rules-010,5,67,213402
C5,10,C5-rules-010,5,68,211689
C5,10,C5-rules-010,5,69,214795
C5,10,C5-rules-010,5,70,215736
C5,10,C5-rules-010,5,71,232253
C5,10,C5-rules-010,5,72,216419
C5,10,C5-rules-010,5,73,217229
C5,10,C5-rules-010,5,74,216708
C5,10,C5-rules-010,5,75,215547
C5,10,C5-rules-010,5,76,217794
C5,10,C5-rules-010,5,77,227458
C5,10,C5-rules-010,5,78,220742
C5,10,C5-rules-010,5,79,248182
C5,10,C5-rules-010,5,80,238388
C5,10,C5-rules-010,5,81,245841
C5,10,C5-rules-010,5,82,227492
C5,10,C5-rules-010,5,83,227494
C5,10,C5-rules-010,5,84,239238
C5,10,C5-rules-010,5,85,222693
C5,10,C5-rules-010,5,86,230544
C5,10,C5-rules-010,5,87,218399
C5,10,C5-rules-010,5,88,213664
C5,10,C5-rules-010,5,89,217452
C5,10,C5-rules-010,5,90,221971
C5,10,C5-rules-010,5,91,215037
C5,10,C5-rules-010,5,92,214203
C5,10,C5-rules-010,5,93,215586
C5,10,C5-rules-010,5,94,226046
C5,10,C5-rules-010,5,95,250816
C5,10,C5-rules-010,5,96,232887
C5,10,C5-rules-010,5,97,220857
C5,10,C5-rules-010,5,98,216230
C5,10,C5-rules-010,5,99,274694
C5,10,C5-rules-010,5,100,228257
C5,10,C5-rules-010,6,1,269658
C5,10,C5-rules-010,6,2,228824
C5,10,C5-rules-010,6,3,221946
C5,10,C5-rules-010,6,4,226227
C5,10,C5-rules-010,6,5,212613
C5,10,C5-rules-010,6,6,210862
C5,10,C5-rules-010,6,7,217500
C5,10,C5-rules-010,6,8,213117
C5,10,C5-rules-010,6,9,216712
C5,10,C5-rules-010,6,10,221816
C5,10,C5-rules-010,6,11,214113
C5,10,C5-rules-010,6,12,242526
C5,10,C5-rules-010,6,13,214054
C5,10,C5-rules-010,6,14,229004
C5,10,C5-rules-010,6,15,215296
C5,10,C5-rules-010,6,16,217323
C5,10,C5-rules-010,6,17,211046
C5,10,C5-rules-010,6,18,212389
C5,10,C5-rules-010,6,19,214148
C5,10,C5-rules-010,6,20,223978
C5,10,C5-rules-010,6,21,211267
C5,10,C5-rules-010,6,22,217438
C5,10,C5-rules-010,6,23,212982
C5,10,C5-rules-010,6,24,208680
C5,10,C5-rules-010,6,25,215440
C5,10,C5-rules-010,6,26,212457
C5,10,C5-rules-010,6,27,211229
C5,10,C5-rules-010,6,28,219157
C5,10,C5-rules-010,6,29,220503
C5,10,C5-rules-010,6,30,247655
C5,10,C5-rules-010,6,31,226014
C5,10,C5-rules-010,6,32,223249
C5,10,C5-rules-010,6,33,230256
C5,10,C5-rules-010,6,34,221219
C5,10,C5-rules-010,6,35,218304
C5,10,C5-rules-010,6,36,221246
C5,10,C5-rules-010,6,37,216645
C5,10,C5-rules-010,6,38,217219
C5,10,C5-rules-010,6,39,209841
C5,10,C5-rules-010,6,40,211856
C5,10,C5-rules-010,6,41,237083
C5,10,C5-rules-010,6,42,243254
C5,10,C5-rules-010,6,43,229958
C5,10,C5-rules-010,6,44,192566
C5,10,C5-rules-010,6,45,181896
C5,10,C5-rules-010,6,46,193654
C5,10,C5-rules-010,6,47,195379
C5,10,C5-rules-010,6,48,213909
C5,10,C5-rules-010,6,49,175816
C5,10,C5-rules-010,6,50,177342
C5,10,C5-rules-010,6,51,182049
C5,10,C5-rules-010,6,52,179616
C5,10,C5-rules-010,6,53,179214
C5,10,C5-rules-010,6,54,178682
C5,10,C5-rules-010,6,55,182214
C5,10,C5-rules-010,6,56,182475
C5,10,C5-rules-010,6,57,180242
C5,10,C5-rules-010,6,58,202526
C5,10,C5-rules-010,6,59,183983
C5,10,C5-rules-010,6,60,178315
C5,10,C5-rules-010,6,61,179755
C5,10,C5-rules-010,6,62,173304
C5,10,C5-rules-010,6,63,175308
C5,10,C5-rules-010,6,64,177746
C5,10,C5-rules-010,6,65,186765
C5,10,C5-rules-010,6,66,179079
C5,10,C5-rules-010,6,67,201609
C5,10,C5-rules-010,6,68,183773
C5,10,C5-rules-010,6,69,181082
C5,10,C5-rules-010,6,70,208468
C5,10,C5-rules-010,6,71,237125
C5,10,C5-rules-010,6,72,206582
C5,10,C5-rules-010,6,73,173874
C5,10,C5-rules-010,6,74,183531
C5,10,C5-rules-010,6,75,176486
C5,10,C5-rules-010,6,76,174405
C5,10,C5-rules-010,6,77,190558
C5,10,C5-rules-010,6,78,172390
C5,10,C5-rules-010,6,79,193009
C5,10,C5-rules-010,6,80,174665
C5,10,C5-rules-010,6,81,176632
C5,10,C5-rules-010,6,82,173738
C5,10,C5-rules-010,6,83,170933
C5,10,C5-rules-010,6,84,170649
C5,10,C5-rules-010,6,85,172955
C5,10,C5-rules-010,6,86,175888
C5,10,C5-rules-010,6,87,174072
C5,10,C5-rules-010,6,88,219655
C5,10,C5-rules-010,6,89,177885
C5,10,C5-rules-010,6,90,174644
C5,10,C5-rules-010,6,91,174435
C5,10,C5-rules-010,6,92,173912
C5,10,C5-rules-010,6,93,182733
C5,10,C5-rules-010,6,94,179971
C5,10,C5-rules-010,6,95,172206
C5,10,C5-rules-010,6,96,172037
C5,10,C5-rules-010,6,97,174919
C5,10,C5-rules-010,6,98,175582
C5,10,C5-rules-010,6,99,171751
C5,10,C5-rules-010,6,100,169828
C5,10,C5-rules-010,7,1,188664
C5,10,C5-rules-010,7,2,171551
C5,10,C5-rules-010,7,3,176536
C5,10,C5-rules-010,7,4,171187
C5,10,C5-rules-010,7,5,188716
C5,10,C5-rules-010,7,6,184190
C5,10,C5-rules-010,7,7,177847
C5,10,C5-rules-010,7,8,171775
C5,10,C5-rules-010,7,9,181068
C5,10,C5-rules-010,7,10,170945
C5,10,C5-rules-010,7,11,174093
C5,10,C5-rules-010,7,12,171314
C5,10,C5-rules-010,7,13,171048
C5,10,C5-rules-010,7,14,173594
C5,10,C5-rules-010,7,15,172458
C5,10,C5-rules-010,7,16,174444
C5,10,C5-rules-010,7,17,172002
C5,10,C5-rules-010,7,18,171796
C5,10,C5-rules-010,7,19,175434
C5,10,C5-rules-010,7,20,175334
C5,10,C5-rules-010,7,21,170891
C5,10,C5-rules-010,7,22,210183
C5,10,C5-rules-010,7,23,169883
C5,10,C5-rules-010,7,24,169882
C5,10,C5-rules-010,7,25,168525
C5,10,C5-rules-010,7,26,165446
C5,10,C5-rules-010,7,27,168660
C5,10,C5-rules-010,7,28,172686
C5,10,C5-rules-010,7,29,173401
C5,10,C5-rules-010,7,30,193154
C5,10,C5-rules-010,7,31,181013
C5,10,C5-rules-010,7,32,172182
C5,10,C5-rules-010,7,33,175551
C5,10,C5-rules-010,7,34,168744
C5,10,C5-rules-010,7,35,170686
C5,10,C5-rules-010,7,36,169548
C5,10,C5-rules-010,7,37,171700
C5,10,C5-rules-010,7,38,185979
C5,10,C5-rules-010,7,39,169303
C5,10,C5-rules-010,7,40,173360
C5,10,C5-rules-010,7,41,169901
C5,10,C5-rules-010,7,42,184419
C5,10,C5-rules-010,7,43,168735
C5,10,C5-rules-010,7,44,168261
C5,10,C5-rules-010,7,45,187876
C5,10,C5-rules-010,7,46,205229
C5,10,C5-rules-010,7,47,171553
C5,10,C5-rules-010,7,48,170382
C5,10,C5-rules-010,7,49,166711
C5,10,C5-rules-010,7,50,172745
C5,10,C5-rules-010,7,51,169791
C5,10,C5-rules-010,7,52,188165
C5,10,C5-rules-010,7,53,187495
C5,10,C5-rules-010,7,54,171468
C5,10,C5-rules-010,7,55,179561
C5,10,C5-rules-010,7,56,169895
C5,10,C5-rules-010,7,57,171536
C5,10,C5-rules-010,7,58,169133
C5,10,C5-rules-010,7,59,170873
C5,10,C5-rules-010,7,60,167631
C5,10,C5-rules-010,7,61,169592
C5,10,C5-rules-010,7,62,166803
C5,10,C5-rules-010,7,63,168235
C5,10,C5-rules-010,7,64,169343
C5,10,C5-rules-010,7,65,165501
C5,10,C5-rules-010,7,66,166889
C5,10,C5-rules-010,7,67,171245
C5,10,C5-rules-010,7,68,178219
C5,10,C5-rules-010,7,69,171121
C5,10,C5-rules-010,7,70,169231
C5,10,C5-rules-010,7,71,170247
C5,10,C5-rules-010,7,72,204455
C5,10,C5-rules-010,7,73,172992
C5,10,C5-rules-010,7,74,173800
C5,10,C5-rules-010,7,75,170141
C5,10,C5-rules-010,7,76,176272
C5,10,C5-rules-010,7,77,172320
C5,10,C5-rules-010,7,78,165863
C5,10,C5-rules-010,7,79,166408
C5,10,C5-rules-010,7,80,162597
C5,10,C5-rules-010,7,81,170054
C5,10,C5-rules-010,7,82,183103
C5,10,C5-rules-010,7,83,166538
C5,10,C5-rules-010,7,84,163458
C5,10,C5-rules-010,7,85,169365
C5,10,C5-rules-010,7,86,167381
C5,10,C5-rules-010,7,87,168191
C5,10,C5-rules-010,7,88,183605
C5,10,C5-rules-010,7,89,167002
C5,10,C5-rules-010,7,90,168421
C5,10,C5-rules-010,7,91,164700
C5,10,C5-rules-010,7,92,163585
C5,10,C5-rules-010,7,93,166473
C5,10,C5-rules-010,7,94,169858
C5,10,C5-rules-010,7,95,166420
C5,10,C5-rules-010,7,96,163937
C5,10,C5-rules-010,7,97,162548
C5,10,C5-rules-010,7,98,171056
C5,10,C5-rules-010,7,99,172182
C5,10,C5-rules-010,7,100,168434
C5,10,C5-rules-010,8,1,182904
C5,10,C5-rules-010,8,2,167794
C5,10,C5-rules-010,8,3,169974
C5,10,C5-rules-010,8,4,167783
C5,10,C5-rules-010,8,5,168756
C5,10,C5-rules-010,8,6,165454
C5,10,C5-rules-010,8,7,175554
C5,10,C5-rules-010,8,8,174955
C5,10,C5-rules-010,8,9,174968
C5,10,C5-rules-010,8,10,181748
C5,10,C5-rules-010,8,11,173108
C5,10,C5-rules-010,8,12,173014
C5,10,C5-rules-010,8,13,169875
C5,10,C5-rules-010,8,14,171937
C5,10,C5-rules-010,8,15,192421
C5,10,C5-rules-010,8,16,181679
C5,10,C5-rules-010,8,17,164543
C5,10,C5-rules-010,8,18,181334
C5,10,C5-rules-010,8,19,169855
C5,10,C5-rules-010,8,20,164821
C5,10,C5-rules-010,8,21,176070
C5,10,C5-rules-010,8,22,165481
C5,10,C5-rules-010,8,23,166393
C5,10,C5-rules-010,8,24,169853
C5,10,C5-rules-010,8,25,165784
C5,10,C5-rules-010,8,26,185266
C5,10,C5-rules-010,8,27,168589
C5,10,C5-rules-010,8,28,166540
C5,10,C5-rules-010,8,29,167760
C5,10,C5-rules-010,8,30,167837
C5,10,C5-rules-010,8,31,163632
C5,10,C5-rules-010,8,32,168196
C5,10,C5-rules-010,8,33,174624
C5,10,C5-rules-010,8,34,165372
C5,10,C5-rules-010,8,35,164835
C5,10,C5-rules-010,8,36,166036
C5,10,C5-rules-010,8,37,283138
C5,10,C5-rules-010,8,38,239588
C5,10,C5-rules-010,8,39,161829
C5,10,C5-rules-010,8,40,161260
C5,10,C5-rules-010,8,41,165534
C5,10,C5-rules-010,8,42,161474
C5,10,C5-rules-010,8,43,167954
C5,10,C5-rules-010,8,44,158397
C5,10,C5-rules-010,8,45,156130
C5,10,C5-rules-010,8,46,161262
C5,10,C5-rules-010,8,47,160414
C5,10,C5-rules-010,8,48,171530
C5,10,C5-rules-010,8,49,159613
C5,10,C5-rules-010,8,50,165814
C5,10,C5-rules-010,8,51,161701
C5,10,C5-rules-010,8,52,159491
C5,10,C5-rules-010,8,53,159150
C5,10,C5-rules-010,8,54,166690
C5,10,C5-rules-010,8,55,175018
C5,10,C5-rules-010,8,56,159392
C5,10,C5-rules-010,8,57,159413
C5,10,C5-rules-010,8,58,159800
C5,10,C5-rules-010,8,59,176147
C5,10,C5-rules-010,8,60,172162
C5,10,C5-rules-010,8,61,159853
C5,10,C5-rules-010,8,62,156746
C5,10,C5-rules-010,8,63,162660
C5,10,C5-rules-010,8,64,158757
C5,10,C5-rules-010,8,65,157752
C5,10,C5-rules-010,8,66,171700
C5,10,C5-rules-010,8,67,166420
C5,10,C5-rules-010,8,68,159847
C5,10,C5-rules-010,8,69,156687
C5,10,C5-rules-010,8,70,158617
C5,10,C5-rules-010,8,71,159839
C5,10,C5-rules-010,8,72,163689
C5,10,C5-rules-010,8,73,160388
C5,10,C5-rules-010,8,74,170130
C5,10,C5-rules-010,8,75,160662
C5,10,C5-rules-010,8,76,168255
C5,10,C5-rules-010,8,77,159605
C5,10,C5-rules-010,8,78,154097
C5,10,C5-rules-010,8,79,160324
C5,10,C5-rules-010,8,80,155773
C5,10,C5-rules-010,8,81,162968
C5,10,C5-rules-010,8,82,157022
C5,10,C5-rules-010,8,83,189599
C5,10,C5-rules-010,8,84,169021
C5,10,C5-rules-010,8,85,169844
C5,10,C5-rules-010,8,86,157747
C5,10,C5-rules-010,8,87,153997
C5,10,C5-rules-010,8,88,155331
C5,10,C5-rules-010,8,89,156555
C5,10,C5-rules-010,8,90,166184
C5,10,C5-rules-010,8,91,168589
C5,10,C5-rules-010,8,92,154911
C5,10,C5-rules-010,8,93,154062
C5,10,C5-rules-010,8,94,162271
C5,10,C5-rules-010,8,95,177131
C5,10,C5-rules-010,8,96,184993
C5,10,C5-rules-010,8,97,178612
C5,10,C5-rules-010,8,98,159462
C5,10,C5-rules-010,8,99,167386
C5,10,C5-rules-010,8,100,169400
C4,500,C4-rules-500,1,1,2006082
C4,500,C4-rules-500,1,2,2066855
C4,500,C4-rules-500,1,3,2019004
C4,500,C4-rules-500,1,4,2089431
C4,500,C4-rules-500,1,5,2011382
C4,500,C4-rules-500,1,6,1999979
C4,500,C4-rules-500,1,7,1980563
C4,500,C4-rules-500,1,8,1981631
C4,500,C4-rules-500,1,9,1988709
C4,500,C4-rules-500,1,10,1994263
C4,500,C4-rules-500,1,11,1995254
C4,500,C4-rules-500,1,12,2034353
C4,500,C4-rules-500,1,13,1960937
C4,500,C4-rules-500,1,14,2005295
C4,500,C4-rules-500,1,15,1955971
C4,500,C4-rules-500,1,16,1994979
C4,500,C4-rules-500,1,17,1969005
C4,500,C4-rules-500,1,18,2019726
C4,500,C4-rules-500,1,19,1996818
C4,500,C4-rules-500,1,20,2016568
C4,500,C4-rules-500,1,21,1993905
C4,500,C4-rules-500,1,22,2006429
C4,500,C4-rules-500,1,23,1992541
C4,500,C4-rules-500,1,24,2029168
C4,500,C4-rules-500,1,25,2019640
C4,500,C4-rules-500,1,26,7440411
C4,500,C4-rules-500,1,27,2238023
C4,500,C4-rules-500,1,28,2083808
C4,500,C4-rules-500,1,29,2052133
C4,500,C4-rules-500,1,30,2035528
C4,500,C4-rules-500,1,31,1998677
C4,500,C4-rules-500,1,32,1994739
C4,500,C4-rules-500,1,33,2024221
C4,500,C4-rules-500,1,34,2021742
C4,500,C4-rules-500,1,35,2011503
C4,500,C4-rules-500,1,36,1981057
C4,500,C4-rules-500,1,37,1987098
C4,500,C4-rules-500,1,38,1991842
C4,500,C4-rules-500,1,39,1980121
C4,500,C4-rules-500,1,40,1989199
C4,500,C4-rules-500,1,41,1990489
C4,500,C4-rules-500,1,42,1969341
C4,500,C4-rules-500,1,43,1979997
C4,500,C4-rules-500,1,44,2011985
C4,500,C4-rules-500,1,45,2025369
C4,500,C4-rules-500,1,46,2084199
C4,500,C4-rules-500,1,47,2009823
C4,500,C4-rules-500,1,48,1980639
C4,500,C4-rules-500,1,49,2018192
C4,500,C4-rules-500,1,50,2001983
C4,500,C4-rules-500,1,51,1995662
C4,500,C4-rules-500,1,52,2010757
C4,500,C4-rules-500,1,53,2015871
C4,500,C4-rules-500,1,54,2024784
C4,500,C4-rules-500,1,55,2005272
C4,500,C4-rules-500,1,56,1977399
C4,500,C4-rules-500,1,57,1987558
C4,500,C4-rules-500,1,58,1991427
C4,500,C4-rules-500,1,59,1997304
C4,500,C4-rules-500,1,60,1991325
C4,500,C4-rules-500,1,61,2002259
C4,500,C4-rules-500,1,62,1969988
C4,500,C4-rules-500,1,63,2007243
C4,500,C4-rules-500,1,64,1976551
C4,500,C4-rules-500,1,65,1990020
C4,500,C4-rules-500,1,66,2000345
C4,500,C4-rules-500,1,67,2025451
C4,500,C4-rules-500,1,68,1991899
C4,500,C4-rules-500,1,69,1993659
C4,500,C4-rules-500,1,70,1967213
C4,500,C4-rules-500,1,71,1976999
C4,500,C4-rules-500,1,72,2012384
C4,500,C4-rules-500,1,73,2010029
C4,500,C4-rules-500,1,74,1989093
C4,500,C4-rules-500,1,75,2012287
C4,500,C4-rules-500,1,76,2025607
C4,500,C4-rules-500,1,77,2000322
C4,500,C4-rules-500,1,78,2054794
C4,500,C4-rules-500,1,79,2038030
C4,500,C4-rules-500,1,80,2028680
C4,500,C4-rules-500,1,81,1998860
C4,500,C4-rules-500,1,82,1972864
C4,500,C4-rules-500,1,83,2015023
C4,500,C4-rules-500,1,84,2037655
C4,500,C4-rules-500,1,85,2057489
C4,500,C4-rules-500,1,86,2018460
C4,500,C4-rules-500,1,87,1983331
C4,500,C4-rules-500,1,88,1957337
C4,500,C4-rules-500,1,89,1987705
C4,500,C4-rules-500,1,90,1974064
C4,500,C4-rules-500,1,91,1997547
C4,500,C4-rules-500,1,92,1986181
C4,500,C4-rules-500,1,93,1983905
C4,500,C4-rules-500,1,94,1958001
C4,500,C4-rules-500,1,95,2025522
C4,500,C4-rules-500,1,96,1965154
C4,500,C4-rules-500,1,97,1969364
C4,500,C4-rules-500,1,98,1964878
C4,500,C4-rules-500,1,99,1999436
C4,500,C4-rules-500,1,100,1968363
C4,500,C4-rules-500,2,1,2059165
C4,500,C4-rules-500,2,2,1982675
C4,500,C4-rules-500,2,3,1987345
C4,500,C4-rules-500,2,4,2006652
C4,500,C4-rules-500,2,5,1976035
C4,500,C4-rules-500,2,6,1975137
C4,500,C4-rules-500,2,7,7400615
C4,500,C4-rules-500,2,8,2247182
C4,500,C4-rules-500,2,9,2061962
C4,500,C4-rules-500,2,10,2015260
C4,500,C4-rules-500,2,11,1969614
C4,500,C4-rules-500,2,12,1983189
C4,500,C4-rules-500,2,13,1995887
C4,500,C4-rules-500,2,14,2019686
C4,500,C4-rules-500,2,15,2024580
C4,500,C4-rules-500,2,16,1986672
C4,500,C4-rules-500,2,17,1997173
C4,500,C4-rules-500,2,18,2000197
C4,500,C4-rules-500,2,19,1979678
C4,500,C4-rules-500,2,20,2022212
C4,500,C4-rules-500,2,21,1995583
C4,500,C4-rules-500,2,22,2020591
C4,500,C4-rules-500,2,23,1993124
C4,500,C4-rules-500,2,24,1985233
C4,500,C4-rules-500,2,25,1988693
C4,500,C4-rules-500,2,26,1987925
C4,500,C4-rules-500,2,27,1993291
C4,500,C4-rules-500,2,28,1997853
C4,500,C4-rules-500,2,29,1999415
C4,500,C4-rules-500,2,30,1993462
C4,500,C4-rules-500,2,31,1990353
C4,500,C4-rules-500,2,32,2071170
C4,500,C4-rules-500,2,33,1977205
C4,500,C4-rules-500,2,34,2011429
C4,500,C4-rules-500,2,35,1990037
C4,500,C4-rules-500,2,36,1999814
C4,500,C4-rules-500,2,37,2002533
C4,500,C4-rules-500,2,38,2037294
C4,500,C4-rules-500,2,39,2001169
C4,500,C4-rules-500,2,40,1998777
C4,500,C4-rules-500,2,41,2007391
C4,500,C4-rules-500,2,42,2031903
C4,500,C4-rules-500,2,43,1983026
C4,500,C4-rules-500,2,44,2001648
C4,500,C4-rules-500,2,45,1989397
C4,500,C4-rules-500,2,46,2013391
C4,500,C4-rules-500,2,47,2017259
C4,500,C4-rules-500,2,48,2066912
C4,500,C4-rules-500,2,49,2049914
C4,500,C4-rules-500,2,50,2037877
C4,500,C4-rules-500,2,51,2020469
C4,500,C4-rules-500,2,52,2014071
C4,500,C4-rules-500,2,53,2014027
C4,500,C4-rules-500,2,54,2042578
C4,500,C4-rules-500,2,55,2001121
C4,500,C4-rules-500,2,56,2011861
C4,500,C4-rules-500,2,57,1990070
C4,500,C4-rules-500,2,58,2011237
C4,500,C4-rules-500,2,59,2043958
C4,500,C4-rules-500,2,60,2045067
C4,500,C4-rules-500,2,61,2054070
C4,500,C4-rules-500,2,62,2120020
C4,500,C4-rules-500,2,63,2053532
C4,500,C4-rules-500,2,64,2036892
C4,500,C4-rules-500,2,65,2108601
C4,500,C4-rules-500,2,66,2058302
C4,500,C4-rules-500,2,67,2070374
C4,500,C4-rules-500,2,68,2020872
C4,500,C4-rules-500,2,69,2004582
C4,500,C4-rules-500,2,70,2019984
C4,500,C4-rules-500,2,71,2075076
C4,500,C4-rules-500,2,72,2067687
C4,500,C4-rules-500,2,73,2122670
C4,500,C4-rules-500,2,74,2018975
C4,500,C4-rules-500,2,75,2010270
C4,500,C4-rules-500,2,76,1997981
C4,500,C4-rules-500,2,77,2015000
C4,500,C4-rules-500,2,78,2003373
C4,500,C4-rules-500,2,79,2044340
C4,500,C4-rules-500,2,80,1969359
C4,500,C4-rules-500,2,81,2008235
C4,500,C4-rules-500,2,82,2015342
C4,500,C4-rules-500,2,83,2004960
C4,500,C4-rules-500,2,84,1998255
C4,500,C4-rules-500,2,85,2003220
C4,500,C4-rules-500,2,86,2019215
C4,500,C4-rules-500,2,87,2037931
C4,500,C4-rules-500,2,88,7393569
C4,500,C4-rules-500,2,89,2180630
C4,500,C4-rules-500,2,90,2134153
C4,500,C4-rules-500,2,91,2128430
C4,500,C4-rules-500,2,92,2170706
C4,500,C4-rules-500,2,93,2144734
C4,500,C4-rules-500,2,94,2107921
C4,500,C4-rules-500,2,95,2094139
C4,500,C4-rules-500,2,96,2097655
C4,500,C4-rules-500,2,97,2045649
C4,500,C4-rules-500,2,98,2037993
C4,500,C4-rules-500,2,99,2039188
C4,500,C4-rules-500,2,100,2073059
C4,500,C4-rules-500,3,1,2025463
C4,500,C4-rules-500,3,2,2006737
C4,500,C4-rules-500,3,3,2020081
C4,500,C4-rules-500,3,4,2011767
C4,500,C4-rules-500,3,5,2002638
C4,500,C4-rules-500,3,6,2041911
C4,500,C4-rules-500,3,7,2046092
C4,500,C4-rules-500,3,8,2034977
C4,500,C4-rules-500,3,9,1996858
C4,500,C4-rules-500,3,10,2124378
C4,500,C4-rules-500,3,11,2060926
C4,500,C4-rules-500,3,12,2005756
C4,500,C4-rules-500,3,13,1997268
C4,500,C4-rules-500,3,14,2047065
C4,500,C4-rules-500,3,15,2120387
C4,500,C4-rules-500,3,16,2051055
C4,500,C4-rules-500,3,17,2091036
C4,500,C4-rules-500,3,18,2005700
C4,500,C4-rules-500,3,19,2003912
C4,500,C4-rules-500,3,20,1999630
C4,500,C4-rules-500,3,21,1998386
C4,500,C4-rules-500,3,22,2009497
C4,500,C4-rules-500,3,23,2045469
C4,500,C4-rules-500,3,24,2016053
C4,500,C4-rules-500,3,25,2025537
C4,500,C4-rules-500,3,26,1982090
C4,500,C4-rules-500,3,27,1999371
C4,500,C4-rules-500,3,28,1977180
C4,500,C4-rules-500,3,29,2045487
C4,500,C4-rules-500,3,30,2004368
C4,500,C4-rules-500,3,31,1989393
C4,500,C4-rules-500,3,32,1991506
C4,500,C4-rules-500,3,33,1988457
C4,500,C4-rules-500,3,34,1999887
C4,500,C4-rules-500,3,35,1978084
C4,500,C4-rules-500,3,36,1981277
C4,500,C4-rules-500,3,37,1996031
C4,500,C4-rules-500,3,38,1984278
C4,500,C4-rules-500,3,39,2010244
C4,500,C4-rules-500,3,40,2046975
C4,500,C4-rules-500,3,41,2044359
C4,500,C4-rules-500,3,42,2031984
C4,500,C4-rules-500,3,43,2091875
C4,500,C4-rules-500,3,44,2077920
C4,500,C4-rules-500,3,45,2024305
C4,500,C4-rules-500,3,46,2049927
C4,500,C4-rules-500,3,47,2017863
C4,500,C4-rules-500,3,48,2016544
C4,500,C4-rules-500,3,49,2024841
C4,500,C4-rules-500,3,50,2017836
C4,500,C4-rules-500,3,51,2064486
C4,500,C4-rules-500,3,52,2071319
C4,500,C4-rules-500,3,53,2012024
C4,500,C4-rules-500,3,54,2001980
C4,500,C4-rules-500,3,55,1997881
C4,500,C4-rules-500,3,56,1970748
C4,500,C4-rules-500,3,57,2000882
C4,500,C4-rules-500,3,58,1979610
C4,500,C4-rules-500,3,59,1999159
C4,500,C4-rules-500,3,60,1992322
C4,500,C4-rules-500,3,61,1985622
C4,500,C4-rules-500,3,62,2013075
C4,500,C4-rules-500,3,63,2018787
C4,500,C4-rules-500,3,64,1994985
C4,500,C4-rules-500,3,65,1990686
C4,500,C4-rules-500,3,66,1968556
C4,500,C4-rules-500,3,67,2039520
C4,500,C4-rules-500,3,68,2103460
C4,500,C4-rules-500,3,69,7661959
C4,500,C4-rules-500,3,70,2335996
C4,500,C4-rules-500,3,71,2109903
C4,500,C4-rules-500,3,72,2060517
C4,500,C4-rules-500,3,73,2030534
C4,500,C4-rules-500,3,74,2037563
C4,500,C4-rules-500,3,75,2045139
C4,500,C4-rules-500,3,76,2029996
C4,500,C4-rules-500,3,77,2029137
C4,500,C4-rules-500,3,78,2021253
C4,500,C4-rules-500,3,79,1987080
C4,500,C4-rules-500,3,80,1994225
C4,500,C4-rules-500,3,81,1963266
C4,500,C4-rules-500,3,82,1991098
C4,500,C4-rules-500,3,83,1990379
C4,500,C4-rules-500,3,84,1991954
C4,500,C4-rules-500,3,85,1979433
C4,500,C4-rules-500,3,86,1983139
C4,500,C4-rules-500,3,87,2038392
C4,500,C4-rules-500,3,88,2071957
C4,500,C4-rules-500,3,89,2011447
C4,500,C4-rules-500,3,90,2074563
C4,500,C4-rules-500,3,91,2013238
C4,500,C4-rules-500,3,92,1978748
C4,500,C4-rules-500,3,93,2013136
C4,500,C4-rules-500,3,94,1993887
C4,500,C4-rules-500,3,95,1996812
C4,500,C4-rules-500,3,96,1998540
C4,500,C4-rules-500,3,97,2076997
C4,500,C4-rules-500,3,98,2035040
C4,500,C4-rules-500,3,99,2223045
C4,500,C4-rules-500,3,100,2288043
C4,500,C4-rules-500,4,1,2146680
C4,500,C4-rules-500,4,2,2145915
C4,500,C4-rules-500,4,3,2208679
C4,500,C4-rules-500,4,4,2235060
C4,500,C4-rules-500,4,5,2157244
C4,500,C4-rules-500,4,6,2076235
C4,500,C4-rules-500,4,7,2054095
C4,500,C4-rules-500,4,8,2129840
C4,500,C4-rules-500,4,9,2314959
C4,500,C4-rules-500,4,10,2229267
C4,500,C4-rules-500,4,11,2023963
C4,500,C4-rules-500,4,12,2246687
C4,500,C4-rules-500,4,13,2278679
C4,500,C4-rules-500,4,14,2235919
C4,500,C4-rules-500,4,15,2164025
C4,500,C4-rules-500,4,16,2106013
C4,500,C4-rules-500,4,17,2015681
C4,500,C4-rules-500,4,18,2130243
C4,500,C4-rules-500,4,19,2189980
C4,500,C4-rules-500,4,20,2167050
C4,500,C4-rules-500,4,21,2241932
C4,500,C4-rules-500,4,22,2198808
C4,500,C4-rules-500,4,23,2237821
C4,500,C4-rules-500,4,24,2059029
C4,500,C4-rules-500,4,25,2101193
C4,500,C4-rules-500,4,26,2026027
C4,500,C4-rules-500,4,27,2020900
C4,500,C4-rules-500,4,28,2018710
C4,500,C4-rules-500,4,29,2108488
C4,500,C4-rules-500,4,30,2004107
C4,500,C4-rules-500,4,31,2032834
C4,500,C4-rules-500,4,32,2023767
C4,500,C4-rules-500,4,33,2010500
C4,500,C4-rules-500,4,34,1998331
C4,500,C4-rules-500,4,35,2009993
C4,500,C4-rules-500,4,36,1983427
C4,500,C4-rules-500,4,37,2011109
C4,500,C4-rules-500,4,38,1986621
C4,500,C4-rules-500,4,39,2005484
C4,500,C4-rules-500,4,40,1997832
C4,500,C4-rules-500,4,41,2006453
C4,500,C4-rules-500,4,42,1993868
C4,500,C4-rules-500,4,43,2011273
C4,500,C4-rules-500,4,44,1970494
C4,500,C4-rules-500,4,45,1987094
C4,500,C4-rules-500,4,46,1978179
C4,500,C4-rules-500,4,47,1988428
C4,500,C4-rules-500,4,48,1990361
C4,500,C4-rules-500,4,49,2004250
C4,500,C4-rules-500,4,50,7005016
C4,500,C4-rules-500,4,51,2175290
C4,500,C4-rules-500,4,52,2047053
C4,500,C4-rules-500,4,53,2009179
C4,500,C4-rules-500,4,54,2016359
C4,500,C4-rules-500,4,55,1995220
C4,500,C4-rules-500,4,56,1983223
C4,500,C4-rules-500,4,57,1968929
C4,500,C4-rules-500,4,58,2003005
C4,500,C4-rules-500,4,59,1988691
C4,500,C4-rules-500,4,60,1992815
C4,500,C4-rules-500,4,61,1993350
C4,500,C4-rules-500,4,62,2012502
C4,500,C4-rules-500,4,63,1989396
C4,500,C4-rules-500,4,64,2012103
C4,500,C4-rules-500,4,65,1984632
C4,500,C4-rules-500,4,66,1972276
C4,500,C4-rules-500,4,67,1971573
C4,500,C4-rules-500,4,68,1981048
C4,500,C4-rules-500,4,69,1985166
C4,500,C4-rules-500,4,70,1988582
C4,500,C4-rules-500,4,71,1999631
C4,500,C4-rules-500,4,72,1996873
C4,500,C4-rules-500,4,73,2018226
C4,500,C4-rules-500,4,74,1990968
C4,500,C4-rules-500,4,75,2001595
C4,500,C4-rules-500,4,76,2011015
C4,500,C4-rules-500,4,77,2007085
C4,500,C4-rules-500,4,78,2016139
C4,500,C4-rules-500,4,79,1986923
C4,500,C4-rules-500,4,80,2007859
C4,500,C4-rules-500,4,81,1984514
C4,500,C4-rules-500,4,82,2043380
C4,500,C4-rules-500,4,83,1989843
C4,500,C4-rules-500,4,84,1993909
C4,500,C4-rules-500,4,85,1972259
C4,500,C4-rules-500,4,86,2000273
C4,500,C4-rules-500,4,87,1979832
C4,500,C4-rules-500,4,88,2004938
C4,500,C4-rules-500,4,89,1978769
C4,500,C4-rules-500,4,90,1978464
C4,500,C4-rules-500,4,91,1976931
C4,500,C4-rules-500,4,92,1975334
C4,500,C4-rules-500,4,93,1977750
C4,500,C4-rules-500,4,94,2052343
C4,500,C4-rules-500,4,95,2033470
C4,500,C4-rules-500,4,96,2000184
C4,500,C4-rules-500,4,97,1981366
C4,500,C4-rules-500,4,98,1989066
C4,500,C4-rules-500,4,99,1984056
C4,500,C4-rules-500,4,100,1997936
C4,500,C4-rules-500,5,1,2005189
C4,500,C4-rules-500,5,2,2009183
C4,500,C4-rules-500,5,3,1968584
C4,500,C4-rules-500,5,4,1987998
C4,500,C4-rules-500,5,5,1998048
C4,500,C4-rules-500,5,6,2018786
C4,500,C4-rules-500,5,7,1992449
C4,500,C4-rules-500,5,8,2008980
C4,500,C4-rules-500,5,9,2011374
C4,500,C4-rules-500,5,10,2002604
C4,500,C4-rules-500,5,11,1994211
C4,500,C4-rules-500,5,12,1999496
C4,500,C4-rules-500,5,13,1996994
C4,500,C4-rules-500,5,14,1986967
C4,500,C4-rules-500,5,15,1979059
C4,500,C4-rules-500,5,16,1998743
C4,500,C4-rules-500,5,17,1980172
C4,500,C4-rules-500,5,18,1992103
C4,500,C4-rules-500,5,19,1988238
C4,500,C4-rules-500,5,20,2005434
C4,500,C4-rules-500,5,21,2032493
C4,500,C4-rules-500,5,22,2037831
C4,500,C4-rules-500,5,23,2012898
C4,500,C4-rules-500,5,24,2096878
C4,500,C4-rules-500,5,25,2047311
C4,500,C4-rules-500,5,26,2007054
C4,500,C4-rules-500,5,27,2015718
C4,500,C4-rules-500,5,28,1988666
C4,500,C4-rules-500,5,29,2007578
C4,500,C4-rules-500,5,30,7061610
C4,500,C4-rules-500,5,31,2323782
C4,500,C4-rules-500,5,32,2117826
C4,500,C4-rules-500,5,33,2034787
C4,500,C4-rules-500,5,34,2014158
C4,500,C4-rules-500,5,35,2016636
C4,500,C4-rules-500,5,36,2000181
C4,500,C4-rules-500,5,37,2046385
C4,500,C4-rules-500,5,38,2026059
C4,500,C4-rules-500,5,39,2022740
C4,500,C4-rules-500,5,40,1964338
C4,500,C4-rules-500,5,41,2000214
C4,500,C4-rules-500,5,42,2004970
C4,500,C4-rules-500,5,43,2006830
C4,500,C4-rules-500,5,44,1953623
C4,500,C4-rules-500,5,45,1994241
C4,500,C4-rules-500,5,46,2003172
C4,500,C4-rules-500,5,47,2169056
C4,500,C4-rules-500,5,48,1994418
C4,500,C4-rules-500,5,49,1986980
C4,500,C4-rules-500,5,50,1983917
C4,500,C4-rules-500,5,51,2020130
C4,500,C4-rules-500,5,52,1977202
C4,500,C4-rules-500,5,53,2034848
C4,500,C4-rules-500,5,54,2011760
C4,500,C4-rules-500,5,55,2041782
C4,500,C4-rules-500,5,56,1973189
C4,500,C4-rules-500,5,57,2005736
C4,500,C4-rules-500,5,58,1988152
C4,500,C4-rules-500,5,59,2006830
C4,500,C4-rules-500,5,60,1971021
C4,500,C4-rules-500,5,61,1996223
C4,500,C4-rules-500,5,62,1975958
C4,500,C4-rules-500,5,63,1992027
C4,500,C4-rules-500,5,64,1985347
C4,500,C4-rules-500,5,65,2010408
C4,500,C4-rules-500,5,66,1982579
C4,500,C4-rules-500,5,67,1995106
C4,500,C4-rules-500,5,68,1975891
C4,500,C4-rules-500,5,69,1986159
C4,500,C4-rules-500,5,70,1991579
C4,500,C4-rules-500,5,71,2013735
C4,500,C4-rules-500,5,72,2019701
C4,500,C4-rules-500,5,73,2002180
C4,500,C4-rules-500,5,74,1991140
C4,500,C4-rules-500,5,75,2022913
C4,500,C4-rules-500,5,76,2004146
C4,500,C4-rules-500,5,77,1986122
C4,500,C4-rules-500,5,78,1986710
C4,500,C4-rules-500,5,79,2006211
C4,500,C4-rules-500,5,80,1982691
C4,500,C4-rules-500,5,81,2001202
C4,500,C4-rules-500,5,82,2014773
C4,500,C4-rules-500,5,83,2010059
C4,500,C4-rules-500,5,84,2012726
C4,500,C4-rules-500,5,85,2021860
C4,500,C4-rules-500,5,86,1980823
C4,500,C4-rules-500,5,87,2018416
C4,500,C4-rules-500,5,88,2007960
C4,500,C4-rules-500,5,89,2009052
C4,500,C4-rules-500,5,90,1998622
C4,500,C4-rules-500,5,91,2014580
C4,500,C4-rules-500,5,92,2000562
C4,500,C4-rules-500,5,93,1988007
C4,500,C4-rules-500,5,94,1994233
C4,500,C4-rules-500,5,95,2068722
C4,500,C4-rules-500,5,96,1977581
C4,500,C4-rules-500,5,97,2001812
C4,500,C4-rules-500,5,98,1997695
C4,500,C4-rules-500,5,99,2003199
C4,500,C4-rules-500,5,100,2016499
C4,500,C4-rules-500,6,1,2025295
C4,500,C4-rules-500,6,2,1997142
C4,500,C4-rules-500,6,3,1990910
C4,500,C4-rules-500,6,4,1995065
C4,500,C4-rules-500,6,5,2010493
C4,500,C4-rules-500,6,6,1999568
C4,500,C4-rules-500,6,7,1980513
C4,500,C4-rules-500,6,8,1981539
C4,500,C4-rules-500,6,9,2005169
C4,500,C4-rules-500,6,10,1983165
C4,500,C4-rules-500,6,11,7020607
C4,500,C4-rules-500,6,12,2257099
C4,500,C4-rules-500,6,13,2057978
C4,500,C4-rules-500,6,14,2012002
C4,500,C4-rules-500,6,15,1975142
C4,500,C4-rules-500,6,16,1996965
C4,500,C4-rules-500,6,17,1960784
C4,500,C4-rules-500,6,18,2055518
C4,500,C4-rules-500,6,19,2034097
C4,500,C4-rules-500,6,20,2004484
C4,500,C4-rules-500,6,21,1988553
C4,500,C4-rules-500,6,22,1985343
C4,500,C4-rules-500,6,23,1976921
C4,500,C4-rules-500,6,24,1985745
C4,500,C4-rules-500,6,25,1976129
C4,500,C4-rules-500,6,26,1991693
C4,500,C4-rules-500,6,27,1963925
C4,500,C4-rules-500,6,28,1980282
C4,500,C4-rules-500,6,29,1975887
C4,500,C4-rules-500,6,30,1967269
C4,500,C4-rules-500,6,31,1993220
C4,500,C4-rules-500,6,32,2026315
C4,500,C4-rules-500,6,33,2044640
C4,500,C4-rules-500,6,34,2059726
C4,500,C4-rules-500,6,35,2024561
C4,500,C4-rules-500,6,36,1998016
C4,500,C4-rules-500,6,37,1966079
C4,500,C4-rules-500,6,38,2013654
C4,500,C4-rules-500,6,39,2009777
C4,500,C4-rules-500,6,40,1995544
C4,500,C4-rules-500,6,41,1972656
C4,500,C4-rules-500,6,42,2003193
C4,500,C4-rules-500,6,43,2002072
C4,500,C4-rules-500,6,44,1969713
C4,500,C4-rules-500,6,45,2012256
C4,500,C4-rules-500,6,46,1977277
C4,500,C4-rules-500,6,47,2011950
C4,500,C4-rules-500,6,48,1986392
C4,500,C4-rules-500,6,49,1981951
C4,500,C4-rules-500,6,50,2018234
C4,500,C4-rules-500,6,51,2002823
C4,500,C4-rules-500,6,52,2020227
C4,500,C4-rules-500,6,53,1987958
C4,500,C4-rules-500,6,54,2010836
C4,500,C4-rules-500,6,55,1976174
C4,500,C4-rules-500,6,56,1998352
C4,500,C4-rules-500,6,57,2015590
C4,500,C4-rules-500,6,58,1977101
C4,500,C4-rules-500,6,59,1985387
C4,500,C4-rules-500,6,60,2000414
C4,500,C4-rules-500,6,61,1998660
C4,500,C4-rules-500,6,62,1969003
C4,500,C4-rules-500,6,63,1969636
C4,500,C4-rules-500,6,64,1999457
C4,500,C4-rules-500,6,65,1977025
C4,500,C4-rules-500,6,66,2001998
C4,500,C4-rules-500,6,67,2001420
C4,500,C4-rules-500,6,68,2037113
C4,500,C4-rules-500,6,69,1986422
C4,500,C4-rules-500,6,70,2007957
C4,500,C4-rules-500,6,71,1995091
C4,500,C4-rules-500,6,72,1984886
C4,500,C4-rules-500,6,73,1958569
C4,500,C4-rules-500,6,74,1983915
C4,500,C4-rules-500,6,75,1966403
C4,500,C4-rules-500,6,76,1993889
C4,500,C4-rules-500,6,77,1987867
C4,500,C4-rules-500,6,78,1981999
C4,500,C4-rules-500,6,79,1984769
C4,500,C4-rules-500,6,80,2007739
C4,500,C4-rules-500,6,81,1984053
C4,500,C4-rules-500,6,82,1993200
C4,500,C4-rules-500,6,83,1979599
C4,500,C4-rules-500,6,84,1985489
C4,500,C4-rules-500,6,85,2019431
C4,500,C4-rules-500,6,86,2004433
C4,500,C4-rules-500,6,87,1974821
C4,500,C4-rules-500,6,88,2020364
C4,500,C4-rules-500,6,89,1989125
C4,500,C4-rules-500,6,90,2003298
C4,500,C4-rules-500,6,91,1980740
C4,500,C4-rules-500,6,92,6895494
C4,500,C4-rules-500,6,93,2193896
C4,500,C4-rules-500,6,94,2053725
C4,500,C4-rules-500,6,95,1998120
C4,500,C4-rules-500,6,96,1965823
C4,500,C4-rules-500,6,97,1986795
C4,500,C4-rules-500,6,98,1991191
C4,500,C4-rules-500,6,99,2024113
C4,500,C4-rules-500,6,100,2009801
C4,500,C4-rules-500,7,1,1996389
C4,500,C4-rules-500,7,2,2006335
C4,500,C4-rules-500,7,3,1975587
C4,500,C4-rules-500,7,4,1975283
C4,500,C4-rules-500,7,5,2025428
C4,500,C4-rules-500,7,6,1980311
C4,500,C4-rules-500,7,7,1976313
C4,500,C4-rules-500,7,8,1963076
C4,500,C4-rules-500,7,9,2007473
C4,500,C4-rules-500,7,10,1978543
C4,500,C4-rules-500,7,11,2002043
C4,500,C4-rules-500,7,12,1971104
C4,500,C4-rules-500,7,13,1975868
C4,500,C4-rules-500,7,14,1997803
C4,500,C4-rules-500,7,15,2008155
C4,500,C4-rules-500,7,16,1996585
C4,500,C4-rules-500,7,17,1979833
C4,500,C4-rules-500,7,18,1988435
C4,500,C4-rules-500,7,19,1990028
C4,500,C4-rules-500,7,20,2015048
C4,500,C4-rules-500,7,21,1960452
C4,500,C4-rules-500,7,22,1996752
C4,500,C4-rules-500,7,23,1993514
C4,500,C4-rules-500,7,24,1965731
C4,500,C4-rules-500,7,25,2010437
C4,500,C4-rules-500,7,26,2010083
C4,500,C4-rules-500,7,27,1997727
C4,500,C4-rules-500,7,28,1968351
C4,500,C4-rules-500,7,29,2019873
C4,500,C4-rules-500,7,30,2010170
C4,500,C4-rules-500,7,31,2020705
C4,500,C4-rules-500,7,32,1991580
C4,500,C4-rules-500,7,33,2020358
C4,500,C4-rules-500,7,34,1984468
C4,500,C4-rules-500,7,35,2024396
C4,500,C4-rules-500,7,36,1989273
C4,500,C4-rules-500,7,37,1988336
C4,500,C4-rules-500,7,38,1985771
C4,500,C4-rules-500,7,39,2037871
C4,500,C4-rules-500,7,40,1967863
C4,500,C4-rules-500,7,41,1986403
C4,500,C4-rules-500,7,42,2006112
C4,500,C4-rules-500,7,43,2022763
C4,500,C4-rules-500,7,44,2023165
C4,500,C4-rules-500,7,45,1996402
C4,500,C4-rules-500,7,46,1984543
C4,500,C4-rules-500,7,47,1975500
C4,500,C4-rules-500,7,48,1990590
C4,500,C4-rules-500,7,49,1982710
C4,500,C4-rules-500,7,50,2004462
C4,500,C4-rules-500,7,51,2000409
C4,500,C4-rules-500,7,52,1987490
C4,500,C4-rules-500,7,53,2015641
C4,500,C4-rules-500,7,54,2035781
C4,500,C4-rules-500,7,55,2065820
C4,500,C4-rules-500,7,56,2005885
C4,500,C4-rules-500,7,57,2022711
C4,500,C4-rules-500,7,58,1983230
C4,500,C4-rules-500,7,59,2004017
C4,500,C4-rules-500,7,60,2015034
C4,500,C4-rules-500,7,61,1996490
C4,500,C4-rules-500,7,62,1996446
C4,500,C4-rules-500,7,63,1989572
C4,500,C4-rules-500,7,64,1968842
C4,500,C4-rules-500,7,65,2022164
C4,500,C4-rules-500,7,66,2005787
C4,500,C4-rules-500,7,67,2034109
C4,500,C4-rules-500,7,68,2018693
C4,500,C4-rules-500,7,69,1992798
C4,500,C4-rules-500,7,70,1999404
C4,500,C4-rules-500,7,71,1992788
C4,500,C4-rules-500,7,72,2046025
C4,500,C4-rules-500,7,73,7010214
C4,500,C4-rules-500,7,74,2276394
C4,500,C4-rules-500,7,75,2059045
C4,500,C4-rules-500,7,76,2005637
C4,500,C4-rules-500,7,77,2018727
C4,500,C4-rules-500,7,78,2029018
C4,500,C4-rules-500,7,79,1997658
C4,500,C4-rules-500,7,80,1982551
C4,500,C4-rules-500,7,81,2043578
C4,500,C4-rules-500,7,82,2004499
C4,500,C4-rules-500,7,83,2019684
C4,500,C4-rules-500,7,84,1988587
C4,500,C4-rules-500,7,85,1988223
C4,500,C4-rules-500,7,86,1983648
C4,500,C4-rules-500,7,87,2009271
C4,500,C4-rules-500,7,88,1978149
C4,500,C4-rules-500,7,89,2006571
C4,500,C4-rules-500,7,90,1992379
C4,500,C4-rules-500,7,91,2005843
C4,500,C4-rules-500,7,92,1979176
C4,500,C4-rules-500,7,93,2007278
C4,500,C4-rules-500,7,94,2006471
C4,500,C4-rules-500,7,95,2011263
C4,500,C4-rules-500,7,96,1972201
C4,500,C4-rules-500,7,97,1985105
C4,500,C4-rules-500,7,98,2025669
C4,500,C4-rules-500,7,99,2012404
C4,500,C4-rules-500,7,100,1993364
C4,500,C4-rules-500,8,1,1994021
C4,500,C4-rules-500,8,2,2010944
C4,500,C4-rules-500,8,3,2039411
C4,500,C4-rules-500,8,4,1999526
C4,500,C4-rules-500,8,5,1986584
C4,500,C4-rules-500,8,6,2024409
C4,500,C4-rules-500,8,7,1991447
C4,500,C4-rules-500,8,8,1998810
C4,500,C4-rules-500,8,9,2007713
C4,500,C4-rules-500,8,10,2003817
C4,500,C4-rules-500,8,11,1987390
C4,500,C4-rules-500,8,12,2011933
C4,500,C4-rules-500,8,13,1985350
C4,500,C4-rules-500,8,14,2006709
C4,500,C4-rules-500,8,15,2050801
C4,500,C4-rules-500,8,16,2007243
C4,500,C4-rules-500,8,17,1996923
C4,500,C4-rules-500,8,18,2003837
C4,500,C4-rules-500,8,19,1974595
C4,500,C4-rules-500,8,20,1989736
C4,500,C4-rules-500,8,21,2022675
C4,500,C4-rules-500,8,22,2026890
C4,500,C4-rules-500,8,23,1975819
C4,500,C4-rules-500,8,24,2008769
C4,500,C4-rules-500,8,25,1987312
C4,500,C4-rules-500,8,26,2015707
C4,500,C4-rules-500,8,27,1990905
C4,500,C4-rules-500,8,28,2007788
C4,500,C4-rules-500,8,29,1998792
C4,500,C4-rules-500,8,30,1998449
C4,500,C4-rules-500,8,31,2020847
C4,500,C4-rules-500,8,32,2030436
C4,500,C4-rules-500,8,33,2026295
C4,500,C4-rules-500,8,34,1998136
C4,500,C4-rules-500,8,35,1985998
C4,500,C4-rules-500,8,36,1994001
C4,500,C4-rules-500,8,37,2000721
C4,500,C4-rules-500,8,38,2018667
C4,500,C4-rules-500,8,39,1974064
C4,500,C4-rules-500,8,40,2003673
C4,500,C4-rules-500,8,41,1991645
C4,500,C4-rules-500,8,42,2006565
C4,500,C4-rules-500,8,43,1973486
C4,500,C4-rules-500,8,44,2018094
C4,500,C4-rules-500,8,45,1970936
C4,500,C4-rules-500,8,46,2002445
C4,500,C4-rules-500,8,47,1978637
C4,500,C4-rules-500,8,48,2074311
C4,500,C4-rules-500,8,49,2030078
C4,500,C4-rules-500,8,50,2056847
C4,500,C4-rules-500,8,51,2016282
C4,500,C4-rules-500,8,52,2053343
C4,500,C4-rules-500,8,53,2050518
C4,500,C4-rules-500,8,54,7249482
C4,500,C4-rules-500,8,55,2190903
C4,500,C4-rules-500,8,56,2049576
C4,500,C4-rules-500,8,57,2050522
C4,500,C4-rules-500,8,58,1994026
C4,500,C4-rules-500,8,59,2009730
C4,500,C4-rules-500,8,60,2015238
C4,500,C4-rules-500,8,61,2004909
C4,500,C4-rules-500,8,62,2024491
C4,500,C4-rules-500,8,63,2034845
C4,500,C4-rules-500,8,64,1986901
C4,500,C4-rules-500,8,65,2005032
C4,500,C4-rules-500,8,66,2001534
C4,500,C4-rules-500,8,67,2023784
C4,500,C4-rules-500,8,68,1982696
C4,500,C4-rules-500,8,69,2006140
C4,500,C4-rules-500,8,70,1965998
C4,500,C4-rules-500,8,71,2003871
C4,500,C4-rules-500,8,72,1996660
C4,500,C4-rules-500,8,73,2008895
C4,500,C4-rules-500,8,74,2015171
C4,500,C4-rules-500,8,75,2008863
C4,500,C4-rules-500,8,76,1987105
C4,500,C4-rules-500,8,77,2016080
C4,500,C4-rules-500,8,78,2011663
C4,500,C4-rules-500,8,79,2046266
C4,500,C4-rules-500,8,80,2032790
C4,500,C4-rules-500,8,81,2010301
C4,500,C4-rules-500,8,82,1968468
C4,500,C4-rules-500,8,83,1983328
C4,500,C4-rules-500,8,84,1985323
C4,500,C4-rules-500,8,85,1998944
C4,500,C4-rules-500,8,86,1983767
C4,500,C4-rules-500,8,87,1986112
C4,500,C4-rules-500,8,88,1974457
C4,500,C4-rules-500,8,89,2013176
C4,500,C4-rules-500,8,90,2019883
C4,500,C4-rules-500,8,91,1985303
C4,500,C4-rules-500,8,92,1972649
C4,500,C4-rules-500,8,93,1992376
C4,500,C4-rules-500,8,94,1986008
C4,500,C4-rules-500,8,95,1989914
C4,500,C4-rules-500,8,96,2036442
C4,500,C4-rules-500,8,97,2011307
C4,500,C4-rules-500,8,98,1999431
C4,500,C4-rules-500,8,99,2007976
C4,500,C4-rules-500,8,100,2013173
C4,250,C4-rules-250,1,1,988507
C4,250,C4-rules-250,1,2,997716
C4,250,C4-rules-250,1,3,1022745
C4,250,C4-rules-250,1,4,1012876
C4,250,C4-rules-250,1,5,995132
C4,250,C4-rules-250,1,6,995439
C4,250,C4-rules-250,1,7,989572
C4,250,C4-rules-250,1,8,1005135
C4,250,C4-rules-250,1,9,5118767
C4,250,C4-rules-250,1,10,1144179
C4,250,C4-rules-250,1,11,1055987
C4,250,C4-rules-250,1,12,1011252
C4,250,C4-rules-250,1,13,1020135
C4,250,C4-rules-250,1,14,1039269
C4,250,C4-rules-250,1,15,1026664
C4,250,C4-rules-250,1,16,1008788
C4,250,C4-rules-250,1,17,995477
C4,250,C4-rules-250,1,18,1003390
C4,250,C4-rules-250,1,19,1026742
C4,250,C4-rules-250,1,20,1001399
C4,250,C4-rules-250,1,21,995418
C4,250,C4-rules-250,1,22,1016218
C4,250,C4-rules-250,1,23,1023532
C4,250,C4-rules-250,1,24,1010022
C4,250,C4-rules-250,1,25,994981
C4,250,C4-rules-250,1,26,994988
C4,250,C4-rules-250,1,27,1020754
C4,250,C4-rules-250,1,28,998500
C4,250,C4-rules-250,1,29,1005389
C4,250,C4-rules-250,1,30,995625
C4,250,C4-rules-250,1,31,1007986
C4,250,C4-rules-250,1,32,1006120
C4,250,C4-rules-250,1,33,1065598
C4,250,C4-rules-250,1,34,1019460
C4,250,C4-rules-250,1,35,1029374
C4,250,C4-rules-250,1,36,1024793
C4,250,C4-rules-250,1,37,1032059
C4,250,C4-rules-250,1,38,992859
C4,250,C4-rules-250,1,39,1033915
C4,250,C4-rules-250,1,40,1017771
C4,250,C4-rules-250,1,41,1006236
C4,250,C4-rules-250,1,42,1000073
C4,250,C4-rules-250,1,43,1043567
C4,250,C4-rules-250,1,44,1011140
C4,250,C4-rules-250,1,45,1009725
C4,250,C4-rules-250,1,46,998386
C4,250,C4-rules-250,1,47,1029515
C4,250,C4-rules-250,1,48,1001726
C4,250,C4-rules-250,1,49,1008451
C4,250,C4-rules-250,1,50,1017082
C4,250,C4-rules-250,1,51,1007887
C4,250,C4-rules-250,1,52,993023
C4,250,C4-rules-250,1,53,1001238
C4,250,C4-rules-250,1,54,1019033
C4,250,C4-rules-250,1,55,1015831
C4,250,C4-rules-250,1,56,988310
C4,250,C4-rules-250,1,57,992005
C4,250,C4-rules-250,1,58,1010316
C4,250,C4-rules-250,1,59,1008565
C4,250,C4-rules-250,1,60,1005135
C4,250,C4-rules-250,1,61,1000055
C4,250,C4-rules-250,1,62,1019214
C4,250,C4-rules-250,1,63,1001340
C4,250,C4-rules-250,1,64,993536
C4,250,C4-rules-250,1,65,1002738
C4,250,C4-rules-250,1,66,1023551
C4,250,C4-rules-250,1,67,998058
C4,250,C4-rules-250,1,68,1015736
C4,250,C4-rules-250,1,69,1006097
C4,250,C4-rules-250,1,70,1016053
C4,250,C4-rules-250,1,71,1002849
C4,250,C4-rules-250,1,72,1026129
C4,250,C4-rules-250,1,73,1027197
C4,250,C4-rules-250,1,74,1021657
C4,250,C4-rules-250,1,75,1005642
C4,250,C4-rules-250,1,76,1019613
C4,250,C4-rules-250,1,77,992701
C4,250,C4-rules-250,1,78,1005928
C4,250,C4-rules-250,1,79,1024268
C4,250,C4-rules-250,1,80,1001624
C4,250,C4-rules-250,1,81,1019336
C4,250,C4-rules-250,1,82,1027332
C4,250,C4-rules-250,1,83,1010212
C4,250,C4-rules-250,1,84,1006961
C4,250,C4-rules-250,1,85,1013291
C4,250,C4-rules-250,1,86,1022952
C4,250,C4-rules-250,1,87,993299
C4,250,C4-rules-250,1,88,995149
C4,250,C4-rules-250,1,89,1007459
C4,250,C4-rules-250,1,90,1034562
C4,250,C4-rules-250,1,91,1002090
C4,250,C4-rules-250,1,92,1000488
C4,250,C4-rules-250,1,93,1011105
C4,250,C4-rules-250,1,94,1011997
C4,250,C4-rules-250,1,95,1034077
C4,250,C4-rules-250,1,96,1023529
C4,250,C4-rules-250,1,97,1030837
C4,250,C4-rules-250,1,98,1032624
C4,250,C4-rules-250,1,99,1034815
C4,250,C4-rules-250,1,100,1031897
C4,250,C4-rules-250,2,1,1020957
C4,250,C4-rules-250,2,2,1030109
C4,250,C4-rules-250,2,3,1059885
C4,250,C4-rules-250,2,4,1009060
C4,250,C4-rules-250,2,5,1019108
C4,250,C4-rules-250,2,6,1028549
C4,250,C4-rules-250,2,7,1028942
C4,250,C4-rules-250,2,8,1035419
C4,250,C4-rules-250,2,9,1040282
C4,250,C4-rules-250,2,10,1003314
C4,250,C4-rules-250,2,11,1003639
C4,250,C4-rules-250,2,12,1013191
C4,250,C4-rules-250,2,13,1030938
C4,250,C4-rules-250,2,14,1009644
C4,250,C4-rules-250,2,15,999621
C4,250,C4-rules-250,2,16,998836
C4,250,C4-rules-250,2,17,1017815
C4,250,C4-rules-250,2,18,1023233
C4,250,C4-rules-250,2,19,996621
C4,250,C4-rules-250,2,20,1001232
C4,250,C4-rules-250,2,21,1031704
C4,250,C4-rules-250,2,22,994940
C4,250,C4-rules-250,2,23,1007930
C4,250,C4-rules-250,2,24,995736
C4,250,C4-rules-250,2,25,1014152
C4,250,C4-rules-250,2,26,998319
C4,250,C4-rules-250,2,27,996750
C4,250,C4-rules-250,2,28,993663
C4,250,C4-rules-250,2,29,1006437
C4,250,C4-rules-250,2,30,1000396
C4,250,C4-rules-250,2,31,1017174
C4,250,C4-rules-250,2,32,995180
C4,250,C4-rules-250,2,33,1006769
C4,250,C4-rules-250,2,34,998511
C4,250,C4-rules-250,2,35,1016074
C4,250,C4-rules-250,2,36,995067
C4,250,C4-rules-250,2,37,1015936
C4,250,C4-rules-250,2,38,999701
C4,250,C4-rules-250,2,39,997816
C4,250,C4-rules-250,2,40,1012559
C4,250,C4-rules-250,2,41,1020172
C4,250,C4-rules-250,2,42,1009117
C4,250,C4-rules-250,2,43,999127
C4,250,C4-rules-250,2,44,990698
C4,250,C4-rules-250,2,45,1019384
C4,250,C4-rules-250,2,46,1022541
C4,250,C4-rules-250,2,47,1016031
C4,250,C4-rules-250,2,48,1005947
C4,250,C4-rules-250,2,49,1012438
C4,250,C4-rules-250,2,50,993075
C4,250,C4-rules-250,2,51,989978
C4,250,C4-rules-250,2,52,995233
C4,250,C4-rules-250,2,53,1013125
C4,250,C4-rules-250,2,54,998646
C4,250,C4-rules-250,2,55,994389
C4,250,C4-rules-250,2,56,1018390
C4,250,C4-rules-250,2,57,1045403
C4,250,C4-rules-250,2,58,1015495
C4,250,C4-rules-250,2,59,1026224
C4,250,C4-rules-250,2,60,996380
C4,250,C4-rules-250,2,61,1046846
C4,250,C4-rules-250,2,62,1038645
C4,250,C4-rules-250,2,63,998402
C4,250,C4-rules-250,2,64,993859
C4,250,C4-rules-250,2,65,1008007
C4,250,C4-rules-250,2,66,996886
C4,250,C4-rules-250,2,67,1007504
C4,250,C4-rules-250,2,68,1011633
C4,250,C4-rules-250,2,69,1024912
C4,250,C4-rules-250,2,70,992841
C4,250,C4-rules-250,2,71,993032
C4,250,C4-rules-250,2,72,1002939
C4,250,C4-rules-250,2,73,4038390
C4,250,C4-rules-250,2,74,1266224
C4,250,C4-rules-250,2,75,1046302
C4,250,C4-rules-250,2,76,1027245
C4,250,C4-rules-250,2,77,1031256
C4,250,C4-rules-250,2,78,1000029
C4,250,C4-rules-250,2,79,1003828
C4,250,C4-rules-250,2,80,1013278
C4,250,C4-rules-250,2,81,1024191
C4,250,C4-rules-250,2,82,995792
C4,250,C4-rules-250,2,83,1006055
C4,250,C4-rules-250,2,84,999580
C4,250,C4-rules-250,2,85,1012348
C4,250,C4-rules-250,2,86,998099
C4,250,C4-rules-250,2,87,1011347
C4,250,C4-rules-250,2,88,1000472
C4,250,C4-rules-250,2,89,1020191
C4,250,C4-rules-250,2,90,1012634
C4,250,C4-rules-250,2,91,1002302
C4,250,C4-rules-250,2,92,1005272
C4,250,C4-rules-250,2,93,1007034
C4,250,C4-rules-250,2,94,1004513
C4,250,C4-rules-250,2,95,997243
C4,250,C4-rules-250,2,96,986988
C4,250,C4-rules-250,2,97,1019150
C4,250,C4-rules-250,2,98,1014309
C4,250,C4-rules-250,2,99,991553
C4,250,C4-rules-250,2,100,1004300
C4,250,C4-rules-250,3,1,1039243
C4,250,C4-rules-250,3,2,1004105
C4,250,C4-rules-250,3,3,1002947
C4,250,C4-rules-250,3,4,996285
C4,250,C4-rules-250,3,5,1009685
C4,250,C4-rules-250,3,6,1022305
C4,250,C4-rules-250,3,7,997699
C4,250,C4-rules-250,3,8,997656
C4,250,C4-rules-250,3,9,1028386
C4,250,C4-rules-250,3,10,1019887
C4,250,C4-rules-250,3,11,1006897
C4,250,C4-rules-250,3,12,998566
C4,250,C4-rules-250,3,13,1019993
C4,250,C4-rules-250,3,14,1003142
C4,250,C4-rules-250,3,15,1017702
C4,250,C4-rules-250,3,16,989722
C4,250,C4-rules-250,3,17,1020697
C4,250,C4-rules-250,3,18,995586
C4,250,C4-rules-250,3,19,1002884
C4,250,C4-rules-250,3,20,995278
C4,250,C4-rules-250,3,21,1010613
C4,250,C4-rules-250,3,22,1032649
C4,250,C4-rules-250,3,23,990425
C4,250,C4-rules-250,3,24,993228
C4,250,C4-rules-250,3,25,1011774
C4,250,C4-rules-250,3,26,999946
C4,250,C4-rules-250,3,27,997429
C4,250,C4-rules-250,3,28,1018693
C4,250,C4-rules-250,3,29,997173
C4,250,C4-rules-250,3,30,992687
C4,250,C4-rules-250,3,31,993515
C4,250,C4-rules-250,3,32,992738
C4,250,C4-rules-250,3,33,1029721
C4,250,C4-rules-250,3,34,987590
C4,250,C4-rules-250,3,35,1001029
C4,250,C4-rules-250,3,36,1016517
C4,250,C4-rules-250,3,37,1006068
C4,250,C4-rules-250,3,38,1008635
C4,250,C4-rules-250,3,39,998579
C4,250,C4-rules-250,3,40,1024832
C4,250,C4-rules-250,3,41,1002479
C4,250,C4-rules-250,3,42,996156
C4,250,C4-rules-250,3,43,1033514
C4,250,C4-rules-250,3,44,1020152
C4,250,C4-rules-250,3,45,988305
C4,250,C4-rules-250,3,46,1015386
C4,250,C4-rules-250,3,47,1004160
C4,250,C4-rules-250,3,48,996481
C4,250,C4-rules-250,3,49,987199
C4,250,C4-rules-250,3,50,1004953
C4,250,C4-rules-250,3,51,1007628
C4,250,C4-rules-250,3,52,997690
C4,250,C4-rules-250,3,53,1013053
C4,250,C4-rules-250,3,54,997699
C4,250,C4-rules-250,3,55,998398
C4,250,C4-rules-250,3,56,999285
C4,250,C4-rules-250,3,57,995422
C4,250,C4-rules-250,3,58,1037488
C4,250,C4-rules-250,3,59,1013201
C4,250,C4-rules-250,3,60,1004983
C4,250,C4-rules-250,3,61,996805
C4,250,C4-rules-250,3,62,1012535
C4,250,C4-rules-250,3,63,992156
C4,250,C4-rules-250,3,64,1010939
C4,250,C4-rules-250,3,65,1007813
C4,250,C4-rules-250,3,66,1015703
C4,250,C4-rules-250,3,67,1001887
C4,250,C4-rules-250,3,68,1029701
C4,250,C4-rules-250,3,69,1012610
C4,250,C4-rules-250,3,70,996165
C4,250,C4-rules-250,3,71,993418
C4,250,C4-rules-250,3,72,1015614
C4,250,C4-rules-250,3,73,1009307
C4,250,C4-rules-250,3,74,1007274
C4,250,C4-rules-250,3,75,997736
C4,250,C4-rules-250,3,76,1028298
C4,250,C4-rules-250,3,77,1017229
C4,250,C4-rules-250,3,78,999037
C4,250,C4-rules-250,3,79,1010331
C4,250,C4-rules-250,3,80,1029741
C4,250,C4-rules-250,3,81,1006795
C4,250,C4-rules-250,3,82,999048
C4,250,C4-rules-250,3,83,1006747
C4,250,C4-rules-250,3,84,1057609
C4,250,C4-rules-250,3,85,1013332
C4,250,C4-rules-250,3,86,996938
C4,250,C4-rules-250,3,87,1003402
C4,250,C4-rules-250,3,88,1016497
C4,250,C4-rules-250,3,89,1001391
C4,250,C4-rules-250,3,90,1005753
C4,250,C4-rules-250,3,91,1003063
C4,250,C4-rules-250,3,92,1020917
C4,250,C4-rules-250,3,93,995754
C4,250,C4-rules-250,3,94,990205
C4,250,C4-rules-250,3,95,1008491
C4,250,C4-rules-250,3,96,1018007
C4,250,C4-rules-250,3,97,994839
C4,250,C4-rules-250,3,98,992630
C4,250,C4-rules-250,3,99,991050
C4,250,C4-rules-250,3,100,1032635
C4,250,C4-rules-250,4,1,1007249
C4,250,C4-rules-250,4,2,998366
C4,250,C4-rules-250,4,3,1009376
C4,250,C4-rules-250,4,4,1017875
C4,250,C4-rules-250,4,5,997760
C4,250,C4-rules-250,4,6,989104
C4,250,C4-rules-250,4,7,989318
C4,250,C4-rules-250,4,8,1024326
C4,250,C4-rules-250,4,9,1006188
C4,250,C4-rules-250,4,10,1006440
C4,250,C4-rules-250,4,11,1000313
C4,250,C4-rules-250,4,12,1014244
C4,250,C4-rules-250,4,13,996280
C4,250,C4-rules-250,4,14,1012976
C4,250,C4-rules-250,4,15,1005135
C4,250,C4-rules-250,4,16,1003661
C4,250,C4-rules-250,4,17,1000761
C4,250,C4-rules-250,4,18,990109
C4,250,C4-rules-250,4,19,1004930
C4,250,C4-rules-250,4,20,994206
C4,250,C4-rules-250,4,21,998755
C4,250,C4-rules-250,4,22,1013367
C4,250,C4-rules-250,4,23,996898
C4,250,C4-rules-250,4,24,991317
C4,250,C4-rules-250,4,25,1002083
C4,250,C4-rules-250,4,26,986528
C4,250,C4-rules-250,4,27,999604
C4,250,C4-rules-250,4,28,998812
C4,250,C4-rules-250,4,29,996205
C4,250,C4-rules-250,4,30,1003908
C4,250,C4-rules-250,4,31,1006201
C4,250,C4-rules-250,4,32,998617
C4,250,C4-rules-250,4,33,1000344
C4,250,C4-rules-250,4,34,1003900
C4,250,C4-rules-250,4,35,1017888
C4,250,C4-rules-250,4,36,1010508
C4,250,C4-rules-250,4,37,1010660
C4,250,C4-rules-250,4,38,1030057
C4,250,C4-rules-250,4,39,1033526
C4,250,C4-rules-250,4,40,1026435
C4,250,C4-rules-250,4,41,2900794
C4,250,C4-rules-250,4,42,1124521
C4,250,C4-rules-250,4,43,1038383
C4,250,C4-rules-250,4,44,1003622
C4,250,C4-rules-250,4,45,1027308
C4,250,C4-rules-250,4,46,1010145
C4,250,C4-rules-250,4,47,1008359
C4,250,C4-rules-250,4,48,1013355
C4,250,C4-rules-250,4,49,1011474
C4,250,C4-rules-250,4,50,1003017
C4,250,C4-rules-250,4,51,1002380
C4,250,C4-rules-250,4,52,1019229
C4,250,C4-rules-250,4,53,1014742
C4,250,C4-rules-250,4,54,1001963
C4,250,C4-rules-250,4,55,984842
C4,250,C4-rules-250,4,56,1017847
C4,250,C4-rules-250,4,57,1010895
C4,250,C4-rules-250,4,58,994420
C4,250,C4-rules-250,4,59,982311
C4,250,C4-rules-250,4,60,1006329
C4,250,C4-rules-250,4,61,1053361
C4,250,C4-rules-250,4,62,1015487
C4,250,C4-rules-250,4,63,1019613
C4,250,C4-rules-250,4,64,1000214
C4,250,C4-rules-250,4,65,1026127
C4,250,C4-rules-250,4,66,990756
C4,250,C4-rules-250,4,67,1008754
C4,250,C4-rules-250,4,68,1000363
C4,250,C4-rules-250,4,69,1024375
C4,250,C4-rules-250,4,70,996497
C4,250,C4-rules-250,4,71,996526
C4,250,C4-rules-250,4,72,1004255
C4,250,C4-rules-250,4,73,1056267
C4,250,C4-rules-250,4,74,1024871
C4,250,C4-rules-250,4,75,994769
C4,250,C4-rules-250,4,76,993182
C4,250,C4-rules-250,4,77,1016216
C4,250,C4-rules-250,4,78,1000869
C4,250,C4-rules-250,4,79,1007850
C4,250,C4-rules-250,4,80,992220
C4,250,C4-rules-250,4,81,1016431
C4,250,C4-rules-250,4,82,1007614
C4,250,C4-rules-250,4,83,999120
C4,250,C4-rules-250,4,84,986862
C4,250,C4-rules-250,4,85,1015715
C4,250,C4-rules-250,4,86,989295
C4,250,C4-rules-250,4,87,1011155
C4,250,C4-rules-250,4,88,1002948
C4,250,C4-rules-250,4,89,1000375
C4,250,C4-rules-250,4,90,1007102
C4,250,C4-rules-250,4,91,984941
C4,250,C4-rules-250,4,92,988709
C4,250,C4-rules-250,4,93,1014401
C4,250,C4-rules-250,4,94,1001832
C4,250,C4-rules-250,4,95,991156
C4,250,C4-rules-250,4,96,987891
C4,250,C4-rules-250,4,97,1006283
C4,250,C4-rules-250,4,98,1003955
C4,250,C4-rules-250,4,99,997304
C4,250,C4-rules-250,4,100,993775
C4,250,C4-rules-250,5,1,1040642
C4,250,C4-rules-250,5,2,1027266
C4,250,C4-rules-250,5,3,1028263
C4,250,C4-rules-250,5,4,1032548
C4,250,C4-rules-250,5,5,1015967
C4,250,C4-rules-250,5,6,1047585
C4,250,C4-rules-250,5,7,1010958
C4,250,C4-rules-250,5,8,1030325
C4,250,C4-rules-250,5,9,990281
C4,250,C4-rules-250,5,10,991632
C4,250,C4-rules-250,5,11,990800
C4,250,C4-rules-250,5,12,1033031
C4,250,C4-rules-250,5,13,1010742
C4,250,C4-rules-250,5,14,997017
C4,250,C4-rules-250,5,15,988665
C4,250,C4-rules-250,5,16,1022174
C4,250,C4-rules-250,5,17,1013421
C4,250,C4-rules-250,5,18,987369
C4,250,C4-rules-250,5,19,998112
C4,250,C4-rules-250,5,20,1017898
C4,250,C4-rules-250,5,21,997036
C4,250,C4-rules-250,5,22,1010476
C4,250,C4-rules-250,5,23,992413
C4,250,C4-rules-250,5,24,1027706
C4,250,C4-rules-250,5,25,1004485
C4,250,C4-rules-250,5,26,1006574
C4,250,C4-rules-250,5,27,990790
C4,250,C4-rules-250,5,28,1019213
C4,250,C4-rules-250,5,29,1037618
C4,250,C4-rules-250,5,30,1032102
C4,250,C4-rules-250,5,31,1008892
C4,250,C4-rules-250,5,32,1062054
C4,250,C4-rules-250,5,33,1002056
C4,250,C4-rules-250,5,34,1000859
C4,250,C4-rules-250,5,35,989110
C4,250,C4-rules-250,5,36,1025617
C4,250,C4-rules-250,5,37,1011181
C4,250,C4-rules-250,5,38,1006773
C4,250,C4-rules-250,5,39,1014227
C4,250,C4-rules-250,5,40,1053233
C4,250,C4-rules-250,5,41,1015913
C4,250,C4-rules-250,5,42,1004998
C4,250,C4-rules-250,5,43,1001828
C4,250,C4-rules-250,5,44,1016095
C4,250,C4-rules-250,5,45,986196
C4,250,C4-rules-250,5,46,1009038
C4,250,C4-rules-250,5,47,990639
C4,250,C4-rules-250,5,48,1029377
C4,250,C4-rules-250,5,49,993653
C4,250,C4-rules-250,5,50,995282
C4,250,C4-rules-250,5,51,999582
C4,250,C4-rules-250,5,52,1014467
C4,250,C4-rules-250,5,53,1000235
C4,250,C4-rules-250,5,54,1014265
C4,250,C4-rules-250,5,55,996207
C4,250,C4-rules-250,5,56,1016885
C4,250,C4-rules-250,5,57,1002814
C4,250,C4-rules-250,5,58,995309
C4,250,C4-rules-250,5,59,993046
C4,250,C4-rules-250,5,60,1014946
C4,250,C4-rules-250,5,61,990107
C4,250,C4-rules-250,5,62,1013532
C4,250,C4-rules-250,5,63,997865
C4,250,C4-rules-250,5,64,1019238
C4,250,C4-rules-250,5,65,1012858
C4,250,C4-rules-250,5,66,995711
C4,250,C4-rules-250,5,67,996116
C4,250,C4-rules-250,5,68,1020967
C4,250,C4-rules-250,5,69,994601
C4,250,C4-rules-250,5,70,1008164
C4,250,C4-rules-250,5,71,996364
C4,250,C4-rules-250,5,72,1022645
C4,250,C4-rules-250,5,73,1079564
C4,250,C4-rules-250,5,74,1039653
C4,250,C4-rules-250,5,75,1021380
C4,250,C4-rules-250,5,76,1000252
C4,250,C4-rules-250,5,77,995917
C4,250,C4-rules-250,5,78,1002417
C4,250,C4-rules-250,5,79,1018436
C4,250,C4-rules-250,5,80,998892
C4,250,C4-rules-250,5,81,1008112
C4,250,C4-rules-250,5,82,1007502
C4,250,C4-rules-250,5,83,1026613
C4,250,C4-rules-250,5,84,991118
C4,250,C4-rules-250,5,85,996057
C4,250,C4-rules-250,5,86,1006807
C4,250,C4-rules-250,5,87,1052980
C4,250,C4-rules-250,5,88,1002134
C4,250,C4-rules-250,5,89,992544
C4,250,C4-rules-250,5,90,991337
C4,250,C4-rules-250,5,91,1026938
C4,250,C4-rules-250,5,92,997874
C4,250,C4-rules-250,5,93,989926
C4,250,C4-rules-250,5,94,996371
C4,250,C4-rules-250,5,95,1020446
C4,250,C4-rules-250,5,96,1006915
C4,250,C4-rules-250,5,97,992917
C4,250,C4-rules-250,5,98,1002431
C4,250,C4-rules-250,5,99,1026746
C4,250,C4-rules-250,5,100,1012759
C4,250,C4-rules-250,6,1,1040055
C4,250,C4-rules-250,6,2,1009018
C4,250,C4-rules-250,6,3,1013243
C4,250,C4-rules-250,6,4,1012781
C4,250,C4-rules-250,6,5,1007111
C4,250,C4-rules-250,6,6,1024828
C4,250,C4-rules-250,6,7,1036050
C4,250,C4-rules-250,6,8,2792566
C4,250,C4-rules-250,6,9,1197893
C4,250,C4-rules-250,6,10,1060641
C4,250,C4-rules-250,6,11,1018201
C4,250,C4-rules-250,6,12,1003043
C4,250,C4-rules-250,6,13,1017587
C4,250,C4-rules-250,6,14,997691
C4,250,C4-rules-250,6,15,1004102
C4,250,C4-rules-250,6,16,1002633
C4,250,C4-rules-250,6,17,1015146
C4,250,C4-rules-250,6,18,1000232
C4,250,C4-rules-250,6,19,991012
C4,250,C4-rules-250,6,20,1033627
C4,250,C4-rules-250,6,21,1049381
C4,250,C4-rules-250,6,22,1005841
C4,250,C4-rules-250,6,23,991494
C4,250,C4-rules-250,6,24,1055528
C4,250,C4-rules-250,6,25,1219306
C4,250,C4-rules-250,6,26,993937
C4,250,C4-rules-250,6,27,1009771
C4,250,C4-rules-250,6,28,1025677
C4,250,C4-rules-250,6,29,995124
C4,250,C4-rules-250,6,30,998219
C4,250,C4-rules-250,6,31,997345
C4,250,C4-rules-250,6,32,1023176
C4,250,C4-rules-250,6,33,999016
C4,250,C4-rules-250,6,34,1003187
C4,250,C4-rules-250,6,35,1004580
C4,250,C4-rules-250,6,36,1021885
C4,250,C4-rules-250,6,37,1012899
C4,250,C4-rules-250,6,38,1023409
C4,250,C4-rules-250,6,39,990311
C4,250,C4-rules-250,6,40,1009154
C4,250,C4-rules-250,6,41,1001903
C4,250,C4-rules-250,6,42,996158
C4,250,C4-rules-250,6,43,1013487
C4,250,C4-rules-250,6,44,1008377
C4,250,C4-rules-250,6,45,994197
C4,250,C4-rules-250,6,46,987364
C4,250,C4-rules-250,6,47,1006120
C4,250,C4-rules-250,6,48,1020428
C4,250,C4-rules-250,6,49,1008671
C4,250,C4-rules-250,6,50,993780
C4,250,C4-rules-250,6,51,1001975
C4,250,C4-rules-250,6,52,1020953
C4,250,C4-rules-250,6,53,998704
C4,250,C4-rules-250,6,54,1003540
C4,250,C4-rules-250,6,55,1033688
C4,250,C4-rules-250,6,56,1028522
C4,250,C4-rules-250,6,57,998054
C4,250,C4-rules-250,6,58,1003790
C4,250,C4-rules-250,6,59,993708
C4,250,C4-rules-250,6,60,1166651
C4,250,C4-rules-250,6,61,1283890
C4,250,C4-rules-250,6,62,1168684
C4,250,C4-rules-250,6,63,1038778
C4,250,C4-rules-250,6,64,995378
C4,250,C4-rules-250,6,65,986671
C4,250,C4-rules-250,6,66,1017587
C4,250,C4-rules-250,6,67,1042926
C4,250,C4-rules-250,6,68,1006547
C4,250,C4-rules-250,6,69,1022941
C4,250,C4-rules-250,6,70,1074044
C4,250,C4-rules-250,6,71,1105853
C4,250,C4-rules-250,6,72,1011376
C4,250,C4-rules-250,6,73,993105
C4,250,C4-rules-250,6,74,992237
C4,250,C4-rules-250,6,75,1023105
C4,250,C4-rules-250,6,76,1015555
C4,250,C4-rules-250,6,77,992562
C4,250,C4-rules-250,6,78,993693
C4,250,C4-rules-250,6,79,1028578
C4,250,C4-rules-250,6,80,1003665
C4,250,C4-rules-250,6,81,1005725
C4,250,C4-rules-250,6,82,1000742
C4,250,C4-rules-250,6,83,1014812
C4,250,C4-rules-250,6,84,1010632
C4,250,C4-rules-250,6,85,1004349
C4,250,C4-rules-250,6,86,1012263
C4,250,C4-rules-250,6,87,999813
C4,250,C4-rules-250,6,88,1001908
C4,250,C4-rules-250,6,89,999221
C4,250,C4-rules-250,6,90,989944
C4,250,C4-rules-250,6,91,996641
C4,250,C4-rules-250,6,92,1002046
C4,250,C4-rules-250,6,93,993038
C4,250,C4-rules-250,6,94,1005638
C4,250,C4-rules-250,6,95,1001743
C4,250,C4-rules-250,6,96,1000305
C4,250,C4-rules-250,6,97,1026722
C4,250,C4-rules-250,6,98,996014
C4,250,C4-rules-250,6,99,1002229
C4,250,C4-rules-250,6,100,992321
C4,250,C4-rules-250,7,1,1010765
C4,250,C4-rules-250,7,2,1011660
C4,250,C4-rules-250,7,3,1023446
C4,250,C4-rules-250,7,4,1030186
C4,250,C4-rules-250,7,5,996365
C4,250,C4-rules-250,7,6,1001247
C4,250,C4-rules-250,7,7,1000521
C4,250,C4-rules-250,7,8,995489
C4,250,C4-rules-250,7,9,1001286
C4,250,C4-rules-250,7,10,1011591
C4,250,C4-rules-250,7,11,1009170
C4,250,C4-rules-250,7,12,994756
C4,250,C4-rules-250,7,13,1005459
C4,250,C4-rules-250,7,14,1018506
C4,250,C4-rules-250,7,15,1002731
C4,250,C4-rules-250,7,16,996769
C4,250,C4-rules-250,7,17,1007319
C4,250,C4-rules-250,7,18,1030747
C4,250,C4-rules-250,7,19,1016492
C4,250,C4-rules-250,7,20,992526
C4,250,C4-rules-250,7,21,994349
C4,250,C4-rules-250,7,22,1008716
C4,250,C4-rules-250,7,23,998994
C4,250,C4-rules-250,7,24,994030
C4,250,C4-rules-250,7,25,1000553
C4,250,C4-rules-250,7,26,1028771
C4,250,C4-rules-250,7,27,1011444
C4,250,C4-rules-250,7,28,1011646
C4,250,C4-rules-250,7,29,1002332
C4,250,C4-rules-250,7,30,1025734
C4,250,C4-rules-250,7,31,1011267
C4,250,C4-rules-250,7,32,1003384
C4,250,C4-rules-250,7,33,1005122
C4,250,C4-rules-250,7,34,1037341
C4,250,C4-rules-250,7,35,1000003
C4,250,C4-rules-250,7,36,1021883
C4,250,C4-rules-250,7,37,1028005
C4,250,C4-rules-250,7,38,1010882
C4,250,C4-rules-250,7,39,1001579
C4,250,C4-rules-250,7,40,996110
C4,250,C4-rules-250,7,41,999706
C4,250,C4-rules-250,7,42,1003302
C4,250,C4-rules-250,7,43,1005933
C4,250,C4-rules-250,7,44,1002339
C4,250,C4-rules-250,7,45,996529
C4,250,C4-rules-250,7,46,999328
C4,250,C4-rules-250,7,47,1003470
C4,250,C4-rules-250,7,48,1007744
C4,250,C4-rules-250,7,49,1006660
C4,250,C4-rules-250,7,50,1014967
C4,250,C4-rules-250,7,51,992640
C4,250,C4-rules-250,7,52,1004829
C4,250,C4-rules-250,7,53,987595
C4,250,C4-rules-250,7,54,1002546
C4,250,C4-rules-250,7,55,985822
C4,250,C4-rules-250,7,56,1009637
C4,250,C4-rules-250,7,57,995514
C4,250,C4-rules-250,7,58,1003674
C4,250,C4-rules-250,7,59,1011646
C4,250,C4-rules-250,7,60,995690
C4,250,C4-rules-250,7,61,990268
C4,250,C4-rules-250,7,62,990817
C4,250,C4-rules-250,7,63,989272
C4,250,C4-rules-250,7,64,1005966
C4,250,C4-rules-250,7,65,995967
C4,250,C4-rules-250,7,66,1008480
C4,250,C4-rules-250,7,67,997812
C4,250,C4-rules-250,7,68,997655
C4,250,C4-rules-250,7,69,1046580
C4,250,C4-rules-250,7,70,1011909
C4,250,C4-rules-250,7,71,1001869
C4,250,C4-rules-250,7,72,992822
C4,250,C4-rules-250,7,73,999529
C4,250,C4-rules-250,7,74,1006365
C4,250,C4-rules-250,7,75,1005774
C4,250,C4-rules-250,7,76,2973011
C4,250,C4-rules-250,7,77,1098583
C4,250,C4-rules-250,7,78,1025873
C4,250,C4-rules-250,7,79,1016733
C4,250,C4-rules-250,7,80,1027236
C4,250,C4-rules-250,7,81,989965
C4,250,C4-rules-250,7,82,1011337
C4,250,C4-rules-250,7,83,995484
C4,250,C4-rules-250,7,84,1008955
C4,250,C4-rules-250,7,85,995775
C4,250,C4-rules-250,7,86,1004192
C4,250,C4-rules-250,7,87,1000195
C4,250,C4-rules-250,7,88,1033175
C4,250,C4-rules-250,7,89,1000222
C4,250,C4-rules-250,7,90,1001563
C4,250,C4-rules-250,7,91,1006512
C4,250,C4-rules-250,7,92,1007653
C4,250,C4-rules-250,7,93,1003752
C4,250,C4-rules-250,7,94,1002291
C4,250,C4-rules-250,7,95,1001398
C4,250,C4-rules-250,7,96,1004832
C4,250,C4-rules-250,7,97,988304
C4,250,C4-rules-250,7,98,990153
C4,250,C4-rules-250,7,99,1023722
C4,250,C4-rules-250,7,100,1044631
C4,250,C4-rules-250,8,1,1035114
C4,250,C4-rules-250,8,2,996447
C4,250,C4-rules-250,8,3,999274
C4,250,C4-rules-250,8,4,1007452
C4,250,C4-rules-250,8,5,984952
C4,250,C4-rules-250,8,6,993374
C4,250,C4-rules-250,8,7,1026777
C4,250,C4-rules-250,8,8,994169
C4,250,C4-rules-250,8,9,994862
C4,250,C4-rules-250,8,10,995501
C4,250,C4-rules-250,8,11,997710
C4,250,C4-rules-250,8,12,993679
C4,250,C4-rules-250,8,13,983456
C4,250,C4-rules-250,8,14,1000613
C4,250,C4-rules-250,8,15,999890
C4,250,C4-rules-250,8,16,989255
C4,250,C4-rules-250,8,17,1007217
C4,250,C4-rules-250,8,18,984717
C4,250,C4-rules-250,8,19,999384
C4,250,C4-rules-250,8,20,1002750
C4,250,C4-rules-250,8,21,990604
C4,250,C4-rules-250,8,22,1012373
C4,250,C4-rules-250,8,23,1001616
C4,250,C4-rules-250,8,24,1014006
C4,250,C4-rules-250,8,25,990967
C4,250,C4-rules-250,8,26,988568
C4,250,C4-rules-250,8,27,1007923
C4,250,C4-rules-250,8,28,991498
C4,250,C4-rules-250,8,29,1003106
C4,250,C4-rules-250,8,30,1003612
C4,250,C4-rules-250,8,31,988287
C4,250,C4-rules-250,8,32,1011806
C4,250,C4-rules-250,8,33,1043748
C4,250,C4-rules-250,8,34,1009137
C4,250,C4-rules-250,8,35,1033996
C4,250,C4-rules-250,8,36,1000136
C4,250,C4-rules-250,8,37,1007330
C4,250,C4-rules-250,8,38,993973
C4,250,C4-rules-250,8,39,1030146
C4,250,C4-rules-250,8,40,992949
C4,250,C4-rules-250,8,41,1016028
C4,250,C4-rules-250,8,42,1000312
C4,250,C4-rules-250,8,43,1009733
C4,250,C4-rules-250,8,44,995193
C4,250,C4-rules-250,8,45,992180
C4,250,C4-rules-250,8,46,1006019
C4,250,C4-rules-250,8,47,1011192
C4,250,C4-rules-250,8,48,997475
C4,250,C4-rules-250,8,49,986803
C4,250,C4-rules-250,8,50,990560
C4,250,C4-rules-250,8,51,1022355
C4,250,C4-rules-250,8,52,1000286
C4,250,C4-rules-250,8,53,989208
C4,250,C4-rules-250,8,54,998964
C4,250,C4-rules-250,8,55,1022180
C4,250,C4-rules-250,8,56,1007778
C4,250,C4-rules-250,8,57,1023398
C4,250,C4-rules-250,8,58,1014848
C4,250,C4-rules-250,8,59,1014405
C4,250,C4-rules-250,8,60,985428
C4,250,C4-rules-250,8,61,999345
C4,250,C4-rules-250,8,62,1001812
C4,250,C4-rules-250,8,63,1009165
C4,250,C4-rules-250,8,64,987454
C4,250,C4-rules-250,8,65,995086
C4,250,C4-rules-250,8,66,1009672
C4,250,C4-rules-250,8,67,1062168
C4,250,C4-rules-250,8,68,1006676
C4,250,C4-rules-250,8,69,997941
C4,250,C4-rules-250,8,70,993704
C4,250,C4-rules-250,8,71,1018497
C4,250,C4-rules-250,8,72,1000819
C4,250,C4-rules-250,8,73,993073
C4,250,C4-rules-250,8,74,996821
C4,250,C4-rules-250,8,75,1007808
C4,250,C4-rules-250,8,76,1005550
C4,250,C4-rules-250,8,77,1000656
C4,250,C4-rules-250,8,78,1002813
C4,250,C4-rules-250,8,79,1026647
C4,250,C4-rules-250,8,80,1008800
C4,250,C4-rules-250,8,81,1005463
C4,250,C4-rules-250,8,82,1029323
C4,250,C4-rules-250,8,83,1022531
C4,250,C4-rules-250,8,84,992743
C4,250,C4-rules-250,8,85,987932
C4,250,C4-rules-250,8,86,990871
C4,250,C4-rules-250,8,87,1016936
C4,250,C4-rules-250,8,88,1003237
C4,250,C4-rules-250,8,89,988962
C4,250,C4-rules-250,8,90,988350
C4,250,C4-rules-250,8,91,1048756
C4,250,C4-rules-250,8,92,1013123
C4,250,C4-rules-250,8,93,998480
C4,250,C4-rules-250,8,94,997547
C4,250,C4-rules-250,8,95,1015390
C4,250,C4-rules-250,8,96,1004459
C4,250,C4-rules-250,8,97,997536
C4,250,C4-rules-250,8,98,999317
C4,250,C4-rules-250,8,99,1014187
C4,250,C4-rules-250,8,100,1045415
C4,50,C4-rules-050,1,1,224451
C4,50,C4-rules-050,1,2,227295
C4,50,C4-rules-050,1,3,227156
C4,50,C4-rules-050,1,4,226698
C4,50,C4-rules-050,1,5,231693
C4,50,C4-rules-050,1,6,225622
C4,50,C4-rules-050,1,7,226458
C4,50,C4-rules-050,1,8,227644
C4,50,C4-rules-050,1,9,223548
C4,50,C4-rules-050,1,10,224341
C4,50,C4-rules-050,1,11,225335
C4,50,C4-rules-050,1,12,224695
C4,50,C4-rules-050,1,13,226429
C4,50,C4-rules-050,1,14,225616
C4,50,C4-rules-050,1,15,224152
C4,50,C4-rules-050,1,16,235143
C4,50,C4-rules-050,1,17,234252
C4,50,C4-rules-050,1,18,226260
C4,50,C4-rules-050,1,19,226422
C4,50,C4-rules-050,1,20,225793
C4,50,C4-rules-050,1,21,223889
C4,50,C4-rules-050,1,22,225319
C4,50,C4-rules-050,1,23,224268
C4,50,C4-rules-050,1,24,222269
C4,50,C4-rules-050,1,25,224775
C4,50,C4-rules-050,1,26,226407
C4,50,C4-rules-050,1,27,222091
C4,50,C4-rules-050,1,28,232827
C4,50,C4-rules-050,1,29,227675
C4,50,C4-rules-050,1,30,225972
C4,50,C4-rules-050,1,31,232759
C4,50,C4-rules-050,1,32,231255
C4,50,C4-rules-050,1,33,223972
C4,50,C4-rules-050,1,34,236711
C4,50,C4-rules-050,1,35,225623
C4,50,C4-rules-050,1,36,222474
C4,50,C4-rules-050,1,37,227323
C4,50,C4-rules-050,1,38,225698
C4,50,C4-rules-050,1,39,223494
C4,50,C4-rules-050,1,40,226610
C4,50,C4-rules-050,1,41,224130
C4,50,C4-rules-050,1,42,223973
C4,50,C4-rules-050,1,43,226126
C4,50,C4-rules-050,1,44,227500
C4,50,C4-rules-050,1,45,224399
C4,50,C4-rules-050,1,46,224803
C4,50,C4-rules-050,1,47,226202
C4,50,C4-rules-050,1,48,222603
C4,50,C4-rules-050,1,49,226483
C4,50,C4-rules-050,1,50,226693
C4,50,C4-rules-050,1,51,228227
C4,50,C4-rules-050,1,52,224514
C4,50,C4-rules-050,1,53,226964
C4,50,C4-rules-050,1,54,225442
C4,50,C4-rules-050,1,55,223702
C4,50,C4-rules-050,1,56,226116
C4,50,C4-rules-050,1,57,225886
C4,50,C4-rules-050,1,58,225827
C4,50,C4-rules-050,1,59,224541
C4,50,C4-rules-050,1,60,226752
C4,50,C4-rules-050,1,61,223801
C4,50,C4-rules-050,1,62,224028
C4,50,C4-rules-050,1,63,226922
C4,50,C4-rules-050,1,64,223834
C4,50,C4-rules-050,1,65,226065
C4,50,C4-rules-050,1,66,225569
C4,50,C4-rules-050,1,67,222434
C4,50,C4-rules-050,1,68,252520
C4,50,C4-rules-050,1,69,247305
C4,50,C4-rules-050,1,70,225492
C4,50,C4-rules-050,1,71,227726
C4,50,C4-rules-050,1,72,256669
C4,50,C4-rules-050,1,73,225676
C4,50,C4-rules-050,1,74,237092
C4,50,C4-rules-050,1,75,230616
C4,50,C4-rules-050,1,76,232598
C4,50,C4-rules-050,1,77,255726
C4,50,C4-rules-050,1,78,240546
C4,50,C4-rules-050,1,79,238345
C4,50,C4-rules-050,1,80,242654
C4,50,C4-rules-050,1,81,240507
C4,50,C4-rules-050,1,82,239810
C4,50,C4-rules-050,1,83,241945
C4,50,C4-rules-050,1,84,233817
C4,50,C4-rules-050,1,85,238108
C4,50,C4-rules-050,1,86,250419
C4,50,C4-rules-050,1,87,227406
C4,50,C4-rules-050,1,88,223752
C4,50,C4-rules-050,1,89,227010
C4,50,C4-rules-050,1,90,225107
C4,50,C4-rules-050,1,91,222079
C4,50,C4-rules-050,1,92,228530
C4,50,C4-rules-050,1,93,226720
C4,50,C4-rules-050,1,94,225143
C4,50,C4-rules-050,1,95,227099
C4,50,C4-rules-050,1,96,226664
C4,50,C4-rules-050,1,97,222408
C4,50,C4-rules-050,1,98,228609
C4,50,C4-rules-050,1,99,227717
C4,50,C4-rules-050,1,100,228859
C4,50,C4-rules-050,2,1,245129
C4,50,C4-rules-050,2,2,238596
C4,50,C4-rules-050,2,3,232071
C4,50,C4-rules-050,2,4,223708
C4,50,C4-rules-050,2,5,227075
C4,50,C4-rules-050,2,6,226963
C4,50,C4-rules-050,2,7,224207
C4,50,C4-rules-050,2,8,240089
C4,50,C4-rules-050,2,9,240421
C4,50,C4-rules-050,2,10,238293
C4,50,C4-rules-050,2,11,241854
C4,50,C4-rules-050,2,12,243770
C4,50,C4-rules-050,2,13,241728
C4,50,C4-rules-050,2,14,240796
C4,50,C4-rules-050,2,15,249187
C4,50,C4-rules-050,2,16,238053
C4,50,C4-rules-050,2,17,240867
C4,50,C4-rules-050,2,18,240914
C4,50,C4-rules-050,2,19,246697
C4,50,C4-rules-050,2,20,244365
C4,50,C4-rules-050,2,21,242878
C4,50,C4-rules-050,2,22,239315
C4,50,C4-rules-050,2,23,242013
C4,50,C4-rules-050,2,24,246270
C4,50,C4-rules-050,2,25,238050
C4,50,C4-rules-050,2,26,242657
C4,50,C4-rules-050,2,27,241176
C4,50,C4-rules-050,2,28,241894
C4,50,C4-rules-050,2,29,242820
C4,50,C4-rules-050,2,30,240871
C4,50,C4-rules-050,2,31,238863
C4,50,C4-rules-050,2,32,241934
C4,50,C4-rules-050,2,33,240532
C4,50,C4-rules-050,2,34,241580
C4,50,C4-rules-050,2,35,247018
C4,50,C4-rules-050,2,36,241806
C4,50,C4-rules-050,2,37,239085
C4,50,C4-rules-050,2,38,241982
C4,50,C4-rules-050,2,39,244646
C4,50,C4-rules-050,2,40,248822
C4,50,C4-rules-050,2,41,241111
C4,50,C4-rules-050,2,42,241465
C4,50,C4-rules-050,2,43,239971
C4,50,C4-rules-050,2,44,239617
C4,50,C4-rules-050,2,45,241139
C4,50,C4-rules-050,2,46,241143
C4,50,C4-rules-050,2,47,241538
C4,50,C4-rules-050,2,48,240221
C4,50,C4-rules-050,2,49,239444
C4,50,C4-rules-050,2,50,240133
C4,50,C4-rules-050,2,51,246288
C4,50,C4-rules-050,2,52,241302
C4,50,C4-rules-050,2,53,239261
C4,50,C4-rules-050,2,54,241006
C4,50,C4-rules-050,2,55,240802
C4,50,C4-rules-050,2,56,240574
C4,50,C4-rules-050,2,57,241877
C4,50,C4-rules-050,2,58,242131
C4,50,C4-rules-050,2,59,238166
C4,50,C4-rules-050,2,60,242936
C4,50,C4-rules-050,2,61,244368
C4,50,C4-rules-050,2,62,239097
C4,50,C4-rules-050,2,63,253931
C4,50,C4-rules-050,2,64,242022
C4,50,C4-rules-050,2,65,238917
C4,50,C4-rules-050,2,66,242669
C4,50,C4-rules-050,2,67,241061
C4,50,C4-rules-050,2,68,251489
C4,50,C4-rules-050,2,69,242541
C4,50,C4-rules-050,2,70,242674
C4,50,C4-rules-050,2,71,238205
C4,50,C4-rules-050,2,72,251294
C4,50,C4-rules-050,2,73,242089
C4,50,C4-rules-050,2,74,237880
C4,50,C4-rules-050,2,75,243366
C4,50,C4-rules-050,2,76,241798
C4,50,C4-rules-050,2,77,240161
C4,50,C4-rules-050,2,78,243940
C4,50,C4-rules-050,2,79,250656
C4,50,C4-rules-050,2,80,238276
C4,50,C4-rules-050,2,81,243797
C4,50,C4-rules-050,2,82,258122
C4,50,C4-rules-050,2,83,248601
C4,50,C4-rules-050,2,84,258698
C4,50,C4-rules-050,2,85,245118
C4,50,C4-rules-050,2,86,240236
C4,50,C4-rules-050,2,87,241365
C4,50,C4-rules-050,2,88,241139
C4,50,C4-rules-050,2,89,238002
C4,50,C4-rules-050,2,90,241485
C4,50,C4-rules-050,2,91,240745
C4,50,C4-rules-050,2,92,237998
C4,50,C4-rules-050,2,93,242661
C4,50,C4-rules-050,2,94,241317
C4,50,C4-rules-050,2,95,237174
C4,50,C4-rules-050,2,96,253121
C4,50,C4-rules-050,2,97,241401
C4,50,C4-rules-050,2,98,242412
C4,50,C4-rules-050,2,99,265441
C4,50,C4-rules-050,2,100,253609
C4,50,C4-rules-050,3,1,265594
C4,50,C4-rules-050,3,2,263067
C4,50,C4-rules-050,3,3,240362
C4,50,C4-rules-050,3,4,249522
C4,50,C4-rules-050,3,5,257229
C4,50,C4-rules-050,3,6,240359
C4,50,C4-rules-050,3,7,242462
C4,50,C4-rules-050,3,8,236778
C4,50,C4-rules-050,3,9,238790
C4,50,C4-rules-050,3,10,242705
C4,50,C4-rules-050,3,11,249223
C4,50,C4-rules-050,3,12,263947
C4,50,C4-rules-050,3,13,241828
C4,50,C4-rules-050,3,14,252078
C4,50,C4-rules-050,3,15,245542
C4,50,C4-rules-050,3,16,252082
C4,50,C4-rules-050,3,17,238232
C4,50,C4-rules-050,3,18,240030
C4,50,C4-rules-050,3,19,239086
C4,50,C4-rules-050,3,20,238914
C4,50,C4-rules-050,3,21,242663
C4,50,C4-rules-050,3,22,241577
C4,50,C4-rules-050,3,23,266127
C4,50,C4-rules-050,3,24,248827
C4,50,C4-rules-050,3,25,242019
C4,50,C4-rules-050,3,26,240443
C4,50,C4-rules-050,3,27,242563
C4,50,C4-rules-050,3,28,249180
C4,50,C4-rules-050,3,29,238943
C4,50,C4-rules-050,3,30,242428
C4,50,C4-rules-050,3,31,253325
C4,50,C4-rules-050,3,32,244032
C4,50,C4-rules-050,3,33,237256
C4,50,C4-rules-050,3,34,229185
C4,50,C4-rules-050,3,35,237867
C4,50,C4-rules-050,3,36,224917
C4,50,C4-rules-050,3,37,223401
C4,50,C4-rules-050,3,38,225978
C4,50,C4-rules-050,3,39,224777
C4,50,C4-rules-050,3,40,226829
C4,50,C4-rules-050,3,41,224119
C4,50,C4-rules-050,3,42,224844
C4,50,C4-rules-050,3,43,225293
C4,50,C4-rules-050,3,44,221987
C4,50,C4-rules-050,3,45,225148
C4,50,C4-rules-050,3,46,239428
C4,50,C4-rules-050,3,47,225071
C4,50,C4-rules-050,3,48,223714
C4,50,C4-rules-050,3,49,233299
C4,50,C4-rules-050,3,50,227364
C4,50,C4-rules-050,3,51,222164
C4,50,C4-rules-050,3,52,223334
C4,50,C4-rules-050,3,53,227105
C4,50,C4-rules-050,3,54,223089
C4,50,C4-rules-050,3,55,226494
C4,50,C4-rules-050,3,56,228728
C4,50,C4-rules-050,3,57,226074
C4,50,C4-rules-050,3,58,223252
C4,50,C4-rules-050,3,59,223660
C4,50,C4-rules-050,3,60,225089
C4,50,C4-rules-050,3,61,228883
C4,50,C4-rules-050,3,62,228735
C4,50,C4-rules-050,3,63,221879
C4,50,C4-rules-050,3,64,223909
C4,50,C4-rules-050,3,65,225369
C4,50,C4-rules-050,3,66,220452
C4,50,C4-rules-050,3,67,241885
C4,50,C4-rules-050,3,68,226011
C4,50,C4-rules-050,3,69,223711
C4,50,C4-rules-050,3,70,227415
C4,50,C4-rules-050,3,71,224430
C4,50,C4-rules-050,3,72,224084
C4,50,C4-rules-050,3,73,230205
C4,50,C4-rules-050,3,74,227050
C4,50,C4-rules-050,3,75,230219
C4,50,C4-rules-050,3,76,225427
C4,50,C4-rules-050,3,77,222915
C4,50,C4-rules-050,3,78,222052
C4,50,C4-rules-050,3,79,223481
C4,50,C4-rules-050,3,80,224553
C4,50,C4-rules-050,3,81,223808
C4,50,C4-rules-050,3,82,226338
C4,50,C4-rules-050,3,83,225794
C4,50,C4-rules-050,3,84,233311
C4,50,C4-rules-050,3,85,228544
C4,50,C4-rules-050,3,86,222956
C4,50,C4-rules-050,3,87,221571
C4,50,C4-rules-050,3,88,223433
C4,50,C4-rules-050,3,89,227527
C4,50,C4-rules-050,3,90,221029
C4,50,C4-rules-050,3,91,223498
C4,50,C4-rules-050,3,92,223248
C4,50,C4-rules-050,3,93,226061
C4,50,C4-rules-050,3,94,224153
C4,50,C4-rules-050,3,95,224141
C4,50,C4-rules-050,3,96,224721
C4,50,C4-rules-050,3,97,222894
C4,50,C4-rules-050,3,98,223952
C4,50,C4-rules-050,3,99,226709
C4,50,C4-rules-050,3,100,222840
C4,50,C4-rules-050,4,1,242667
C4,50,C4-rules-050,4,2,230929
C4,50,C4-rules-050,4,3,224377
C4,50,C4-rules-050,4,4,224138
C4,50,C4-rules-050,4,5,223087
C4,50,C4-rules-050,4,6,223412
C4,50,C4-rules-050,4,7,223408
C4,50,C4-rules-050,4,8,225960
C4,50,C4-rules-050,4,9,224897
C4,50,C4-rules-050,4,10,226951
C4,50,C4-rules-050,4,11,226071
C4,50,C4-rules-050,4,12,224502
C4,50,C4-rules-050,4,13,229990
C4,50,C4-rules-050,4,14,226196
C4,50,C4-rules-050,4,15,222069
C4,50,C4-rules-050,4,16,224669
C4,50,C4-rules-050,4,17,226045
C4,50,C4-rules-050,4,18,226020
C4,50,C4-rules-050,4,19,238942
C4,50,C4-rules-050,4,20,223751
C4,50,C4-rules-050,4,21,221136
C4,50,C4-rules-050,4,22,224971
C4,50,C4-rules-050,4,23,224750
C4,50,C4-rules-050,4,24,223885
C4,50,C4-rules-050,4,25,225465
C4,50,C4-rules-050,4,26,224181
C4,50,C4-rules-050,4,27,220664
C4,50,C4-rules-050,4,28,224800
C4,50,C4-rules-050,4,29,223049
C4,50,C4-rules-050,4,30,220583
C4,50,C4-rules-050,4,31,223750
C4,50,C4-rules-050,4,32,224755
C4,50,C4-rules-050,4,33,221949
C4,50,C4-rules-050,4,34,225941
C4,50,C4-rules-050,4,35,225124
C4,50,C4-rules-050,4,36,227159
C4,50,C4-rules-050,4,37,232398
C4,50,C4-rules-050,4,38,226952
C4,50,C4-rules-050,4,39,224694
C4,50,C4-rules-050,4,40,227463
C4,50,C4-rules-050,4,41,228066
C4,50,C4-rules-050,4,42,237670
C4,50,C4-rules-050,4,43,228581
C4,50,C4-rules-050,4,44,226867
C4,50,C4-rules-050,4,45,242059
C4,50,C4-rules-050,4,46,233035
C4,50,C4-rules-050,4,47,225052
C4,50,C4-rules-050,4,48,223407
C4,50,C4-rules-050,4,49,222476
C4,50,C4-rules-050,4,50,224796
C4,50,C4-rules-050,4,51,224482
C4,50,C4-rules-050,4,52,223619
C4,50,C4-rules-050,4,53,222976
C4,50,C4-rules-050,4,54,239675
C4,50,C4-rules-050,4,55,223951
C4,50,C4-rules-050,4,56,228110
C4,50,C4-rules-050,4,57,235982
C4,50,C4-rules-050,4,58,224572
C4,50,C4-rules-050,4,59,224761
C4,50,C4-rules-050,4,60,233361
C4,50,C4-rules-050,4,61,223997
C4,50,C4-rules-050,4,62,225034
C4,50,C4-rules-050,4,63,224075
C4,50,C4-rules-050,4,64,223152
C4,50,C4-rules-050,4,65,222950
C4,50,C4-rules-050,4,66,225888
C4,50,C4-rules-050,4,67,225982
C4,50,C4-rules-050,4,68,228574
C4,50,C4-rules-050,4,69,224969
C4,50,C4-rules-050,4,70,247594
C4,50,C4-rules-050,4,71,258793
C4,50,C4-rules-050,4,72,264864
C4,50,C4-rules-050,4,73,242328
C4,50,C4-rules-050,4,74,244210
C4,50,C4-rules-050,4,75,239052
C4,50,C4-rules-050,4,76,246203
C4,50,C4-rules-050,4,77,248632
C4,50,C4-rules-050,4,78,234803
C4,50,C4-rules-050,4,79,236471
C4,50,C4-rules-050,4,80,244547
C4,50,C4-rules-050,4,81,261388
C4,50,C4-rules-050,4,82,238252
C4,50,C4-rules-050,4,83,248782
C4,50,C4-rules-050,4,84,239529
C4,50,C4-rules-050,4,85,237944
C4,50,C4-rules-050,4,86,242702
C4,50,C4-rules-050,4,87,248516
C4,50,C4-rules-050,4,88,237968
C4,50,C4-rules-050,4,89,239090
C4,50,C4-rules-050,4,90,240696
C4,50,C4-rules-050,4,91,240279
C4,50,C4-rules-050,4,92,229324
C4,50,C4-rules-050,4,93,233070
C4,50,C4-rules-050,4,94,225894
C4,50,C4-rules-050,4,95,232436
C4,50,C4-rules-050,4,96,226059
C4,50,C4-rules-050,4,97,226267
C4,50,C4-rules-050,4,98,226122
C4,50,C4-rules-050,4,99,225443
C4,50,C4-rules-050,4,100,223637
C4,50,C4-rules-050,5,1,234976
C4,50,C4-rules-050,5,2,225045
C4,50,C4-rules-050,5,3,227114
C4,50,C4-rules-050,5,4,241502
C4,50,C4-rules-050,5,5,225691
C4,50,C4-rules-050,5,6,224721
C4,50,C4-rules-050,5,7,221355
C4,50,C4-rules-050,5,8,224582
C4,50,C4-rules-050,5,9,235281
C4,50,C4-rules-050,5,10,226109
C4,50,C4-rules-050,5,11,234534
C4,50,C4-rules-050,5,12,227451
C4,50,C4-rules-050,5,13,225446
C4,50,C4-rules-050,5,14,224936
C4,50,C4-rules-050,5,15,223199
C4,50,C4-rules-050,5,16,222836
C4,50,C4-rules-050,5,17,224511
C4,50,C4-rules-050,5,18,226895
C4,50,C4-rules-050,5,19,223179
C4,50,C4-rules-050,5,20,225808
C4,50,C4-rules-050,5,21,235114
C4,50,C4-rules-050,5,22,228866
C4,50,C4-rules-050,5,23,224057
C4,50,C4-rules-050,5,24,224341
C4,50,C4-rules-050,5,25,224077
C4,50,C4-rules-050,5,26,233482
C4,50,C4-rules-050,5,27,231099
C4,50,C4-rules-050,5,28,226705
C4,50,C4-rules-050,5,29,224908
C4,50,C4-rules-050,5,30,224516
C4,50,C4-rules-050,5,31,224450
C4,50,C4-rules-050,5,32,225790
C4,50,C4-rules-050,5,33,227351
C4,50,C4-rules-050,5,34,222072
C4,50,C4-rules-050,5,35,227097
C4,50,C4-rules-050,5,36,225270
C4,50,C4-rules-050,5,37,223411
C4,50,C4-rules-050,5,38,223625
C4,50,C4-rules-050,5,39,236184
C4,50,C4-rules-050,5,40,222788
C4,50,C4-rules-050,5,41,219067
C4,50,C4-rules-050,5,42,222215
C4,50,C4-rules-050,5,43,224992
C4,50,C4-rules-050,5,44,220967
C4,50,C4-rules-050,5,45,226185
C4,50,C4-rules-050,5,46,223117
C4,50,C4-rules-050,5,47,222386
C4,50,C4-rules-050,5,48,223321
C4,50,C4-rules-050,5,49,225574
C4,50,C4-rules-050,5,50,223021
C4,50,C4-rules-050,5,51,232542
C4,50,C4-rules-050,5,52,225384
C4,50,C4-rules-050,5,53,220358
C4,50,C4-rules-050,5,54,224092
C4,50,C4-rules-050,5,55,224412
C4,50,C4-rules-050,5,56,235888
C4,50,C4-rules-050,5,57,236600
C4,50,C4-rules-050,5,58,227043
C4,50,C4-rules-050,5,59,225019
C4,50,C4-rules-050,5,60,224747
C4,50,C4-rules-050,5,61,227228
C4,50,C4-rules-050,5,62,221331
C4,50,C4-rules-050,5,63,224727
C4,50,C4-rules-050,5,64,223014
C4,50,C4-rules-050,5,65,220967
C4,50,C4-rules-050,5,66,224220
C4,50,C4-rules-050,5,67,230874
C4,50,C4-rules-050,5,68,223720
C4,50,C4-rules-050,5,69,225300
C4,50,C4-rules-050,5,70,226918
C4,50,C4-rules-050,5,71,221967
C4,50,C4-rules-050,5,72,224681
C4,50,C4-rules-050,5,73,223384
C4,50,C4-rules-050,5,74,236159
C4,50,C4-rules-050,5,75,223721
C4,50,C4-rules-050,5,76,223424
C4,50,C4-rules-050,5,77,223236
C4,50,C4-rules-050,5,78,225510
C4,50,C4-rules-050,5,79,224366
C4,50,C4-rules-050,5,80,221867
C4,50,C4-rules-050,5,81,223994
C4,50,C4-rules-050,5,82,227749
C4,50,C4-rules-050,5,83,225570
C4,50,C4-rules-050,5,84,224093
C4,50,C4-rules-050,5,85,221513
C4,50,C4-rules-050,5,86,223158
C4,50,C4-rules-050,5,87,220514
C4,50,C4-rules-050,5,88,224222
C4,50,C4-rules-050,5,89,224183
C4,50,C4-rules-050,5,90,221998
C4,50,C4-rules-050,5,91,230653
C4,50,C4-rules-050,5,92,243644
C4,50,C4-rules-050,5,93,224561
C4,50,C4-rules-050,5,94,224154
C4,50,C4-rules-050,5,95,224852
C4,50,C4-rules-050,5,96,221034
C4,50,C4-rules-050,5,97,224705
C4,50,C4-rules-050,5,98,222941
C4,50,C4-rules-050,5,99,220142
C4,50,C4-rules-050,5,100,222999
C4,50,C4-rules-050,6,1,239731
C4,50,C4-rules-050,6,2,234833
C4,50,C4-rules-050,6,3,226264
C4,50,C4-rules-050,6,4,224684
C4,50,C4-rules-050,6,5,233606
C4,50,C4-rules-050,6,6,228199
C4,50,C4-rules-050,6,7,225945
C4,50,C4-rules-050,6,8,228342
C4,50,C4-rules-050,6,9,222668
C4,50,C4-rules-050,6,10,228729
C4,50,C4-rules-050,6,11,222339
C4,50,C4-rules-050,6,12,223940
C4,50,C4-rules-050,6,13,224720
C4,50,C4-rules-050,6,14,225750
C4,50,C4-rules-050,6,15,228075
C4,50,C4-rules-050,6,16,226174
C4,50,C4-rules-050,6,17,222641
C4,50,C4-rules-050,6,18,225725
C4,50,C4-rules-050,6,19,225764
C4,50,C4-rules-050,6,20,223612
C4,50,C4-rules-050,6,21,225191
C4,50,C4-rules-050,6,22,233535
C4,50,C4-rules-050,6,23,230948
C4,50,C4-rules-050,6,24,226392
C4,50,C4-rules-050,6,25,225437
C4,50,C4-rules-050,6,26,240890
C4,50,C4-rules-050,6,27,237543
C4,50,C4-rules-050,6,28,237659
C4,50,C4-rules-050,6,29,229775
C4,50,C4-rules-050,6,30,226250
C4,50,C4-rules-050,6,31,225603
C4,50,C4-rules-050,6,32,229476
C4,50,C4-rules-050,6,33,228231
C4,50,C4-rules-050,6,34,224173
C4,50,C4-rules-050,6,35,224321
C4,50,C4-rules-050,6,36,221445
C4,50,C4-rules-050,6,37,233961
C4,50,C4-rules-050,6,38,236923
C4,50,C4-rules-050,6,39,223872
C4,50,C4-rules-050,6,40,222702
C4,50,C4-rules-050,6,41,224862
C4,50,C4-rules-050,6,42,223595
C4,50,C4-rules-050,6,43,236950
C4,50,C4-rules-050,6,44,245266
C4,50,C4-rules-050,6,45,253434
C4,50,C4-rules-050,6,46,247802
C4,50,C4-rules-050,6,47,250416
C4,50,C4-rules-050,6,48,241916
C4,50,C4-rules-050,6,49,239131
C4,50,C4-rules-050,6,50,240548
C4,50,C4-rules-050,6,51,256971
C4,50,C4-rules-050,6,52,249542
C4,50,C4-rules-050,6,53,258737
C4,50,C4-rules-050,6,54,237274
C4,50,C4-rules-050,6,55,241401
C4,50,C4-rules-050,6,56,238818
C4,50,C4-rules-050,6,57,238018
C4,50,C4-rules-050,6,58,248859
C4,50,C4-rules-050,6,59,262384
C4,50,C4-rules-050,6,60,242906
C4,50,C4-rules-050,6,61,256540
C4,50,C4-rules-050,6,62,242337
C4,50,C4-rules-050,6,63,245552
C4,50,C4-rules-050,6,64,236416
C4,50,C4-rules-050,6,65,230977
C4,50,C4-rules-050,6,66,223216
C4,50,C4-rules-050,6,67,223698
C4,50,C4-rules-050,6,68,224712
C4,50,C4-rules-050,6,69,222845
C4,50,C4-rules-050,6,70,225737
C4,50,C4-rules-050,6,71,222894
C4,50,C4-rules-050,6,72,219118
C4,50,C4-rules-050,6,73,223063
C4,50,C4-rules-050,6,74,234975
C4,50,C4-rules-050,6,75,226968
C4,50,C4-rules-050,6,76,240508
C4,50,C4-rules-050,6,77,226967
C4,50,C4-rules-050,6,78,226297
C4,50,C4-rules-050,6,79,228875
C4,50,C4-rules-050,6,80,227169
C4,50,C4-rules-050,6,81,218318
C4,50,C4-rules-050,6,82,221409
C4,50,C4-rules-050,6,83,221393
C4,50,C4-rules-050,6,84,222860
C4,50,C4-rules-050,6,85,221570
C4,50,C4-rules-050,6,86,221833
C4,50,C4-rules-050,6,87,222808
C4,50,C4-rules-050,6,88,219242
C4,50,C4-rules-050,6,89,221425
C4,50,C4-rules-050,6,90,223356
C4,50,C4-rules-050,6,91,220294
C4,50,C4-rules-050,6,92,222057
C4,50,C4-rules-050,6,93,221246
C4,50,C4-rules-050,6,94,234287
C4,50,C4-rules-050,6,95,221295
C4,50,C4-rules-050,6,96,228188
C4,50,C4-rules-050,6,97,221823
C4,50,C4-rules-050,6,98,222120
C4,50,C4-rules-050,6,99,231427
C4,50,C4-rules-050,6,100,220846
C4,50,C4-rules-050,7,1,234451
C4,50,C4-rules-050,7,2,223440
C4,50,C4-rules-050,7,3,220285
C4,50,C4-rules-050,7,4,223935
C4,50,C4-rules-050,7,5,222658
C4,50,C4-rules-050,7,6,220684
C4,50,C4-rules-050,7,7,223085
C4,50,C4-rules-050,7,8,225204
C4,50,C4-rules-050,7,9,220966
C4,50,C4-rules-050,7,10,231716
C4,50,C4-rules-050,7,11,238765
C4,50,C4-rules-050,7,12,222970
C4,50,C4-rules-050,7,13,227519
C4,50,C4-rules-050,7,14,224447
C4,50,C4-rules-050,7,15,218509
C4,50,C4-rules-050,7,16,221947
C4,50,C4-rules-050,7,17,220355
C4,50,C4-rules-050,7,18,221450
C4,50,C4-rules-050,7,19,223980
C4,50,C4-rules-050,7,20,224893
C4,50,C4-rules-050,7,21,220762
C4,50,C4-rules-050,7,22,222476
C4,50,C4-rules-050,7,23,223381
C4,50,C4-rules-050,7,24,222699
C4,50,C4-rules-050,7,25,222553
C4,50,C4-rules-050,7,26,220929
C4,50,C4-rules-050,7,27,218817
C4,50,C4-rules-050,7,28,223751
C4,50,C4-rules-050,7,29,231280
C4,50,C4-rules-050,7,30,222500
C4,50,C4-rules-050,7,31,225872
C4,50,C4-rules-050,7,32,222800
C4,50,C4-rules-050,7,33,220985
C4,50,C4-rules-050,7,34,217858
C4,50,C4-rules-050,7,35,220695
C4,50,C4-rules-050,7,36,221296
C4,50,C4-rules-050,7,37,219613
C4,50,C4-rules-050,7,38,223153
C4,50,C4-rules-050,7,39,226328
C4,50,C4-rules-050,7,40,222783
C4,50,C4-rules-050,7,41,220718
C4,50,C4-rules-050,7,42,223683
C4,50,C4-rules-050,7,43,220730
C4,50,C4-rules-050,7,44,221599
C4,50,C4-rules-050,7,45,222911
C4,50,C4-rules-050,7,46,224568
C4,50,C4-rules-050,7,47,227720
C4,50,C4-rules-050,7,48,234241
C4,50,C4-rules-050,7,49,223004
C4,50,C4-rules-050,7,50,230563
C4,50,C4-rules-050,7,51,230146
C4,50,C4-rules-050,7,52,220529
C4,50,C4-rules-050,7,53,221769
C4,50,C4-rules-050,7,54,222595
C4,50,C4-rules-050,7,55,220191
C4,50,C4-rules-050,7,56,223661
C4,50,C4-rules-050,7,57,222626
C4,50,C4-rules-050,7,58,237341
C4,50,C4-rules-050,7,59,226158
C4,50,C4-rules-050,7,60,221290
C4,50,C4-rules-050,7,61,230289
C4,50,C4-rules-050,7,62,229474
C4,50,C4-rules-050,7,63,225605
C4,50,C4-rules-050,7,64,236427
C4,50,C4-rules-050,7,65,226608
C4,50,C4-rules-050,7,66,224896
C4,50,C4-rules-050,7,67,227362
C4,50,C4-rules-050,7,68,224300
C4,50,C4-rules-050,7,69,224241
C4,50,C4-rules-050,7,70,222594
C4,50,C4-rules-050,7,71,231735
C4,50,C4-rules-050,7,72,227205
C4,50,C4-rules-050,7,73,225253
C4,50,C4-rules-050,7,74,236027
C4,50,C4-rules-050,7,75,226184
C4,50,C4-rules-050,7,76,229914
C4,50,C4-rules-050,7,77,223233
C4,50,C4-rules-050,7,78,222863
C4,50,C4-rules-050,7,79,219997
C4,50,C4-rules-050,7,80,222647
C4,50,C4-rules-050,7,81,229663
C4,50,C4-rules-050,7,82,219327
C4,50,C4-rules-050,7,83,239563
C4,50,C4-rules-050,7,84,257765
C4,50,C4-rules-050,7,85,222708
C4,50,C4-rules-050,7,86,219703
C4,50,C4-rules-050,7,87,222175
C4,50,C4-rules-050,7,88,222540
C4,50,C4-rules-050,7,89,218183
C4,50,C4-rules-050,7,90,221314
C4,50,C4-rules-050,7,91,223700
C4,50,C4-rules-050,7,92,220280
C4,50,C4-rules-050,7,93,222603
C4,50,C4-rules-050,7,94,221291
C4,50,C4-rules-050,7,95,220375
C4,50,C4-rules-050,7,96,222936
C4,50,C4-rules-050,7,97,220918
C4,50,C4-rules-050,7,98,220842
C4,50,C4-rules-050,7,99,238092
C4,50,C4-rules-050,7,100,223405
C4,50,C4-rules-050,8,1,231033
C4,50,C4-rules-050,8,2,225771
C4,50,C4-rules-050,8,3,222893
C4,50,C4-rules-050,8,4,218894
C4,50,C4-rules-050,8,5,223953
C4,50,C4-rules-050,8,6,223990
C4,50,C4-rules-050,8,7,221204
C4,50,C4-rules-050,8,8,224966
C4,50,C4-rules-050,8,9,222613
C4,50,C4-rules-050,8,10,219193
C4,50,C4-rules-050,8,11,223592
C4,50,C4-rules-050,8,12,344171
C4,50,C4-rules-050,8,13,242842
C4,50,C4-rules-050,8,14,227087
C4,50,C4-rules-050,8,15,231575
C4,50,C4-rules-050,8,16,230647
C4,50,C4-rules-050,8,17,1957870
C4,50,C4-rules-050,8,18,315024
C4,50,C4-rules-050,8,19,241065
C4,50,C4-rules-050,8,20,234999
C4,50,C4-rules-050,8,21,231116
C4,50,C4-rules-050,8,22,223667
C4,50,C4-rules-050,8,23,224500
C4,50,C4-rules-050,8,24,230338
C4,50,C4-rules-050,8,25,247070
C4,50,C4-rules-050,8,26,228539
C4,50,C4-rules-050,8,27,229670
C4,50,C4-rules-050,8,28,226610
C4,50,C4-rules-050,8,29,230369
C4,50,C4-rules-050,8,30,224278
C4,50,C4-rules-050,8,31,224327
C4,50,C4-rules-050,8,32,223669
C4,50,C4-rules-050,8,33,225023
C4,50,C4-rules-050,8,34,223171
C4,50,C4-rules-050,8,35,223517
C4,50,C4-rules-050,8,36,223466
C4,50,C4-rules-050,8,37,224137
C4,50,C4-rules-050,8,38,231443
C4,50,C4-rules-050,8,39,224972
C4,50,C4-rules-050,8,40,226083
C4,50,C4-rules-050,8,41,224026
C4,50,C4-rules-050,8,42,239057
C4,50,C4-rules-050,8,43,228744
C4,50,C4-rules-050,8,44,221450
C4,50,C4-rules-050,8,45,224879
C4,50,C4-rules-050,8,46,223164
C4,50,C4-rules-050,8,47,222276
C4,50,C4-rules-050,8,48,223677
C4,50,C4-rules-050,8,49,228480
C4,50,C4-rules-050,8,50,223034
C4,50,C4-rules-050,8,51,224340
C4,50,C4-rules-050,8,52,224790
C4,50,C4-rules-050,8,53,221259
C4,50,C4-rules-050,8,54,223691
C4,50,C4-rules-050,8,55,224032
C4,50,C4-rules-050,8,56,223522
C4,50,C4-rules-050,8,57,231706
C4,50,C4-rules-050,8,58,231565
C4,50,C4-rules-050,8,59,224561
C4,50,C4-rules-050,8,60,237541
C4,50,C4-rules-050,8,61,250514
C4,50,C4-rules-050,8,62,223657
C4,50,C4-rules-050,8,63,223201
C4,50,C4-rules-050,8,64,223393
C4,50,C4-rules-050,8,65,220158
C4,50,C4-rules-050,8,66,237933
C4,50,C4-rules-050,8,67,230999
C4,50,C4-rules-050,8,68,219429
C4,50,C4-rules-050,8,69,223624
C4,50,C4-rules-050,8,70,223768
C4,50,C4-rules-050,8,71,219955
C4,50,C4-rules-050,8,72,225334
C4,50,C4-rules-050,8,73,225280
C4,50,C4-rules-050,8,74,223097
C4,50,C4-rules-050,8,75,224026
C4,50,C4-rules-050,8,76,225744
C4,50,C4-rules-050,8,77,231162
C4,50,C4-rules-050,8,78,226978
C4,50,C4-rules-050,8,79,222398
C4,50,C4-rules-050,8,80,221251
C4,50,C4-rules-050,8,81,224804
C4,50,C4-rules-050,8,82,224437
C4,50,C4-rules-050,8,83,226670
C4,50,C4-rules-050,8,84,220602
C4,50,C4-rules-050,8,85,222305
C4,50,C4-rules-050,8,86,237168
C4,50,C4-rules-050,8,87,225275
C4,50,C4-rules-050,8,88,225058
C4,50,C4-rules-050,8,89,233116
C4,50,C4-rules-050,8,90,224978
C4,50,C4-rules-050,8,91,224273
C4,50,C4-rules-050,8,92,224136
C4,50,C4-rules-050,8,93,224549
C4,50,C4-rules-050,8,94,233359
C4,50,C4-rules-050,8,95,233726
C4,50,C4-rules-050,8,96,226834
C4,50,C4-rules-050,8,97,224357
C4,50,C4-rules-050,8,98,223184
C4,50,C4-rules-050,8,99,221598
C4,50,C4-rules-050,8,100,227272
C5,250,C5-rules-250,1,1,1549200
C5,250,C5-rules-250,1,2,1574934
C5,250,C5-rules-250,1,3,1565954
C5,250,C5-rules-250,1,4,1439317
C5,250,C5-rules-250,1,5,1386907
C5,250,C5-rules-250,1,6,1371662
C5,250,C5-rules-250,1,7,1387464
C5,250,C5-rules-250,1,8,1371156
C5,250,C5-rules-250,1,9,1424379
C5,250,C5-rules-250,1,10,1354609
C5,250,C5-rules-250,1,11,1356921
C5,250,C5-rules-250,1,12,1390697
C5,250,C5-rules-250,1,13,1339561
C5,250,C5-rules-250,1,14,1308894
C5,250,C5-rules-250,1,15,1340075
C5,250,C5-rules-250,1,16,1320866
C5,250,C5-rules-250,1,17,1317215
C5,250,C5-rules-250,1,18,1328310
C5,250,C5-rules-250,1,19,1340034
C5,250,C5-rules-250,1,20,1351631
C5,250,C5-rules-250,1,21,1355728
C5,250,C5-rules-250,1,22,1359541
C5,250,C5-rules-250,1,23,1334789
C5,250,C5-rules-250,1,24,1397680
C5,250,C5-rules-250,1,25,1480955
C5,250,C5-rules-250,1,26,1329430
C5,250,C5-rules-250,1,27,1337874
C5,250,C5-rules-250,1,28,1301961
C5,250,C5-rules-250,1,29,1312962
C5,250,C5-rules-250,1,30,1298912
C5,250,C5-rules-250,1,31,1296773
C5,250,C5-rules-250,1,32,1287475
C5,250,C5-rules-250,1,33,1351187
C5,250,C5-rules-250,1,34,1408749
C5,250,C5-rules-250,1,35,1333576
C5,250,C5-rules-250,1,36,1336825
C5,250,C5-rules-250,1,37,1297158
C5,250,C5-rules-250,1,38,1293097
C5,250,C5-rules-250,1,39,1331840
C5,250,C5-rules-250,1,40,1305403
C5,250,C5-rules-250,1,41,1307049
C5,250,C5-rules-250,1,42,1344728
C5,250,C5-rules-250,1,43,1311737
C5,250,C5-rules-250,1,44,1285598
C5,250,C5-rules-250,1,45,1314281
C5,250,C5-rules-250,1,46,1351809
C5,250,C5-rules-250,1,47,1308054
C5,250,C5-rules-250,1,48,1297953
C5,250,C5-rules-250,1,49,1313814
C5,250,C5-rules-250,1,50,1326300
C5,250,C5-rules-250,1,51,1334415
C5,250,C5-rules-250,1,52,1319733
C5,250,C5-rules-250,1,53,1309265
C5,250,C5-rules-250,1,54,1301386
C5,250,C5-rules-250,1,55,1294450
C5,250,C5-rules-250,1,56,1285237
C5,250,C5-rules-250,1,57,1305146
C5,250,C5-rules-250,1,58,1303930
C5,250,C5-rules-250,1,59,1278298
C5,250,C5-rules-250,1,60,1312095
C5,250,C5-rules-250,1,61,1284327
C5,250,C5-rules-250,1,62,1281432
C5,250,C5-rules-250,1,63,1296481
C5,250,C5-rules-250,1,64,1319298
C5,250,C5-rules-250,1,65,1284188
C5,250,C5-rules-250,1,66,1302696
C5,250,C5-rules-250,1,67,1288080
C5,250,C5-rules-250,1,68,1283152
C5,250,C5-rules-250,1,69,1297572
C5,250,C5-rules-250,1,70,1291611
C5,250,C5-rules-250,1,71,1276430
C5,250,C5-rules-250,1,72,1286513
C5,250,C5-rules-250,1,73,1292417
C5,250,C5-rules-250,1,74,1277018
C5,250,C5-rules-250,1,75,1274419
C5,250,C5-rules-250,1,76,1287694
C5,250,C5-rules-250,1,77,1313023
C5,250,C5-rules-250,1,78,1329171
C5,250,C5-rules-250,1,79,1343644
C5,250,C5-rules-250,1,80,1288843
C5,250,C5-rules-250,1,81,1283551
C5,250,C5-rules-250,1,82,1291673
C5,250,C5-rules-250,1,83,5402507
C5,250,C5-rules-250,1,84,1397105
C5,250,C5-rules-250,1,85,1334242
C5,250,C5-rules-250,1,86,1323442
C5,250,C5-rules-250,1,87,1307699
C5,250,C5-rules-250,1,88,1297069
C5,250,C5-rules-250,1,89,1289662
C5,250,C5-rules-250,1,90,1320413
C5,250,C5-rules-250,1,91,1296997
C5,250,C5-rules-250,1,92,1292849
C5,250,C5-rules-250,1,93,1273312
C5,250,C5-rules-250,1,94,1289941
C5,250,C5-rules-250,1,95,1279005
C5,250,C5-rules-250,1,96,1281789
C5,250,C5-rules-250,1,97,1296676
C5,250,C5-rules-250,1,98,1290744
C5,250,C5-rules-250,1,99,1445799
C5,250,C5-rules-250,1,100,1434244
C5,250,C5-rules-250,2,1,1377339
C5,250,C5-rules-250,2,2,1337967
C5,250,C5-rules-250,2,3,1310846
C5,250,C5-rules-250,2,4,1314289
C5,250,C5-rules-250,2,5,1325153
C5,250,C5-rules-250,2,6,1305008
C5,250,C5-rules-250,2,7,1296719
C5,250,C5-rules-250,2,8,1351096
C5,250,C5-rules-250,2,9,1315891
C5,250,C5-rules-250,2,10,1306213
C5,250,C5-rules-250,2,11,1324175
C5,250,C5-rules-250,2,12,1355778
C5,250,C5-rules-250,2,13,1305250
C5,250,C5-rules-250,2,14,1302506
C5,250,C5-rules-250,2,15,1321701
C5,250,C5-rules-250,2,16,1308301
C5,250,C5-rules-250,2,17,1290897
C5,250,C5-rules-250,2,18,1298322
C5,250,C5-rules-250,2,19,1296131
C5,250,C5-rules-250,2,20,1276359
C5,250,C5-rules-250,2,21,1305266
C5,250,C5-rules-250,2,22,1301390
C5,250,C5-rules-250,2,23,1295871
C5,250,C5-rules-250,2,24,1288212
C5,250,C5-rules-250,2,25,1273235
C5,250,C5-rules-250,2,26,1310396
C5,250,C5-rules-250,2,27,1304884
C5,250,C5-rules-250,2,28,1276425
C5,250,C5-rules-250,2,29,1294567
C5,250,C5-rules-250,2,30,1280159
C5,250,C5-rules-250,2,31,1286498
C5,250,C5-rules-250,2,32,1275800
C5,250,C5-rules-250,2,33,1295838
C5,250,C5-rules-250,2,34,1272525
C5,250,C5-rules-250,2,35,1277058
C5,250,C5-rules-250,2,36,1281366
C5,250,C5-rules-250,2,37,1279894
C5,250,C5-rules-250,2,38,1272533
C5,250,C5-rules-250,2,39,1298308
C5,250,C5-rules-250,2,40,1291962
C5,250,C5-rules-250,2,41,1268165
C5,250,C5-rules-250,2,42,1306309
C5,250,C5-rules-250,2,43,1290321
C5,250,C5-rules-250,2,44,1301625
C5,250,C5-rules-250,2,45,1298536
C5,250,C5-rules-250,2,46,1282047
C5,250,C5-rules-250,2,47,1286588
C5,250,C5-rules-250,2,48,1267800
C5,250,C5-rules-250,2,49,1276293
C5,250,C5-rules-250,2,50,1279084
C5,250,C5-rules-250,2,51,1279717
C5,250,C5-rules-250,2,52,1294472
C5,250,C5-rules-250,2,53,1282118
C5,250,C5-rules-250,2,54,1274466
C5,250,C5-rules-250,2,55,1307520
C5,250,C5-rules-250,2,56,1286318
C5,250,C5-rules-250,2,57,1284414
C5,250,C5-rules-250,2,58,1306478
C5,250,C5-rules-250,2,59,1272890
C5,250,C5-rules-250,2,60,1302697
C5,250,C5-rules-250,2,61,1298703
C5,250,C5-rules-250,2,62,1296262
C5,250,C5-rules-250,2,63,1282830
C5,250,C5-rules-250,2,64,1287219
C5,250,C5-rules-250,2,65,1275494
C5,250,C5-rules-250,2,66,1276861
C5,250,C5-rules-250,2,67,1306443
C5,250,C5-rules-250,2,68,1285454
C5,250,C5-rules-250,2,69,1286089
C5,250,C5-rules-250,2,70,1304819
C5,250,C5-rules-250,2,71,1280097
C5,250,C5-rules-250,2,72,1270763
C5,250,C5-rules-250,2,73,1289511
C5,250,C5-rules-250,2,74,1288458
C5,250,C5-rules-250,2,75,1309554
C5,250,C5-rules-250,2,76,1285722
C5,250,C5-rules-250,2,77,1329024
C5,250,C5-rules-250,2,78,1343124
C5,250,C5-rules-250,2,79,1359569
C5,250,C5-rules-250,2,80,1340260
C5,250,C5-rules-250,2,81,1288297
C5,250,C5-rules-250,2,82,1309996
C5,250,C5-rules-250,2,83,1287776
C5,250,C5-rules-250,2,84,1279346
C5,250,C5-rules-250,2,85,1311764
C5,250,C5-rules-250,2,86,1308853
C5,250,C5-rules-250,2,87,1295471
C5,250,C5-rules-250,2,88,1285692
C5,250,C5-rules-250,2,89,1308828
C5,250,C5-rules-250,2,90,1285683
C5,250,C5-rules-250,2,91,1332021
C5,250,C5-rules-250,2,92,1302838
C5,250,C5-rules-250,2,93,1284927
C5,250,C5-rules-250,2,94,1293030
C5,250,C5-rules-250,2,95,1302000
C5,250,C5-rules-250,2,96,1303521
C5,250,C5-rules-250,2,97,1272055
C5,250,C5-rules-250,2,98,4978458
C5,250,C5-rules-250,2,99,1493659
C5,250,C5-rules-250,2,100,1340281
C5,250,C5-rules-250,3,1,1335396
C5,250,C5-rules-250,3,2,1296109
C5,250,C5-rules-250,3,3,1285120
C5,250,C5-rules-250,3,4,1296861
C5,250,C5-rules-250,3,5,1278027
C5,250,C5-rules-250,3,6,1293049
C5,250,C5-rules-250,3,7,1319494
C5,250,C5-rules-250,3,8,1270618
C5,250,C5-rules-250,3,9,1276328
C5,250,C5-rules-250,3,10,1304674
C5,250,C5-rules-250,3,11,1311911
C5,250,C5-rules-250,3,12,1278495
C5,250,C5-rules-250,3,13,1313556
C5,250,C5-rules-250,3,14,1286249
C5,250,C5-rules-250,3,15,1279696
C5,250,C5-rules-250,3,16,1298796
C5,250,C5-rules-250,3,17,1285439
C5,250,C5-rules-250,3,18,1289989
C5,250,C5-rules-250,3,19,1309571
C5,250,C5-rules-250,3,20,1296846
C5,250,C5-rules-250,3,21,1290053
C5,250,C5-rules-250,3,22,1284588
C5,250,C5-rules-250,3,23,1305051
C5,250,C5-rules-250,3,24,1286190
C5,250,C5-rules-250,3,25,1291814
C5,250,C5-rules-250,3,26,1346229
C5,250,C5-rules-250,3,27,1708156
C5,250,C5-rules-250,3,28,1476384
C5,250,C5-rules-250,3,29,1455081
C5,250,C5-rules-250,3,30,1412850
C5,250,C5-rules-250,3,31,1451484
C5,250,C5-rules-250,3,32,1438932
C5,250,C5-rules-250,3,33,1477835
C5,250,C5-rules-250,3,34,1464963
C5,250,C5-rules-250,3,35,1421878
C5,250,C5-rules-250,3,36,1439702
C5,250,C5-rules-250,3,37,1448027
C5,250,C5-rules-250,3,38,1505934
C5,250,C5-rules-250,3,39,1361413
C5,250,C5-rules-250,3,40,1336022
C5,250,C5-rules-250,3,41,1316354
C5,250,C5-rules-250,3,42,1353485
C5,250,C5-rules-250,3,43,1328701
C5,250,C5-rules-250,3,44,1321569
C5,250,C5-rules-250,3,45,1359381
C5,250,C5-rules-250,3,46,1313740
C5,250,C5-rules-250,3,47,1326668
C5,250,C5-rules-250,3,48,1354877
C5,250,C5-rules-250,3,49,1320047
C5,250,C5-rules-250,3,50,1322296
C5,250,C5-rules-250,3,51,1352976
C5,250,C5-rules-250,3,52,1331123
C5,250,C5-rules-250,3,53,1369543
C5,250,C5-rules-250,3,54,1423489
C5,250,C5-rules-250,3,55,1362536
C5,250,C5-rules-250,3,56,1361527
C5,250,C5-rules-250,3,57,1375187
C5,250,C5-rules-250,3,58,1348156
C5,250,C5-rules-250,3,59,1349235
C5,250,C5-rules-250,3,60,1370167
C5,250,C5-rules-250,3,61,1324154
C5,250,C5-rules-250,3,62,1354981
C5,250,C5-rules-250,3,63,1352653
C5,250,C5-rules-250,3,64,1342860
C5,250,C5-rules-250,3,65,1322560
C5,250,C5-rules-250,3,66,1367900
C5,250,C5-rules-250,3,67,1340579
C5,250,C5-rules-250,3,68,1335779
C5,250,C5-rules-250,3,69,1336080
C5,250,C5-rules-250,3,70,1327499
C5,250,C5-rules-250,3,71,1353407
C5,250,C5-rules-250,3,72,1391387
C5,250,C5-rules-250,3,73,1357014
C5,250,C5-rules-250,3,74,1325225
C5,250,C5-rules-250,3,75,1349205
C5,250,C5-rules-250,3,76,1351718
C5,250,C5-rules-250,3,77,1334592
C5,250,C5-rules-250,3,78,1354735
C5,250,C5-rules-250,3,79,1320712
C5,250,C5-rules-250,3,80,1307711
C5,250,C5-rules-250,3,81,1347226
C5,250,C5-rules-250,3,82,1332355
C5,250,C5-rules-250,3,83,1358940
C5,250,C5-rules-250,3,84,1387454
C5,250,C5-rules-250,3,85,1370086
C5,250,C5-rules-250,3,86,1293352
C5,250,C5-rules-250,3,87,1306293
C5,250,C5-rules-250,3,88,1277901
C5,250,C5-rules-250,3,89,1293913
C5,250,C5-rules-250,3,90,1323261
C5,250,C5-rules-250,3,91,1274742
C5,250,C5-rules-250,3,92,1278659
C5,250,C5-rules-250,3,93,1297115
C5,250,C5-rules-250,3,94,1296016
C5,250,C5-rules-250,3,95,1278281
C5,250,C5-rules-250,3,96,1288615
C5,250,C5-rules-250,3,97,1286385
C5,250,C5-rules-250,3,98,1280452
C5,250,C5-rules-250,3,99,1304664
C5,250,C5-rules-250,3,100,1285963
C5,250,C5-rules-250,4,1,1303910
C5,250,C5-rules-250,4,2,1301427
C5,250,C5-rules-250,4,3,1290061
C5,250,C5-rules-250,4,4,1316549
C5,250,C5-rules-250,4,5,1302534
C5,250,C5-rules-250,4,6,1278521
C5,250,C5-rules-250,4,7,1297879
C5,250,C5-rules-250,4,8,1311984
C5,250,C5-rules-250,4,9,1297544
C5,250,C5-rules-250,4,10,1300907
C5,250,C5-rules-250,4,11,1291639
C5,250,C5-rules-250,4,12,1282982
C5,250,C5-rules-250,4,13,4899644
C5,250,C5-rules-250,4,14,1541471
C5,250,C5-rules-250,4,15,1363574
C5,250,C5-rules-250,4,16,1295140
C5,250,C5-rules-250,4,17,1317084
C5,250,C5-rules-250,4,18,1305077
C5,250,C5-rules-250,4,19,1291456
C5,250,C5-rules-250,4,20,1322215
C5,250,C5-rules-250,4,21,1276462
C5,250,C5-rules-250,4,22,1294461
C5,250,C5-rules-250,4,23,1341517
C5,250,C5-rules-250,4,24,1330949
C5,250,C5-rules-250,4,25,1303941
C5,250,C5-rules-250,4,26,1298030
C5,250,C5-rules-250,4,27,1288296
C5,250,C5-rules-250,4,28,1291981
C5,250,C5-rules-250,4,29,1282591
C5,250,C5-rules-250,4,30,1298541
C5,250,C5-rules-250,4,31,1286546
C5,250,C5-rules-250,4,32,1293777
C5,250,C5-rules-250,4,33,1298232
C5,250,C5-rules-250,4,34,1289444
C5,250,C5-rules-250,4,35,1294632
C5,250,C5-rules-250,4,36,1298467
C5,250,C5-rules-250,4,37,1279266
C5,250,C5-rules-250,4,38,1296249
C5,250,C5-rules-250,4,39,1313230
C5,250,C5-rules-250,4,40,1283371
C5,250,C5-rules-250,4,41,1286825
C5,250,C5-rules-250,4,42,1289784
C5,250,C5-rules-250,4,43,1290498
C5,250,C5-rules-250,4,44,1278718
C5,250,C5-rules-250,4,45,1331341
C5,250,C5-rules-250,4,46,1300976
C5,250,C5-rules-250,4,47,1343749
C5,250,C5-rules-250,4,48,1373326
C5,250,C5-rules-250,4,49,1305970
C5,250,C5-rules-250,4,50,1323511
C5,250,C5-rules-250,4,51,1336882
C5,250,C5-rules-250,4,52,1309463
C5,250,C5-rules-250,4,53,1308838
C5,250,C5-rules-250,4,54,1319661
C5,250,C5-rules-250,4,55,1297616
C5,250,C5-rules-250,4,56,1317407
C5,250,C5-rules-250,4,57,1329630
C5,250,C5-rules-250,4,58,1316404
C5,250,C5-rules-250,4,59,1369346
C5,250,C5-rules-250,4,60,1351888
C5,250,C5-rules-250,4,61,1337688
C5,250,C5-rules-250,4,62,1308724
C5,250,C5-rules-250,4,63,1313092
C5,250,C5-rules-250,4,64,1287769
C5,250,C5-rules-250,4,65,1302828
C5,250,C5-rules-250,4,66,1311126
C5,250,C5-rules-250,4,67,1290610
C5,250,C5-rules-250,4,68,1337552
C5,250,C5-rules-250,4,69,1306109
C5,250,C5-rules-250,4,70,1281822
C5,250,C5-rules-250,4,71,1298607
C5,250,C5-rules-250,4,72,1296684
C5,250,C5-rules-250,4,73,1276145
C5,250,C5-rules-250,4,74,1284414
C5,250,C5-rules-250,4,75,1300101
C5,250,C5-rules-250,4,76,1292497
C5,250,C5-rules-250,4,77,1294549
C5,250,C5-rules-250,4,78,1320068
C5,250,C5-rules-250,4,79,1319196
C5,250,C5-rules-250,4,80,1289003
C5,250,C5-rules-250,4,81,1303173
C5,250,C5-rules-250,4,82,1308538
C5,250,C5-rules-250,4,83,1304518
C5,250,C5-rules-250,4,84,1300198
C5,250,C5-rules-250,4,85,1289126
C5,250,C5-rules-250,4,86,1297553
C5,250,C5-rules-250,4,87,1296669
C5,250,C5-rules-250,4,88,1283646
C5,250,C5-rules-250,4,89,1302188
C5,250,C5-rules-250,4,90,1307934
C5,250,C5-rules-250,4,91,1342621
C5,250,C5-rules-250,4,92,1292399
C5,250,C5-rules-250,4,93,1274593
C5,250,C5-rules-250,4,94,1406183
C5,250,C5-rules-250,4,95,1410665
C5,250,C5-rules-250,4,96,1403871
C5,250,C5-rules-250,4,97,1423887
C5,250,C5-rules-250,4,98,1378200
C5,250,C5-rules-250,4,99,1423440
C5,250,C5-rules-250,4,100,1403257
C5,250,C5-rules-250,5,1,1399702
C5,250,C5-rules-250,5,2,1402175
C5,250,C5-rules-250,5,3,1413757
C5,250,C5-rules-250,5,4,1398912
C5,250,C5-rules-250,5,5,1425327
C5,250,C5-rules-250,5,6,1430254
C5,250,C5-rules-250,5,7,1419037
C5,250,C5-rules-250,5,8,1414048
C5,250,C5-rules-250,5,9,1411865
C5,250,C5-rules-250,5,10,1406981
C5,250,C5-rules-250,5,11,1447248
C5,250,C5-rules-250,5,12,1402256
C5,250,C5-rules-250,5,13,1441844
C5,250,C5-rules-250,5,14,1453725
C5,250,C5-rules-250,5,15,1451592
C5,250,C5-rules-250,5,16,1428562
C5,250,C5-rules-250,5,17,1405548
C5,250,C5-rules-250,5,18,1430741
C5,250,C5-rules-250,5,19,1411702
C5,250,C5-rules-250,5,20,1411025
C5,250,C5-rules-250,5,21,1402838
C5,250,C5-rules-250,5,22,1409812
C5,250,C5-rules-250,5,23,1404342
C5,250,C5-rules-250,5,24,1420311
C5,250,C5-rules-250,5,25,1407908
C5,250,C5-rules-250,5,26,1404272
C5,250,C5-rules-250,5,27,1432329
C5,250,C5-rules-250,5,28,1417018
C5,250,C5-rules-250,5,29,5811823
C5,250,C5-rules-250,5,30,1562737
C5,250,C5-rules-250,5,31,1494166
C5,250,C5-rules-250,5,32,1380771
C5,250,C5-rules-250,5,33,1352978
C5,250,C5-rules-250,5,34,1410701
C5,250,C5-rules-250,5,35,1386073
C5,250,C5-rules-250,5,36,1343786
C5,250,C5-rules-250,5,37,1333604
C5,250,C5-rules-250,5,38,1330594
C5,250,C5-rules-250,5,39,1317514
C5,250,C5-rules-250,5,40,1302258
C5,250,C5-rules-250,5,41,1312969
C5,250,C5-rules-250,5,42,1328505
C5,250,C5-rules-250,5,43,1361393
C5,250,C5-rules-250,5,44,1373375
C5,250,C5-rules-250,5,45,1379538
C5,250,C5-rules-250,5,46,1333225
C5,250,C5-rules-250,5,47,1354181
C5,250,C5-rules-250,5,48,1342550
C5,250,C5-rules-250,5,49,1312174
C5,250,C5-rules-250,5,50,1345030
C5,250,C5-rules-250,5,51,1346069
C5,250,C5-rules-250,5,52,1345044
C5,250,C5-rules-250,5,53,1354992
C5,250,C5-rules-250,5,54,1323837
C5,250,C5-rules-250,5,55,1307641
C5,250,C5-rules-250,5,56,1323519
C5,250,C5-rules-250,5,57,1331377
C5,250,C5-rules-250,5,58,1330859
C5,250,C5-rules-250,5,59,1323881
C5,250,C5-rules-250,5,60,1343768
C5,250,C5-rules-250,5,61,1319562
C5,250,C5-rules-250,5,62,1336298
C5,250,C5-rules-250,5,63,1298331
C5,250,C5-rules-250,5,64,1307642
C5,250,C5-rules-250,5,65,1317974
C5,250,C5-rules-250,5,66,1333222
C5,250,C5-rules-250,5,67,1353780
C5,250,C5-rules-250,5,68,1363651
C5,250,C5-rules-250,5,69,1405430
C5,250,C5-rules-250,5,70,1307250
C5,250,C5-rules-250,5,71,1330588
C5,250,C5-rules-250,5,72,1279925
C5,250,C5-rules-250,5,73,1283658
C5,250,C5-rules-250,5,74,1297863
C5,250,C5-rules-250,5,75,1277626
C5,250,C5-rules-250,5,76,1313353
C5,250,C5-rules-250,5,77,1278442
C5,250,C5-rules-250,5,78,1328745
C5,250,C5-rules-250,5,79,1289260
C5,250,C5-rules-250,5,80,1303579
C5,250,C5-rules-250,5,81,1303429
C5,250,C5-rules-250,5,82,1278375
C5,250,C5-rules-250,5,83,1275671
C5,250,C5-rules-250,5,84,1302146
C5,250,C5-rules-250,5,85,1280692
C5,250,C5-rules-250,5,86,1309845
C5,250,C5-rules-250,5,87,1306982
C5,250,C5-rules-250,5,88,1280933
C5,250,C5-rules-250,5,89,1291378
C5,250,C5-rules-250,5,90,1278373
C5,250,C5-rules-250,5,91,1282167
C5,250,C5-rules-250,5,92,1294566
C5,250,C5-rules-250,5,93,1297812
C5,250,C5-rules-250,5,94,1320933
C5,250,C5-rules-250,5,95,1364093
C5,250,C5-rules-250,5,96,1351050
C5,250,C5-rules-250,5,97,1304595
C5,250,C5-rules-250,5,98,1292330
C5,250,C5-rules-250,5,99,1324012
C5,250,C5-rules-250,5,100,1294351
C5,250,C5-rules-250,6,1,1305364
C5,250,C5-rules-250,6,2,1328691
C5,250,C5-rules-250,6,3,1294000
C5,250,C5-rules-250,6,4,1292673
C5,250,C5-rules-250,6,5,1330278
C5,250,C5-rules-250,6,6,1287711
C5,250,C5-rules-250,6,7,1289332
C5,250,C5-rules-250,6,8,1327306
C5,250,C5-rules-250,6,9,1277369
C5,250,C5-rules-250,6,10,1275395
C5,250,C5-rules-250,6,11,1289135
C5,250,C5-rules-250,6,12,1268014
C5,250,C5-rules-250,6,13,1270466
C5,250,C5-rules-250,6,14,1276116
C5,250,C5-rules-250,6,15,1294214
C5,250,C5-rules-250,6,16,1298056
C5,250,C5-rules-250,6,17,1290565
C5,250,C5-rules-250,6,18,1300667
C5,250,C5-rules-250,6,19,1286060
C5,250,C5-rules-250,6,20,1290880
C5,250,C5-rules-250,6,21,1287738
C5,250,C5-rules-250,6,22,1327060
C5,250,C5-rules-250,6,23,1297338
C5,250,C5-rules-250,6,24,1300450
C5,250,C5-rules-250,6,25,1279814
C5,250,C5-rules-250,6,26,1297037
C5,250,C5-rules-250,6,27,1304922
C5,250,C5-rules-250,6,28,1280910
C5,250,C5-rules-250,6,29,1269635
C5,250,C5-rules-250,6,30,1294100
C5,250,C5-rules-250,6,31,1283615
C5,250,C5-rules-250,6,32,1284432
C5,250,C5-rules-250,6,33,1282156
C5,250,C5-rules-250,6,34,1286573
C5,250,C5-rules-250,6,35,1271753
C5,250,C5-rules-250,6,36,1280591
C5,250,C5-rules-250,6,37,1273783
C5,250,C5-rules-250,6,38,1285682
C5,250,C5-rules-250,6,39,1287716
C5,250,C5-rules-250,6,40,1275572
C5,250,C5-rules-250,6,41,1312192
C5,250,C5-rules-250,6,42,1284667
C5,250,C5-rules-250,6,43,1275374
C5,250,C5-rules-250,6,44,5097092
C5,250,C5-rules-250,6,45,1557878
C5,250,C5-rules-250,6,46,1339096
C5,250,C5-rules-250,6,47,1284319
C5,250,C5-rules-250,6,48,1295927
C5,250,C5-rules-250,6,49,1280635
C5,250,C5-rules-250,6,50,1315895
C5,250,C5-rules-250,6,51,1503461
C5,250,C5-rules-250,6,52,1424103
C5,250,C5-rules-250,6,53,1423531
C5,250,C5-rules-250,6,54,1426886
C5,250,C5-rules-250,6,55,1376530
C5,250,C5-rules-250,6,56,1304607
C5,250,C5-rules-250,6,57,1313110
C5,250,C5-rules-250,6,58,1298227
C5,250,C5-rules-250,6,59,1299440
C5,250,C5-rules-250,6,60,1368791
C5,250,C5-rules-250,6,61,1279525
C5,250,C5-rules-250,6,62,1318161
C5,250,C5-rules-250,6,63,1317327
C5,250,C5-rules-250,6,64,1293177
C5,250,C5-rules-250,6,65,1283440
C5,250,C5-rules-250,6,66,1297581
C5,250,C5-rules-250,6,67,1280257
C5,250,C5-rules-250,6,68,1277158
C5,250,C5-rules-250,6,69,1302291
C5,250,C5-rules-250,6,70,1328916
C5,250,C5-rules-250,6,71,1311576
C5,250,C5-rules-250,6,72,1302033
C5,250,C5-rules-250,6,73,1281352
C5,250,C5-rules-250,6,74,1309051
C5,250,C5-rules-250,6,75,1315794
C5,250,C5-rules-250,6,76,1298626
C5,250,C5-rules-250,6,77,1290505
C5,250,C5-rules-250,6,78,1323642
C5,250,C5-rules-250,6,79,1330873
C5,250,C5-rules-250,6,80,1344551
C5,250,C5-rules-250,6,81,1354789
C5,250,C5-rules-250,6,82,1304075
C5,250,C5-rules-250,6,83,1295069
C5,250,C5-rules-250,6,84,1305901
C5,250,C5-rules-250,6,85,1285877
C5,250,C5-rules-250,6,86,1281550
C5,250,C5-rules-250,6,87,1310634
C5,250,C5-rules-250,6,88,1284393
C5,250,C5-rules-250,6,89,1279033
C5,250,C5-rules-250,6,90,1281151
C5,250,C5-rules-250,6,91,1273956
C5,250,C5-rules-250,6,92,1285818
C5,250,C5-rules-250,6,93,1293381
C5,250,C5-rules-250,6,94,1290667
C5,250,C5-rules-250,6,95,1279274
C5,250,C5-rules-250,6,96,1318022
C5,250,C5-rules-250,6,97,1328557
C5,250,C5-rules-250,6,98,1294051
C5,250,C5-rules-250,6,99,1281852
C5,250,C5-rules-250,6,100,1311081
C5,250,C5-rules-250,7,1,1297326
C5,250,C5-rules-250,7,2,1278753
C5,250,C5-rules-250,7,3,1292473
C5,250,C5-rules-250,7,4,1280223
C5,250,C5-rules-250,7,5,1285214
C5,250,C5-rules-250,7,6,1313098
C5,250,C5-rules-250,7,7,1274295
C5,250,C5-rules-250,7,8,1283605
C5,250,C5-rules-250,7,9,1291754
C5,250,C5-rules-250,7,10,1279320
C5,250,C5-rules-250,7,11,1270910
C5,250,C5-rules-250,7,12,1284348
C5,250,C5-rules-250,7,13,1268133
C5,250,C5-rules-250,7,14,1263942
C5,250,C5-rules-250,7,15,1289657
C5,250,C5-rules-250,7,16,1263333
C5,250,C5-rules-250,7,17,1272473
C5,250,C5-rules-250,7,18,1278626
C5,250,C5-rules-250,7,19,1269264
C5,250,C5-rules-250,7,20,1310445
C5,250,C5-rules-250,7,21,1290024
C5,250,C5-rules-250,7,22,1310326
C5,250,C5-rules-250,7,23,1293368
C5,250,C5-rules-250,7,24,1330226
C5,250,C5-rules-250,7,25,1266105
C5,250,C5-rules-250,7,26,1274780
C5,250,C5-rules-250,7,27,1268014
C5,250,C5-rules-250,7,28,1285426
C5,250,C5-rules-250,7,29,1283966
C5,250,C5-rules-250,7,30,1281545
C5,250,C5-rules-250,7,31,1296028
C5,250,C5-rules-250,7,32,1271295
C5,250,C5-rules-250,7,33,1306466
C5,250,C5-rules-250,7,34,1291858
C5,250,C5-rules-250,7,35,1320092
C5,250,C5-rules-250,7,36,1279751
C5,250,C5-rules-250,7,37,1288425
C5,250,C5-rules-250,7,38,1266621
C5,250,C5-rules-250,7,39,1302728
C5,250,C5-rules-250,7,40,1292792
C5,250,C5-rules-250,7,41,1272494
C5,250,C5-rules-250,7,42,1284346
C5,250,C5-rules-250,7,43,1280367
C5,250,C5-rules-250,7,44,1266645
C5,250,C5-rules-250,7,45,1298631
C5,250,C5-rules-250,7,46,1294607
C5,250,C5-rules-250,7,47,1270448
C5,250,C5-rules-250,7,48,1285760
C5,250,C5-rules-250,7,49,1295937
C5,250,C5-rules-250,7,50,1282397
C5,250,C5-rules-250,7,51,1291357
C5,250,C5-rules-250,7,52,1292211
C5,250,C5-rules-250,7,53,1280942
C5,250,C5-rules-250,7,54,1295704
C5,250,C5-rules-250,7,55,1306752
C5,250,C5-rules-250,7,56,1278793
C5,250,C5-rules-250,7,57,1281049
C5,250,C5-rules-250,7,58,1298086
C5,250,C5-rules-250,7,59,5046233
C5,250,C5-rules-250,7,60,1500112
C5,250,C5-rules-250,7,61,1390434
C5,250,C5-rules-250,7,62,1315041
C5,250,C5-rules-250,7,63,1306106
C5,250,C5-rules-250,7,64,1287708
C5,250,C5-rules-250,7,65,1312515
C5,250,C5-rules-250,7,66,1271406
C5,250,C5-rules-250,7,67,1267789
C5,250,C5-rules-250,7,68,1369808
C5,250,C5-rules-250,7,69,1281950
C5,250,C5-rules-250,7,70,1288567
C5,250,C5-rules-250,7,71,1292930
C5,250,C5-rules-250,7,72,1309720
C5,250,C5-rules-250,7,73,1272777
C5,250,C5-rules-250,7,74,1319213
C5,250,C5-rules-250,7,75,1288248
C5,250,C5-rules-250,7,76,1286049
C5,250,C5-rules-250,7,77,1301480
C5,250,C5-rules-250,7,78,1279334
C5,250,C5-rules-250,7,79,1283830
C5,250,C5-rules-250,7,80,1284440
C5,250,C5-rules-250,7,81,1262645
C5,250,C5-rules-250,7,82,1277341
C5,250,C5-rules-250,7,83,1265915
C5,250,C5-rules-250,7,84,1273095
C5,250,C5-rules-250,7,85,1271976
C5,250,C5-rules-250,7,86,1284341
C5,250,C5-rules-250,7,87,1274420
C5,250,C5-rules-250,7,88,1263440
C5,250,C5-rules-250,7,89,1283588
C5,250,C5-rules-250,7,90,1284281
C5,250,C5-rules-250,7,91,1293086
C5,250,C5-rules-250,7,92,1271290
C5,250,C5-rules-250,7,93,1273085
C5,250,C5-rules-250,7,94,1286626
C5,250,C5-rules-250,7,95,1278456
C5,250,C5-rules-250,7,96,1302181
C5,250,C5-rules-250,7,97,1272092
C5,250,C5-rules-250,7,98,1318143
C5,250,C5-rules-250,7,99,1281699
C5,250,C5-rules-250,7,100,1269877
C5,250,C5-rules-250,8,1,1292267
C5,250,C5-rules-250,8,2,1342597
C5,250,C5-rules-250,8,3,1329124
C5,250,C5-rules-250,8,4,1310546
C5,250,C5-rules-250,8,5,1316956
C5,250,C5-rules-250,8,6,1281597
C5,250,C5-rules-250,8,7,1272714
C5,250,C5-rules-250,8,8,1299224
C5,250,C5-rules-250,8,9,1274812
C5,250,C5-rules-250,8,10,1282067
C5,250,C5-rules-250,8,11,1306106
C5,250,C5-rules-250,8,12,1309985
C5,250,C5-rules-250,8,13,1287332
C5,250,C5-rules-250,8,14,1325856
C5,250,C5-rules-250,8,15,1284785
C5,250,C5-rules-250,8,16,1282513
C5,250,C5-rules-250,8,17,1309693
C5,250,C5-rules-250,8,18,1275668
C5,250,C5-rules-250,8,19,1269677
C5,250,C5-rules-250,8,20,1283186
C5,250,C5-rules-250,8,21,1279658
C5,250,C5-rules-250,8,22,1277254
C5,250,C5-rules-250,8,23,1288129
C5,250,C5-rules-250,8,24,1332763
C5,250,C5-rules-250,8,25,1300062
C5,250,C5-rules-250,8,26,1326857
C5,250,C5-rules-250,8,27,1274420
C5,250,C5-rules-250,8,28,1269409
C5,250,C5-rules-250,8,29,1296074
C5,250,C5-rules-250,8,30,1279420
C5,250,C5-rules-250,8,31,1303083
C5,250,C5-rules-250,8,32,1321739
C5,250,C5-rules-250,8,33,1322486
C5,250,C5-rules-250,8,34,1284891
C5,250,C5-rules-250,8,35,1295505
C5,250,C5-rules-250,8,36,1311469
C5,250,C5-rules-250,8,37,1306106
C5,250,C5-rules-250,8,38,1296839
C5,250,C5-rules-250,8,39,1291920
C5,250,C5-rules-250,8,40,1263514
C5,250,C5-rules-250,8,41,1292438
C5,250,C5-rules-250,8,42,1291118
C5,250,C5-rules-250,8,43,1276952
C5,250,C5-rules-250,8,44,1283280
C5,250,C5-rules-250,8,45,1294744
C5,250,C5-rules-250,8,46,1270632
C5,250,C5-rules-250,8,47,1263801
C5,250,C5-rules-250,8,48,1281760
C5,250,C5-rules-250,8,49,1288806
C5,250,C5-rules-250,8,50,1287585
C5,250,C5-rules-250,8,51,1334422
C5,250,C5-rules-250,8,52,1295945
C5,250,C5-rules-250,8,53,1290062
C5,250,C5-rules-250,8,54,1311214
C5,250,C5-rules-250,8,55,1321032
C5,250,C5-rules-250,8,56,1301850
C5,250,C5-rules-250,8,57,1272654
C5,250,C5-rules-250,8,58,1297456
C5,250,C5-rules-250,8,59,1284882
C5,250,C5-rules-250,8,60,1296103
C5,250,C5-rules-250,8,61,1268682
C5,250,C5-rules-250,8,62,1287920
C5,250,C5-rules-250,8,63,1282554
C5,250,C5-rules-250,8,64,1290656
C5,250,C5-rules-250,8,65,1280565
C5,250,C5-rules-250,8,66,1339067
C5,250,C5-rules-250,8,67,1294272
C5,250,C5-rules-250,8,68,1280808
C5,250,C5-rules-250,8,69,1323552
C5,250,C5-rules-250,8,70,1316725
C5,250,C5-rules-250,8,71,1296710
C5,250,C5-rules-250,8,72,1306352
C5,250,C5-rules-250,8,73,1293294
C5,250,C5-rules-250,8,74,1285065
C5,250,C5-rules-250,8,75,5180248
C5,250,C5-rules-250,8,76,1456937
C5,250,C5-rules-250,8,77,1341240
C5,250,C5-rules-250,8,78,1299364
C5,250,C5-rules-250,8,79,1292760
C5,250,C5-rules-250,8,80,1286704
C5,250,C5-rules-250,8,81,1306627
C5,250,C5-rules-250,8,82,1295830
C5,250,C5-rules-250,8,83,1288653
C5,250,C5-rules-250,8,84,1279651
C5,250,C5-rules-250,8,85,1299349
C5,250,C5-rules-250,8,86,1294810
C5,250,C5-rules-250,8,87,1283161
C5,250,C5-rules-250,8,88,1294774
C5,250,C5-rules-250,8,89,1322341
C5,250,C5-rules-250,8,90,1286122
C5,250,C5-rules-250,8,91,1360923
C5,250,C5-rules-250,8,92,1331722
C5,250,C5-rules-250,8,93,1279097
C5,250,C5-rules-250,8,94,1300428
C5,250,C5-rules-250,8,95,1282209
C5,250,C5-rules-250,8,96,1283007
C5,250,C5-rules-250,8,97,1298205
C5,250,C5-rules-250,8,98,1322368
C5,250,C5-rules-250,8,99,1282777
C5,250,C5-rules-250,8,100,1341040
C6,1,C6-rules-001,1,1,31711
C6,1,C6-rules-001,1,2,33019
C6,1,C6-rules-001,1,3,31749
C6,1,C6-rules-001,1,4,31663
C6,1,C6-rules-001,1,5,31740
C6,1,C6-rules-001,1,6,33865
C6,1,C6-rules-001,1,7,31594
C6,1,C6-rules-001,1,8,33637
C6,1,C6-rules-001,1,9,31818
C6,1,C6-rules-001,1,10,31812
C6,1,C6-rules-001,1,11,31769
C6,1,C6-rules-001,1,12,31723
C6,1,C6-rules-001,1,13,31826
C6,1,C6-rules-001,1,14,31615
C6,1,C6-rules-001,1,15,31366
C6,1,C6-rules-001,1,16,31619
C6,1,C6-rules-001,1,17,31633
C6,1,C6-rules-001,1,18,31520
C6,1,C6-rules-001,1,19,34301
C6,1,C6-rules-001,1,20,32725
C6,1,C6-rules-001,1,21,31690
C6,1,C6-rules-001,1,22,31303
C6,1,C6-rules-001,1,23,31645
C6,1,C6-rules-001,1,24,31722
C6,1,C6-rules-001,1,25,31574
C6,1,C6-rules-001,1,26,31878
C6,1,C6-rules-001,1,27,31731
C6,1,C6-rules-001,1,28,31578
C6,1,C6-rules-001,1,29,31114
C6,1,C6-rules-001,1,30,31602
C6,1,C6-rules-001,1,31,31554
C6,1,C6-rules-001,1,32,31378
C6,1,C6-rules-001,1,33,34113
C6,1,C6-rules-001,1,34,31504
C6,1,C6-rules-001,1,35,31463
C6,1,C6-rules-001,1,36,31515
C6,1,C6-rules-001,1,37,31491
C6,1,C6-rules-001,1,38,31335
C6,1,C6-rules-001,1,39,31714
C6,1,C6-rules-001,1,40,32578
C6,1,C6-rules-001,1,41,31991
C6,1,C6-rules-001,1,42,31731
C6,1,C6-rules-001,1,43,31835
C6,1,C6-rules-001,1,44,38552
C6,1,C6-rules-001,1,45,31624
C6,1,C6-rules-001,1,46,31571
C6,1,C6-rules-001,1,47,34424
C6,1,C6-rules-001,1,48,31438
C6,1,C6-rules-001,1,49,31215
C6,1,C6-rules-001,1,50,31979
C6,1,C6-rules-001,1,51,31963
C6,1,C6-rules-001,1,52,33094
C6,1,C6-rules-001,1,53,34489
C6,1,C6-rules-001,1,54,34360
C6,1,C6-rules-001,1,55,34757
C6,1,C6-rules-001,1,56,34729
C6,1,C6-rules-001,1,57,34666
C6,1,C6-rules-001,1,58,33509
C6,1,C6-rules-001,1,59,35484
C6,1,C6-rules-001,1,60,37454
C6,1,C6-rules-001,1,61,34598
C6,1,C6-rules-001,1,62,32413
C6,1,C6-rules-001,1,63,31806
C6,1,C6-rules-001,1,64,31299
C6,1,C6-rules-001,1,65,31672
C6,1,C6-rules-001,1,66,31402
C6,1,C6-rules-001,1,67,36030
C6,1,C6-rules-001,1,68,34016
C6,1,C6-rules-001,1,69,33596
C6,1,C6-rules-001,1,70,34202
C6,1,C6-rules-001,1,71,31351
C6,1,C6-rules-001,1,72,31376
C6,1,C6-rules-001,1,73,31198
C6,1,C6-rules-001,1,74,34232
C6,1,C6-rules-001,1,75,31881
C6,1,C6-rules-001,1,76,31666
C6,1,C6-rules-001,1,77,38371
C6,1,C6-rules-001,1,78,35116
C6,1,C6-rules-001,1,79,31767
C6,1,C6-rules-001,1,80,31343
C6,1,C6-rules-001,1,81,32438
C6,1,C6-rules-001,1,82,31676
C6,1,C6-rules-001,1,83,31403
C6,1,C6-rules-001,1,84,31445
C6,1,C6-rules-001,1,85,31680
C6,1,C6-rules-001,1,86,31748
C6,1,C6-rules-001,1,87,31607
C6,1,C6-rules-001,1,88,33691
C6,1,C6-rules-001,1,89,31650
C6,1,C6-rules-001,1,90,31321
C6,1,C6-rules-001,1,91,31608
C6,1,C6-rules-001,1,92,31516
C6,1,C6-rules-001,1,93,31707
C6,1,C6-rules-001,1,94,31836
C6,1,C6-rules-001,1,95,31271
C6,1,C6-rules-001,1,96,31627
C6,1,C6-rules-001,1,97,31208
C6,1,C6-rules-001,1,98,33219
C6,1,C6-rules-001,1,99,33458
C6,1,C6-rules-001,1,100,33708
C6,1,C6-rules-001,2,1,60819
C6,1,C6-rules-001,2,2,37273
C6,1,C6-rules-001,2,3,34288
C6,1,C6-rules-001,2,4,33921
C6,1,C6-rules-001,2,5,34002
C6,1,C6-rules-001,2,6,33541
C6,1,C6-rules-001,2,7,33841
C6,1,C6-rules-001,2,8,34474
C6,1,C6-rules-001,2,9,33884
C6,1,C6-rules-001,2,10,34102
C6,1,C6-rules-001,2,11,33947
C6,1,C6-rules-001,2,12,31791
C6,1,C6-rules-001,2,13,31756
C6,1,C6-rules-001,2,14,31517
C6,1,C6-rules-001,2,15,33979
C6,1,C6-rules-001,2,16,32228
C6,1,C6-rules-001,2,17,31367
C6,1,C6-rules-001,2,18,31590
C6,1,C6-rules-001,2,19,31164
C6,1,C6-rules-001,2,20,31290
C6,1,C6-rules-001,2,21,31029
C6,1,C6-rules-001,2,22,32098
C6,1,C6-rules-001,2,23,31785
C6,1,C6-rules-001,2,24,31404
C6,1,C6-rules-001,2,25,31503
C6,1,C6-rules-001,2,26,31231
C6,1,C6-rules-001,2,27,31227
C6,1,C6-rules-001,2,28,34532
C6,1,C6-rules-001,2,29,31726
C6,1,C6-rules-001,2,30,31534
C6,1,C6-rules-001,2,31,31620
C6,1,C6-rules-001,2,32,31116
C6,1,C6-rules-001,2,33,31620
C6,1,C6-rules-001,2,34,31516
C6,1,C6-rules-001,2,35,31999
C6,1,C6-rules-001,2,36,31316
C6,1,C6-rules-001,2,37,31254
C6,1,C6-rules-001,2,38,31156
C6,1,C6-rules-001,2,39,31606
C6,1,C6-rules-001,2,40,31322
C6,1,C6-rules-001,2,41,31873
C6,1,C6-rules-001,2,42,33137
C6,1,C6-rules-001,2,43,31334
C6,1,C6-rules-001,2,44,31240
C6,1,C6-rules-001,2,45,31815
C6,1,C6-rules-001,2,46,31606
C6,1,C6-rules-001,2,47,30990
C6,1,C6-rules-001,2,48,31394
C6,1,C6-rules-001,2,49,32186
C6,1,C6-rules-001,2,50,31362
C6,1,C6-rules-001,2,51,31213
C6,1,C6-rules-001,2,52,31183
C6,1,C6-rules-001,2,53,31230
C6,1,C6-rules-001,2,54,31449
C6,1,C6-rules-001,2,55,31217
C6,1,C6-rules-001,2,56,33377
C6,1,C6-rules-001,2,57,31414
C6,1,C6-rules-001,2,58,31230
C6,1,C6-rules-001,2,59,31643
C6,1,C6-rules-001,2,60,31142
C6,1,C6-rules-001,2,61,31394
C6,1,C6-rules-001,2,62,31143
C6,1,C6-rules-001,2,63,33025
C6,1,C6-rules-001,2,64,31385
C6,1,C6-rules-001,2,65,31186
C6,1,C6-rules-001,2,66,31142
C6,1,C6-rules-001,2,67,31131
C6,1,C6-rules-001,2,68,31497
C6,1,C6-rules-001,2,69,33169
C6,1,C6-rules-001,2,70,31718
C6,1,C6-rules-001,2,71,31548
C6,1,C6-rules-001,2,72,32777
C6,1,C6-rules-001,2,73,33672
C6,1,C6-rules-001,2,74,33292
C6,1,C6-rules-001,2,75,33973
C6,1,C6-rules-001,2,76,31788
C6,1,C6-rules-001,2,77,31452
C6,1,C6-rules-001,2,78,31601
C6,1,C6-rules-001,2,79,31630
C6,1,C6-rules-001,2,80,31713
C6,1,C6-rules-001,2,81,31186
C6,1,C6-rules-001,2,82,31019
C6,1,C6-rules-001,2,83,32451
C6,1,C6-rules-001,2,84,31969
C6,1,C6-rules-001,2,85,31302
C6,1,C6-rules-001,2,86,30976
C6,1,C6-rules-001,2,87,31706
C6,1,C6-rules-001,2,88,31094
C6,1,C6-rules-001,2,89,43015
C6,1,C6-rules-001,2,90,33248
C6,1,C6-rules-001,2,91,31415
C6,1,C6-rules-001,2,92,31603
C6,1,C6-rules-001,2,93,31254
C6,1,C6-rules-001,2,94,31552
C6,1,C6-rules-001,2,95,31313
C6,1,C6-rules-001,2,96,31265
C6,1,C6-rules-001,2,97,33917
C6,1,C6-rules-001,2,98,37459
C6,1,C6-rules-001,2,99,32598
C6,1,C6-rules-001,2,100,31150
C6,1,C6-rules-001,3,1,39438
C6,1,C6-rules-001,3,2,32988
C6,1,C6-rules-001,3,3,32502
C6,1,C6-rules-001,3,4,31588
C6,1,C6-rules-001,3,5,31517
C6,1,C6-rules-001,3,6,31844
C6,1,C6-rules-001,3,7,31428
C6,1,C6-rules-001,3,8,31560
C6,1,C6-rules-001,3,9,31123
C6,1,C6-rules-001,3,10,33824
C6,1,C6-rules-001,3,11,32081
C6,1,C6-rules-001,3,12,31465
C6,1,C6-rules-001,3,13,31355
C6,1,C6-rules-001,3,14,31546
C6,1,C6-rules-001,3,15,31593
C6,1,C6-rules-001,3,16,40160
C6,1,C6-rules-001,3,17,35394
C6,1,C6-rules-001,3,18,33761
C6,1,C6-rules-001,3,19,33473
C6,1,C6-rules-001,3,20,33359
C6,1,C6-rules-001,3,21,33622
C6,1,C6-rules-001,3,22,33625
C6,1,C6-rules-001,3,23,33485
C6,1,C6-rules-001,3,24,37845
C6,1,C6-rules-001,3,25,33399
C6,1,C6-rules-001,3,26,33309
C6,1,C6-rules-001,3,27,33388
C6,1,C6-rules-001,3,28,35406
C6,1,C6-rules-001,3,29,33873
C6,1,C6-rules-001,3,30,33358
C6,1,C6-rules-001,3,31,33906
C6,1,C6-rules-001,3,32,33632
C6,1,C6-rules-001,3,33,34332
C6,1,C6-rules-001,3,34,32149
C6,1,C6-rules-001,3,35,31667
C6,1,C6-rules-001,3,36,31913
C6,1,C6-rules-001,3,37,31835
C6,1,C6-rules-001,3,38,33182
C6,1,C6-rules-001,3,39,31684
C6,1,C6-rules-001,3,40,32205
C6,1,C6-rules-001,3,41,32400
C6,1,C6-rules-001,3,42,32398
C6,1,C6-rules-001,3,43,31628
C6,1,C6-rules-001,3,44,33141
C6,1,C6-rules-001,3,45,32089
C6,1,C6-rules-001,3,46,31624
C6,1,C6-rules-001,3,47,31147
C6,1,C6-rules-001,3,48,31625
C6,1,C6-rules-001,3,49,31476
C6,1,C6-rules-001,3,50,30949
C6,1,C6-rules-001,3,51,34283
C6,1,C6-rules-001,3,52,31253
C6,1,C6-rules-001,3,53,31150
C6,1,C6-rules-001,3,54,31201
C6,1,C6-rules-001,3,55,31389
C6,1,C6-rules-001,3,56,31327
C6,1,C6-rules-001,3,57,31614
C6,1,C6-rules-001,3,58,31550
C6,1,C6-rules-001,3,59,31459
C6,1,C6-rules-001,3,60,32372
C6,1,C6-rules-001,3,61,31435
C6,1,C6-rules-001,3,62,31277
C6,1,C6-rules-001,3,63,31192
C6,1,C6-rules-001,3,64,31134
C6,1,C6-rules-001,3,65,34899
C6,1,C6-rules-001,3,66,33666
C6,1,C6-rules-001,3,67,33443
C6,1,C6-rules-001,3,68,33677
C6,1,C6-rules-001,3,69,34551
C6,1,C6-rules-001,3,70,31294
C6,1,C6-rules-001,3,71,31250
C6,1,C6-rules-001,3,72,32015
C6,1,C6-rules-001,3,73,31333
C6,1,C6-rules-001,3,74,31183
C6,1,C6-rules-001,3,75,31475
C6,1,C6-rules-001,3,76,31198
C6,1,C6-rules-001,3,77,31229
C6,1,C6-rules-001,3,78,33255
C6,1,C6-rules-001,3,79,31999
C6,1,C6-rules-001,3,80,31825
C6,1,C6-rules-001,3,81,31125
C6,1,C6-rules-001,3,82,31477
C6,1,C6-rules-001,3,83,31191
C6,1,C6-rules-001,3,84,31040
C6,1,C6-rules-001,3,85,33929
C6,1,C6-rules-001,3,86,31668
C6,1,C6-rules-001,3,87,31038
C6,1,C6-rules-001,3,88,31009
C6,1,C6-rules-001,3,89,31284
C6,1,C6-rules-001,3,90,31121
C6,1,C6-rules-001,3,91,31594
C6,1,C6-rules-001,3,92,33582
C6,1,C6-rules-001,3,93,33014
C6,1,C6-rules-001,3,94,33548
C6,1,C6-rules-001,3,95,33522
C6,1,C6-rules-001,3,96,33533
C6,1,C6-rules-001,3,97,31058
C6,1,C6-rules-001,3,98,31360
C6,1,C6-rules-001,3,99,31717
C6,1,C6-rules-001,3,100,31269
C6,1,C6-rules-001,4,1,39886
C6,1,C6-rules-001,4,2,32685
C6,1,C6-rules-001,4,3,31643
C6,1,C6-rules-001,4,4,32037
C6,1,C6-rules-001,4,5,31510
C6,1,C6-rules-001,4,6,33870
C6,1,C6-rules-001,4,7,31219
C6,1,C6-rules-001,4,8,31340
C6,1,C6-rules-001,4,9,31414
C6,1,C6-rules-001,4,10,31352
C6,1,C6-rules-001,4,11,31243
C6,1,C6-rules-001,4,12,31721
C6,1,C6-rules-001,4,13,31379
C6,1,C6-rules-001,4,14,31344
C6,1,C6-rules-001,4,15,31512
C6,1,C6-rules-001,4,16,31382
C6,1,C6-rules-001,4,17,31054
C6,1,C6-rules-001,4,18,31347
C6,1,C6-rules-001,4,19,33771
C6,1,C6-rules-001,4,20,32023
C6,1,C6-rules-001,4,21,31530
C6,1,C6-rules-001,4,22,31760
C6,1,C6-rules-001,4,23,31358
C6,1,C6-rules-001,4,24,31689
C6,1,C6-rules-001,4,25,31529
C6,1,C6-rules-001,4,26,31751
C6,1,C6-rules-001,4,27,31403
C6,1,C6-rules-001,4,28,31237
C6,1,C6-rules-001,4,29,31532
C6,1,C6-rules-001,4,30,31245
C6,1,C6-rules-001,4,31,41589
C6,1,C6-rules-001,4,32,33934
C6,1,C6-rules-001,4,33,35759
C6,1,C6-rules-001,4,34,33429
C6,1,C6-rules-001,4,35,32792
C6,1,C6-rules-001,4,36,31152
C6,1,C6-rules-001,4,37,31192
C6,1,C6-rules-001,4,38,31488
C6,1,C6-rules-001,4,39,31048
C6,1,C6-rules-001,4,40,31693
C6,1,C6-rules-001,4,41,31459
C6,1,C6-rules-001,4,42,31200
C6,1,C6-rules-001,4,43,31940
C6,1,C6-rules-001,4,44,31391
C6,1,C6-rules-001,4,45,31251
C6,1,C6-rules-001,4,46,31135
C6,1,C6-rules-001,4,47,34345
C6,1,C6-rules-001,4,48,31017
C6,1,C6-rules-001,4,49,30984
C6,1,C6-rules-001,4,50,31311
C6,1,C6-rules-001,4,51,31033
C6,1,C6-rules-001,4,52,31581
C6,1,C6-rules-001,4,53,31754
C6,1,C6-rules-001,4,54,31611
C6,1,C6-rules-001,4,55,33689
C6,1,C6-rules-001,4,56,33366
C6,1,C6-rules-001,4,57,33237
C6,1,C6-rules-001,4,58,32997
C6,1,C6-rules-001,4,59,31384
C6,1,C6-rules-001,4,60,33207
C6,1,C6-rules-001,4,61,32084
C6,1,C6-rules-001,4,62,31513
C6,1,C6-rules-001,4,63,31488
C6,1,C6-rules-001,4,64,31467
C6,1,C6-rules-001,4,65,45657
C6,1,C6-rules-001,4,66,36353
C6,1,C6-rules-001,4,67,35703
C6,1,C6-rules-001,4,68,32110
C6,1,C6-rules-001,4,69,31847
C6,1,C6-rules-001,4,70,32682
C6,1,C6-rules-001,4,71,31515
C6,1,C6-rules-001,4,72,32032
C6,1,C6-rules-001,4,73,32186
C6,1,C6-rules-001,4,74,34722
C6,1,C6-rules-001,4,75,33759
C6,1,C6-rules-001,4,76,33413
C6,1,C6-rules-001,4,77,31883
C6,1,C6-rules-001,4,78,31334
C6,1,C6-rules-001,4,79,30986
C6,1,C6-rules-001,4,80,31053
C6,1,C6-rules-001,4,81,31859
C6,1,C6-rules-001,4,82,31616
C6,1,C6-rules-001,4,83,31202
C6,1,C6-rules-001,4,84,31091
C6,1,C6-rules-001,4,85,41294
C6,1,C6-rules-001,4,86,32065
C6,1,C6-rules-001,4,87,31820
C6,1,C6-rules-001,4,88,31742
C6,1,C6-rules-001,4,89,31465
C6,1,C6-rules-001,4,90,31175
C6,1,C6-rules-001,4,91,31258
C6,1,C6-rules-001,4,92,31293
C6,1,C6-rules-001,4,93,31000
C6,1,C6-rules-001,4,94,33128
C6,1,C6-rules-001,4,95,32086
C6,1,C6-rules-001,4,96,31214
C6,1,C6-rules-001,4,97,31137
C6,1,C6-rules-001,4,98,30801
C6,1,C6-rules-001,4,99,30977
C6,1,C6-rules-001,4,100,31374
C6,1,C6-rules-001,5,1,41367
C6,1,C6-rules-001,5,2,32959
C6,1,C6-rules-001,5,3,31921
C6,1,C6-rules-001,5,4,32086
C6,1,C6-rules-001,5,5,31829
C6,1,C6-rules-001,5,6,31803
C6,1,C6-rules-001,5,7,32078
C6,1,C6-rules-001,5,8,32180
C6,1,C6-rules-001,5,9,32013
C6,1,C6-rules-001,5,10,32253
C6,1,C6-rules-001,5,11,31656
C6,1,C6-rules-001,5,12,32088
C6,1,C6-rules-001,5,13,31724
C6,1,C6-rules-001,5,14,31553
C6,1,C6-rules-001,5,15,33408
C6,1,C6-rules-001,5,16,31498
C6,1,C6-rules-001,5,17,31650
C6,1,C6-rules-001,5,18,31317
C6,1,C6-rules-001,5,19,31814
C6,1,C6-rules-001,5,20,31901
C6,1,C6-rules-001,5,21,31732
C6,1,C6-rules-001,5,22,32488
C6,1,C6-rules-001,5,23,31930
C6,1,C6-rules-001,5,24,32028
C6,1,C6-rules-001,5,25,31622
C6,1,C6-rules-001,5,26,31260
C6,1,C6-rules-001,5,27,31245
C6,1,C6-rules-001,5,28,33503
C6,1,C6-rules-001,5,29,31608
C6,1,C6-rules-001,5,30,31536
C6,1,C6-rules-001,5,31,31505
C6,1,C6-rules-001,5,32,31155
C6,1,C6-rules-001,5,33,31351
C6,1,C6-rules-001,5,34,31013
C6,1,C6-rules-001,5,35,31281
C6,1,C6-rules-001,5,36,30901
C6,1,C6-rules-001,5,37,31495
C6,1,C6-rules-001,5,38,30980
C6,1,C6-rules-001,5,39,31114
C6,1,C6-rules-001,5,40,31197
C6,1,C6-rules-001,5,41,31771
C6,1,C6-rules-001,5,42,33067
C6,1,C6-rules-001,5,43,31126
C6,1,C6-rules-001,5,44,31445
C6,1,C6-rules-001,5,45,31231
C6,1,C6-rules-001,5,46,36396
C6,1,C6-rules-001,5,47,33911
C6,1,C6-rules-001,5,48,34037
C6,1,C6-rules-001,5,49,34695
C6,1,C6-rules-001,5,50,33569
C6,1,C6-rules-001,5,51,31757
C6,1,C6-rules-001,5,52,31616
C6,1,C6-rules-001,5,53,31311
C6,1,C6-rules-001,5,54,31378
C6,1,C6-rules-001,5,55,31628
C6,1,C6-rules-001,5,56,34613
C6,1,C6-rules-001,5,57,31583
C6,1,C6-rules-001,5,58,31206
C6,1,C6-rules-001,5,59,31312
C6,1,C6-rules-001,5,60,31456
C6,1,C6-rules-001,5,61,31038
C6,1,C6-rules-001,5,62,31348
C6,1,C6-rules-001,5,63,31249
C6,1,C6-rules-001,5,64,31289
C6,1,C6-rules-001,5,65,31564
C6,1,C6-rules-001,5,66,31130
C6,1,C6-rules-001,5,67,31442
C6,1,C6-rules-001,5,68,31184
C6,1,C6-rules-001,5,69,33495
C6,1,C6-rules-001,5,70,32361
C6,1,C6-rules-001,5,71,31148
C6,1,C6-rules-001,5,72,31310
C6,1,C6-rules-001,5,73,31374
C6,1,C6-rules-001,5,74,31659
C6,1,C6-rules-001,5,75,31721
C6,1,C6-rules-001,5,76,32154
C6,1,C6-rules-001,5,77,31904
C6,1,C6-rules-001,5,78,31947
C6,1,C6-rules-001,5,79,31703
C6,1,C6-rules-001,5,80,31269
C6,1,C6-rules-001,5,81,31458
C6,1,C6-rules-001,5,82,31053
C6,1,C6-rules-001,5,83,33714
C6,1,C6-rules-001,5,84,31411
C6,1,C6-rules-001,5,85,31306
C6,1,C6-rules-001,5,86,31253
C6,1,C6-rules-001,5,87,31796
C6,1,C6-rules-001,5,88,31243
C6,1,C6-rules-001,5,89,31517
C6,1,C6-rules-001,5,90,31854
C6,1,C6-rules-001,5,91,31316
C6,1,C6-rules-001,5,92,31756
C6,1,C6-rules-001,5,93,31664
C6,1,C6-rules-001,5,94,31901
C6,1,C6-rules-001,5,95,31516
C6,1,C6-rules-001,5,96,31774
C6,1,C6-rules-001,5,97,34147
C6,1,C6-rules-001,5,98,31607
C6,1,C6-rules-001,5,99,31601
C6,1,C6-rules-001,5,100,31756
C6,1,C6-rules-001,6,1,39794
C6,1,C6-rules-001,6,2,34116
C6,1,C6-rules-001,6,3,32712
C6,1,C6-rules-001,6,4,31971
C6,1,C6-rules-001,6,5,31561
C6,1,C6-rules-001,6,6,32410
C6,1,C6-rules-001,6,7,31829
C6,1,C6-rules-001,6,8,32270
C6,1,C6-rules-001,6,9,32044
C6,1,C6-rules-001,6,10,34209
C6,1,C6-rules-001,6,11,32820
C6,1,C6-rules-001,6,12,31841
C6,1,C6-rules-001,6,13,31836
C6,1,C6-rules-001,6,14,32082
C6,1,C6-rules-001,6,15,32056
C6,1,C6-rules-001,6,16,32162
C6,1,C6-rules-001,6,17,31999
C6,1,C6-rules-001,6,18,32567
C6,1,C6-rules-001,6,19,32143
C6,1,C6-rules-001,6,20,33733
C6,1,C6-rules-001,6,21,32137
C6,1,C6-rules-001,6,22,32323
C6,1,C6-rules-001,6,23,31453
C6,1,C6-rules-001,6,24,33298
C6,1,C6-rules-001,6,25,31210
C6,1,C6-rules-001,6,26,45795
C6,1,C6-rules-001,6,27,32834
C6,1,C6-rules-001,6,28,31542
C6,1,C6-rules-001,6,29,31498
C6,1,C6-rules-001,6,30,31807
C6,1,C6-rules-001,6,31,32454
C6,1,C6-rules-001,6,32,31682
C6,1,C6-rules-001,6,33,32194
C6,1,C6-rules-001,6,34,31961
C6,1,C6-rules-001,6,35,31433
C6,1,C6-rules-001,6,36,31555
C6,1,C6-rules-001,6,37,33908
C6,1,C6-rules-001,6,38,31694
C6,1,C6-rules-001,6,39,31494
C6,1,C6-rules-001,6,40,31154
C6,1,C6-rules-001,6,41,31618
C6,1,C6-rules-001,6,42,31296
C6,1,C6-rules-001,6,43,31418
C6,1,C6-rules-001,6,44,31556
C6,1,C6-rules-001,6,45,31284
C6,1,C6-rules-001,6,46,31447
C6,1,C6-rules-001,6,47,31579
C6,1,C6-rules-001,6,48,31446
C6,1,C6-rules-001,6,49,31082
C6,1,C6-rules-001,6,50,31095
C6,1,C6-rules-001,6,51,33091
C6,1,C6-rules-001,6,52,31276
C6,1,C6-rules-001,6,53,31167
C6,1,C6-rules-001,6,54,31338
C6,1,C6-rules-001,6,55,30910
C6,1,C6-rules-001,6,56,31366
C6,1,C6-rules-001,6,57,31203
C6,1,C6-rules-001,6,58,32122
C6,1,C6-rules-001,6,59,31545
C6,1,C6-rules-001,6,60,31694
C6,1,C6-rules-001,6,61,34616
C6,1,C6-rules-001,6,62,33423
C6,1,C6-rules-001,6,63,33538
C6,1,C6-rules-001,6,64,33327
C6,1,C6-rules-001,6,65,36192
C6,1,C6-rules-001,6,66,31111
C6,1,C6-rules-001,6,67,31093
C6,1,C6-rules-001,6,68,38080
C6,1,C6-rules-001,6,69,31977
C6,1,C6-rules-001,6,70,31069
C6,1,C6-rules-001,6,71,31401
C6,1,C6-rules-001,6,72,32119
C6,1,C6-rules-001,6,73,31440
C6,1,C6-rules-001,6,74,31395
C6,1,C6-rules-001,6,75,31293
C6,1,C6-rules-001,6,76,31303
C6,1,C6-rules-001,6,77,31385
C6,1,C6-rules-001,6,78,33199
C6,1,C6-rules-001,6,79,32000
C6,1,C6-rules-001,6,80,31318
C6,1,C6-rules-001,6,81,31044
C6,1,C6-rules-001,6,82,31262
C6,1,C6-rules-001,6,83,30874
C6,1,C6-rules-001,6,84,31333
C6,1,C6-rules-001,6,85,31381
C6,1,C6-rules-001,6,86,31554
C6,1,C6-rules-001,6,87,30881
C6,1,C6-rules-001,6,88,30982
C6,1,C6-rules-001,6,89,31403
C6,1,C6-rules-001,6,90,30842
C6,1,C6-rules-001,6,91,30992
C6,1,C6-rules-001,6,92,33070
C6,1,C6-rules-001,6,93,31341
C6,1,C6-rules-001,6,94,31299
C6,1,C6-rules-001,6,95,31169
C6,1,C6-rules-001,6,96,31084
C6,1,C6-rules-001,6,97,31075
C6,1,C6-rules-001,6,98,31273
C6,1,C6-rules-001,6,99,31653
C6,1,C6-rules-001,6,100,31440
C6,1,C6-rules-001,7,1,39819
C6,1,C6-rules-001,7,2,33131
C6,1,C6-rules-001,7,3,31376
C6,1,C6-rules-001,7,4,31236
C6,1,C6-rules-001,7,5,31674
C6,1,C6-rules-001,7,6,34063
C6,1,C6-rules-001,7,7,31777
C6,1,C6-rules-001,7,8,31293
C6,1,C6-rules-001,7,9,31439
C6,1,C6-rules-001,7,10,31206
C6,1,C6-rules-001,7,11,31128
C6,1,C6-rules-001,7,12,32067
C6,1,C6-rules-001,7,13,31458
C6,1,C6-rules-001,7,14,31299
C6,1,C6-rules-001,7,15,30931
C6,1,C6-rules-001,7,16,30865
C6,1,C6-rules-001,7,17,31212
C6,1,C6-rules-001,7,18,32161
C6,1,C6-rules-001,7,19,34020
C6,1,C6-rules-001,7,20,32377
C6,1,C6-rules-001,7,21,31741
C6,1,C6-rules-001,7,22,31494
C6,1,C6-rules-001,7,23,31750
C6,1,C6-rules-001,7,24,31654
C6,1,C6-rules-001,7,25,31846
C6,1,C6-rules-001,7,26,32172
C6,1,C6-rules-001,7,27,31915
C6,1,C6-rules-001,7,28,31999
C6,1,C6-rules-001,7,29,31878
C6,1,C6-rules-001,7,30,31888
C6,1,C6-rules-001,7,31,32394
C6,1,C6-rules-001,7,32,31338
C6,1,C6-rules-001,7,33,33270
C6,1,C6-rules-001,7,34,32186
C6,1,C6-rules-001,7,35,31284
C6,1,C6-rules-001,7,36,31573
C6,1,C6-rules-001,7,37,31420
C6,1,C6-rules-001,7,38,31790
C6,1,C6-rules-001,7,39,31255
C6,1,C6-rules-001,7,40,31733
C6,1,C6-rules-001,7,41,31280
C6,1,C6-rules-001,7,42,31446
C6,1,C6-rules-001,7,43,30825
C6,1,C6-rules-001,7,44,31212
C6,1,C6-rules-001,7,45,31400
C6,1,C6-rules-001,7,46,31238
C6,1,C6-rules-001,7,47,34246
C6,1,C6-rules-001,7,48,31594
C6,1,C6-rules-001,7,49,31178
C6,1,C6-rules-001,7,50,31182
C6,1,C6-rules-001,7,51,31167
C6,1,C6-rules-001,7,52,31455
C6,1,C6-rules-001,7,53,32095
C6,1,C6-rules-001,7,54,31543
C6,1,C6-rules-001,7,55,31449
C6,1,C6-rules-001,7,56,31504
C6,1,C6-rules-001,7,57,31080
C6,1,C6-rules-001,7,58,31110
C6,1,C6-rules-001,7,59,30970
C6,1,C6-rules-001,7,60,32981
C6,1,C6-rules-001,7,61,31431
C6,1,C6-rules-001,7,62,31391
C6,1,C6-rules-001,7,63,31230
C6,1,C6-rules-001,7,64,31501
C6,1,C6-rules-001,7,65,31437
C6,1,C6-rules-001,7,66,31339
C6,1,C6-rules-001,7,67,32065
C6,1,C6-rules-001,7,68,31661
C6,1,C6-rules-001,7,69,31690
C6,1,C6-rules-001,7,70,31421
C6,1,C6-rules-001,7,71,31190
C6,1,C6-rules-001,7,72,31634
C6,1,C6-rules-001,7,73,31484
C6,1,C6-rules-001,7,74,33648
C6,1,C6-rules-001,7,75,31451
C6,1,C6-rules-001,7,76,34173
C6,1,C6-rules-001,7,77,33080
C6,1,C6-rules-001,7,78,33712
C6,1,C6-rules-001,7,79,32588
C6,1,C6-rules-001,7,80,31104
C6,1,C6-rules-001,7,81,31954
C6,1,C6-rules-001,7,82,31312
C6,1,C6-rules-001,7,83,31751
C6,1,C6-rules-001,7,84,31384
C6,1,C6-rules-001,7,85,31255
C6,1,C6-rules-001,7,86,30919
C6,1,C6-rules-001,7,87,31390
C6,1,C6-rules-001,7,88,32224
C6,1,C6-rules-001,7,89,31398
C6,1,C6-rules-001,7,90,31801
C6,1,C6-rules-001,7,91,31615
C6,1,C6-rules-001,7,92,31536
C6,1,C6-rules-001,7,93,31513
C6,1,C6-rules-001,7,94,32091
C6,1,C6-rules-001,7,95,31500
C6,1,C6-rules-001,7,96,31710
C6,1,C6-rules-001,7,97,31815
C6,1,C6-rules-001,7,98,31065
C6,1,C6-rules-001,7,99,31197
C6,1,C6-rules-001,7,100,30901
C6,1,C6-rules-001,8,1,40849
C6,1,C6-rules-001,8,2,32733
C6,1,C6-rules-001,8,3,31612
C6,1,C6-rules-001,8,4,31415
C6,1,C6-rules-001,8,5,31527
C6,1,C6-rules-001,8,6,31058
C6,1,C6-rules-001,8,7,30851
C6,1,C6-rules-001,8,8,31855
C6,1,C6-rules-001,8,9,31301
C6,1,C6-rules-001,8,10,31476
C6,1,C6-rules-001,8,11,31359
C6,1,C6-rules-001,8,12,31302
C6,1,C6-rules-001,8,13,31113
C6,1,C6-rules-001,8,14,31097
C6,1,C6-rules-001,8,15,32843
C6,1,C6-rules-001,8,16,31134
C6,1,C6-rules-001,8,17,31322
C6,1,C6-rules-001,8,18,31135
C6,1,C6-rules-001,8,19,31159
C6,1,C6-rules-001,8,20,31049
C6,1,C6-rules-001,8,21,31241
C6,1,C6-rules-001,8,22,31978
C6,1,C6-rules-001,8,23,31163
C6,1,C6-rules-001,8,24,31544
C6,1,C6-rules-001,8,25,31082
C6,1,C6-rules-001,8,26,31166
C6,1,C6-rules-001,8,27,31170
C6,1,C6-rules-001,8,28,32701
C6,1,C6-rules-001,8,29,31499
C6,1,C6-rules-001,8,30,31198
C6,1,C6-rules-001,8,31,31413
C6,1,C6-rules-001,8,32,31324
C6,1,C6-rules-001,8,33,31097
C6,1,C6-rules-001,8,34,31307
C6,1,C6-rules-001,8,35,31766
C6,1,C6-rules-001,8,36,31414
C6,1,C6-rules-001,8,37,31324
C6,1,C6-rules-001,8,38,31636
C6,1,C6-rules-001,8,39,31625
C6,1,C6-rules-001,8,40,31413
C6,1,C6-rules-001,8,41,31671
C6,1,C6-rules-001,8,42,33587
C6,1,C6-rules-001,8,43,32217
C6,1,C6-rules-001,8,44,31843
C6,1,C6-rules-001,8,45,32123
C6,1,C6-rules-001,8,46,31803
C6,1,C6-rules-001,8,47,31615
C6,1,C6-rules-001,8,48,31478
C6,1,C6-rules-001,8,49,32307
C6,1,C6-rules-001,8,50,32094
C6,1,C6-rules-001,8,51,31757
C6,1,C6-rules-001,8,52,31945
C6,1,C6-rules-001,8,53,31934
C6,1,C6-rules-001,8,54,31927
C6,1,C6-rules-001,8,55,32005
C6,1,C6-rules-001,8,56,33991
C6,1,C6-rules-001,8,57,31592
C6,1,C6-rules-001,8,58,31491
C6,1,C6-rules-001,8,59,31650
C6,1,C6-rules-001,8,60,31530
C6,1,C6-rules-001,8,61,31574
C6,1,C6-rules-001,8,62,31717
C6,1,C6-rules-001,8,63,31409
C6,1,C6-rules-001,8,64,31354
C6,1,C6-rules-001,8,65,31471
C6,1,C6-rules-001,8,66,31313
C6,1,C6-rules-001,8,67,31088
C6,1,C6-rules-001,8,68,31502
C6,1,C6-rules-001,8,69,32763
C6,1,C6-rules-001,8,70,31491
C6,1,C6-rules-001,8,71,31389
C6,1,C6-rules-001,8,72,31176
C6,1,C6-rules-001,8,73,31317
C6,1,C6-rules-001,8,74,31040
C6,1,C6-rules-001,8,75,31119
C6,1,C6-rules-001,8,76,32046
C6,1,C6-rules-001,8,77,31465
C6,1,C6-rules-001,8,78,31232
C6,1,C6-rules-001,8,79,31147
C6,1,C6-rules-001,8,80,31064
C6,1,C6-rules-001,8,81,31311
C6,1,C6-rules-001,8,82,30902
C6,1,C6-rules-001,8,83,33609
C6,1,C6-rules-001,8,84,31339
C6,1,C6-rules-001,8,85,31505
C6,1,C6-rules-001,8,86,31029
C6,1,C6-rules-001,8,87,31087
C6,1,C6-rules-001,8,88,30917
C6,1,C6-rules-001,8,89,31284
C6,1,C6-rules-001,8,90,31613
C6,1,C6-rules-001,8,91,31128
C6,1,C6-rules-001,8,92,31470
C6,1,C6-rules-001,8,93,31274
C6,1,C6-rules-001,8,94,35502
C6,1,C6-rules-001,8,95,33323
C6,1,C6-rules-001,8,96,33710
C6,1,C6-rules-001,8,97,37203
C6,1,C6-rules-001,8,98,31347
C6,1,C6-rules-001,8,99,31259
C6,1,C6-rules-001,8,100,31073
C5,500,C5-rules-500,1,1,2619897
C5,500,C5-rules-500,1,2,2616208
C5,500,C5-rules-500,1,3,2606132
C5,500,C5-rules-500,1,4,2583410
C5,500,C5-rules-500,1,5,2607103
C5,500,C5-rules-500,1,6,2599507
C5,500,C5-rules-500,1,7,2589795
C5,500,C5-rules-500,1,8,2606186
C5,500,C5-rules-500,1,9,2605662
C5,500,C5-rules-500,1,10,2585982
C5,500,C5-rules-500,1,11,2580636
C5,500,C5-rules-500,1,12,2613568
C5,500,C5-rules-500,1,13,2655639
C5,500,C5-rules-500,1,14,2600351
C5,500,C5-rules-500,1,15,2586407
C5,500,C5-rules-500,1,16,2598185
C5,500,C5-rules-500,1,17,2586595
C5,500,C5-rules-500,1,18,2584892
C5,500,C5-rules-500,1,19,2584616
C5,500,C5-rules-500,1,20,2638685
C5,500,C5-rules-500,1,21,2595903
C5,500,C5-rules-500,1,22,2605161
C5,500,C5-rules-500,1,23,2587482
C5,500,C5-rules-500,1,24,2605178
C5,500,C5-rules-500,1,25,2653677
C5,500,C5-rules-500,1,26,2643457
C5,500,C5-rules-500,1,27,2633138
C5,500,C5-rules-500,1,28,2591657
C5,500,C5-rules-500,1,29,2641345
C5,500,C5-rules-500,1,30,12117432
C5,500,C5-rules-500,1,31,2825274
C5,500,C5-rules-500,1,32,2699922
C5,500,C5-rules-500,1,33,2610391
C5,500,C5-rules-500,1,34,2635806
C5,500,C5-rules-500,1,35,2671803
C5,500,C5-rules-500,1,36,2633051
C5,500,C5-rules-500,1,37,2619751
C5,500,C5-rules-500,1,38,2597920
C5,500,C5-rules-500,1,39,2684705
C5,500,C5-rules-500,1,40,2599835
C5,500,C5-rules-500,1,41,2602971
C5,500,C5-rules-500,1,42,2575591
C5,500,C5-rules-500,1,43,2622056
C5,500,C5-rules-500,1,44,2623349
C5,500,C5-rules-500,1,45,2613310
C5,500,C5-rules-500,1,46,2620596
C5,500,C5-rules-500,1,47,2628406
C5,500,C5-rules-500,1,48,2645350
C5,500,C5-rules-500,1,49,2586409
C5,500,C5-rules-500,1,50,2611652
C5,500,C5-rules-500,1,51,2616214
C5,500,C5-rules-500,1,52,2627291
C5,500,C5-rules-500,1,53,2627913
C5,500,C5-rules-500,1,54,2581637
C5,500,C5-rules-500,1,55,2641004
C5,500,C5-rules-500,1,56,2614331
C5,500,C5-rules-500,1,57,2602692
C5,500,C5-rules-500,1,58,2602457
C5,500,C5-rules-500,1,59,2604086
C5,500,C5-rules-500,1,60,2629658
C5,500,C5-rules-500,1,61,2656709
C5,500,C5-rules-500,1,62,2592248
C5,500,C5-rules-500,1,63,2607011
C5,500,C5-rules-500,1,64,2585339
C5,500,C5-rules-500,1,65,2739121
C5,500,C5-rules-500,1,66,2626467
C5,500,C5-rules-500,1,67,2603003
C5,500,C5-rules-500,1,68,2603224
C5,500,C5-rules-500,1,69,2655220
C5,500,C5-rules-500,1,70,2628141
C5,500,C5-rules-500,1,71,2612654
C5,500,C5-rules-500,1,72,2573741
C5,500,C5-rules-500,1,73,2662809
C5,500,C5-rules-500,1,74,2651769
C5,500,C5-rules-500,1,75,2599424
C5,500,C5-rules-500,1,76,2591426
C5,500,C5-rules-500,1,77,2626194
C5,500,C5-rules-500,1,78,2586823
C5,500,C5-rules-500,1,79,2616344
C5,500,C5-rules-500,1,80,2593943
C5,500,C5-rules-500,1,81,2621953
C5,500,C5-rules-500,1,82,2588994
C5,500,C5-rules-500,1,83,2592467
C5,500,C5-rules-500,1,84,2614707
C5,500,C5-rules-500,1,85,2603665
C5,500,C5-rules-500,1,86,2674406
C5,500,C5-rules-500,1,87,2628613
C5,500,C5-rules-500,1,88,2614508
C5,500,C5-rules-500,1,89,2590762
C5,500,C5-rules-500,1,90,2651859
C5,500,C5-rules-500,1,91,2636405
C5,500,C5-rules-500,1,92,2580669
C5,500,C5-rules-500,1,93,2631750
C5,500,C5-rules-500,1,94,2592861
C5,500,C5-rules-500,1,95,2617218
C5,500,C5-rules-500,1,96,2584845
C5,500,C5-rules-500,1,97,2610065
C5,500,C5-rules-500,1,98,2601183
C5,500,C5-rules-500,1,99,9221072
C5,500,C5-rules-500,1,100,2740284
C5,500,C5-rules-500,2,1,2685285
C5,500,C5-rules-500,2,2,2624890
C5,500,C5-rules-500,2,3,2640201
C5,500,C5-rules-500,2,4,2627220
C5,500,C5-rules-500,2,5,2594609
C5,500,C5-rules-500,2,6,2606539
C5,500,C5-rules-500,2,7,2588439
C5,500,C5-rules-500,2,8,2588166
C5,500,C5-rules-500,2,9,2674458
C5,500,C5-rules-500,2,10,2617970
C5,500,C5-rules-500,2,11,2661233
C5,500,C5-rules-500,2,12,2589532
C5,500,C5-rules-500,2,13,2652979
C5,500,C5-rules-500,2,14,2593405
C5,500,C5-rules-500,2,15,2626460
C5,500,C5-rules-500,2,16,2599343
C5,500,C5-rules-500,2,17,2629326
C5,500,C5-rules-500,2,18,2613031
C5,500,C5-rules-500,2,19,2553833
C5,500,C5-rules-500,2,20,2623107
C5,500,C5-rules-500,2,21,2612310
C5,500,C5-rules-500,2,22,2646300
C5,500,C5-rules-500,2,23,2622192
C5,500,C5-rules-500,2,24,2621204
C5,500,C5-rules-500,2,25,2591518
C5,500,C5-rules-500,2,26,2610330
C5,500,C5-rules-500,2,27,2601562
C5,500,C5-rules-500,2,28,2606533
C5,500,C5-rules-500,2,29,2591960
C5,500,C5-rules-500,2,30,2614901
C5,500,C5-rules-500,2,31,2608145
C5,500,C5-rules-500,2,32,2594954
C5,500,C5-rules-500,2,33,2612450
C5,500,C5-rules-500,2,34,2617896
C5,500,C5-rules-500,2,35,2684826
C5,500,C5-rules-500,2,36,2632399
C5,500,C5-rules-500,2,37,2619110
C5,500,C5-rules-500,2,38,2606453
C5,500,C5-rules-500,2,39,2615439
C5,500,C5-rules-500,2,40,2642719
C5,500,C5-rules-500,2,41,2622027
C5,500,C5-rules-500,2,42,2612591
C5,500,C5-rules-500,2,43,2608278
C5,500,C5-rules-500,2,44,2660553
C5,500,C5-rules-500,2,45,2573948
C5,500,C5-rules-500,2,46,2601849
C5,500,C5-rules-500,2,47,2624072
C5,500,C5-rules-500,2,48,2655972
C5,500,C5-rules-500,2,49,2595452
C5,500,C5-rules-500,2,50,2631407
C5,500,C5-rules-500,2,51,2594641
C5,500,C5-rules-500,2,52,2592811
C5,500,C5-rules-500,2,53,2615823
C5,500,C5-rules-500,2,54,2576860
C5,500,C5-rules-500,2,55,2600046
C5,500,C5-rules-500,2,56,2594288
C5,500,C5-rules-500,2,57,2578029
C5,500,C5-rules-500,2,58,2603274
C5,500,C5-rules-500,2,59,2626197
C5,500,C5-rules-500,2,60,2613287
C5,500,C5-rules-500,2,61,2656970
C5,500,C5-rules-500,2,62,2609037
C5,500,C5-rules-500,2,63,2635957
C5,500,C5-rules-500,2,64,2594058
C5,500,C5-rules-500,2,65,2582994
C5,500,C5-rules-500,2,66,2604256
C5,500,C5-rules-500,2,67,9106333
C5,500,C5-rules-500,2,68,2774119
C5,500,C5-rules-500,2,69,2651109
C5,500,C5-rules-500,2,70,2591007
C5,500,C5-rules-500,2,71,2694625
C5,500,C5-rules-500,2,72,2638405
C5,500,C5-rules-500,2,73,2629544
C5,500,C5-rules-500,2,74,2623611
C5,500,C5-rules-500,2,75,2608844
C5,500,C5-rules-500,2,76,2677673
C5,500,C5-rules-500,2,77,2638421
C5,500,C5-rules-500,2,78,2599004
C5,500,C5-rules-500,2,79,2627327
C5,500,C5-rules-500,2,80,2628084
C5,500,C5-rules-500,2,81,2618037
C5,500,C5-rules-500,2,82,2603746
C5,500,C5-rules-500,2,83,2632384
C5,500,C5-rules-500,2,84,2724341
C5,500,C5-rules-500,2,85,2615908
C5,500,C5-rules-500,2,86,2633786
C5,500,C5-rules-500,2,87,2596039
C5,500,C5-rules-500,2,88,2591393
C5,500,C5-rules-500,2,89,2588213
C5,500,C5-rules-500,2,90,2607902
C5,500,C5-rules-500,2,91,2587542
C5,500,C5-rules-500,2,92,2589105
C5,500,C5-rules-500,2,93,2595562
C5,500,C5-rules-500,2,94,2617499
C5,500,C5-rules-500,2,95,2637967
C5,500,C5-rules-500,2,96,2640989
C5,500,C5-rules-500,2,97,2634580
C5,500,C5-rules-500,2,98,2633592
C5,500,C5-rules-500,2,99,2638143
C5,500,C5-rules-500,2,100,2594182
C5,500,C5-rules-500,3,1,2619428
C5,500,C5-rules-500,3,2,2642405
C5,500,C5-rules-500,3,3,2639578
C5,500,C5-rules-500,3,4,2607109
C5,500,C5-rules-500,3,5,2620793
C5,500,C5-rules-500,3,6,2611617
C5,500,C5-rules-500,3,7,2599080
C5,500,C5-rules-500,3,8,2632236
C5,500,C5-rules-500,3,9,2614687
C5,500,C5-rules-500,3,10,2683238
C5,500,C5-rules-500,3,11,2610520
C5,500,C5-rules-500,3,12,2625214
C5,500,C5-rules-500,3,13,2614477
C5,500,C5-rules-500,3,14,2647230
C5,500,C5-rules-500,3,15,2679759
C5,500,C5-rules-500,3,16,2604083
C5,500,C5-rules-500,3,17,2586543
C5,500,C5-rules-500,3,18,2616929
C5,500,C5-rules-500,3,19,2609975
C5,500,C5-rules-500,3,20,2594040
C5,500,C5-rules-500,3,21,2599333
C5,500,C5-rules-500,3,22,2655926
C5,500,C5-rules-500,3,23,2636075
C5,500,C5-rules-500,3,24,2609781
C5,500,C5-rules-500,3,25,2618222
C5,500,C5-rules-500,3,26,2585650
C5,500,C5-rules-500,3,27,2606212
C5,500,C5-rules-500,3,28,2593917
C5,500,C5-rules-500,3,29,2583653
C5,500,C5-rules-500,3,30,2593737
C5,500,C5-rules-500,3,31,2638998
C5,500,C5-rules-500,3,32,2622605
C5,500,C5-rules-500,3,33,2603892
C5,500,C5-rules-500,3,34,2611239
C5,500,C5-rules-500,3,35,2602175
C5,500,C5-rules-500,3,36,9303018
C5,500,C5-rules-500,3,37,2789607
C5,500,C5-rules-500,3,38,2681531
C5,500,C5-rules-500,3,39,2623946
C5,500,C5-rules-500,3,40,2605071
C5,500,C5-rules-500,3,41,2653154
C5,500,C5-rules-500,3,42,2625025
C5,500,C5-rules-500,3,43,2617281
C5,500,C5-rules-500,3,44,2583351
C5,500,C5-rules-500,3,45,2602934
C5,500,C5-rules-500,3,46,2669576
C5,500,C5-rules-500,3,47,2593765
C5,500,C5-rules-500,3,48,2607885
C5,500,C5-rules-500,3,49,2619640
C5,500,C5-rules-500,3,50,2621185
C5,500,C5-rules-500,3,51,2603730
C5,500,C5-rules-500,3,52,2610359
C5,500,C5-rules-500,3,53,2613737
C5,500,C5-rules-500,3,54,2588214
C5,500,C5-rules-500,3,55,2667626
C5,500,C5-rules-500,3,56,2669359
C5,500,C5-rules-500,3,57,2613099
C5,500,C5-rules-500,3,58,2595354
C5,500,C5-rules-500,3,59,2686198
C5,500,C5-rules-500,3,60,2639288
C5,500,C5-rules-500,3,61,2611338
C5,500,C5-rules-500,3,62,2635286
C5,500,C5-rules-500,3,63,2594297
C5,500,C5-rules-500,3,64,2600513
C5,500,C5-rules-500,3,65,2591658
C5,500,C5-rules-500,3,66,2600048
C5,500,C5-rules-500,3,67,2626772
C5,500,C5-rules-500,3,68,2581750
C5,500,C5-rules-500,3,69,2587416
C5,500,C5-rules-500,3,70,2611624
C5,500,C5-rules-500,3,71,2625280
C5,500,C5-rules-500,3,72,2694002
C5,500,C5-rules-500,3,73,2615804
C5,500,C5-rules-500,3,74,2633555
C5,500,C5-rules-500,3,75,2598919
C5,500,C5-rules-500,3,76,2626862
C5,500,C5-rules-500,3,77,2638244
C5,500,C5-rules-500,3,78,2629601
C5,500,C5-rules-500,3,79,2652369
C5,500,C5-rules-500,3,80,2620938
C5,500,C5-rules-500,3,81,2628051
C5,500,C5-rules-500,3,82,2586579
C5,500,C5-rules-500,3,83,2609324
C5,500,C5-rules-500,3,84,2616409
C5,500,C5-rules-500,3,85,2632327
C5,500,C5-rules-500,3,86,2605276
C5,500,C5-rules-500,3,87,2593317
C5,500,C5-rules-500,3,88,2604066
C5,500,C5-rules-500,3,89,2588467
C5,500,C5-rules-500,3,90,2575692
C5,500,C5-rules-500,3,91,2597268
C5,500,C5-rules-500,3,92,2566425
C5,500,C5-rules-500,3,93,2609144
C5,500,C5-rules-500,3,94,2593859
C5,500,C5-rules-500,3,95,2644341
C5,500,C5-rules-500,3,96,2602710
C5,500,C5-rules-500,3,97,2601991
C5,500,C5-rules-500,3,98,2652509
C5,500,C5-rules-500,3,99,2610677
C5,500,C5-rules-500,3,100,2607357
C5,500,C5-rules-500,4,1,2600749
C5,500,C5-rules-500,4,2,2607909
C5,500,C5-rules-500,4,3,2606022
C5,500,C5-rules-500,4,4,9096091
C5,500,C5-rules-500,4,5,2783382
C5,500,C5-rules-500,4,6,2665320
C5,500,C5-rules-500,4,7,2622880
C5,500,C5-rules-500,4,8,2712987
C5,500,C5-rules-500,4,9,2623119
C5,500,C5-rules-500,4,10,2577229
C5,500,C5-rules-500,4,11,2636448
C5,500,C5-rules-500,4,12,2629733
C5,500,C5-rules-500,4,13,2683177
C5,500,C5-rules-500,4,14,2608696
C5,500,C5-rules-500,4,15,2647964
C5,500,C5-rules-500,4,16,2580686
C5,500,C5-rules-500,4,17,2596614
C5,500,C5-rules-500,4,18,2581757
C5,500,C5-rules-500,4,19,2597037
C5,500,C5-rules-500,4,20,2688305
C5,500,C5-rules-500,4,21,2686758
C5,500,C5-rules-500,4,22,2636032
C5,500,C5-rules-500,4,23,2613803
C5,500,C5-rules-500,4,24,2662766
C5,500,C5-rules-500,4,25,2713343
C5,500,C5-rules-500,4,26,2645196
C5,500,C5-rules-500,4,27,2665845
C5,500,C5-rules-500,4,28,2612685
C5,500,C5-rules-500,4,29,2638783
C5,500,C5-rules-500,4,30,2644572
C5,500,C5-rules-500,4,31,2626697
C5,500,C5-rules-500,4,32,2592147
C5,500,C5-rules-500,4,33,2645931
C5,500,C5-rules-500,4,34,2670250
C5,500,C5-rules-500,4,35,2599017
C5,500,C5-rules-500,4,36,2613147
C5,500,C5-rules-500,4,37,2639117
C5,500,C5-rules-500,4,38,2604496
C5,500,C5-rules-500,4,39,2602504
C5,500,C5-rules-500,4,40,2605585
C5,500,C5-rules-500,4,41,2576451
C5,500,C5-rules-500,4,42,2613526
C5,500,C5-rules-500,4,43,2644830
C5,500,C5-rules-500,4,44,2605187
C5,500,C5-rules-500,4,45,2626108
C5,500,C5-rules-500,4,46,2692073
C5,500,C5-rules-500,4,47,2637281
C5,500,C5-rules-500,4,48,2627971
C5,500,C5-rules-500,4,49,2604093
C5,500,C5-rules-500,4,50,2575577
C5,500,C5-rules-500,4,51,2649430
C5,500,C5-rules-500,4,52,2615003
C5,500,C5-rules-500,4,53,2620878
C5,500,C5-rules-500,4,54,2596823
C5,500,C5-rules-500,4,55,2613374
C5,500,C5-rules-500,4,56,2591146
C5,500,C5-rules-500,4,57,2639916
C5,500,C5-rules-500,4,58,2598873
C5,500,C5-rules-500,4,59,2662715
C5,500,C5-rules-500,4,60,2613051
C5,500,C5-rules-500,4,61,2602624
C5,500,C5-rules-500,4,62,2596771
C5,500,C5-rules-500,4,63,2619974
C5,500,C5-rules-500,4,64,2587102
C5,500,C5-rules-500,4,65,2617190
C5,500,C5-rules-500,4,66,2594376
C5,500,C5-rules-500,4,67,2585855
C5,500,C5-rules-500,4,68,2582057
C5,500,C5-rules-500,4,69,2608633
C5,500,C5-rules-500,4,70,2601834
C5,500,C5-rules-500,4,71,2606006
C5,500,C5-rules-500,4,72,9053496
C5,500,C5-rules-500,4,73,2786821
C5,500,C5-rules-500,4,74,2675662
C5,500,C5-rules-500,4,75,2614701
C5,500,C5-rules-500,4,76,2614943
C5,500,C5-rules-500,4,77,2666983
C5,500,C5-rules-500,4,78,2642691
C5,500,C5-rules-500,4,79,2637837
C5,500,C5-rules-500,4,80,2609337
C5,500,C5-rules-500,4,81,2660451
C5,500,C5-rules-500,4,82,2704677
C5,500,C5-rules-500,4,83,2621478
C5,500,C5-rules-500,4,84,2623915
C5,500,C5-rules-500,4,85,2620621
C5,500,C5-rules-500,4,86,2675252
C5,500,C5-rules-500,4,87,2659885
C5,500,C5-rules-500,4,88,2642638
C5,500,C5-rules-500,4,89,2648784
C5,500,C5-rules-500,4,90,2606574
C5,500,C5-rules-500,4,91,2585386
C5,500,C5-rules-500,4,92,2607317
C5,500,C5-rules-500,4,93,2603970
C5,500,C5-rules-500,4,94,2607975
C5,500,C5-rules-500,4,95,2667168
C5,500,C5-rules-500,4,96,2657283
C5,500,C5-rules-500,4,97,2660448
C5,500,C5-rules-500,4,98,2599554
C5,500,C5-rules-500,4,99,2631812
C5,500,C5-rules-500,4,100,2632828
C5,500,C5-rules-500,5,1,2640216
C5,500,C5-rules-500,5,2,2642761
C5,500,C5-rules-500,5,3,2601639
C5,500,C5-rules-500,5,4,2623491
C5,500,C5-rules-500,5,5,2591165
C5,500,C5-rules-500,5,6,2621440
C5,500,C5-rules-500,5,7,2625440
C5,500,C5-rules-500,5,8,2710091
C5,500,C5-rules-500,5,9,2647384
C5,500,C5-rules-500,5,10,2631956
C5,500,C5-rules-500,5,11,2613900
C5,500,C5-rules-500,5,12,2612968
C5,500,C5-rules-500,5,13,2610888
C5,500,C5-rules-500,5,14,2604804
C5,500,C5-rules-500,5,15,2629035
C5,500,C5-rules-500,5,16,2614651
C5,500,C5-rules-500,5,17,2629406
C5,500,C5-rules-500,5,18,2627231
C5,500,C5-rules-500,5,19,2614096
C5,500,C5-rules-500,5,20,2644293
C5,500,C5-rules-500,5,21,2640895
C5,500,C5-rules-500,5,22,2640550
C5,500,C5-rules-500,5,23,2605145
C5,500,C5-rules-500,5,24,2577139
C5,500,C5-rules-500,5,25,2632248
C5,500,C5-rules-500,5,26,2688681
C5,500,C5-rules-500,5,27,2611581
C5,500,C5-rules-500,5,28,2690704
C5,500,C5-rules-500,5,29,2613938
C5,500,C5-rules-500,5,30,2608994
C5,500,C5-rules-500,5,31,2635585
C5,500,C5-rules-500,5,32,2614165
C5,500,C5-rules-500,5,33,2663052
C5,500,C5-rules-500,5,34,2640346
C5,500,C5-rules-500,5,35,2612738
C5,500,C5-rules-500,5,36,2600381
C5,500,C5-rules-500,5,37,2622154
C5,500,C5-rules-500,5,38,2679234
C5,500,C5-rules-500,5,39,2669151
C5,500,C5-rules-500,5,40,2636860
C5,500,C5-rules-500,5,41,9670913
C5,500,C5-rules-500,5,42,2729926
C5,500,C5-rules-500,5,43,2745053
C5,500,C5-rules-500,5,44,2662012
C5,500,C5-rules-500,5,45,2599380
C5,500,C5-rules-500,5,46,2630897
C5,500,C5-rules-500,5,47,2647001
C5,500,C5-rules-500,5,48,2599122
C5,500,C5-rules-500,5,49,2577736
C5,500,C5-rules-500,5,50,2574282
C5,500,C5-rules-500,5,51,2615391
C5,500,C5-rules-500,5,52,2606514
C5,500,C5-rules-500,5,53,2619074
C5,500,C5-rules-500,5,54,2639133
C5,500,C5-rules-500,5,55,2625528
C5,500,C5-rules-500,5,56,2693599
C5,500,C5-rules-500,5,57,2594746
C5,500,C5-rules-500,5,58,2614768
C5,500,C5-rules-500,5,59,2572869
C5,500,C5-rules-500,5,60,2651275
C5,500,C5-rules-500,5,61,2609279
C5,500,C5-rules-500,5,62,2574092
C5,500,C5-rules-500,5,63,2602957
C5,500,C5-rules-500,5,64,2640851
C5,500,C5-rules-500,5,65,2583274
C5,500,C5-rules-500,5,66,2599987
C5,500,C5-rules-500,5,67,2646333
C5,500,C5-rules-500,5,68,2582455
C5,500,C5-rules-500,5,69,2662029
C5,500,C5-rules-500,5,70,2645584
C5,500,C5-rules-500,5,71,2598712
C5,500,C5-rules-500,5,72,2615323
C5,500,C5-rules-500,5,73,2621188
C5,500,C5-rules-500,5,74,2603543
C5,500,C5-rules-500,5,75,2598991
C5,500,C5-rules-500,5,76,2601341
C5,500,C5-rules-500,5,77,2652287
C5,500,C5-rules-500,5,78,2622160
C5,500,C5-rules-500,5,79,2592286
C5,500,C5-rules-500,5,80,2594045
C5,500,C5-rules-500,5,81,2589601
C5,500,C5-rules-500,5,82,2633991
C5,500,C5-rules-500,5,83,2649455
C5,500,C5-rules-500,5,84,2607101
C5,500,C5-rules-500,5,85,2597743
C5,500,C5-rules-500,5,86,2624002
C5,500,C5-rules-500,5,87,2596466
C5,500,C5-rules-500,5,88,2622739
C5,500,C5-rules-500,5,89,2644584
C5,500,C5-rules-500,5,90,2586753
C5,500,C5-rules-500,5,91,2592062
C5,500,C5-rules-500,5,92,2600847
C5,500,C5-rules-500,5,93,2645587
C5,500,C5-rules-500,5,94,2638754
C5,500,C5-rules-500,5,95,2653566
C5,500,C5-rules-500,5,96,2593442
C5,500,C5-rules-500,5,97,2603650
C5,500,C5-rules-500,5,98,2585053
C5,500,C5-rules-500,5,99,2656025
C5,500,C5-rules-500,5,100,2588808
C5,500,C5-rules-500,6,1,2627576
C5,500,C5-rules-500,6,2,2663257
C5,500,C5-rules-500,6,3,2626998
C5,500,C5-rules-500,6,4,2577777
C5,500,C5-rules-500,6,5,2615066
C5,500,C5-rules-500,6,6,2588321
C5,500,C5-rules-500,6,7,2656854
C5,500,C5-rules-500,6,8,2656048
C5,500,C5-rules-500,6,9,9423406
C5,500,C5-rules-500,6,10,2764253
C5,500,C5-rules-500,6,11,2648572
C5,500,C5-rules-500,6,12,2627528
C5,500,C5-rules-500,6,13,2596298
C5,500,C5-rules-500,6,14,2599083
C5,500,C5-rules-500,6,15,2620285
C5,500,C5-rules-500,6,16,2628758
C5,500,C5-rules-500,6,17,2639778
C5,500,C5-rules-500,6,18,2639812
C5,500,C5-rules-500,6,19,2654191
C5,500,C5-rules-500,6,20,2573708
C5,500,C5-rules-500,6,21,2614242
C5,500,C5-rules-500,6,22,2608831
C5,500,C5-rules-500,6,23,2603738
C5,500,C5-rules-500,6,24,2611027
C5,500,C5-rules-500,6,25,2621515
C5,500,C5-rules-500,6,26,2599619
C5,500,C5-rules-500,6,27,2591251
C5,500,C5-rules-500,6,28,2647913
C5,500,C5-rules-500,6,29,2582494
C5,500,C5-rules-500,6,30,2685052
C5,500,C5-rules-500,6,31,2621385
C5,500,C5-rules-500,6,32,2622043
C5,500,C5-rules-500,6,33,2632238
C5,500,C5-rules-500,6,34,2624007
C5,500,C5-rules-500,6,35,2618191
C5,500,C5-rules-500,6,36,2600128
C5,500,C5-rules-500,6,37,2599584
C5,500,C5-rules-500,6,38,2635454
C5,500,C5-rules-500,6,39,2608043
C5,500,C5-rules-500,6,40,2615037
C5,500,C5-rules-500,6,41,2616374
C5,500,C5-rules-500,6,42,2581472
C5,500,C5-rules-500,6,43,2685793
C5,500,C5-rules-500,6,44,2645912
C5,500,C5-rules-500,6,45,2639635
C5,500,C5-rules-500,6,46,2605765
C5,500,C5-rules-500,6,47,2644717
C5,500,C5-rules-500,6,48,2622102
C5,500,C5-rules-500,6,49,2604595
C5,500,C5-rules-500,6,50,2583231
C5,500,C5-rules-500,6,51,2590799
C5,500,C5-rules-500,6,52,2605316
C5,500,C5-rules-500,6,53,2648982
C5,500,C5-rules-500,6,54,2619094
C5,500,C5-rules-500,6,55,2627475
C5,500,C5-rules-500,6,56,2663017
C5,500,C5-rules-500,6,57,2619609
C5,500,C5-rules-500,6,58,2628318
C5,500,C5-rules-500,6,59,2597182
C5,500,C5-rules-500,6,60,2579882
C5,500,C5-rules-500,6,61,2586100
C5,500,C5-rules-500,6,62,2615129
C5,500,C5-rules-500,6,63,2594719
C5,500,C5-rules-500,6,64,2594367
C5,500,C5-rules-500,6,65,2619735
C5,500,C5-rules-500,6,66,2576068
C5,500,C5-rules-500,6,67,2631973
C5,500,C5-rules-500,6,68,2639975
C5,500,C5-rules-500,6,69,2658409
C5,500,C5-rules-500,6,70,2662595
C5,500,C5-rules-500,6,71,2630947
C5,500,C5-rules-500,6,72,2631034
C5,500,C5-rules-500,6,73,2655558
C5,500,C5-rules-500,6,74,2636935
C5,500,C5-rules-500,6,75,2614233
C5,500,C5-rules-500,6,76,2626334
C5,500,C5-rules-500,6,77,9197301
C5,500,C5-rules-500,6,78,2853779
C5,500,C5-rules-500,6,79,2721885
C5,500,C5-rules-500,6,80,2601155
C5,500,C5-rules-500,6,81,2626779
C5,500,C5-rules-500,6,82,2628815
C5,500,C5-rules-500,6,83,2649791
C5,500,C5-rules-500,6,84,2649049
C5,500,C5-rules-500,6,85,2616488
C5,500,C5-rules-500,6,86,2587120
C5,500,C5-rules-500,6,87,2620400
C5,500,C5-rules-500,6,88,2581871
C5,500,C5-rules-500,6,89,2628943
C5,500,C5-rules-500,6,90,2618779
C5,500,C5-rules-500,6,91,2635792
C5,500,C5-rules-500,6,92,2639054
C5,500,C5-rules-500,6,93,2657155
C5,500,C5-rules-500,6,94,2597437
C5,500,C5-rules-500,6,95,2587499
C5,500,C5-rules-500,6,96,2588649
C5,500,C5-rules-500,6,97,2579209
C5,500,C5-rules-500,6,98,2586188
C5,500,C5-rules-500,6,99,2631754
C5,500,C5-rules-500,6,100,2603304
C5,500,C5-rules-500,7,1,2643200
C5,500,C5-rules-500,7,2,2652947
C5,500,C5-rules-500,7,3,2610676
C5,500,C5-rules-500,7,4,2630883
C5,500,C5-rules-500,7,5,2662043
C5,500,C5-rules-500,7,6,2613608
C5,500,C5-rules-500,7,7,2607902
C5,500,C5-rules-500,7,8,2620564
C5,500,C5-rules-500,7,9,2606886
C5,500,C5-rules-500,7,10,2592600
C5,500,C5-rules-500,7,11,2610352
C5,500,C5-rules-500,7,12,2655010
C5,500,C5-rules-500,7,13,2598926
C5,500,C5-rules-500,7,14,2599818
C5,500,C5-rules-500,7,15,2590122
C5,500,C5-rules-500,7,16,2617723
C5,500,C5-rules-500,7,17,2614847
C5,500,C5-rules-500,7,18,2641967
C5,500,C5-rules-500,7,19,2622376
C5,500,C5-rules-500,7,20,2625879
C5,500,C5-rules-500,7,21,2616476
C5,500,C5-rules-500,7,22,2623231
C5,500,C5-rules-500,7,23,2615531
C5,500,C5-rules-500,7,24,2662371
C5,500,C5-rules-500,7,25,2613109
C5,500,C5-rules-500,7,26,2592610
C5,500,C5-rules-500,7,27,2612993
C5,500,C5-rules-500,7,28,2609939
C5,500,C5-rules-500,7,29,2572327
C5,500,C5-rules-500,7,30,2643546
C5,500,C5-rules-500,7,31,2656218
C5,500,C5-rules-500,7,32,2613968
C5,500,C5-rules-500,7,33,2561169
C5,500,C5-rules-500,7,34,2639642
C5,500,C5-rules-500,7,35,2590951
C5,500,C5-rules-500,7,36,2600136
C5,500,C5-rules-500,7,37,2601549
C5,500,C5-rules-500,7,38,2607528
C5,500,C5-rules-500,7,39,2597836
C5,500,C5-rules-500,7,40,2642077
C5,500,C5-rules-500,7,41,2635105
C5,500,C5-rules-500,7,42,2618526
C5,500,C5-rules-500,7,43,2653858
C5,500,C5-rules-500,7,44,2650919
C5,500,C5-rules-500,7,45,2637305
C5,500,C5-rules-500,7,46,9194179
C5,500,C5-rules-500,7,47,2755667
C5,500,C5-rules-500,7,48,2678059
C5,500,C5-rules-500,7,49,2607015
C5,500,C5-rules-500,7,50,2597490
C5,500,C5-rules-500,7,51,2612393
C5,500,C5-rules-500,7,52,2595153
C5,500,C5-rules-500,7,53,2676200
C5,500,C5-rules-500,7,54,2653526
C5,500,C5-rules-500,7,55,2598337
C5,500,C5-rules-500,7,56,2620638
C5,500,C5-rules-500,7,57,2662204
C5,500,C5-rules-500,7,58,2609415
C5,500,C5-rules-500,7,59,2595894
C5,500,C5-rules-500,7,60,2599838
C5,500,C5-rules-500,7,61,2611264
C5,500,C5-rules-500,7,62,2608599
C5,500,C5-rules-500,7,63,2587490
C5,500,C5-rules-500,7,64,2606470
C5,500,C5-rules-500,7,65,2597592
C5,500,C5-rules-500,7,66,2646197
C5,500,C5-rules-500,7,67,2651416
C5,500,C5-rules-500,7,68,2646615
C5,500,C5-rules-500,7,69,2592721
C5,500,C5-rules-500,7,70,2604425
C5,500,C5-rules-500,7,71,2637288
C5,500,C5-rules-500,7,72,2607475
C5,500,C5-rules-500,7,73,2610955
C5,500,C5-rules-500,7,74,2593911
C5,500,C5-rules-500,7,75,2593342
C5,500,C5-rules-500,7,76,2587931
C5,500,C5-rules-500,7,77,2644529
C5,500,C5-rules-500,7,78,2574382
C5,500,C5-rules-500,7,79,2687733
C5,500,C5-rules-500,7,80,2644992
C5,500,C5-rules-500,7,81,2617283
C5,500,C5-rules-500,7,82,2587570
C5,500,C5-rules-500,7,83,2614749
C5,500,C5-rules-500,7,84,2590295
C5,500,C5-rules-500,7,85,2598019
C5,500,C5-rules-500,7,86,2632999
C5,500,C5-rules-500,7,87,2610533
C5,500,C5-rules-500,7,88,2628699
C5,500,C5-rules-500,7,89,2599698
C5,500,C5-rules-500,7,90,2604519
C5,500,C5-rules-500,7,91,2595461
C5,500,C5-rules-500,7,92,2654942
C5,500,C5-rules-500,7,93,2618291
C5,500,C5-rules-500,7,94,2610999
C5,500,C5-rules-500,7,95,2614853
C5,500,C5-rules-500,7,96,2633126
C5,500,C5-rules-500,7,97,2598891
C5,500,C5-rules-500,7,98,2642918
C5,500,C5-rules-500,7,99,2600989
C5,500,C5-rules-500,7,100,2614822
C5,500,C5-rules-500,8,1,2592659
C5,500,C5-rules-500,8,2,2640735
C5,500,C5-rules-500,8,3,2602077
C5,500,C5-rules-500,8,4,2597940
C5,500,C5-rules-500,8,5,2674876
C5,500,C5-rules-500,8,6,2620427
C5,500,C5-rules-500,8,7,2615393
C5,500,C5-rules-500,8,8,2599459
C5,500,C5-rules-500,8,9,2597472
C5,500,C5-rules-500,8,10,2606475
C5,500,C5-rules-500,8,11,2575783
C5,500,C5-rules-500,8,12,2581624
C5,500,C5-rules-500,8,13,2604172
C5,500,C5-rules-500,8,14,9150688
C5,500,C5-rules-500,8,15,2853402
C5,500,C5-rules-500,8,16,2648516
C5,500,C5-rules-500,8,17,2652243
C5,500,C5-rules-500,8,18,2651336
C5,500,C5-rules-500,8,19,2651233
C5,500,C5-rules-500,8,20,2607613
C5,500,C5-rules-500,8,21,2660263
C5,500,C5-rules-500,8,22,2638820
C5,500,C5-rules-500,8,23,2654295
C5,500,C5-rules-500,8,24,2609345
C5,500,C5-rules-500,8,25,2614344
C5,500,C5-rules-500,8,26,2609489
C5,500,C5-rules-500,8,27,2596965
C5,500,C5-rules-500,8,28,2825084
C5,500,C5-rules-500,8,29,2593917
C5,500,C5-rules-500,8,30,2618440
C5,500,C5-rules-500,8,31,2613836
C5,500,C5-rules-500,8,32,2623649
C5,500,C5-rules-500,8,33,2614460
C5,500,C5-rules-500,8,34,2615965
C5,500,C5-rules-500,8,35,2582218
C5,500,C5-rules-500,8,36,3929990
C5,500,C5-rules-500,8,37,2672135
C5,500,C5-rules-500,8,38,2630805
C5,500,C5-rules-500,8,39,2590908
C5,500,C5-rules-500,8,40,2681324
C5,500,C5-rules-500,8,41,2640046
C5,500,C5-rules-500,8,42,2618132
C5,500,C5-rules-500,8,43,2606819
C5,500,C5-rules-500,8,44,2648174
C5,500,C5-rules-500,8,45,2590917
C5,500,C5-rules-500,8,46,2654354
C5,500,C5-rules-500,8,47,2589719
C5,500,C5-rules-500,8,48,2623972
C5,500,C5-rules-500,8,49,2616949
C5,500,C5-rules-500,8,50,2641934
C5,500,C5-rules-500,8,51,2605619
C5,500,C5-rules-500,8,52,2634878
C5,500,C5-rules-500,8,53,2668143
C5,500,C5-rules-500,8,54,2602770
C5,500,C5-rules-500,8,55,2652524
C5,500,C5-rules-500,8,56,2603063
C5,500,C5-rules-500,8,57,2642214
C5,500,C5-rules-500,8,58,2607242
C5,500,C5-rules-500,8,59,2595519
C5,500,C5-rules-500,8,60,2622915
C5,500,C5-rules-500,8,61,2625758
C5,500,C5-rules-500,8,62,2601791
C5,500,C5-rules-500,8,63,2627295
C5,500,C5-rules-500,8,64,2598137
C5,500,C5-rules-500,8,65,2641440
C5,500,C5-rules-500,8,66,2669686
C5,500,C5-rules-500,8,67,2625187
C5,500,C5-rules-500,8,68,2587633
C5,500,C5-rules-500,8,69,2575476
C5,500,C5-rules-500,8,70,2625180
C5,500,C5-rules-500,8,71,2624432
C5,500,C5-rules-500,8,72,2627181
C5,500,C5-rules-500,8,73,2645553
C5,500,C5-rules-500,8,74,2601401
C5,500,C5-rules-500,8,75,2621371
C5,500,C5-rules-500,8,76,2643809
C5,500,C5-rules-500,8,77,2598312
C5,500,C5-rules-500,8,78,2686577
C5,500,C5-rules-500,8,79,2642889
C5,500,C5-rules-500,8,80,2592824
C5,500,C5-rules-500,8,81,2657320
C5,500,C5-rules-500,8,82,2630109
C5,500,C5-rules-500,8,83,9616788
C5,500,C5-rules-500,8,84,2700811
C5,500,C5-rules-500,8,85,2595221
C5,500,C5-rules-500,8,86,2638108
C5,500,C5-rules-500,8,87,2623741
C5,500,C5-rules-500,8,88,2629646
C5,500,C5-rules-500,8,89,2651712
C5,500,C5-rules-500,8,90,2662149
C5,500,C5-rules-500,8,91,2583144
C5,500,C5-rules-500,8,92,2613729
C5,500,C5-rules-500,8,93,2607519
C5,500,C5-rules-500,8,94,2620642
C5,500,C5-rules-500,8,95,2678493
C5,500,C5-rules-500,8,96,2708755
C5,500,C5-rules-500,8,97,2607280
C5,500,C5-rules-500,8,98,2639463
C5,500,C5-rules-500,8,99,2602057
C5,500,C5-rules-500,8,100,2599817
C3,1,C3-rules-001,1,1,21430
C3,1,C3-rules-001,1,2,22064
C3,1,C3-rules-001,1,3,21496
C3,1,C3-rules-001,1,4,21257
C3,1,C3-rules-001,1,5,21143
C3,1,C3-rules-001,1,6,21312
C3,1,C3-rules-001,1,7,21549
C3,1,C3-rules-001,1,8,28350
C3,1,C3-rules-001,1,9,30231
C3,1,C3-rules-001,1,10,23625
C3,1,C3-rules-001,1,11,22759
C3,1,C3-rules-001,1,12,22687
C3,1,C3-rules-001,1,13,22982
C3,1,C3-rules-001,1,14,22874
C3,1,C3-rules-001,1,15,22747
C3,1,C3-rules-001,1,16,22682
C3,1,C3-rules-001,1,17,22709
C3,1,C3-rules-001,1,18,22656
C3,1,C3-rules-001,1,19,22605
C3,1,C3-rules-001,1,20,22676
C3,1,C3-rules-001,1,21,22739
C3,1,C3-rules-001,1,22,22826
C3,1,C3-rules-001,1,23,23161
C3,1,C3-rules-001,1,24,27572
C3,1,C3-rules-001,1,25,25904
C3,1,C3-rules-001,1,26,24679
C3,1,C3-rules-001,1,27,23018
C3,1,C3-rules-001,1,28,22876
C3,1,C3-rules-001,1,29,22705
C3,1,C3-rules-001,1,30,22818
C3,1,C3-rules-001,1,31,23276
C3,1,C3-rules-001,1,32,22792
C3,1,C3-rules-001,1,33,22760
C3,1,C3-rules-001,1,34,22790
C3,1,C3-rules-001,1,35,22773
C3,1,C3-rules-001,1,36,22911
C3,1,C3-rules-001,1,37,23632
C3,1,C3-rules-001,1,38,21230
C3,1,C3-rules-001,1,39,22160
C3,1,C3-rules-001,1,40,21278
C3,1,C3-rules-001,1,41,21690
C3,1,C3-rules-001,1,42,21323
C3,1,C3-rules-001,1,43,21170
C3,1,C3-rules-001,1,44,21467
C3,1,C3-rules-001,1,45,21193
C3,1,C3-rules-001,1,46,21241
C3,1,C3-rules-001,1,47,21211
C3,1,C3-rules-001,1,48,21130
C3,1,C3-rules-001,1,49,20932
C3,1,C3-rules-001,1,50,21072
C3,1,C3-rules-001,1,51,21563
C3,1,C3-rules-001,1,52,23946
C3,1,C3-rules-001,1,53,21708
C3,1,C3-rules-001,1,54,39926
C3,1,C3-rules-001,1,55,23581
C3,1,C3-rules-001,1,56,22659
C3,1,C3-rules-001,1,57,22857
C3,1,C3-rules-001,1,58,22919
C3,1,C3-rules-001,1,59,23561
C3,1,C3-rules-001,1,60,21478
C3,1,C3-rules-001,1,61,21484
C3,1,C3-rules-001,1,62,21206
C3,1,C3-rules-001,1,63,21153
C3,1,C3-rules-001,1,64,20984
C3,1,C3-rules-001,1,65,21223
C3,1,C3-rules-001,1,66,22144
C3,1,C3-rules-001,1,67,20959
C3,1,C3-rules-001,1,68,20998
C3,1,C3-rules-001,1,69,21111
C3,1,C3-rules-001,1,70,20915
C3,1,C3-rules-001,1,71,21020
C3,1,C3-rules-001,1,72,20945
C3,1,C3-rules-001,1,73,21117
C3,1,C3-rules-001,1,74,21177
C3,1,C3-rules-001,1,75,20986
C3,1,C3-rules-001,1,76,21146
C3,1,C3-rules-001,1,77,21081
C3,1,C3-rules-001,1,78,21069
C3,1,C3-rules-001,1,79,24606
C3,1,C3-rules-001,1,80,21558
C3,1,C3-rules-001,1,81,21570
C3,1,C3-rules-001,1,82,21185
C3,1,C3-rules-001,1,83,21042
C3,1,C3-rules-001,1,84,21202
C3,1,C3-rules-001,1,85,21171
C3,1,C3-rules-001,1,86,21301
C3,1,C3-rules-001,1,87,21364
C3,1,C3-rules-001,1,88,21351
C3,1,C3-rules-001,1,89,21301
C3,1,C3-rules-001,1,90,21402
C3,1,C3-rules-001,1,91,21488
C3,1,C3-rules-001,1,92,21485
C3,1,C3-rules-001,1,93,21133
C3,1,C3-rules-001,1,94,21312
C3,1,C3-rules-001,1,95,21224
C3,1,C3-rules-001,1,96,21289
C3,1,C3-rules-001,1,97,21233
C3,1,C3-rules-001,1,98,21033
C3,1,C3-rules-001,1,99,21215
C3,1,C3-rules-001,1,100,21255
C3,1,C3-rules-001,2,1,33518
C3,1,C3-rules-001,2,2,22530
C3,1,C3-rules-001,2,3,21359
C3,1,C3-rules-001,2,4,21483
C3,1,C3-rules-001,2,5,23273
C3,1,C3-rules-001,2,6,23111
C3,1,C3-rules-001,2,7,22663
C3,1,C3-rules-001,2,8,22941
C3,1,C3-rules-001,2,9,22729
C3,1,C3-rules-001,2,10,23769
C3,1,C3-rules-001,2,11,21262
C3,1,C3-rules-001,2,12,21270
C3,1,C3-rules-001,2,13,21199
C3,1,C3-rules-001,2,14,21297
C3,1,C3-rules-001,2,15,21231
C3,1,C3-rules-001,2,16,21301
C3,1,C3-rules-001,2,17,21496
C3,1,C3-rules-001,2,18,21377
C3,1,C3-rules-001,2,19,21525
C3,1,C3-rules-001,2,20,21462
C3,1,C3-rules-001,2,21,21014
C3,1,C3-rules-001,2,22,21219
C3,1,C3-rules-001,2,23,21142
C3,1,C3-rules-001,2,24,21336
C3,1,C3-rules-001,2,25,21537
C3,1,C3-rules-001,2,26,21047
C3,1,C3-rules-001,2,27,21274
C3,1,C3-rules-001,2,28,21168
C3,1,C3-rules-001,2,29,21355
C3,1,C3-rules-001,2,30,21570
C3,1,C3-rules-001,2,31,21302
C3,1,C3-rules-001,2,32,24281
C3,1,C3-rules-001,2,33,22583
C3,1,C3-rules-001,2,34,21512
C3,1,C3-rules-001,2,35,21970
C3,1,C3-rules-001,2,36,22129
C3,1,C3-rules-001,2,37,22642
C3,1,C3-rules-001,2,38,22564
C3,1,C3-rules-001,2,39,22383
C3,1,C3-rules-001,2,40,21388
C3,1,C3-rules-001,2,41,21761
C3,1,C3-rules-001,2,42,22103
C3,1,C3-rules-001,2,43,21294
C3,1,C3-rules-001,2,44,21571
C3,1,C3-rules-001,2,45,22920
C3,1,C3-rules-001,2,46,21832
C3,1,C3-rules-001,2,47,21623
C3,1,C3-rules-001,2,48,21134
C3,1,C3-rules-001,2,49,21185
C3,1,C3-rules-001,2,50,21319
C3,1,C3-rules-001,2,51,21354
C3,1,C3-rules-001,2,52,21221
C3,1,C3-rules-001,2,53,21425
C3,1,C3-rules-001,2,54,21045
C3,1,C3-rules-001,2,55,21307
C3,1,C3-rules-001,2,56,21376
C3,1,C3-rules-001,2,57,21273
C3,1,C3-rules-001,2,58,21213
C3,1,C3-rules-001,2,59,23814
C3,1,C3-rules-001,2,60,21296
C3,1,C3-rules-001,2,61,21124
C3,1,C3-rules-001,2,62,21235
C3,1,C3-rules-001,2,63,21298
C3,1,C3-rules-001,2,64,21417
C3,1,C3-rules-001,2,65,21527
C3,1,C3-rules-001,2,66,21204
C3,1,C3-rules-001,2,67,21317
C3,1,C3-rules-001,2,68,21296
C3,1,C3-rules-001,2,69,21422
C3,1,C3-rules-001,2,70,21523
C3,1,C3-rules-001,2,71,30666
C3,1,C3-rules-001,2,72,24390
C3,1,C3-rules-001,2,73,22759
C3,1,C3-rules-001,2,74,22658
C3,1,C3-rules-001,2,75,22656
C3,1,C3-rules-001,2,76,22665
C3,1,C3-rules-001,2,77,22756
C3,1,C3-rules-001,2,78,22685
C3,1,C3-rules-001,2,79,22544
C3,1,C3-rules-001,2,80,22998
C3,1,C3-rules-001,2,81,23002
C3,1,C3-rules-001,2,82,22817
C3,1,C3-rules-001,2,83,22666
C3,1,C3-rules-001,2,84,22471
C3,1,C3-rules-001,2,85,25416
C3,1,C3-rules-001,2,86,22943
C3,1,C3-rules-001,2,87,23066
C3,1,C3-rules-001,2,88,22713
C3,1,C3-rules-001,2,89,22624
C3,1,C3-rules-001,2,90,22846
C3,1,C3-rules-001,2,91,22613
C3,1,C3-rules-001,2,92,22775
C3,1,C3-rules-001,2,93,22601
C3,1,C3-rules-001,2,94,22899
C3,1,C3-rules-001,2,95,22622
C3,1,C3-rules-001,2,96,22796
C3,1,C3-rules-001,2,97,23461
C3,1,C3-rules-001,2,98,21908
C3,1,C3-rules-001,2,99,21117
C3,1,C3-rules-001,2,100,21248
C3,1,C3-rules-001,3,1,25672
C3,1,C3-rules-001,3,2,21441
C3,1,C3-rules-001,3,3,21357
C3,1,C3-rules-001,3,4,21283
C3,1,C3-rules-001,3,5,20993
C3,1,C3-rules-001,3,6,21158
C3,1,C3-rules-001,3,7,21241
C3,1,C3-rules-001,3,8,21265
C3,1,C3-rules-001,3,9,21172
C3,1,C3-rules-001,3,10,21252
C3,1,C3-rules-001,3,11,21064
C3,1,C3-rules-001,3,12,24343
C3,1,C3-rules-001,3,13,21145
C3,1,C3-rules-001,3,14,21435
C3,1,C3-rules-001,3,15,21110
C3,1,C3-rules-001,3,16,25666
C3,1,C3-rules-001,3,17,25443
C3,1,C3-rules-001,3,18,21194
C3,1,C3-rules-001,3,19,21181
C3,1,C3-rules-001,3,20,21477
C3,1,C3-rules-001,3,21,21392
C3,1,C3-rules-001,3,22,21216
C3,1,C3-rules-001,3,23,21521
C3,1,C3-rules-001,3,24,21290
C3,1,C3-rules-001,3,25,21796
C3,1,C3-rules-001,3,26,21539
C3,1,C3-rules-001,3,27,21467
C3,1,C3-rules-001,3,28,21205
C3,1,C3-rules-001,3,29,21228
C3,1,C3-rules-001,3,30,21278
C3,1,C3-rules-001,3,31,21933
C3,1,C3-rules-001,3,32,21397
C3,1,C3-rules-001,3,33,21198
C3,1,C3-rules-001,3,34,21416
C3,1,C3-rules-001,3,35,21002
C3,1,C3-rules-001,3,36,21383
C3,1,C3-rules-001,3,37,21417
C3,1,C3-rules-001,3,38,23766
C3,1,C3-rules-001,3,39,21742
C3,1,C3-rules-001,3,40,21302
C3,1,C3-rules-001,3,41,21284
C3,1,C3-rules-001,3,42,21226
C3,1,C3-rules-001,3,43,21460
C3,1,C3-rules-001,3,44,21182
C3,1,C3-rules-001,3,45,21252
C3,1,C3-rules-001,3,46,21309
C3,1,C3-rules-001,3,47,21274
C3,1,C3-rules-001,3,48,21176
C3,1,C3-rules-001,3,49,21414
C3,1,C3-rules-001,3,50,21314
C3,1,C3-rules-001,3,51,21407
C3,1,C3-rules-001,3,52,21878
C3,1,C3-rules-001,3,53,21363
C3,1,C3-rules-001,3,54,21196
C3,1,C3-rules-001,3,55,21200
C3,1,C3-rules-001,3,56,21430
C3,1,C3-rules-001,3,57,21418
C3,1,C3-rules-001,3,58,21201
C3,1,C3-rules-001,3,59,21142
C3,1,C3-rules-001,3,60,21246
C3,1,C3-rules-001,3,61,21271
C3,1,C3-rules-001,3,62,21266
C3,1,C3-rules-001,3,63,21452
C3,1,C3-rules-001,3,64,21482
C3,1,C3-rules-001,3,65,23039
C3,1,C3-rules-001,3,66,21732
C3,1,C3-rules-001,3,67,21222
C3,1,C3-rules-001,3,68,21080
C3,1,C3-rules-001,3,69,21174
C3,1,C3-rules-001,3,70,21149
C3,1,C3-rules-001,3,71,20980
C3,1,C3-rules-001,3,72,21661
C3,1,C3-rules-001,3,73,22790
C3,1,C3-rules-001,3,74,22786
C3,1,C3-rules-001,3,75,22705
C3,1,C3-rules-001,3,76,22726
C3,1,C3-rules-001,3,77,23649
C3,1,C3-rules-001,3,78,21748
C3,1,C3-rules-001,3,79,21178
C3,1,C3-rules-001,3,80,21141
C3,1,C3-rules-001,3,81,21160
C3,1,C3-rules-001,3,82,22676
C3,1,C3-rules-001,3,83,22735
C3,1,C3-rules-001,3,84,22604
C3,1,C3-rules-001,3,85,23456
C3,1,C3-rules-001,3,86,23859
C3,1,C3-rules-001,3,87,21232
C3,1,C3-rules-001,3,88,21260
C3,1,C3-rules-001,3,89,21487
C3,1,C3-rules-001,3,90,21168
C3,1,C3-rules-001,3,91,23581
C3,1,C3-rules-001,3,92,21417
C3,1,C3-rules-001,3,93,21118
C3,1,C3-rules-001,3,94,21366
C3,1,C3-rules-001,3,95,21475
C3,1,C3-rules-001,3,96,21343
C3,1,C3-rules-001,3,97,21482
C3,1,C3-rules-001,3,98,21120
C3,1,C3-rules-001,3,99,21589
C3,1,C3-rules-001,3,100,21944
C3,1,C3-rules-001,4,1,29786
C3,1,C3-rules-001,4,2,22663
C3,1,C3-rules-001,4,3,22028
C3,1,C3-rules-001,4,4,21614
C3,1,C3-rules-001,4,5,21922
C3,1,C3-rules-001,4,6,21586
C3,1,C3-rules-001,4,7,21678
C3,1,C3-rules-001,4,8,21462
C3,1,C3-rules-001,4,9,21595
C3,1,C3-rules-001,4,10,21664
C3,1,C3-rules-001,4,11,21702
C3,1,C3-rules-001,4,12,22104
C3,1,C3-rules-001,4,13,21833
C3,1,C3-rules-001,4,14,21613
C3,1,C3-rules-001,4,15,21545
C3,1,C3-rules-001,4,16,21382
C3,1,C3-rules-001,4,17,22023
C3,1,C3-rules-001,4,18,24610
C3,1,C3-rules-001,4,19,21749
C3,1,C3-rules-001,4,20,21416
C3,1,C3-rules-001,4,21,21294
C3,1,C3-rules-001,4,22,21582
C3,1,C3-rules-001,4,23,21836
C3,1,C3-rules-001,4,24,21850
C3,1,C3-rules-001,4,25,22018
C3,1,C3-rules-001,4,26,21656
C3,1,C3-rules-001,4,27,21425
C3,1,C3-rules-001,4,28,21494
C3,1,C3-rules-001,4,29,21233
C3,1,C3-rules-001,4,30,21402
C3,1,C3-rules-001,4,31,21801
C3,1,C3-rules-001,4,32,33141
C3,1,C3-rules-001,4,33,26373
C3,1,C3-rules-001,4,34,22813
C3,1,C3-rules-001,4,35,22669
C3,1,C3-rules-001,4,36,22893
C3,1,C3-rules-001,4,37,22618
C3,1,C3-rules-001,4,38,23447
C3,1,C3-rules-001,4,39,21448
C3,1,C3-rules-001,4,40,21030
C3,1,C3-rules-001,4,41,21173
C3,1,C3-rules-001,4,42,21179
C3,1,C3-rules-001,4,43,21101
C3,1,C3-rules-001,4,44,23275
C3,1,C3-rules-001,4,45,21324
C3,1,C3-rules-001,4,46,21115
C3,1,C3-rules-001,4,47,20890
C3,1,C3-rules-001,4,48,20925
C3,1,C3-rules-001,4,49,21170
C3,1,C3-rules-001,4,50,21048
C3,1,C3-rules-001,4,51,21054
C3,1,C3-rules-001,4,52,20860
C3,1,C3-rules-001,4,53,20931
C3,1,C3-rules-001,4,54,21102
C3,1,C3-rules-001,4,55,20823
C3,1,C3-rules-001,4,56,21279
C3,1,C3-rules-001,4,57,20946
C3,1,C3-rules-001,4,58,21844
C3,1,C3-rules-001,4,59,20903
C3,1,C3-rules-001,4,60,21266
C3,1,C3-rules-001,4,61,21004
C3,1,C3-rules-001,4,62,20998
C3,1,C3-rules-001,4,63,21088
C3,1,C3-rules-001,4,64,21093
C3,1,C3-rules-001,4,65,21308
C3,1,C3-rules-001,4,66,21108
C3,1,C3-rules-001,4,67,20904
C3,1,C3-rules-001,4,68,20939
C3,1,C3-rules-001,4,69,20889
C3,1,C3-rules-001,4,70,22596
C3,1,C3-rules-001,4,71,24639
C3,1,C3-rules-001,4,72,22788
C3,1,C3-rules-001,4,73,22558
C3,1,C3-rules-001,4,74,23477
C3,1,C3-rules-001,4,75,21200
C3,1,C3-rules-001,4,76,21080
C3,1,C3-rules-001,4,77,21013
C3,1,C3-rules-001,4,78,21157
C3,1,C3-rules-001,4,79,21073
C3,1,C3-rules-001,4,80,21129
C3,1,C3-rules-001,4,81,21210
C3,1,C3-rules-001,4,82,20899
C3,1,C3-rules-001,4,83,21109
C3,1,C3-rules-001,4,84,22966
C3,1,C3-rules-001,4,85,21440
C3,1,C3-rules-001,4,86,21159
C3,1,C3-rules-001,4,87,21140
C3,1,C3-rules-001,4,88,21072
C3,1,C3-rules-001,4,89,21176
C3,1,C3-rules-001,4,90,20936
C3,1,C3-rules-001,4,91,21013
C3,1,C3-rules-001,4,92,20858
C3,1,C3-rules-001,4,93,21203
C3,1,C3-rules-001,4,94,21032
C3,1,C3-rules-001,4,95,21112
C3,1,C3-rules-001,4,96,21145
C3,1,C3-rules-001,4,97,20998
C3,1,C3-rules-001,4,98,23938
C3,1,C3-rules-001,4,99,21190
C3,1,C3-rules-001,4,100,21089
C3,1,C3-rules-001,5,1,25623
C3,1,C3-rules-001,5,2,21807
C3,1,C3-rules-001,5,3,21371
C3,1,C3-rules-001,5,4,36354
C3,1,C3-rules-001,5,5,24056
C3,1,C3-rules-001,5,6,21627
C3,1,C3-rules-001,5,7,21164
C3,1,C3-rules-001,5,8,21321
C3,1,C3-rules-001,5,9,21290
C3,1,C3-rules-001,5,10,21295
C3,1,C3-rules-001,5,11,21749
C3,1,C3-rules-001,5,12,21114
C3,1,C3-rules-001,5,13,21154
C3,1,C3-rules-001,5,14,21043
C3,1,C3-rules-001,5,15,21194
C3,1,C3-rules-001,5,16,20804
C3,1,C3-rules-001,5,17,20960
C3,1,C3-rules-001,5,18,20923
C3,1,C3-rules-001,5,19,21074
C3,1,C3-rules-001,5,20,21363
C3,1,C3-rules-001,5,21,21210
C3,1,C3-rules-001,5,22,21125
C3,1,C3-rules-001,5,23,21067
C3,1,C3-rules-001,5,24,22914
C3,1,C3-rules-001,5,25,21297
C3,1,C3-rules-001,5,26,21063
C3,1,C3-rules-001,5,27,21139
C3,1,C3-rules-001,5,28,21129
C3,1,C3-rules-001,5,29,20988
C3,1,C3-rules-001,5,30,20866
C3,1,C3-rules-001,5,31,20931
C3,1,C3-rules-001,5,32,20875
C3,1,C3-rules-001,5,33,21189
C3,1,C3-rules-001,5,34,21025
C3,1,C3-rules-001,5,35,21169
C3,1,C3-rules-001,5,36,21118
C3,1,C3-rules-001,5,37,21422
C3,1,C3-rules-001,5,38,21084
C3,1,C3-rules-001,5,39,21160
C3,1,C3-rules-001,5,40,20936
C3,1,C3-rules-001,5,41,21023
C3,1,C3-rules-001,5,42,20987
C3,1,C3-rules-001,5,43,21015
C3,1,C3-rules-001,5,44,21039
C3,1,C3-rules-001,5,45,20999
C3,1,C3-rules-001,5,46,21430
C3,1,C3-rules-001,5,47,21018
C3,1,C3-rules-001,5,48,21071
C3,1,C3-rules-001,5,49,20909
C3,1,C3-rules-001,5,50,21262
C3,1,C3-rules-001,5,51,23236
C3,1,C3-rules-001,5,52,21026
C3,1,C3-rules-001,5,53,21273
C3,1,C3-rules-001,5,54,21096
C3,1,C3-rules-001,5,55,21373
C3,1,C3-rules-001,5,56,30596
C3,1,C3-rules-001,5,57,24962
C3,1,C3-rules-001,5,58,21269
C3,1,C3-rules-001,5,59,21059
C3,1,C3-rules-001,5,60,21173
C3,1,C3-rules-001,5,61,21432
C3,1,C3-rules-001,5,62,20985
C3,1,C3-rules-001,5,63,21103
C3,1,C3-rules-001,5,64,21428
C3,1,C3-rules-001,5,65,21085
C3,1,C3-rules-001,5,66,21274
C3,1,C3-rules-001,5,67,21087
C3,1,C3-rules-001,5,68,21041
C3,1,C3-rules-001,5,69,21176
C3,1,C3-rules-001,5,70,21099
C3,1,C3-rules-001,5,71,21209
C3,1,C3-rules-001,5,72,21548
C3,1,C3-rules-001,5,73,21053
C3,1,C3-rules-001,5,74,21088
C3,1,C3-rules-001,5,75,20879
C3,1,C3-rules-001,5,76,21089
C3,1,C3-rules-001,5,77,23290
C3,1,C3-rules-001,5,78,21279
C3,1,C3-rules-001,5,79,21032
C3,1,C3-rules-001,5,80,21297
C3,1,C3-rules-001,5,81,21056
C3,1,C3-rules-001,5,82,20971
C3,1,C3-rules-001,5,83,21202
C3,1,C3-rules-001,5,84,21181
C3,1,C3-rules-001,5,85,20976
C3,1,C3-rules-001,5,86,21084
C3,1,C3-rules-001,5,87,21056
C3,1,C3-rules-001,5,88,21234
C3,1,C3-rules-001,5,89,20868
C3,1,C3-rules-001,5,90,21097
C3,1,C3-rules-001,5,91,21278
C3,1,C3-rules-001,5,92,21127
C3,1,C3-rules-001,5,93,21223
C3,1,C3-rules-001,5,94,20961
C3,1,C3-rules-001,5,95,20967
C3,1,C3-rules-001,5,96,21010
C3,1,C3-rules-001,5,97,20980
C3,1,C3-rules-001,5,98,21245
C3,1,C3-rules-001,5,99,21568
C3,1,C3-rules-001,5,100,21027
C3,1,C3-rules-001,6,1,32671
C3,1,C3-rules-001,6,2,23425
C3,1,C3-rules-001,6,3,23803
C3,1,C3-rules-001,6,4,24261
C3,1,C3-rules-001,6,5,21268
C3,1,C3-rules-001,6,6,21009
C3,1,C3-rules-001,6,7,21093
C3,1,C3-rules-001,6,8,20986
C3,1,C3-rules-001,6,9,21009
C3,1,C3-rules-001,6,10,20846
C3,1,C3-rules-001,6,11,21049
C3,1,C3-rules-001,6,12,20967
C3,1,C3-rules-001,6,13,20911
C3,1,C3-rules-001,6,14,21056
C3,1,C3-rules-001,6,15,21136
C3,1,C3-rules-001,6,16,20960
C3,1,C3-rules-001,6,17,21550
C3,1,C3-rules-001,6,18,21148
C3,1,C3-rules-001,6,19,21007
C3,1,C3-rules-001,6,20,21400
C3,1,C3-rules-001,6,21,21544
C3,1,C3-rules-001,6,22,21140
C3,1,C3-rules-001,6,23,21069
C3,1,C3-rules-001,6,24,21020
C3,1,C3-rules-001,6,25,21263
C3,1,C3-rules-001,6,26,21096
C3,1,C3-rules-001,6,27,20981
C3,1,C3-rules-001,6,28,21292
C3,1,C3-rules-001,6,29,21291
C3,1,C3-rules-001,6,30,23401
C3,1,C3-rules-001,6,31,21280
C3,1,C3-rules-001,6,32,21068
C3,1,C3-rules-001,6,33,20968
C3,1,C3-rules-001,6,34,21091
C3,1,C3-rules-001,6,35,21093
C3,1,C3-rules-001,6,36,20956
C3,1,C3-rules-001,6,37,20948
C3,1,C3-rules-001,6,38,21000
C3,1,C3-rules-001,6,39,21029
C3,1,C3-rules-001,6,40,21207
C3,1,C3-rules-001,6,41,21171
C3,1,C3-rules-001,6,42,21191
C3,1,C3-rules-001,6,43,21487
C3,1,C3-rules-001,6,44,21727
C3,1,C3-rules-001,6,45,21432
C3,1,C3-rules-001,6,46,21209
C3,1,C3-rules-001,6,47,21220
C3,1,C3-rules-001,6,48,21246
C3,1,C3-rules-001,6,49,21196
C3,1,C3-rules-001,6,50,21046
C3,1,C3-rules-001,6,51,21108
C3,1,C3-rules-001,6,52,20891
C3,1,C3-rules-001,6,53,21187
C3,1,C3-rules-001,6,54,21084
C3,1,C3-rules-001,6,55,21002
C3,1,C3-rules-001,6,56,20917
C3,1,C3-rules-001,6,57,24009
C3,1,C3-rules-001,6,58,21092
C3,1,C3-rules-001,6,59,20959
C3,1,C3-rules-001,6,60,20979
C3,1,C3-rules-001,6,61,21218
C3,1,C3-rules-001,6,62,21215
C3,1,C3-rules-001,6,63,21247
C3,1,C3-rules-001,6,64,20973
C3,1,C3-rules-001,6,65,21150
C3,1,C3-rules-001,6,66,20994
C3,1,C3-rules-001,6,67,21072
C3,1,C3-rules-001,6,68,27953
C3,1,C3-rules-001,6,69,21764
C3,1,C3-rules-001,6,70,22042
C3,1,C3-rules-001,6,71,21038
C3,1,C3-rules-001,6,72,21317
C3,1,C3-rules-001,6,73,21101
C3,1,C3-rules-001,6,74,21080
C3,1,C3-rules-001,6,75,21315
C3,1,C3-rules-001,6,76,21317
C3,1,C3-rules-001,6,77,20866
C3,1,C3-rules-001,6,78,21379
C3,1,C3-rules-001,6,79,21285
C3,1,C3-rules-001,6,80,21282
C3,1,C3-rules-001,6,81,21028
C3,1,C3-rules-001,6,82,21365
C3,1,C3-rules-001,6,83,23121
C3,1,C3-rules-001,6,84,21168
C3,1,C3-rules-001,6,85,21176
C3,1,C3-rules-001,6,86,21062
C3,1,C3-rules-001,6,87,21134
C3,1,C3-rules-001,6,88,21180
C3,1,C3-rules-001,6,89,21049
C3,1,C3-rules-001,6,90,21169
C3,1,C3-rules-001,6,91,21093
C3,1,C3-rules-001,6,92,21410
C3,1,C3-rules-001,6,93,21225
C3,1,C3-rules-001,6,94,21898
C3,1,C3-rules-001,6,95,22496
C3,1,C3-rules-001,6,96,22208
C3,1,C3-rules-001,6,97,23109
C3,1,C3-rules-001,6,98,22444
C3,1,C3-rules-001,6,99,22274
C3,1,C3-rules-001,6,100,22697
C3,1,C3-rules-001,7,1,26157
C3,1,C3-rules-001,7,2,23429
C3,1,C3-rules-001,7,3,22618
C3,1,C3-rules-001,7,4,22208
C3,1,C3-rules-001,7,5,22605
C3,1,C3-rules-001,7,6,21951
C3,1,C3-rules-001,7,7,21065
C3,1,C3-rules-001,7,8,21247
C3,1,C3-rules-001,7,9,21155
C3,1,C3-rules-001,7,10,23781
C3,1,C3-rules-001,7,11,21328
C3,1,C3-rules-001,7,12,21347
C3,1,C3-rules-001,7,13,21306
C3,1,C3-rules-001,7,14,21241
C3,1,C3-rules-001,7,15,21123
C3,1,C3-rules-001,7,16,21040
C3,1,C3-rules-001,7,17,20886
C3,1,C3-rules-001,7,18,21192
C3,1,C3-rules-001,7,19,21409
C3,1,C3-rules-001,7,20,21455
C3,1,C3-rules-001,7,21,21067
C3,1,C3-rules-001,7,22,21263
C3,1,C3-rules-001,7,23,22037
C3,1,C3-rules-001,7,24,21472
C3,1,C3-rules-001,7,25,21341
C3,1,C3-rules-001,7,26,21091
C3,1,C3-rules-001,7,27,20873
C3,1,C3-rules-001,7,28,21128
C3,1,C3-rules-001,7,29,21093
C3,1,C3-rules-001,7,30,20997
C3,1,C3-rules-001,7,31,21205
C3,1,C3-rules-001,7,32,21033
C3,1,C3-rules-001,7,33,20975
C3,1,C3-rules-001,7,34,21141
C3,1,C3-rules-001,7,35,21066
C3,1,C3-rules-001,7,36,22592
C3,1,C3-rules-001,7,37,21293
C3,1,C3-rules-001,7,38,21209
C3,1,C3-rules-001,7,39,21234
C3,1,C3-rules-001,7,40,21241
C3,1,C3-rules-001,7,41,20918
C3,1,C3-rules-001,7,42,20924
C3,1,C3-rules-001,7,43,21176
C3,1,C3-rules-001,7,44,20761
C3,1,C3-rules-001,7,45,21195
C3,1,C3-rules-001,7,46,21174
C3,1,C3-rules-001,7,47,21182
C3,1,C3-rules-001,7,48,21086
C3,1,C3-rules-001,7,49,21066
C3,1,C3-rules-001,7,50,21583
C3,1,C3-rules-001,7,51,21052
C3,1,C3-rules-001,7,52,20967
C3,1,C3-rules-001,7,53,21001
C3,1,C3-rules-001,7,54,21321
C3,1,C3-rules-001,7,55,20995
C3,1,C3-rules-001,7,56,21066
C3,1,C3-rules-001,7,57,20944
C3,1,C3-rules-001,7,58,20916
C3,1,C3-rules-001,7,59,21064
C3,1,C3-rules-001,7,60,21076
C3,1,C3-rules-001,7,61,21087
C3,1,C3-rules-001,7,62,21136
C3,1,C3-rules-001,7,63,22824
C3,1,C3-rules-001,7,64,21122
C3,1,C3-rules-001,7,65,26676
C3,1,C3-rules-001,7,66,25772
C3,1,C3-rules-001,7,67,21278
C3,1,C3-rules-001,7,68,21090
C3,1,C3-rules-001,7,69,20916
C3,1,C3-rules-001,7,70,21097
C3,1,C3-rules-001,7,71,20907
C3,1,C3-rules-001,7,72,21125
C3,1,C3-rules-001,7,73,20980
C3,1,C3-rules-001,7,74,21078
C3,1,C3-rules-001,7,75,20988
C3,1,C3-rules-001,7,76,21491
C3,1,C3-rules-001,7,77,21269
C3,1,C3-rules-001,7,78,25357
C3,1,C3-rules-001,7,79,23513
C3,1,C3-rules-001,7,80,21185
C3,1,C3-rules-001,7,81,21267
C3,1,C3-rules-001,7,82,21078
C3,1,C3-rules-001,7,83,21303
C3,1,C3-rules-001,7,84,21053
C3,1,C3-rules-001,7,85,20839
C3,1,C3-rules-001,7,86,20902
C3,1,C3-rules-001,7,87,21039
C3,1,C3-rules-001,7,88,21130
C3,1,C3-rules-001,7,89,20873
C3,1,C3-rules-001,7,90,24517
C3,1,C3-rules-001,7,91,21168
C3,1,C3-rules-001,7,92,21387
C3,1,C3-rules-001,7,93,20855
C3,1,C3-rules-001,7,94,21469
C3,1,C3-rules-001,7,95,21046
C3,1,C3-rules-001,7,96,21129
C3,1,C3-rules-001,7,97,20973
C3,1,C3-rules-001,7,98,21043
C3,1,C3-rules-001,7,99,20960
C3,1,C3-rules-001,7,100,21125
C3,1,C3-rules-001,8,1,25240
C3,1,C3-rules-001,8,2,21706
C3,1,C3-rules-001,8,3,22403
C3,1,C3-rules-001,8,4,21342
C3,1,C3-rules-001,8,5,21131
C3,1,C3-rules-001,8,6,21122
C3,1,C3-rules-001,8,7,21175
C3,1,C3-rules-001,8,8,21039
C3,1,C3-rules-001,8,9,21183
C3,1,C3-rules-001,8,10,21114
C3,1,C3-rules-001,8,11,21242
C3,1,C3-rules-001,8,12,21435
C3,1,C3-rules-001,8,13,21219
C3,1,C3-rules-001,8,14,21230
C3,1,C3-rules-001,8,15,21273
C3,1,C3-rules-001,8,16,23015
C3,1,C3-rules-001,8,17,21226
C3,1,C3-rules-001,8,18,21057
C3,1,C3-rules-001,8,19,21206
C3,1,C3-rules-001,8,20,21095
C3,1,C3-rules-001,8,21,21164
C3,1,C3-rules-001,8,22,20925
C3,1,C3-rules-001,8,23,21125
C3,1,C3-rules-001,8,24,21035
C3,1,C3-rules-001,8,25,21156
C3,1,C3-rules-001,8,26,21086
C3,1,C3-rules-001,8,27,21293
C3,1,C3-rules-001,8,28,21825
C3,1,C3-rules-001,8,29,21772
C3,1,C3-rules-001,8,30,21189
C3,1,C3-rules-001,8,31,21074
C3,1,C3-rules-001,8,32,20957
C3,1,C3-rules-001,8,33,21262
C3,1,C3-rules-001,8,34,21088
C3,1,C3-rules-001,8,35,21142
C3,1,C3-rules-001,8,36,20810
C3,1,C3-rules-001,8,37,21075
C3,1,C3-rules-001,8,38,21108
C3,1,C3-rules-001,8,39,21056
C3,1,C3-rules-001,8,40,21078
C3,1,C3-rules-001,8,41,21303
C3,1,C3-rules-001,8,42,21195
C3,1,C3-rules-001,8,43,23821
C3,1,C3-rules-001,8,44,21391
C3,1,C3-rules-001,8,45,21500
C3,1,C3-rules-001,8,46,21002
C3,1,C3-rules-001,8,47,21474
C3,1,C3-rules-001,8,48,27300
C3,1,C3-rules-001,8,49,21815
C3,1,C3-rules-001,8,50,21171
C3,1,C3-rules-001,8,51,21164
C3,1,C3-rules-001,8,52,20983
C3,1,C3-rules-001,8,53,21259
C3,1,C3-rules-001,8,54,21257
C3,1,C3-rules-001,8,55,21178
C3,1,C3-rules-001,8,56,21701
C3,1,C3-rules-001,8,57,21164
C3,1,C3-rules-001,8,58,21164
C3,1,C3-rules-001,8,59,21039
C3,1,C3-rules-001,8,60,20972
C3,1,C3-rules-001,8,61,20903
C3,1,C3-rules-001,8,62,21187
C3,1,C3-rules-001,8,63,21065
C3,1,C3-rules-001,8,64,20887
C3,1,C3-rules-001,8,65,21125
C3,1,C3-rules-001,8,66,20973
C3,1,C3-rules-001,8,67,20966
C3,1,C3-rules-001,8,68,20949
C3,1,C3-rules-001,8,69,23512
C3,1,C3-rules-001,8,70,21203
C3,1,C3-rules-001,8,71,21264
C3,1,C3-rules-001,8,72,21172
C3,1,C3-rules-001,8,73,21079
C3,1,C3-rules-001,8,74,20801
C3,1,C3-rules-001,8,75,21098
C3,1,C3-rules-001,8,76,21049
C3,1,C3-rules-001,8,77,20844
C3,1,C3-rules-001,8,78,20991
C3,1,C3-rules-001,8,79,21072
C3,1,C3-rules-001,8,80,21136
C3,1,C3-rules-001,8,81,21210
C3,1,C3-rules-001,8,82,21005
C3,1,C3-rules-001,8,83,21432
C3,1,C3-rules-001,8,84,21186
C3,1,C3-rules-001,8,85,21199
C3,1,C3-rules-001,8,86,21217
C3,1,C3-rules-001,8,87,20952
C3,1,C3-rules-001,8,88,21135
C3,1,C3-rules-001,8,89,21161
C3,1,C3-rules-001,8,90,21013
C3,1,C3-rules-001,8,91,20985
C3,1,C3-rules-001,8,92,21166
C3,1,C3-rules-001,8,93,20954
C3,1,C3-rules-001,8,94,20940
C3,1,C3-rules-001,8,95,21236
C3,1,C3-rules-001,8,96,22635
C3,1,C3-rules-001,8,97,21266
C3,1,C3-rules-001,8,98,20915
C3,1,C3-rules-001,8,99,21003
C3,1,C3-rules-001,8,100,21055
C3,250,C3-rules-250,1,1,914826
C3,250,C3-rules-250,1,2,911310
C3,250,C3-rules-250,1,3,898037
C3,250,C3-rules-250,1,4,909061
C3,250,C3-rules-250,1,5,917886
C3,250,C3-rules-250,1,6,922734
C3,250,C3-rules-250,1,7,923201
C3,250,C3-rules-250,1,8,895847
C3,250,C3-rules-250,1,9,883317
C3,250,C3-rules-250,1,10,887133
C3,250,C3-rules-250,1,11,957746
C3,250,C3-rules-250,1,12,900820
C3,250,C3-rules-250,1,13,897120
C3,250,C3-rules-250,1,14,893983
C3,250,C3-rules-250,1,15,914092
C3,250,C3-rules-250,1,16,913238
C3,250,C3-rules-250,1,17,930225
C3,250,C3-rules-250,1,18,914101
C3,250,C3-rules-250,1,19,1085600
C3,250,C3-rules-250,1,20,912388
C3,250,C3-rules-250,1,21,891313
C3,250,C3-rules-250,1,22,885203
C3,250,C3-rules-250,1,23,885951
C3,250,C3-rules-250,1,24,927092
C3,250,C3-rules-250,1,25,907869
C3,250,C3-rules-250,1,26,906208
C3,250,C3-rules-250,1,27,904461
C3,250,C3-rules-250,1,28,926887
C3,250,C3-rules-250,1,29,912675
C3,250,C3-rules-250,1,30,906508
C3,250,C3-rules-250,1,31,925065
C3,250,C3-rules-250,1,32,916906
C3,250,C3-rules-250,1,33,1021456
C3,250,C3-rules-250,1,34,909969
C3,250,C3-rules-250,1,35,940727
C3,250,C3-rules-250,1,36,922291
C3,250,C3-rules-250,1,37,943910
C3,250,C3-rules-250,1,38,904694
C3,250,C3-rules-250,1,39,889415
C3,250,C3-rules-250,1,40,909125
C3,250,C3-rules-250,1,41,951985
C3,250,C3-rules-250,1,42,933902
C3,250,C3-rules-250,1,43,926308
C3,250,C3-rules-250,1,44,919908
C3,250,C3-rules-250,1,45,952698
C3,250,C3-rules-250,1,46,1024037
C3,250,C3-rules-250,1,47,900868
C3,250,C3-rules-250,1,48,920871
C3,250,C3-rules-250,1,49,899314
C3,250,C3-rules-250,1,50,902501
C3,250,C3-rules-250,1,51,897974
C3,250,C3-rules-250,1,52,910798
C3,250,C3-rules-250,1,53,957008
C3,250,C3-rules-250,1,54,978823
C3,250,C3-rules-250,1,55,943020
C3,250,C3-rules-250,1,56,929858
C3,250,C3-rules-250,1,57,937931
C3,250,C3-rules-250,1,58,953950
C3,250,C3-rules-250,1,59,941333
C3,250,C3-rules-250,1,60,931472
C3,250,C3-rules-250,1,61,926275
C3,250,C3-rules-250,1,62,958609
C3,250,C3-rules-250,1,63,954318
C3,250,C3-rules-250,1,64,908156
C3,250,C3-rules-250,1,65,905003
C3,250,C3-rules-250,1,66,919282
C3,250,C3-rules-250,1,67,935361
C3,250,C3-rules-250,1,68,974844
C3,250,C3-rules-250,1,69,911520
C3,250,C3-rules-250,1,70,912797
C3,250,C3-rules-250,1,71,970673
C3,250,C3-rules-250,1,72,1054061
C3,250,C3-rules-250,1,73,882643
C3,250,C3-rules-250,1,74,903232
C3,250,C3-rules-250,1,75,901509
C3,250,C3-rules-250,1,76,875546
C3,250,C3-rules-250,1,77,1046162
C3,250,C3-rules-250,1,78,875755
C3,250,C3-rules-250,1,79,890704
C3,250,C3-rules-250,1,80,890094
C3,250,C3-rules-250,1,81,865875
C3,250,C3-rules-250,1,82,863650
C3,250,C3-rules-250,1,83,862019
C3,250,C3-rules-250,1,84,910438
C3,250,C3-rules-250,1,85,870624
C3,250,C3-rules-250,1,86,874119
C3,250,C3-rules-250,1,87,882233
C3,250,C3-rules-250,1,88,900478
C3,250,C3-rules-250,1,89,864009
C3,250,C3-rules-250,1,90,841018
C3,250,C3-rules-250,1,91,847167
C3,250,C3-rules-250,1,92,850752
C3,250,C3-rules-250,1,93,879490
C3,250,C3-rules-250,1,94,856991
C3,250,C3-rules-250,1,95,882139
C3,250,C3-rules-250,1,96,867582
C3,250,C3-rules-250,1,97,841459
C3,250,C3-rules-250,1,98,861830
C3,250,C3-rules-250,1,99,856071
C3,250,C3-rules-250,1,100,840241
C3,250,C3-rules-250,2,1,869822
C3,250,C3-rules-250,2,2,863472
C3,250,C3-rules-250,2,3,836127
C3,250,C3-rules-250,2,4,842068
C3,250,C3-rules-250,2,5,3378058
C3,250,C3-rules-250,2,6,1008217
C3,250,C3-rules-250,2,7,920963
C3,250,C3-rules-250,2,8,877181
C3,250,C3-rules-250,2,9,858419
C3,250,C3-rules-250,2,10,847666
C3,250,C3-rules-250,2,11,851893
C3,250,C3-rules-250,2,12,853851
C3,250,C3-rules-250,2,13,861513
C3,250,C3-rules-250,2,14,852571
C3,250,C3-rules-250,2,15,853065
C3,250,C3-rules-250,2,16,849172
C3,250,C3-rules-250,2,17,876626
C3,250,C3-rules-250,2,18,863411
C3,250,C3-rules-250,2,19,857993
C3,250,C3-rules-250,2,20,847561
C3,250,C3-rules-250,2,21,833558
C3,250,C3-rules-250,2,22,853269
C3,250,C3-rules-250,2,23,850760
C3,250,C3-rules-250,2,24,857114
C3,250,C3-rules-250,2,25,844205
C3,250,C3-rules-250,2,26,834566
C3,250,C3-rules-250,2,27,882628
C3,250,C3-rules-250,2,28,851799
C3,250,C3-rules-250,2,29,845042
C3,250,C3-rules-250,2,30,839106
C3,250,C3-rules-250,2,31,842744
C3,250,C3-rules-250,2,32,844879
C3,250,C3-rules-250,2,33,858758
C3,250,C3-rules-250,2,34,866646
C3,250,C3-rules-250,2,35,842444
C3,250,C3-rules-250,2,36,849463
C3,250,C3-rules-250,2,37,857880
C3,250,C3-rules-250,2,38,859472
C3,250,C3-rules-250,2,39,845069
C3,250,C3-rules-250,2,40,841043
C3,250,C3-rules-250,2,41,845277
C3,250,C3-rules-250,2,42,839078
C3,250,C3-rules-250,2,43,840591
C3,250,C3-rules-250,2,44,841039
C3,250,C3-rules-250,2,45,848189
C3,250,C3-rules-250,2,46,903369
C3,250,C3-rules-250,2,47,851064
C3,250,C3-rules-250,2,48,841940
C3,250,C3-rules-250,2,49,835542
C3,250,C3-rules-250,2,50,843246
C3,250,C3-rules-250,2,51,866528
C3,250,C3-rules-250,2,52,870029
C3,250,C3-rules-250,2,53,842140
C3,250,C3-rules-250,2,54,845449
C3,250,C3-rules-250,2,55,851824
C3,250,C3-rules-250,2,56,855066
C3,250,C3-rules-250,2,57,845247
C3,250,C3-rules-250,2,58,849649
C3,250,C3-rules-250,2,59,836168
C3,250,C3-rules-250,2,60,846739
C3,250,C3-rules-250,2,61,864121
C3,250,C3-rules-250,2,62,843385
C3,250,C3-rules-250,2,63,838671
C3,250,C3-rules-250,2,64,841355
C3,250,C3-rules-250,2,65,856405
C3,250,C3-rules-250,2,66,851367
C3,250,C3-rules-250,2,67,848071
C3,250,C3-rules-250,2,68,847565
C3,250,C3-rules-250,2,69,841552
C3,250,C3-rules-250,2,70,848266
C3,250,C3-rules-250,2,71,839188
C3,250,C3-rules-250,2,72,841053
C3,250,C3-rules-250,2,73,842198
C3,250,C3-rules-250,2,74,849186
C3,250,C3-rules-250,2,75,841079
C3,250,C3-rules-250,2,76,856334
C3,250,C3-rules-250,2,77,856310
C3,250,C3-rules-250,2,78,867449
C3,250,C3-rules-250,2,79,864440
C3,250,C3-rules-250,2,80,856403
C3,250,C3-rules-250,2,81,848074
C3,250,C3-rules-250,2,82,857170
C3,250,C3-rules-250,2,83,857257
C3,250,C3-rules-250,2,84,866293
C3,250,C3-rules-250,2,85,855909
C3,250,C3-rules-250,2,86,837673
C3,250,C3-rules-250,2,87,846978
C3,250,C3-rules-250,2,88,847601
C3,250,C3-rules-250,2,89,836268
C3,250,C3-rules-250,2,90,850533
C3,250,C3-rules-250,2,91,853208
C3,250,C3-rules-250,2,92,842918
C3,250,C3-rules-250,2,93,850853
C3,250,C3-rules-250,2,94,864497
C3,250,C3-rules-250,2,95,864032
C3,250,C3-rules-250,2,96,843931
C3,250,C3-rules-250,2,97,852781
C3,250,C3-rules-250,2,98,845366
C3,250,C3-rules-250,2,99,842269
C3,250,C3-rules-250,2,100,863207
C3,250,C3-rules-250,3,1,847320
C3,250,C3-rules-250,3,2,875976
C3,250,C3-rules-250,3,3,840810
C3,250,C3-rules-250,3,4,839014
C3,250,C3-rules-250,3,5,843504
C3,250,C3-rules-250,3,6,852003
C3,250,C3-rules-250,3,7,841371
C3,250,C3-rules-250,3,8,836075
C3,250,C3-rules-250,3,9,838128
C3,250,C3-rules-250,3,10,840819
C3,250,C3-rules-250,3,11,841102
C3,250,C3-rules-250,3,12,839321
C3,250,C3-rules-250,3,13,1040212
C3,250,C3-rules-250,3,14,875596
C3,250,C3-rules-250,3,15,849139
C3,250,C3-rules-250,3,16,859857
C3,250,C3-rules-250,3,17,841120
C3,250,C3-rules-250,3,18,839954
C3,250,C3-rules-250,3,19,862735
C3,250,C3-rules-250,3,20,845841
C3,250,C3-rules-250,3,21,848366
C3,250,C3-rules-250,3,22,860275
C3,250,C3-rules-250,3,23,845362
C3,250,C3-rules-250,3,24,862174
C3,250,C3-rules-250,3,25,852235
C3,250,C3-rules-250,3,26,841938
C3,250,C3-rules-250,3,27,854581
C3,250,C3-rules-250,3,28,857877
C3,250,C3-rules-250,3,29,843913
C3,250,C3-rules-250,3,30,853327
C3,250,C3-rules-250,3,31,839781
C3,250,C3-rules-250,3,32,841142
C3,250,C3-rules-250,3,33,858915
C3,250,C3-rules-250,3,34,843417
C3,250,C3-rules-250,3,35,847616
C3,250,C3-rules-250,3,36,837676
C3,250,C3-rules-250,3,37,842258
C3,250,C3-rules-250,3,38,858234
C3,250,C3-rules-250,3,39,848729
C3,250,C3-rules-250,3,40,837567
C3,250,C3-rules-250,3,41,834631
C3,250,C3-rules-250,3,42,835608
C3,250,C3-rules-250,3,43,845603
C3,250,C3-rules-250,3,44,845720
C3,250,C3-rules-250,3,45,842140
C3,250,C3-rules-250,3,46,837513
C3,250,C3-rules-250,3,47,837106
C3,250,C3-rules-250,3,48,846336
C3,250,C3-rules-250,3,49,851232
C3,250,C3-rules-250,3,50,836190
C3,250,C3-rules-250,3,51,857485
C3,250,C3-rules-250,3,52,836316
C3,250,C3-rules-250,3,53,853483
C3,250,C3-rules-250,3,54,847179
C3,250,C3-rules-250,3,55,842139
C3,250,C3-rules-250,3,56,844672
C3,250,C3-rules-250,3,57,850986
C3,250,C3-rules-250,3,58,865050
C3,250,C3-rules-250,3,59,848728
C3,250,C3-rules-250,3,60,847206
C3,250,C3-rules-250,3,61,863770
C3,250,C3-rules-250,3,62,848122
C3,250,C3-rules-250,3,63,894990
C3,250,C3-rules-250,3,64,891261
C3,250,C3-rules-250,3,65,854552
C3,250,C3-rules-250,3,66,839910
C3,250,C3-rules-250,3,67,855009
C3,250,C3-rules-250,3,68,843746
C3,250,C3-rules-250,3,69,861262
C3,250,C3-rules-250,3,70,870144
C3,250,C3-rules-250,3,71,842591
C3,250,C3-rules-250,3,72,852753
C3,250,C3-rules-250,3,73,862158
C3,250,C3-rules-250,3,74,850443
C3,250,C3-rules-250,3,75,837759
C3,250,C3-rules-250,3,76,841170
C3,250,C3-rules-250,3,77,865765
C3,250,C3-rules-250,3,78,841613
C3,250,C3-rules-250,3,79,841130
C3,250,C3-rules-250,3,80,847727
C3,250,C3-rules-250,3,81,845312
C3,250,C3-rules-250,3,82,851663
C3,250,C3-rules-250,3,83,861384
C3,250,C3-rules-250,3,84,839079
C3,250,C3-rules-250,3,85,849656
C3,250,C3-rules-250,3,86,862528
C3,250,C3-rules-250,3,87,840550
C3,250,C3-rules-250,3,88,831049
C3,250,C3-rules-250,3,89,842720
C3,250,C3-rules-250,3,90,840936
C3,250,C3-rules-250,3,91,862070
C3,250,C3-rules-250,3,92,848984
C3,250,C3-rules-250,3,93,837719
C3,250,C3-rules-250,3,94,838760
C3,250,C3-rules-250,3,95,864747
C3,250,C3-rules-250,3,96,848095
C3,250,C3-rules-250,3,97,843576
C3,250,C3-rules-250,3,98,857878
C3,250,C3-rules-250,3,99,849022
C3,250,C3-rules-250,3,100,856345
C3,250,C3-rules-250,4,1,860104
C3,250,C3-rules-250,4,2,839784
C3,250,C3-rules-250,4,3,870827
C3,250,C3-rules-250,4,4,850035
C3,250,C3-rules-250,4,5,869333
C3,250,C3-rules-250,4,6,840727
C3,250,C3-rules-250,4,7,847093
C3,250,C3-rules-250,4,8,842614
C3,250,C3-rules-250,4,9,841140
C3,250,C3-rules-250,4,10,865149
C3,250,C3-rules-250,4,11,841303
C3,250,C3-rules-250,4,12,844938
C3,250,C3-rules-250,4,13,838519
C3,250,C3-rules-250,4,14,853169
C3,250,C3-rules-250,4,15,860963
C3,250,C3-rules-250,4,16,974192
C3,250,C3-rules-250,4,17,936579
C3,250,C3-rules-250,4,18,852027
C3,250,C3-rules-250,4,19,864338
C3,250,C3-rules-250,4,20,846329
C3,250,C3-rules-250,4,21,840705
C3,250,C3-rules-250,4,22,865488
C3,250,C3-rules-250,4,23,847548
C3,250,C3-rules-250,4,24,848450
C3,250,C3-rules-250,4,25,842467
C3,250,C3-rules-250,4,26,850441
C3,250,C3-rules-250,4,27,843068
C3,250,C3-rules-250,4,28,866492
C3,250,C3-rules-250,4,29,843706
C3,250,C3-rules-250,4,30,842328
C3,250,C3-rules-250,4,31,871169
C3,250,C3-rules-250,4,32,842787
C3,250,C3-rules-250,4,33,859690
C3,250,C3-rules-250,4,34,840624
C3,250,C3-rules-250,4,35,850310
C3,250,C3-rules-250,4,36,884706
C3,250,C3-rules-250,4,37,858716
C3,250,C3-rules-250,4,38,837144
C3,250,C3-rules-250,4,39,838119
C3,250,C3-rules-250,4,40,848961
C3,250,C3-rules-250,4,41,841884
C3,250,C3-rules-250,4,42,856419
C3,250,C3-rules-250,4,43,868634
C3,250,C3-rules-250,4,44,855214
C3,250,C3-rules-250,4,45,832217
C3,250,C3-rules-250,4,46,843325
C3,250,C3-rules-250,4,47,855447
C3,250,C3-rules-250,4,48,838904
C3,250,C3-rules-250,4,49,852480
C3,250,C3-rules-250,4,50,846677
C3,250,C3-rules-250,4,51,836762
C3,250,C3-rules-250,4,52,865813
C3,250,C3-rules-250,4,53,842563
C3,250,C3-rules-250,4,54,846908
C3,250,C3-rules-250,4,55,842914
C3,250,C3-rules-250,4,56,863938
C3,250,C3-rules-250,4,57,833643
C3,250,C3-rules-250,4,58,857593
C3,250,C3-rules-250,4,59,838701
C3,250,C3-rules-250,4,60,850640
C3,250,C3-rules-250,4,61,870159
C3,250,C3-rules-250,4,62,835579
C3,250,C3-rules-250,4,63,3324520
C3,250,C3-rules-250,4,64,957140
C3,250,C3-rules-250,4,65,871918
C3,250,C3-rules-250,4,66,849272
C3,250,C3-rules-250,4,67,862507
C3,250,C3-rules-250,4,68,844344
C3,250,C3-rules-250,4,69,849642
C3,250,C3-rules-250,4,70,841697
C3,250,C3-rules-250,4,71,849955
C3,250,C3-rules-250,4,72,873550
C3,250,C3-rules-250,4,73,856090
C3,250,C3-rules-250,4,74,861244
C3,250,C3-rules-250,4,75,850551
C3,250,C3-rules-250,4,76,845573
C3,250,C3-rules-250,4,77,854774
C3,250,C3-rules-250,4,78,849139
C3,250,C3-rules-250,4,79,850773
C3,250,C3-rules-250,4,80,871858
C3,250,C3-rules-250,4,81,860943
C3,250,C3-rules-250,4,82,846606
C3,250,C3-rules-250,4,83,851315
C3,250,C3-rules-250,4,84,857036
C3,250,C3-rules-250,4,85,861233
C3,250,C3-rules-250,4,86,867149
C3,250,C3-rules-250,4,87,850888
C3,250,C3-rules-250,4,88,832576
C3,250,C3-rules-250,4,89,844203
C3,250,C3-rules-250,4,90,856779
C3,250,C3-rules-250,4,91,846694
C3,250,C3-rules-250,4,92,839787
C3,250,C3-rules-250,4,93,842694
C3,250,C3-rules-250,4,94,848115
C3,250,C3-rules-250,4,95,858025
C3,250,C3-rules-250,4,96,836368
C3,250,C3-rules-250,4,97,844473
C3,250,C3-rules-250,4,98,842086
C3,250,C3-rules-250,4,99,842962
C3,250,C3-rules-250,4,100,852152
C3,250,C3-rules-250,5,1,841124
C3,250,C3-rules-250,5,2,846948
C3,250,C3-rules-250,5,3,846271
C3,250,C3-rules-250,5,4,838990
C3,250,C3-rules-250,5,5,847165
C3,250,C3-rules-250,5,6,851742
C3,250,C3-rules-250,5,7,839111
C3,250,C3-rules-250,5,8,843749
C3,250,C3-rules-250,5,9,842057
C3,250,C3-rules-250,5,10,852251
C3,250,C3-rules-250,5,11,837800
C3,250,C3-rules-250,5,12,859809
C3,250,C3-rules-250,5,13,848440
C3,250,C3-rules-250,5,14,854346
C3,250,C3-rules-250,5,15,871361
C3,250,C3-rules-250,5,16,840932
C3,250,C3-rules-250,5,17,861670
C3,250,C3-rules-250,5,18,851485
C3,250,C3-rules-250,5,19,873127
C3,250,C3-rules-250,5,20,879240
C3,250,C3-rules-250,5,21,840554
C3,250,C3-rules-250,5,22,839511
C3,250,C3-rules-250,5,23,865594
C3,250,C3-rules-250,5,24,843742
C3,250,C3-rules-250,5,25,841753
C3,250,C3-rules-250,5,26,840674
C3,250,C3-rules-250,5,27,847497
C3,250,C3-rules-250,5,28,845581
C3,250,C3-rules-250,5,29,839818
C3,250,C3-rules-250,5,30,843024
C3,250,C3-rules-250,5,31,837910
C3,250,C3-rules-250,5,32,953618
C3,250,C3-rules-250,5,33,951966
C3,250,C3-rules-250,5,34,870129
C3,250,C3-rules-250,5,35,843258
C3,250,C3-rules-250,5,36,838270
C3,250,C3-rules-250,5,37,848295
C3,250,C3-rules-250,5,38,1002531
C3,250,C3-rules-250,5,39,845118
C3,250,C3-rules-250,5,40,844897
C3,250,C3-rules-250,5,41,841478
C3,250,C3-rules-250,5,42,870506
C3,250,C3-rules-250,5,43,858382
C3,250,C3-rules-250,5,44,846131
C3,250,C3-rules-250,5,45,847518
C3,250,C3-rules-250,5,46,858594
C3,250,C3-rules-250,5,47,868221
C3,250,C3-rules-250,5,48,846321
C3,250,C3-rules-250,5,49,841329
C3,250,C3-rules-250,5,50,856584
C3,250,C3-rules-250,5,51,861286
C3,250,C3-rules-250,5,52,843933
C3,250,C3-rules-250,5,53,843042
C3,250,C3-rules-250,5,54,833168
C3,250,C3-rules-250,5,55,842298
C3,250,C3-rules-250,5,56,850358
C3,250,C3-rules-250,5,57,855797
C3,250,C3-rules-250,5,58,851004
C3,250,C3-rules-250,5,59,864041
C3,250,C3-rules-250,5,60,852365
C3,250,C3-rules-250,5,61,858241
C3,250,C3-rules-250,5,62,841593
C3,250,C3-rules-250,5,63,845286
C3,250,C3-rules-250,5,64,848787
C3,250,C3-rules-250,5,65,857683
C3,250,C3-rules-250,5,66,841076
C3,250,C3-rules-250,5,67,843633
C3,250,C3-rules-250,5,68,831000
C3,250,C3-rules-250,5,69,845742
C3,250,C3-rules-250,5,70,846475
C3,250,C3-rules-250,5,71,842362
C3,250,C3-rules-250,5,72,845774
C3,250,C3-rules-250,5,73,862337
C3,250,C3-rules-250,5,74,850980
C3,250,C3-rules-250,5,75,859093
C3,250,C3-rules-250,5,76,841131
C3,250,C3-rules-250,5,77,844158
C3,250,C3-rules-250,5,78,838370
C3,250,C3-rules-250,5,79,863881
C3,250,C3-rules-250,5,80,1399632
C3,250,C3-rules-250,5,81,857633
C3,250,C3-rules-250,5,82,1214746
C3,250,C3-rules-250,5,83,858410
C3,250,C3-rules-250,5,84,842441
C3,250,C3-rules-250,5,85,850356
C3,250,C3-rules-250,5,86,840243
C3,250,C3-rules-250,5,87,841077
C3,250,C3-rules-250,5,88,865756
C3,250,C3-rules-250,5,89,854927
C3,250,C3-rules-250,5,90,858965
C3,250,C3-rules-250,5,91,841571
C3,250,C3-rules-250,5,92,860322
C3,250,C3-rules-250,5,93,838166
C3,250,C3-rules-250,5,94,845966
C3,250,C3-rules-250,5,95,846802
C3,250,C3-rules-250,5,96,849701
C3,250,C3-rules-250,5,97,897099
C3,250,C3-rules-250,5,98,855904
C3,250,C3-rules-250,5,99,850684
C3,250,C3-rules-250,5,100,847424
C3,250,C3-rules-250,6,1,894252
C3,250,C3-rules-250,6,2,864051
C3,250,C3-rules-250,6,3,833757
C3,250,C3-rules-250,6,4,850322
C3,250,C3-rules-250,6,5,839136
C3,250,C3-rules-250,6,6,852196
C3,250,C3-rules-250,6,7,836069
C3,250,C3-rules-250,6,8,858373
C3,250,C3-rules-250,6,9,845912
C3,250,C3-rules-250,6,10,839189
C3,250,C3-rules-250,6,11,861150
C3,250,C3-rules-250,6,12,846120
C3,250,C3-rules-250,6,13,837754
C3,250,C3-rules-250,6,14,854000
C3,250,C3-rules-250,6,15,857774
C3,250,C3-rules-250,6,16,841442
C3,250,C3-rules-250,6,17,842496
C3,250,C3-rules-250,6,18,851105
C3,250,C3-rules-250,6,19,845079
C3,250,C3-rules-250,6,20,861155
C3,250,C3-rules-250,6,21,846938
C3,250,C3-rules-250,6,22,849264
C3,250,C3-rules-250,6,23,862051
C3,250,C3-rules-250,6,24,843021
C3,250,C3-rules-250,6,25,864010
C3,250,C3-rules-250,6,26,845337
C3,250,C3-rules-250,6,27,845557
C3,250,C3-rules-250,6,28,851722
C3,250,C3-rules-250,6,29,840698
C3,250,C3-rules-250,6,30,852632
C3,250,C3-rules-250,6,31,843676
C3,250,C3-rules-250,6,32,841310
C3,250,C3-rules-250,6,33,855726
C3,250,C3-rules-250,6,34,859495
C3,250,C3-rules-250,6,35,845318
C3,250,C3-rules-250,6,36,850329
C3,250,C3-rules-250,6,37,872385
C3,250,C3-rules-250,6,38,847297
C3,250,C3-rules-250,6,39,872769
C3,250,C3-rules-250,6,40,840232
C3,250,C3-rules-250,6,41,837399
C3,250,C3-rules-250,6,42,843736
C3,250,C3-rules-250,6,43,858090
C3,250,C3-rules-250,6,44,855209
C3,250,C3-rules-250,6,45,854852
C3,250,C3-rules-250,6,46,847992
C3,250,C3-rules-250,6,47,836111
C3,250,C3-rules-250,6,48,869707
C3,250,C3-rules-250,6,49,858326
C3,250,C3-rules-250,6,50,850441
C3,250,C3-rules-250,6,51,838213
C3,250,C3-rules-250,6,52,848468
C3,250,C3-rules-250,6,53,869369
C3,250,C3-rules-250,6,54,836491
C3,250,C3-rules-250,6,55,841767
C3,250,C3-rules-250,6,56,855865
C3,250,C3-rules-250,6,57,844326
C3,250,C3-rules-250,6,58,857897
C3,250,C3-rules-250,6,59,852374
C3,250,C3-rules-250,6,60,851586
C3,250,C3-rules-250,6,61,856518
C3,250,C3-rules-250,6,62,852604
C3,250,C3-rules-250,6,63,843230
C3,250,C3-rules-250,6,64,845247
C3,250,C3-rules-250,6,65,841611
C3,250,C3-rules-250,6,66,852744
C3,250,C3-rules-250,6,67,864080
C3,250,C3-rules-250,6,68,845693
C3,250,C3-rules-250,6,69,841425
C3,250,C3-rules-250,6,70,862850
C3,250,C3-rules-250,6,71,842976
C3,250,C3-rules-250,6,72,854504
C3,250,C3-rules-250,6,73,836796
C3,250,C3-rules-250,6,74,855707
C3,250,C3-rules-250,6,75,844982
C3,250,C3-rules-250,6,76,875367
C3,250,C3-rules-250,6,77,855402
C3,250,C3-rules-250,6,78,847391
C3,250,C3-rules-250,6,79,851484
C3,250,C3-rules-250,6,80,843976
C3,250,C3-rules-250,6,81,860194
C3,250,C3-rules-250,6,82,840309
C3,250,C3-rules-250,6,83,848358
C3,250,C3-rules-250,6,84,849128
C3,250,C3-rules-250,6,85,842009
C3,250,C3-rules-250,6,86,852673
C3,250,C3-rules-250,6,87,839671
C3,250,C3-rules-250,6,88,857414
C3,250,C3-rules-250,6,89,841396
C3,250,C3-rules-250,6,90,880741
C3,250,C3-rules-250,6,91,849392
C3,250,C3-rules-250,6,92,864125
C3,250,C3-rules-250,6,93,835267
C3,250,C3-rules-250,6,94,837620
C3,250,C3-rules-250,6,95,855562
C3,250,C3-rules-250,6,96,845263
C3,250,C3-rules-250,6,97,839331
C3,250,C3-rules-250,6,98,847187
C3,250,C3-rules-250,6,99,842370
C3,250,C3-rules-250,6,100,859220
C3,250,C3-rules-250,7,1,847184
C3,250,C3-rules-250,7,2,858104
C3,250,C3-rules-250,7,3,841466
C3,250,C3-rules-250,7,4,864204
C3,250,C3-rules-250,7,5,849305
C3,250,C3-rules-250,7,6,850387
C3,250,C3-rules-250,7,7,841634
C3,250,C3-rules-250,7,8,843096
C3,250,C3-rules-250,7,9,868114
C3,250,C3-rules-250,7,10,872852
C3,250,C3-rules-250,7,11,841630
C3,250,C3-rules-250,7,12,840029
C3,250,C3-rules-250,7,13,873059
C3,250,C3-rules-250,7,14,884839
C3,250,C3-rules-250,7,15,864458
C3,250,C3-rules-250,7,16,861399
C3,250,C3-rules-250,7,17,844243
C3,250,C3-rules-250,7,18,863996
C3,250,C3-rules-250,7,19,860204
C3,250,C3-rules-250,7,20,849432
C3,250,C3-rules-250,7,21,849850
C3,250,C3-rules-250,7,22,3513708
C3,250,C3-rules-250,7,23,941895
C3,250,C3-rules-250,7,24,894843
C3,250,C3-rules-250,7,25,869898
C3,250,C3-rules-250,7,26,858443
C3,250,C3-rules-250,7,27,851168
C3,250,C3-rules-250,7,28,860955
C3,250,C3-rules-250,7,29,863952
C3,250,C3-rules-250,7,30,849187
C3,250,C3-rules-250,7,31,848184
C3,250,C3-rules-250,7,32,843577
C3,250,C3-rules-250,7,33,850704
C3,250,C3-rules-250,7,34,865324
C3,250,C3-rules-250,7,35,842753
C3,250,C3-rules-250,7,36,840593
C3,250,C3-rules-250,7,37,841611
C3,250,C3-rules-250,7,38,860516
C3,250,C3-rules-250,7,39,846448
C3,250,C3-rules-250,7,40,847229
C3,250,C3-rules-250,7,41,846508
C3,250,C3-rules-250,7,42,866549
C3,250,C3-rules-250,7,43,861721
C3,250,C3-rules-250,7,44,845241
C3,250,C3-rules-250,7,45,857575
C3,250,C3-rules-250,7,46,849661
C3,250,C3-rules-250,7,47,835840
C3,250,C3-rules-250,7,48,849512
C3,250,C3-rules-250,7,49,838569
C3,250,C3-rules-250,7,50,840779
C3,250,C3-rules-250,7,51,881105
C3,250,C3-rules-250,7,52,858786
C3,250,C3-rules-250,7,53,841527
C3,250,C3-rules-250,7,54,840616
C3,250,C3-rules-250,7,55,843774
C3,250,C3-rules-250,7,56,849607
C3,250,C3-rules-250,7,57,841005
C3,250,C3-rules-250,7,58,838251
C3,250,C3-rules-250,7,59,841273
C3,250,C3-rules-250,7,60,838763
C3,250,C3-rules-250,7,61,835228
C3,250,C3-rules-250,7,62,878413
C3,250,C3-rules-250,7,63,853481
C3,250,C3-rules-250,7,64,851407
C3,250,C3-rules-250,7,65,857476
C3,250,C3-rules-250,7,66,889664
C3,250,C3-rules-250,7,67,847902
C3,250,C3-rules-250,7,68,845336
C3,250,C3-rules-250,7,69,863416
C3,250,C3-rules-250,7,70,841640
C3,250,C3-rules-250,7,71,861731
C3,250,C3-rules-250,7,72,844164
C3,250,C3-rules-250,7,73,847298
C3,250,C3-rules-250,7,74,841160
C3,250,C3-rules-250,7,75,889132
C3,250,C3-rules-250,7,76,868675
C3,250,C3-rules-250,7,77,836593
C3,250,C3-rules-250,7,78,843808
C3,250,C3-rules-250,7,79,860375
C3,250,C3-rules-250,7,80,865758
C3,250,C3-rules-250,7,81,837736
C3,250,C3-rules-250,7,82,843046
C3,250,C3-rules-250,7,83,840019
C3,250,C3-rules-250,7,84,841056
C3,250,C3-rules-250,7,85,852275
C3,250,C3-rules-250,7,86,854200
C3,250,C3-rules-250,7,87,841759
C3,250,C3-rules-250,7,88,833468
C3,250,C3-rules-250,7,89,845630
C3,250,C3-rules-250,7,90,849486
C3,250,C3-rules-250,7,91,907145
C3,250,C3-rules-250,7,92,864473
C3,250,C3-rules-250,7,93,853376
C3,250,C3-rules-250,7,94,843747
C3,250,C3-rules-250,7,95,869042
C3,250,C3-rules-250,7,96,865226
C3,250,C3-rules-250,7,97,857006
C3,250,C3-rules-250,7,98,841816
C3,250,C3-rules-250,7,99,865940
C3,250,C3-rules-250,7,100,856663
C3,250,C3-rules-250,8,1,847970
C3,250,C3-rules-250,8,2,838637
C3,250,C3-rules-250,8,3,841263
C3,250,C3-rules-250,8,4,903640
C3,250,C3-rules-250,8,5,840130
C3,250,C3-rules-250,8,6,833352
C3,250,C3-rules-250,8,7,833495
C3,250,C3-rules-250,8,8,857184
C3,250,C3-rules-250,8,9,864798
C3,250,C3-rules-250,8,10,841842
C3,250,C3-rules-250,8,11,841702
C3,250,C3-rules-250,8,12,859618
C3,250,C3-rules-250,8,13,869428
C3,250,C3-rules-250,8,14,844375
C3,250,C3-rules-250,8,15,842459
C3,250,C3-rules-250,8,16,840347
C3,250,C3-rules-250,8,17,860641
C3,250,C3-rules-250,8,18,837994
C3,250,C3-rules-250,8,19,847116
C3,250,C3-rules-250,8,20,842598
C3,250,C3-rules-250,8,21,860210
C3,250,C3-rules-250,8,22,847421
C3,250,C3-rules-250,8,23,837830
C3,250,C3-rules-250,8,24,841247
C3,250,C3-rules-250,8,25,839172
C3,250,C3-rules-250,8,26,854263
C3,250,C3-rules-250,8,27,862235
C3,250,C3-rules-250,8,28,843669
C3,250,C3-rules-250,8,29,845464
C3,250,C3-rules-250,8,30,858226
C3,250,C3-rules-250,8,31,860358
C3,250,C3-rules-250,8,32,859354
C3,250,C3-rules-250,8,33,854281
C3,250,C3-rules-250,8,34,861318
C3,250,C3-rules-250,8,35,853035
C3,250,C3-rules-250,8,36,850337
C3,250,C3-rules-250,8,37,856551
C3,250,C3-rules-250,8,38,844125
C3,250,C3-rules-250,8,39,845682
C3,250,C3-rules-250,8,40,846933
C3,250,C3-rules-250,8,41,856445
C3,250,C3-rules-250,8,42,849254
C3,250,C3-rules-250,8,43,850705
C3,250,C3-rules-250,8,44,847003
C3,250,C3-rules-250,8,45,845467
C3,250,C3-rules-250,8,46,861821
C3,250,C3-rules-250,8,47,847943
C3,250,C3-rules-250,8,48,863273
C3,250,C3-rules-250,8,49,848644
C3,250,C3-rules-250,8,50,852014
C3,250,C3-rules-250,8,51,861296
C3,250,C3-rules-250,8,52,843473
C3,250,C3-rules-250,8,53,835573
C3,250,C3-rules-250,8,54,851466
C3,250,C3-rules-250,8,55,858224
C3,250,C3-rules-250,8,56,837749
C3,250,C3-rules-250,8,57,838803
C3,250,C3-rules-250,8,58,839344
C3,250,C3-rules-250,8,59,867708
C3,250,C3-rules-250,8,60,864682
C3,250,C3-rules-250,8,61,849987
C3,250,C3-rules-250,8,62,851426
C3,250,C3-rules-250,8,63,873520
C3,250,C3-rules-250,8,64,848336
C3,250,C3-rules-250,8,65,853478
C3,250,C3-rules-250,8,66,845757
C3,250,C3-rules-250,8,67,839440
C3,250,C3-rules-250,8,68,853690
C3,250,C3-rules-250,8,69,865822
C3,250,C3-rules-250,8,70,895075
C3,250,C3-rules-250,8,71,860889
C3,250,C3-rules-250,8,72,835128
C3,250,C3-rules-250,8,73,839986
C3,250,C3-rules-250,8,74,852739
C3,250,C3-rules-250,8,75,842181
C3,250,C3-rules-250,8,76,847581
C3,250,C3-rules-250,8,77,837967
C3,250,C3-rules-250,8,78,836855
C3,250,C3-rules-250,8,79,869024
C3,250,C3-rules-250,8,80,860011
C3,250,C3-rules-250,8,81,848179
C3,250,C3-rules-250,8,82,857796
C3,250,C3-rules-250,8,83,863203
C3,250,C3-rules-250,8,84,838887
C3,250,C3-rules-250,8,85,835444
C3,250,C3-rules-250,8,86,847469
C3,250,C3-rules-250,8,87,863004
C3,250,C3-rules-250,8,88,858502
C3,250,C3-rules-250,8,89,844924
C3,250,C3-rules-250,8,90,847822
C3,250,C3-rules-250,8,91,844962
C3,250,C3-rules-250,8,92,842766
C3,250,C3-rules-250,8,93,882693
C3,250,C3-rules-250,8,94,843086
C3,250,C3-rules-250,8,95,845989
C3,250,C3-rules-250,8,96,851971
C3,250,C3-rules-250,8,97,869505
C3,250,C3-rules-250,8,98,837623
C3,250,C3-rules-250,8,99,843541
C3,250,C3-rules-250,8,100,838658
C3,50,C3-rules-050,1,1,193265
C3,50,C3-rules-050,1,2,189856
C3,50,C3-rules-050,1,3,207929
C3,50,C3-rules-050,1,4,185122
C3,50,C3-rules-050,1,5,213067
C3,50,C3-rules-050,1,6,189368
C3,50,C3-rules-050,1,7,198026
C3,50,C3-rules-050,1,8,212949
C3,50,C3-rules-050,1,9,205453
C3,50,C3-rules-050,1,10,207829
C3,50,C3-rules-050,1,11,195056
C3,50,C3-rules-050,1,12,196236
C3,50,C3-rules-050,1,13,195358
C3,50,C3-rules-050,1,14,194467
C3,50,C3-rules-050,1,15,192141
C3,50,C3-rules-050,1,16,194495
C3,50,C3-rules-050,1,17,205668
C3,50,C3-rules-050,1,18,195441
C3,50,C3-rules-050,1,19,192324
C3,50,C3-rules-050,1,20,195201
C3,50,C3-rules-050,1,21,194093
C3,50,C3-rules-050,1,22,193722
C3,50,C3-rules-050,1,23,192692
C3,50,C3-rules-050,1,24,197015
C3,50,C3-rules-050,1,25,195341
C3,50,C3-rules-050,1,26,194947
C3,50,C3-rules-050,1,27,194439
C3,50,C3-rules-050,1,28,191776
C3,50,C3-rules-050,1,29,195288
C3,50,C3-rules-050,1,30,192894
C3,50,C3-rules-050,1,31,193258
C3,50,C3-rules-050,1,32,192287
C3,50,C3-rules-050,1,33,192969
C3,50,C3-rules-050,1,34,191786
C3,50,C3-rules-050,1,35,194840
C3,50,C3-rules-050,1,36,199361
C3,50,C3-rules-050,1,37,218832
C3,50,C3-rules-050,1,38,197482
C3,50,C3-rules-050,1,39,196117
C3,50,C3-rules-050,1,40,195008
C3,50,C3-rules-050,1,41,195918
C3,50,C3-rules-050,1,42,194101
C3,50,C3-rules-050,1,43,193610
C3,50,C3-rules-050,1,44,196262
C3,50,C3-rules-050,1,45,193565
C3,50,C3-rules-050,1,46,197249
C3,50,C3-rules-050,1,47,206665
C3,50,C3-rules-050,1,48,198719
C3,50,C3-rules-050,1,49,192606
C3,50,C3-rules-050,1,50,196009
C3,50,C3-rules-050,1,51,192821
C3,50,C3-rules-050,1,52,195809
C3,50,C3-rules-050,1,53,194506
C3,50,C3-rules-050,1,54,198528
C3,50,C3-rules-050,1,55,194087
C3,50,C3-rules-050,1,56,197132
C3,50,C3-rules-050,1,57,202471
C3,50,C3-rules-050,1,58,199692
C3,50,C3-rules-050,1,59,198323
C3,50,C3-rules-050,1,60,197134
C3,50,C3-rules-050,1,61,198537
C3,50,C3-rules-050,1,62,218866
C3,50,C3-rules-050,1,63,194289
C3,50,C3-rules-050,1,64,184503
C3,50,C3-rules-050,1,65,182791
C3,50,C3-rules-050,1,66,185668
C3,50,C3-rules-050,1,67,186785
C3,50,C3-rules-050,1,68,182303
C3,50,C3-rules-050,1,69,184750
C3,50,C3-rules-050,1,70,181653
C3,50,C3-rules-050,1,71,183447
C3,50,C3-rules-050,1,72,181122
C3,50,C3-rules-050,1,73,183587
C3,50,C3-rules-050,1,74,180181
C3,50,C3-rules-050,1,75,185244
C3,50,C3-rules-050,1,76,196176
C3,50,C3-rules-050,1,77,193864
C3,50,C3-rules-050,1,78,207451
C3,50,C3-rules-050,1,79,188734
C3,50,C3-rules-050,1,80,184255
C3,50,C3-rules-050,1,81,180170
C3,50,C3-rules-050,1,82,182114
C3,50,C3-rules-050,1,83,180763
C3,50,C3-rules-050,1,84,190494
C3,50,C3-rules-050,1,85,184562
C3,50,C3-rules-050,1,86,181049
C3,50,C3-rules-050,1,87,181121
C3,50,C3-rules-050,1,88,194325
C3,50,C3-rules-050,1,89,189721
C3,50,C3-rules-050,1,90,181127
C3,50,C3-rules-050,1,91,181789
C3,50,C3-rules-050,1,92,183400
C3,50,C3-rules-050,1,93,183831
C3,50,C3-rules-050,1,94,180721
C3,50,C3-rules-050,1,95,180895
C3,50,C3-rules-050,1,96,179397
C3,50,C3-rules-050,1,97,181482
C3,50,C3-rules-050,1,98,179802
C3,50,C3-rules-050,1,99,181716
C3,50,C3-rules-050,1,100,198280
C3,50,C3-rules-050,2,1,197014
C3,50,C3-rules-050,2,2,183650
C3,50,C3-rules-050,2,3,184239
C3,50,C3-rules-050,2,4,183551
C3,50,C3-rules-050,2,5,183154
C3,50,C3-rules-050,2,6,191765
C3,50,C3-rules-050,2,7,184633
C3,50,C3-rules-050,2,8,188310
C3,50,C3-rules-050,2,9,184134
C3,50,C3-rules-050,2,10,183589
C3,50,C3-rules-050,2,11,182028
C3,50,C3-rules-050,2,12,180562
C3,50,C3-rules-050,2,13,178848
C3,50,C3-rules-050,2,14,180763
C3,50,C3-rules-050,2,15,178756
C3,50,C3-rules-050,2,16,184920
C3,50,C3-rules-050,2,17,182313
C3,50,C3-rules-050,2,18,180748
C3,50,C3-rules-050,2,19,179371
C3,50,C3-rules-050,2,20,180395
C3,50,C3-rules-050,2,21,202776
C3,50,C3-rules-050,2,22,182696
C3,50,C3-rules-050,2,23,180665
C3,50,C3-rules-050,2,24,185591
C3,50,C3-rules-050,2,25,179726
C3,50,C3-rules-050,2,26,182776
C3,50,C3-rules-050,2,27,182362
C3,50,C3-rules-050,2,28,180539
C3,50,C3-rules-050,2,29,183256
C3,50,C3-rules-050,2,30,180252
C3,50,C3-rules-050,2,31,182703
C3,50,C3-rules-050,2,32,181137
C3,50,C3-rules-050,2,33,180771
C3,50,C3-rules-050,2,34,179853
C3,50,C3-rules-050,2,35,182623
C3,50,C3-rules-050,2,36,181200
C3,50,C3-rules-050,2,37,184186
C3,50,C3-rules-050,2,38,182662
C3,50,C3-rules-050,2,39,186922
C3,50,C3-rules-050,2,40,184800
C3,50,C3-rules-050,2,41,185506
C3,50,C3-rules-050,2,42,189483
C3,50,C3-rules-050,2,43,188141
C3,50,C3-rules-050,2,44,180366
C3,50,C3-rules-050,2,45,181387
C3,50,C3-rules-050,2,46,181438
C3,50,C3-rules-050,2,47,179563
C3,50,C3-rules-050,2,48,2667220
C3,50,C3-rules-050,2,49,316410
C3,50,C3-rules-050,2,50,213920
C3,50,C3-rules-050,2,51,195241
C3,50,C3-rules-050,2,52,205773
C3,50,C3-rules-050,2,53,188952
C3,50,C3-rules-050,2,54,185649
C3,50,C3-rules-050,2,55,183429
C3,50,C3-rules-050,2,56,185523
C3,50,C3-rules-050,2,57,183781
C3,50,C3-rules-050,2,58,184312
C3,50,C3-rules-050,2,59,190989
C3,50,C3-rules-050,2,60,198855
C3,50,C3-rules-050,2,61,197244
C3,50,C3-rules-050,2,62,194893
C3,50,C3-rules-050,2,63,200559
C3,50,C3-rules-050,2,64,193545
C3,50,C3-rules-050,2,65,182749
C3,50,C3-rules-050,2,66,185545
C3,50,C3-rules-050,2,67,183648
C3,50,C3-rules-050,2,68,182198
C3,50,C3-rules-050,2,69,183334
C3,50,C3-rules-050,2,70,191334
C3,50,C3-rules-050,2,71,188644
C3,50,C3-rules-050,2,72,180898
C3,50,C3-rules-050,2,73,181801
C3,50,C3-rules-050,2,74,182152
C3,50,C3-rules-050,2,75,183019
C3,50,C3-rules-050,2,76,180986
C3,50,C3-rules-050,2,77,181468
C3,50,C3-rules-050,2,78,184398
C3,50,C3-rules-050,2,79,182178
C3,50,C3-rules-050,2,80,183868
C3,50,C3-rules-050,2,81,180143
C3,50,C3-rules-050,2,82,180789
C3,50,C3-rules-050,2,83,180890
C3,50,C3-rules-050,2,84,182897
C3,50,C3-rules-050,2,85,181590
C3,50,C3-rules-050,2,86,182788
C3,50,C3-rules-050,2,87,181992
C3,50,C3-rules-050,2,88,181893
C3,50,C3-rules-050,2,89,181844
C3,50,C3-rules-050,2,90,181601
C3,50,C3-rules-050,2,91,180789
C3,50,C3-rules-050,2,92,201086
C3,50,C3-rules-050,2,93,183846
C3,50,C3-rules-050,2,94,183681
C3,50,C3-rules-050,2,95,182141
C3,50,C3-rules-050,2,96,179336
C3,50,C3-rules-050,2,97,197737
C3,50,C3-rules-050,2,98,180642
C3,50,C3-rules-050,2,99,183316
C3,50,C3-rules-050,2,100,181678
C3,50,C3-rules-050,3,1,192688
C3,50,C3-rules-050,3,2,186470
C3,50,C3-rules-050,3,3,184989
C3,50,C3-rules-050,3,4,180090
C3,50,C3-rules-050,3,5,181435
C3,50,C3-rules-050,3,6,179334
C3,50,C3-rules-050,3,7,182712
C3,50,C3-rules-050,3,8,191615
C3,50,C3-rules-050,3,9,195415
C3,50,C3-rules-050,3,10,180521
C3,50,C3-rules-050,3,11,181979
C3,50,C3-rules-050,3,12,183086
C3,50,C3-rules-050,3,13,193047
C3,50,C3-rules-050,3,14,184908
C3,50,C3-rules-050,3,15,180438
C3,50,C3-rules-050,3,16,181395
C3,50,C3-rules-050,3,17,188115
C3,50,C3-rules-050,3,18,189832
C3,50,C3-rules-050,3,19,179343
C3,50,C3-rules-050,3,20,182724
C3,50,C3-rules-050,3,21,178690
C3,50,C3-rules-050,3,22,181358
C3,50,C3-rules-050,3,23,180699
C3,50,C3-rules-050,3,24,184774
C3,50,C3-rules-050,3,25,183459
C3,50,C3-rules-050,3,26,181660
C3,50,C3-rules-050,3,27,181639
C3,50,C3-rules-050,3,28,181861
C3,50,C3-rules-050,3,29,180914
C3,50,C3-rules-050,3,30,180323
C3,50,C3-rules-050,3,31,181548
C3,50,C3-rules-050,3,32,179186
C3,50,C3-rules-050,3,33,180807
C3,50,C3-rules-050,3,34,189349
C3,50,C3-rules-050,3,35,191568
C3,50,C3-rules-050,3,36,178309
C3,50,C3-rules-050,3,37,180009
C3,50,C3-rules-050,3,38,178409
C3,50,C3-rules-050,3,39,180761
C3,50,C3-rules-050,3,40,180210
C3,50,C3-rules-050,3,41,180923
C3,50,C3-rules-050,3,42,177219
C3,50,C3-rules-050,3,43,181268
C3,50,C3-rules-050,3,44,179722
C3,50,C3-rules-050,3,45,179994
C3,50,C3-rules-050,3,46,182727
C3,50,C3-rules-050,3,47,180322
C3,50,C3-rules-050,3,48,179945
C3,50,C3-rules-050,3,49,177951
C3,50,C3-rules-050,3,50,178973
C3,50,C3-rules-050,3,51,178761
C3,50,C3-rules-050,3,52,180172
C3,50,C3-rules-050,3,53,178813
C3,50,C3-rules-050,3,54,181072
C3,50,C3-rules-050,3,55,179635
C3,50,C3-rules-050,3,56,188900
C3,50,C3-rules-050,3,57,187158
C3,50,C3-rules-050,3,58,195998
C3,50,C3-rules-050,3,59,181724
C3,50,C3-rules-050,3,60,181432
C3,50,C3-rules-050,3,61,178917
C3,50,C3-rules-050,3,62,180918
C3,50,C3-rules-050,3,63,181899
C3,50,C3-rules-050,3,64,179822
C3,50,C3-rules-050,3,65,180317
C3,50,C3-rules-050,3,66,177469
C3,50,C3-rules-050,3,67,181793
C3,50,C3-rules-050,3,68,180031
C3,50,C3-rules-050,3,69,185524
C3,50,C3-rules-050,3,70,185632
C3,50,C3-rules-050,3,71,189621
C3,50,C3-rules-050,3,72,183067
C3,50,C3-rules-050,3,73,193441
C3,50,C3-rules-050,3,74,187197
C3,50,C3-rules-050,3,75,184241
C3,50,C3-rules-050,3,76,182640
C3,50,C3-rules-050,3,77,185768
C3,50,C3-rules-050,3,78,197608
C3,50,C3-rules-050,3,79,181897
C3,50,C3-rules-050,3,80,180875
C3,50,C3-rules-050,3,81,183357
C3,50,C3-rules-050,3,82,191247
C3,50,C3-rules-050,3,83,192470
C3,50,C3-rules-050,3,84,180163
C3,50,C3-rules-050,3,85,185330
C3,50,C3-rules-050,3,86,183212
C3,50,C3-rules-050,3,87,178675
C3,50,C3-rules-050,3,88,182270
C3,50,C3-rules-050,3,89,179339
C3,50,C3-rules-050,3,90,181177
C3,50,C3-rules-050,3,91,178589
C3,50,C3-rules-050,3,92,181544
C3,50,C3-rules-050,3,93,178875
C3,50,C3-rules-050,3,94,180988
C3,50,C3-rules-050,3,95,177679
C3,50,C3-rules-050,3,96,185052
C3,50,C3-rules-050,3,97,183742
C3,50,C3-rules-050,3,98,179801
C3,50,C3-rules-050,3,99,189301
C3,50,C3-rules-050,3,100,186454
C3,50,C3-rules-050,4,1,192027
C3,50,C3-rules-050,4,2,182536
C3,50,C3-rules-050,4,3,183719
C3,50,C3-rules-050,4,4,184238
C3,50,C3-rules-050,4,5,182751
C3,50,C3-rules-050,4,6,180135
C3,50,C3-rules-050,4,7,181430
C3,50,C3-rules-050,4,8,178749
C3,50,C3-rules-050,4,9,180602
C3,50,C3-rules-050,4,10,179613
C3,50,C3-rules-050,4,11,189666
C3,50,C3-rules-050,4,12,180117
C3,50,C3-rules-050,4,13,182967
C3,50,C3-rules-050,4,14,180860
C3,50,C3-rules-050,4,15,179251
C3,50,C3-rules-050,4,16,180380
C3,50,C3-rules-050,4,17,181461
C3,50,C3-rules-050,4,18,183498
C3,50,C3-rules-050,4,19,183119
C3,50,C3-rules-050,4,20,185921
C3,50,C3-rules-050,4,21,190537
C3,50,C3-rules-050,4,22,181119
C3,50,C3-rules-050,4,23,191979
C3,50,C3-rules-050,4,24,194028
C3,50,C3-rules-050,4,25,192851
C3,50,C3-rules-050,4,26,192010
C3,50,C3-rules-050,4,27,180537
C3,50,C3-rules-050,4,28,184058
C3,50,C3-rules-050,4,29,191652
C3,50,C3-rules-050,4,30,188839
C3,50,C3-rules-050,4,31,180145
C3,50,C3-rules-050,4,32,179250
C3,50,C3-rules-050,4,33,185549
C3,50,C3-rules-050,4,34,186200
C3,50,C3-rules-050,4,35,196881
C3,50,C3-rules-050,4,36,180304
C3,50,C3-rules-050,4,37,180273
C3,50,C3-rules-050,4,38,182072
C3,50,C3-rules-050,4,39,189161
C3,50,C3-rules-050,4,40,192069
C3,50,C3-rules-050,4,41,202558
C3,50,C3-rules-050,4,42,192339
C3,50,C3-rules-050,4,43,193336
C3,50,C3-rules-050,4,44,202536
C3,50,C3-rules-050,4,45,183460
C3,50,C3-rules-050,4,46,178507
C3,50,C3-rules-050,4,47,181082
C3,50,C3-rules-050,4,48,183578
C3,50,C3-rules-050,4,49,179457
C3,50,C3-rules-050,4,50,180954
C3,50,C3-rules-050,4,51,180112
C3,50,C3-rules-050,4,52,180712
C3,50,C3-rules-050,4,53,179434
C3,50,C3-rules-050,4,54,181114
C3,50,C3-rules-050,4,55,187136
C3,50,C3-rules-050,4,56,192969
C3,50,C3-rules-050,4,57,178794
C3,50,C3-rules-050,4,58,184498
C3,50,C3-rules-050,4,59,178852
C3,50,C3-rules-050,4,60,192523
C3,50,C3-rules-050,4,61,192867
C3,50,C3-rules-050,4,62,184763
C3,50,C3-rules-050,4,63,192487
C3,50,C3-rules-050,4,64,183908
C3,50,C3-rules-050,4,65,179957
C3,50,C3-rules-050,4,66,182534
C3,50,C3-rules-050,4,67,182083
C3,50,C3-rules-050,4,68,183363
C3,50,C3-rules-050,4,69,183278
C3,50,C3-rules-050,4,70,183344
C3,50,C3-rules-050,4,71,184755
C3,50,C3-rules-050,4,72,187234
C3,50,C3-rules-050,4,73,181245
C3,50,C3-rules-050,4,74,182354
C3,50,C3-rules-050,4,75,181067
C3,50,C3-rules-050,4,76,195329
C3,50,C3-rules-050,4,77,184823
C3,50,C3-rules-050,4,78,179363
C3,50,C3-rules-050,4,79,183208
C3,50,C3-rules-050,4,80,179955
C3,50,C3-rules-050,4,81,181545
C3,50,C3-rules-050,4,82,185113
C3,50,C3-rules-050,4,83,180831
C3,50,C3-rules-050,4,84,186819
C3,50,C3-rules-050,4,85,188823
C3,50,C3-rules-050,4,86,182996
C3,50,C3-rules-050,4,87,199629
C3,50,C3-rules-050,4,88,185929
C3,50,C3-rules-050,4,89,183532
C3,50,C3-rules-050,4,90,185844
C3,50,C3-rules-050,4,91,180011
C3,50,C3-rules-050,4,92,189489
C3,50,C3-rules-050,4,93,191059
C3,50,C3-rules-050,4,94,181951
C3,50,C3-rules-050,4,95,182970
C3,50,C3-rules-050,4,96,182245
C3,50,C3-rules-050,4,97,182834
C3,50,C3-rules-050,4,98,186164
C3,50,C3-rules-050,4,99,193496
C3,50,C3-rules-050,4,100,194891
C3,50,C3-rules-050,5,1,203449
C3,50,C3-rules-050,5,2,193804
C3,50,C3-rules-050,5,3,194619
C3,50,C3-rules-050,5,4,195503
C3,50,C3-rules-050,5,5,199722
C3,50,C3-rules-050,5,6,182219
C3,50,C3-rules-050,5,7,184317
C3,50,C3-rules-050,5,8,182799
C3,50,C3-rules-050,5,9,182280
C3,50,C3-rules-050,5,10,187097
C3,50,C3-rules-050,5,11,188015
C3,50,C3-rules-050,5,12,179467
C3,50,C3-rules-050,5,13,197973
C3,50,C3-rules-050,5,14,180212
C3,50,C3-rules-050,5,15,182437
C3,50,C3-rules-050,5,16,181105
C3,50,C3-rules-050,5,17,179299
C3,50,C3-rules-050,5,18,181175
C3,50,C3-rules-050,5,19,192917
C3,50,C3-rules-050,5,20,197884
C3,50,C3-rules-050,5,21,191916
C3,50,C3-rules-050,5,22,185384
C3,50,C3-rules-050,5,23,188023
C3,50,C3-rules-050,5,24,190164
C3,50,C3-rules-050,5,25,179912
C3,50,C3-rules-050,5,26,191340
C3,50,C3-rules-050,5,27,182413
C3,50,C3-rules-050,5,28,188336
C3,50,C3-rules-050,5,29,189075
C3,50,C3-rules-050,5,30,180792
C3,50,C3-rules-050,5,31,180104
C3,50,C3-rules-050,5,32,181092
C3,50,C3-rules-050,5,33,189250
C3,50,C3-rules-050,5,34,180068
C3,50,C3-rules-050,5,35,183866
C3,50,C3-rules-050,5,36,181321
C3,50,C3-rules-050,5,37,189088
C3,50,C3-rules-050,5,38,179142
C3,50,C3-rules-050,5,39,179609
C3,50,C3-rules-050,5,40,178477
C3,50,C3-rules-050,5,41,181339
C3,50,C3-rules-050,5,42,179904
C3,50,C3-rules-050,5,43,180440
C3,50,C3-rules-050,5,44,181009
C3,50,C3-rules-050,5,45,195156
C3,50,C3-rules-050,5,46,192028
C3,50,C3-rules-050,5,47,199989
C3,50,C3-rules-050,5,48,187861
C3,50,C3-rules-050,5,49,182056
C3,50,C3-rules-050,5,50,183425
C3,50,C3-rules-050,5,51,193488
C3,50,C3-rules-050,5,52,194054
C3,50,C3-rules-050,5,53,193001
C3,50,C3-rules-050,5,54,194675
C3,50,C3-rules-050,5,55,192878
C3,50,C3-rules-050,5,56,188191
C3,50,C3-rules-050,5,57,178527
C3,50,C3-rules-050,5,58,180642
C3,50,C3-rules-050,5,59,178638
C3,50,C3-rules-050,5,60,189903
C3,50,C3-rules-050,5,61,188929
C3,50,C3-rules-050,5,62,183598
C3,50,C3-rules-050,5,63,179234
C3,50,C3-rules-050,5,64,183023
C3,50,C3-rules-050,5,65,179660
C3,50,C3-rules-050,5,66,181324
C3,50,C3-rules-050,5,67,192130
C3,50,C3-rules-050,5,68,210021
C3,50,C3-rules-050,5,69,204397
C3,50,C3-rules-050,5,70,222248
C3,50,C3-rules-050,5,71,186173
C3,50,C3-rules-050,5,72,182358
C3,50,C3-rules-050,5,73,182984
C3,50,C3-rules-050,5,74,179948
C3,50,C3-rules-050,5,75,182839
C3,50,C3-rules-050,5,76,181749
C3,50,C3-rules-050,5,77,194146
C3,50,C3-rules-050,5,78,188840
C3,50,C3-rules-050,5,79,182308
C3,50,C3-rules-050,5,80,178246
C3,50,C3-rules-050,5,81,182750
C3,50,C3-rules-050,5,82,193534
C3,50,C3-rules-050,5,83,232367
C3,50,C3-rules-050,5,84,187519
C3,50,C3-rules-050,5,85,176293
C3,50,C3-rules-050,5,86,181480
C3,50,C3-rules-050,5,87,177499
C3,50,C3-rules-050,5,88,179232
C3,50,C3-rules-050,5,89,192434
C3,50,C3-rules-050,5,90,193035
C3,50,C3-rules-050,5,91,178898
C3,50,C3-rules-050,5,92,187917
C3,50,C3-rules-050,5,93,186354
C3,50,C3-rules-050,5,94,179530
C3,50,C3-rules-050,5,95,176503
C3,50,C3-rules-050,5,96,180649
C3,50,C3-rules-050,5,97,177372
C3,50,C3-rules-050,5,98,181167
C3,50,C3-rules-050,5,99,177333
C3,50,C3-rules-050,5,100,179626
C3,50,C3-rules-050,6,1,187873
C3,50,C3-rules-050,6,2,178660
C3,50,C3-rules-050,6,3,181552
C3,50,C3-rules-050,6,4,180227
C3,50,C3-rules-050,6,5,181471
C3,50,C3-rules-050,6,6,181081
C3,50,C3-rules-050,6,7,179863
C3,50,C3-rules-050,6,8,185675
C3,50,C3-rules-050,6,9,194565
C3,50,C3-rules-050,6,10,197498
C3,50,C3-rules-050,6,11,191702
C3,50,C3-rules-050,6,12,178785
C3,50,C3-rules-050,6,13,183124
C3,50,C3-rules-050,6,14,179974
C3,50,C3-rules-050,6,15,183316
C3,50,C3-rules-050,6,16,176958
C3,50,C3-rules-050,6,17,178890
C3,50,C3-rules-050,6,18,180051
C3,50,C3-rules-050,6,19,177413
C3,50,C3-rules-050,6,20,178905
C3,50,C3-rules-050,6,21,178133
C3,50,C3-rules-050,6,22,179231
C3,50,C3-rules-050,6,23,184458
C3,50,C3-rules-050,6,24,188517
C3,50,C3-rules-050,6,25,178108
C3,50,C3-rules-050,6,26,179977
C3,50,C3-rules-050,6,27,177085
C3,50,C3-rules-050,6,28,180303
C3,50,C3-rules-050,6,29,176403
C3,50,C3-rules-050,6,30,185516
C3,50,C3-rules-050,6,31,189933
C3,50,C3-rules-050,6,32,208171
C3,50,C3-rules-050,6,33,177501
C3,50,C3-rules-050,6,34,182678
C3,50,C3-rules-050,6,35,185972
C3,50,C3-rules-050,6,36,194061
C3,50,C3-rules-050,6,37,179395
C3,50,C3-rules-050,6,38,177936
C3,50,C3-rules-050,6,39,179733
C3,50,C3-rules-050,6,40,180754
C3,50,C3-rules-050,6,41,195232
C3,50,C3-rules-050,6,42,176859
C3,50,C3-rules-050,6,43,179700
C3,50,C3-rules-050,6,44,177187
C3,50,C3-rules-050,6,45,179153
C3,50,C3-rules-050,6,46,176841
C3,50,C3-rules-050,6,47,178936
C3,50,C3-rules-050,6,48,177963
C3,50,C3-rules-050,6,49,177869
C3,50,C3-rules-050,6,50,177847
C3,50,C3-rules-050,6,51,190878
C3,50,C3-rules-050,6,52,181330
C3,50,C3-rules-050,6,53,177491
C3,50,C3-rules-050,6,54,200591
C3,50,C3-rules-050,6,55,177664
C3,50,C3-rules-050,6,56,179799
C3,50,C3-rules-050,6,57,177201
C3,50,C3-rules-050,6,58,179593
C3,50,C3-rules-050,6,59,179001
C3,50,C3-rules-050,6,60,181883
C3,50,C3-rules-050,6,61,178882
C3,50,C3-rules-050,6,62,182572
C3,50,C3-rules-050,6,63,177827
C3,50,C3-rules-050,6,64,179118
C3,50,C3-rules-050,6,65,176758
C3,50,C3-rules-050,6,66,179965
C3,50,C3-rules-050,6,67,179061
C3,50,C3-rules-050,6,68,178196
C3,50,C3-rules-050,6,69,180036
C3,50,C3-rules-050,6,70,178579
C3,50,C3-rules-050,6,71,178503
C3,50,C3-rules-050,6,72,177220
C3,50,C3-rules-050,6,73,194842
C3,50,C3-rules-050,6,74,177905
C3,50,C3-rules-050,6,75,187938
C3,50,C3-rules-050,6,76,187552
C3,50,C3-rules-050,6,77,179334
C3,50,C3-rules-050,6,78,176605
C3,50,C3-rules-050,6,79,189566
C3,50,C3-rules-050,6,80,185172
C3,50,C3-rules-050,6,81,182846
C3,50,C3-rules-050,6,82,181777
C3,50,C3-rules-050,6,83,185192
C3,50,C3-rules-050,6,84,188304
C3,50,C3-rules-050,6,85,184485
C3,50,C3-rules-050,6,86,179776
C3,50,C3-rules-050,6,87,179229
C3,50,C3-rules-050,6,88,177172
C3,50,C3-rules-050,6,89,178705
C3,50,C3-rules-050,6,90,181735
C3,50,C3-rules-050,6,91,177096
C3,50,C3-rules-050,6,92,180923
C3,50,C3-rules-050,6,93,178642
C3,50,C3-rules-050,6,94,180421
C3,50,C3-rules-050,6,95,181269
C3,50,C3-rules-050,6,96,179219
C3,50,C3-rules-050,6,97,187208
C3,50,C3-rules-050,6,98,180554
C3,50,C3-rules-050,6,99,181333
C3,50,C3-rules-050,6,100,194693
C3,50,C3-rules-050,7,1,184186
C3,50,C3-rules-050,7,2,180744
C3,50,C3-rules-050,7,3,180307
C3,50,C3-rules-050,7,4,182842
C3,50,C3-rules-050,7,5,188819
C3,50,C3-rules-050,7,6,179794
C3,50,C3-rules-050,7,7,178432
C3,50,C3-rules-050,7,8,177288
C3,50,C3-rules-050,7,9,178563
C3,50,C3-rules-050,7,10,187578
C3,50,C3-rules-050,7,11,183858
C3,50,C3-rules-050,7,12,178415
C3,50,C3-rules-050,7,13,186452
C3,50,C3-rules-050,7,14,177308
C3,50,C3-rules-050,7,15,177851
C3,50,C3-rules-050,7,16,176892
C3,50,C3-rules-050,7,17,178214
C3,50,C3-rules-050,7,18,177554
C3,50,C3-rules-050,7,19,192686
C3,50,C3-rules-050,7,20,181154
C3,50,C3-rules-050,7,21,177766
C3,50,C3-rules-050,7,22,178408
C3,50,C3-rules-050,7,23,177397
C3,50,C3-rules-050,7,24,180621
C3,50,C3-rules-050,7,25,178557
C3,50,C3-rules-050,7,26,179102
C3,50,C3-rules-050,7,27,177958
C3,50,C3-rules-050,7,28,180043
C3,50,C3-rules-050,7,29,185554
C3,50,C3-rules-050,7,30,178247
C3,50,C3-rules-050,7,31,175592
C3,50,C3-rules-050,7,32,178304
C3,50,C3-rules-050,7,33,178522
C3,50,C3-rules-050,7,34,179623
C3,50,C3-rules-050,7,35,177655
C3,50,C3-rules-050,7,36,180347
C3,50,C3-rules-050,7,37,180510
C3,50,C3-rules-050,7,38,178505
C3,50,C3-rules-050,7,39,177659
C3,50,C3-rules-050,7,40,178277
C3,50,C3-rules-050,7,41,186636
C3,50,C3-rules-050,7,42,179881
C3,50,C3-rules-050,7,43,179785
C3,50,C3-rules-050,7,44,178619
C3,50,C3-rules-050,7,45,178298
C3,50,C3-rules-050,7,46,178108
C3,50,C3-rules-050,7,47,178879
C3,50,C3-rules-050,7,48,179844
C3,50,C3-rules-050,7,49,178596
C3,50,C3-rules-050,7,50,179176
C3,50,C3-rules-050,7,51,180575
C3,50,C3-rules-050,7,52,177584
C3,50,C3-rules-050,7,53,180422
C3,50,C3-rules-050,7,54,179765
C3,50,C3-rules-050,7,55,178169
C3,50,C3-rules-050,7,56,190194
C3,50,C3-rules-050,7,57,184159
C3,50,C3-rules-050,7,58,203537
C3,50,C3-rules-050,7,59,182603
C3,50,C3-rules-050,7,60,182947
C3,50,C3-rules-050,7,61,182222
C3,50,C3-rules-050,7,62,186816
C3,50,C3-rules-050,7,63,183996
C3,50,C3-rules-050,7,64,182015
C3,50,C3-rules-050,7,65,192412
C3,50,C3-rules-050,7,66,185243
C3,50,C3-rules-050,7,67,180128
C3,50,C3-rules-050,7,68,180018
C3,50,C3-rules-050,7,69,176145
C3,50,C3-rules-050,7,70,178225
C3,50,C3-rules-050,7,71,176850
C3,50,C3-rules-050,7,72,175503
C3,50,C3-rules-050,7,73,191033
C3,50,C3-rules-050,7,74,187671
C3,50,C3-rules-050,7,75,181459
C3,50,C3-rules-050,7,76,185824
C3,50,C3-rules-050,7,77,192009
C3,50,C3-rules-050,7,78,179921
C3,50,C3-rules-050,7,79,181236
C3,50,C3-rules-050,7,80,178519
C3,50,C3-rules-050,7,81,181353
C3,50,C3-rules-050,7,82,182128
C3,50,C3-rules-050,7,83,180786
C3,50,C3-rules-050,7,84,193800
C3,50,C3-rules-050,7,85,181661
C3,50,C3-rules-050,7,86,177891
C3,50,C3-rules-050,7,87,179839
C3,50,C3-rules-050,7,88,181308
C3,50,C3-rules-050,7,89,178320
C3,50,C3-rules-050,7,90,178462
C3,50,C3-rules-050,7,91,176709
C3,50,C3-rules-050,7,92,202200
C3,50,C3-rules-050,7,93,196359
C3,50,C3-rules-050,7,94,183084
C3,50,C3-rules-050,7,95,177519
C3,50,C3-rules-050,7,96,180227
C3,50,C3-rules-050,7,97,185858
C3,50,C3-rules-050,7,98,188808
C3,50,C3-rules-050,7,99,179253
C3,50,C3-rules-050,7,100,181403
C3,50,C3-rules-050,8,1,205943
C3,50,C3-rules-050,8,2,194247
C3,50,C3-rules-050,8,3,185123
C3,50,C3-rules-050,8,4,183795
C3,50,C3-rules-050,8,5,192727
C3,50,C3-rules-050,8,6,204728
C3,50,C3-rules-050,8,7,191418
C3,50,C3-rules-050,8,8,176973
C3,50,C3-rules-050,8,9,178512
C3,50,C3-rules-050,8,10,178999
C3,50,C3-rules-050,8,11,178769
C3,50,C3-rules-050,8,12,177491
C3,50,C3-rules-050,8,13,178625
C3,50,C3-rules-050,8,14,178104
C3,50,C3-rules-050,8,15,180325
C3,50,C3-rules-050,8,16,179775
C3,50,C3-rules-050,8,17,180030
C3,50,C3-rules-050,8,18,179570
C3,50,C3-rules-050,8,19,197343
C3,50,C3-rules-050,8,20,178241
C3,50,C3-rules-050,8,21,179289
C3,50,C3-rules-050,8,22,180816
C3,50,C3-rules-050,8,23,178190
C3,50,C3-rules-050,8,24,178712
C3,50,C3-rules-050,8,25,178035
C3,50,C3-rules-050,8,26,185384
C3,50,C3-rules-050,8,27,189097
C3,50,C3-rules-050,8,28,179447
C3,50,C3-rules-050,8,29,177693
C3,50,C3-rules-050,8,30,180746
C3,50,C3-rules-050,8,31,187342
C3,50,C3-rules-050,8,32,179332
C3,50,C3-rules-050,8,33,176999
C3,50,C3-rules-050,8,34,189867
C3,50,C3-rules-050,8,35,182319
C3,50,C3-rules-050,8,36,180847
C3,50,C3-rules-050,8,37,177526
C3,50,C3-rules-050,8,38,182207
C3,50,C3-rules-050,8,39,187696
C3,50,C3-rules-050,8,40,178973
C3,50,C3-rules-050,8,41,178933
C3,50,C3-rules-050,8,42,181303
C3,50,C3-rules-050,8,43,184668
C3,50,C3-rules-050,8,44,178412
C3,50,C3-rules-050,8,45,181007
C3,50,C3-rules-050,8,46,178713
C3,50,C3-rules-050,8,47,181165
C3,50,C3-rules-050,8,48,184864
C3,50,C3-rules-050,8,49,193246
C3,50,C3-rules-050,8,50,184354
C3,50,C3-rules-050,8,51,181432
C3,50,C3-rules-050,8,52,179670
C3,50,C3-rules-050,8,53,181545
C3,50,C3-rules-050,8,54,178502
C3,50,C3-rules-050,8,55,179985
C3,50,C3-rules-050,8,56,179502
C3,50,C3-rules-050,8,57,179274
C3,50,C3-rules-050,8,58,179888
C3,50,C3-rules-050,8,59,178261
C3,50,C3-rules-050,8,60,180125
C3,50,C3-rules-050,8,61,185544
C3,50,C3-rules-050,8,62,187869
C3,50,C3-rules-050,8,63,175279
C3,50,C3-rules-050,8,64,179737
C3,50,C3-rules-050,8,65,177963
C3,50,C3-rules-050,8,66,180469
C3,50,C3-rules-050,8,67,176548
C3,50,C3-rules-050,8,68,181235
C3,50,C3-rules-050,8,69,177773
C3,50,C3-rules-050,8,70,193128
C3,50,C3-rules-050,8,71,180617
C3,50,C3-rules-050,8,72,179756
C3,50,C3-rules-050,8,73,193171
C3,50,C3-rules-050,8,74,180220
C3,50,C3-rules-050,8,75,180730
C3,50,C3-rules-050,8,76,181538
C3,50,C3-rules-050,8,77,199387
C3,50,C3-rules-050,8,78,191640
C3,50,C3-rules-050,8,79,180516
C3,50,C3-rules-050,8,80,177564
C3,50,C3-rules-050,8,81,179064
C3,50,C3-rules-050,8,82,177919
C3,50,C3-rules-050,8,83,179727
C3,50,C3-rules-050,8,84,178177
C3,50,C3-rules-050,8,85,178503
C3,50,C3-rules-050,8,86,176171
C3,50,C3-rules-050,8,87,181241
C3,50,C3-rules-050,8,88,177323
C3,50,C3-rules-050,8,89,195826
C3,50,C3-rules-050,8,90,181123
C3,50,C3-rules-050,8,91,182689
C3,50,C3-rules-050,8,92,182692
C3,50,C3-rules-050,8,93,178137
C3,50,C3-rules-050,8,94,191243
C3,50,C3-rules-050,8,95,184245
C3,50,C3-rules-050,8,96,184240
C3,50,C3-rules-050,8,97,180251
C3,50,C3-rules-050,8,98,180382
C3,50,C3-rules-050,8,99,179786
C3,50,C3-rules-050,8,100,187365
C2,50,C2-rules-050,1,1,149887
C2,50,C2-rules-050,1,2,151282
C2,50,C2-rules-050,1,3,150552
C2,50,C2-rules-050,1,4,149660
C2,50,C2-rules-050,1,5,149289
C2,50,C2-rules-050,1,6,151369
C2,50,C2-rules-050,1,7,150086
C2,50,C2-rules-050,1,8,154453
C2,50,C2-rules-050,1,9,159230
C2,50,C2-rules-050,1,10,150210
C2,50,C2-rules-050,1,11,154636
C2,50,C2-rules-050,1,12,152008
C2,50,C2-rules-050,1,13,153336
C2,50,C2-rules-050,1,14,153472
C2,50,C2-rules-050,1,15,148994
C2,50,C2-rules-050,1,16,153564
C2,50,C2-rules-050,1,17,152754
C2,50,C2-rules-050,1,18,152508
C2,50,C2-rules-050,1,19,150428
C2,50,C2-rules-050,1,20,152067
C2,50,C2-rules-050,1,21,151402
C2,50,C2-rules-050,1,22,150106
C2,50,C2-rules-050,1,23,150619
C2,50,C2-rules-050,1,24,149305
C2,50,C2-rules-050,1,25,149962
C2,50,C2-rules-050,1,26,152512
C2,50,C2-rules-050,1,27,149617
C2,50,C2-rules-050,1,28,160501
C2,50,C2-rules-050,1,29,177892
C2,50,C2-rules-050,1,30,158039
C2,50,C2-rules-050,1,31,152297
C2,50,C2-rules-050,1,32,159843
C2,50,C2-rules-050,1,33,153255
C2,50,C2-rules-050,1,34,158515
C2,50,C2-rules-050,1,35,156345
C2,50,C2-rules-050,1,36,151586
C2,50,C2-rules-050,1,37,150191
C2,50,C2-rules-050,1,38,151046
C2,50,C2-rules-050,1,39,150000
C2,50,C2-rules-050,1,40,149607
C2,50,C2-rules-050,1,41,163399
C2,50,C2-rules-050,1,42,161496
C2,50,C2-rules-050,1,43,163206
C2,50,C2-rules-050,1,44,159091
C2,50,C2-rules-050,1,45,158934
C2,50,C2-rules-050,1,46,161875
C2,50,C2-rules-050,1,47,157074
C2,50,C2-rules-050,1,48,151308
C2,50,C2-rules-050,1,49,149291
C2,50,C2-rules-050,1,50,149739
C2,50,C2-rules-050,1,51,161106
C2,50,C2-rules-050,1,52,154088
C2,50,C2-rules-050,1,53,160947
C2,50,C2-rules-050,1,54,157994
C2,50,C2-rules-050,1,55,152742
C2,50,C2-rules-050,1,56,154150
C2,50,C2-rules-050,1,57,152240
C2,50,C2-rules-050,1,58,152308
C2,50,C2-rules-050,1,59,154288
C2,50,C2-rules-050,1,60,159037
C2,50,C2-rules-050,1,61,151656
C2,50,C2-rules-050,1,62,149099
C2,50,C2-rules-050,1,63,151041
C2,50,C2-rules-050,1,64,149366
C2,50,C2-rules-050,1,65,149210
C2,50,C2-rules-050,1,66,154506
C2,50,C2-rules-050,1,67,153721
C2,50,C2-rules-050,1,68,153355
C2,50,C2-rules-050,1,69,151189
C2,50,C2-rules-050,1,70,152914
C2,50,C2-rules-050,1,71,150977
C2,50,C2-rules-050,1,72,147781
C2,50,C2-rules-050,1,73,150782
C2,50,C2-rules-050,1,74,149479
C2,50,C2-rules-050,1,75,149339
C2,50,C2-rules-050,1,76,151441
C2,50,C2-rules-050,1,77,149065
C2,50,C2-rules-050,1,78,150657
C2,50,C2-rules-050,1,79,148880
C2,50,C2-rules-050,1,80,149590
C2,50,C2-rules-050,1,81,150009
C2,50,C2-rules-050,1,82,150433
C2,50,C2-rules-050,1,83,150948
C2,50,C2-rules-050,1,84,148083
C2,50,C2-rules-050,1,85,149174
C2,50,C2-rules-050,1,86,161741
C2,50,C2-rules-050,1,87,150727
C2,50,C2-rules-050,1,88,149856
C2,50,C2-rules-050,1,89,148979
C2,50,C2-rules-050,1,90,147736
C2,50,C2-rules-050,1,91,150750
C2,50,C2-rules-050,1,92,148446
C2,50,C2-rules-050,1,93,152803
C2,50,C2-rules-050,1,94,153181
C2,50,C2-rules-050,1,95,148347
C2,50,C2-rules-050,1,96,149455
C2,50,C2-rules-050,1,97,147560
C2,50,C2-rules-050,1,98,149744
C2,50,C2-rules-050,1,99,148891
C2,50,C2-rules-050,1,100,147974
C2,50,C2-rules-050,2,1,165981
C2,50,C2-rules-050,2,2,153114
C2,50,C2-rules-050,2,3,150991
C2,50,C2-rules-050,2,4,148833
C2,50,C2-rules-050,2,5,147622
C2,50,C2-rules-050,2,6,150720
C2,50,C2-rules-050,2,7,147709
C2,50,C2-rules-050,2,8,151420
C2,50,C2-rules-050,2,9,150982
C2,50,C2-rules-050,2,10,147513
C2,50,C2-rules-050,2,11,156198
C2,50,C2-rules-050,2,12,155525
C2,50,C2-rules-050,2,13,149748
C2,50,C2-rules-050,2,14,149286
C2,50,C2-rules-050,2,15,148535
C2,50,C2-rules-050,2,16,150794
C2,50,C2-rules-050,2,17,149117
C2,50,C2-rules-050,2,18,151133
C2,50,C2-rules-050,2,19,149311
C2,50,C2-rules-050,2,20,147159
C2,50,C2-rules-050,2,21,149528
C2,50,C2-rules-050,2,22,149853
C2,50,C2-rules-050,2,23,152292
C2,50,C2-rules-050,2,24,152827
C2,50,C2-rules-050,2,25,150030
C2,50,C2-rules-050,2,26,153413
C2,50,C2-rules-050,2,27,150747
C2,50,C2-rules-050,2,28,153862
C2,50,C2-rules-050,2,29,152281
C2,50,C2-rules-050,2,30,148674
C2,50,C2-rules-050,2,31,150161
C2,50,C2-rules-050,2,32,148966
C2,50,C2-rules-050,2,33,149974
C2,50,C2-rules-050,2,34,148439
C2,50,C2-rules-050,2,35,148362
C2,50,C2-rules-050,2,36,150364
C2,50,C2-rules-050,2,37,154152
C2,50,C2-rules-050,2,38,151021
C2,50,C2-rules-050,2,39,148951
C2,50,C2-rules-050,2,40,146586
C2,50,C2-rules-050,2,41,150358
C2,50,C2-rules-050,2,42,149445
C2,50,C2-rules-050,2,43,148946
C2,50,C2-rules-050,2,44,148391
C2,50,C2-rules-050,2,45,148196
C2,50,C2-rules-050,2,46,150320
C2,50,C2-rules-050,2,47,148973
C2,50,C2-rules-050,2,48,149172
C2,50,C2-rules-050,2,49,149309
C2,50,C2-rules-050,2,50,147537
C2,50,C2-rules-050,2,51,148902
C2,50,C2-rules-050,2,52,149477
C2,50,C2-rules-050,2,53,153082
C2,50,C2-rules-050,2,54,153821
C2,50,C2-rules-050,2,55,152563
C2,50,C2-rules-050,2,56,149821
C2,50,C2-rules-050,2,57,148157
C2,50,C2-rules-050,2,58,149682
C2,50,C2-rules-050,2,59,147849
C2,50,C2-rules-050,2,60,148282
C2,50,C2-rules-050,2,61,150119
C2,50,C2-rules-050,2,62,147361
C2,50,C2-rules-050,2,63,149590
C2,50,C2-rules-050,2,64,151681
C2,50,C2-rules-050,2,65,147575
C2,50,C2-rules-050,2,66,149429
C2,50,C2-rules-050,2,67,149499
C2,50,C2-rules-050,2,68,162772
C2,50,C2-rules-050,2,69,149760
C2,50,C2-rules-050,2,70,147708
C2,50,C2-rules-050,2,71,161404
C2,50,C2-rules-050,2,72,149568
C2,50,C2-rules-050,2,73,151617
C2,50,C2-rules-050,2,74,150902
C2,50,C2-rules-050,2,75,150047
C2,50,C2-rules-050,2,76,150658
C2,50,C2-rules-050,2,77,150649
C2,50,C2-rules-050,2,78,151819
C2,50,C2-rules-050,2,79,151743
C2,50,C2-rules-050,2,80,149218
C2,50,C2-rules-050,2,81,151187
C2,50,C2-rules-050,2,82,148870
C2,50,C2-rules-050,2,83,150816
C2,50,C2-rules-050,2,84,149421
C2,50,C2-rules-050,2,85,148995
C2,50,C2-rules-050,2,86,152089
C2,50,C2-rules-050,2,87,150441
C2,50,C2-rules-050,2,88,152403
C2,50,C2-rules-050,2,89,149977
C2,50,C2-rules-050,2,90,156661
C2,50,C2-rules-050,2,91,170228
C2,50,C2-rules-050,2,92,152061
C2,50,C2-rules-050,2,93,154016
C2,50,C2-rules-050,2,94,149907
C2,50,C2-rules-050,2,95,149051
C2,50,C2-rules-050,2,96,152098
C2,50,C2-rules-050,2,97,149770
C2,50,C2-rules-050,2,98,150035
C2,50,C2-rules-050,2,99,150209
C2,50,C2-rules-050,2,100,147495
C2,50,C2-rules-050,3,1,156151
C2,50,C2-rules-050,3,2,148721
C2,50,C2-rules-050,3,3,155779
C2,50,C2-rules-050,3,4,153367
C2,50,C2-rules-050,3,5,155325
C2,50,C2-rules-050,3,6,152098
C2,50,C2-rules-050,3,7,151357
C2,50,C2-rules-050,3,8,153523
C2,50,C2-rules-050,3,9,152099
C2,50,C2-rules-050,3,10,150816
C2,50,C2-rules-050,3,11,148980
C2,50,C2-rules-050,3,12,149680
C2,50,C2-rules-050,3,13,155671
C2,50,C2-rules-050,3,14,150343
C2,50,C2-rules-050,3,15,154804
C2,50,C2-rules-050,3,16,152081
C2,50,C2-rules-050,3,17,155124
C2,50,C2-rules-050,3,18,153039
C2,50,C2-rules-050,3,19,149683
C2,50,C2-rules-050,3,20,150947
C2,50,C2-rules-050,3,21,149040
C2,50,C2-rules-050,3,22,149219
C2,50,C2-rules-050,3,23,151446
C2,50,C2-rules-050,3,24,149383
C2,50,C2-rules-050,3,25,149367
C2,50,C2-rules-050,3,26,149348
C2,50,C2-rules-050,3,27,148585
C2,50,C2-rules-050,3,28,150217
C2,50,C2-rules-050,3,29,150604
C2,50,C2-rules-050,3,30,162215
C2,50,C2-rules-050,3,31,148075
C2,50,C2-rules-050,3,32,147914
C2,50,C2-rules-050,3,33,151319
C2,50,C2-rules-050,3,34,148268
C2,50,C2-rules-050,3,35,150567
C2,50,C2-rules-050,3,36,147800
C2,50,C2-rules-050,3,37,151798
C2,50,C2-rules-050,3,38,155444
C2,50,C2-rules-050,3,39,150248
C2,50,C2-rules-050,3,40,152069
C2,50,C2-rules-050,3,41,151783
C2,50,C2-rules-050,3,42,159975
C2,50,C2-rules-050,3,43,149884
C2,50,C2-rules-050,3,44,153594
C2,50,C2-rules-050,3,45,153848
C2,50,C2-rules-050,3,46,150982
C2,50,C2-rules-050,3,47,149486
C2,50,C2-rules-050,3,48,153057
C2,50,C2-rules-050,3,49,152159
C2,50,C2-rules-050,3,50,152992
C2,50,C2-rules-050,3,51,149704
C2,50,C2-rules-050,3,52,149737
C2,50,C2-rules-050,3,53,149871
C2,50,C2-rules-050,3,54,150250
C2,50,C2-rules-050,3,55,151659
C2,50,C2-rules-050,3,56,148207
C2,50,C2-rules-050,3,57,149579
C2,50,C2-rules-050,3,58,151077
C2,50,C2-rules-050,3,59,149025
C2,50,C2-rules-050,3,60,149158
C2,50,C2-rules-050,3,61,147174
C2,50,C2-rules-050,3,62,149358
C2,50,C2-rules-050,3,63,151393
C2,50,C2-rules-050,3,64,149074
C2,50,C2-rules-050,3,65,150216
C2,50,C2-rules-050,3,66,147821
C2,50,C2-rules-050,3,67,148577
C2,50,C2-rules-050,3,68,158427
C2,50,C2-rules-050,3,69,150269
C2,50,C2-rules-050,3,70,152228
C2,50,C2-rules-050,3,71,148900
C2,50,C2-rules-050,3,72,149464
C2,50,C2-rules-050,3,73,151833
C2,50,C2-rules-050,3,74,148646
C2,50,C2-rules-050,3,75,151741
C2,50,C2-rules-050,3,76,149859
C2,50,C2-rules-050,3,77,152087
C2,50,C2-rules-050,3,78,155792
C2,50,C2-rules-050,3,79,152006
C2,50,C2-rules-050,3,80,152808
C2,50,C2-rules-050,3,81,148423
C2,50,C2-rules-050,3,82,148501
C2,50,C2-rules-050,3,83,151664
C2,50,C2-rules-050,3,84,150432
C2,50,C2-rules-050,3,85,149924
C2,50,C2-rules-050,3,86,146703
C2,50,C2-rules-050,3,87,148815
C2,50,C2-rules-050,3,88,150312
C2,50,C2-rules-050,3,89,149515
C2,50,C2-rules-050,3,90,150593
C2,50,C2-rules-050,3,91,147890
C2,50,C2-rules-050,3,92,148287
C2,50,C2-rules-050,3,93,151354
C2,50,C2-rules-050,3,94,156931
C2,50,C2-rules-050,3,95,149960
C2,50,C2-rules-050,3,96,149733
C2,50,C2-rules-050,3,97,147893
C2,50,C2-rules-050,3,98,150582
C2,50,C2-rules-050,3,99,148026
C2,50,C2-rules-050,3,100,150739
C2,50,C2-rules-050,4,1,153682
C2,50,C2-rules-050,4,2,150077
C2,50,C2-rules-050,4,3,151417
C2,50,C2-rules-050,4,4,149423
C2,50,C2-rules-050,4,5,150810
C2,50,C2-rules-050,4,6,148230
C2,50,C2-rules-050,4,7,149242
C2,50,C2-rules-050,4,8,150121
C2,50,C2-rules-050,4,9,151356
C2,50,C2-rules-050,4,10,154411
C2,50,C2-rules-050,4,11,153106
C2,50,C2-rules-050,4,12,150325
C2,50,C2-rules-050,4,13,151539
C2,50,C2-rules-050,4,14,153021
C2,50,C2-rules-050,4,15,151444
C2,50,C2-rules-050,4,16,150632
C2,50,C2-rules-050,4,17,149299
C2,50,C2-rules-050,4,18,151568
C2,50,C2-rules-050,4,19,150973
C2,50,C2-rules-050,4,20,162925
C2,50,C2-rules-050,4,21,154363
C2,50,C2-rules-050,4,22,148604
C2,50,C2-rules-050,4,23,151944
C2,50,C2-rules-050,4,24,148308
C2,50,C2-rules-050,4,25,150358
C2,50,C2-rules-050,4,26,148747
C2,50,C2-rules-050,4,27,148270
C2,50,C2-rules-050,4,28,151007
C2,50,C2-rules-050,4,29,148027
C2,50,C2-rules-050,4,30,151235
C2,50,C2-rules-050,4,31,149626
C2,50,C2-rules-050,4,32,148693
C2,50,C2-rules-050,4,33,151468
C2,50,C2-rules-050,4,34,150670
C2,50,C2-rules-050,4,35,152268
C2,50,C2-rules-050,4,36,149257
C2,50,C2-rules-050,4,37,146997
C2,50,C2-rules-050,4,38,152850
C2,50,C2-rules-050,4,39,151193
C2,50,C2-rules-050,4,40,154838
C2,50,C2-rules-050,4,41,150730
C2,50,C2-rules-050,4,42,150005
C2,50,C2-rules-050,4,43,152070
C2,50,C2-rules-050,4,44,150294
C2,50,C2-rules-050,4,45,152773
C2,50,C2-rules-050,4,46,152611
C2,50,C2-rules-050,4,47,149461
C2,50,C2-rules-050,4,48,152864
C2,50,C2-rules-050,4,49,148625
C2,50,C2-rules-050,4,50,150219
C2,50,C2-rules-050,4,51,147930
C2,50,C2-rules-050,4,52,148828
C2,50,C2-rules-050,4,53,151271
C2,50,C2-rules-050,4,54,149421
C2,50,C2-rules-050,4,55,149421
C2,50,C2-rules-050,4,56,148325
C2,50,C2-rules-050,4,57,148162
C2,50,C2-rules-050,4,58,150149
C2,50,C2-rules-050,4,59,147601
C2,50,C2-rules-050,4,60,149663
C2,50,C2-rules-050,4,61,149856
C2,50,C2-rules-050,4,62,147302
C2,50,C2-rules-050,4,63,154748
C2,50,C2-rules-050,4,64,151015
C2,50,C2-rules-050,4,65,154752
C2,50,C2-rules-050,4,66,150438
C2,50,C2-rules-050,4,67,148473
C2,50,C2-rules-050,4,68,150428
C2,50,C2-rules-050,4,69,148925
C2,50,C2-rules-050,4,70,151370
C2,50,C2-rules-050,4,71,148744
C2,50,C2-rules-050,4,72,152032
C2,50,C2-rules-050,4,73,150703
C2,50,C2-rules-050,4,74,147422
C2,50,C2-rules-050,4,75,149168
C2,50,C2-rules-050,4,76,149408
C2,50,C2-rules-050,4,77,148356
C2,50,C2-rules-050,4,78,150701
C2,50,C2-rules-050,4,79,148474
C2,50,C2-rules-050,4,80,150232
C2,50,C2-rules-050,4,81,148476
C2,50,C2-rules-050,4,82,147336
C2,50,C2-rules-050,4,83,149863
C2,50,C2-rules-050,4,84,148965
C2,50,C2-rules-050,4,85,151705
C2,50,C2-rules-050,4,86,152984
C2,50,C2-rules-050,4,87,147621
C2,50,C2-rules-050,4,88,150846
C2,50,C2-rules-050,4,89,149225
C2,50,C2-rules-050,4,90,150163
C2,50,C2-rules-050,4,91,149417
C2,50,C2-rules-050,4,92,148711
C2,50,C2-rules-050,4,93,149965
C2,50,C2-rules-050,4,94,148365
C2,50,C2-rules-050,4,95,149851
C2,50,C2-rules-050,4,96,147879
C2,50,C2-rules-050,4,97,148564
C2,50,C2-rules-050,4,98,150795
C2,50,C2-rules-050,4,99,157655
C2,50,C2-rules-050,4,100,159654
C2,50,C2-rules-050,5,1,169953
C2,50,C2-rules-050,5,2,152063
C2,50,C2-rules-050,5,3,151418
C2,50,C2-rules-050,5,4,149145
C2,50,C2-rules-050,5,5,151976
C2,50,C2-rules-050,5,6,150155
C2,50,C2-rules-050,5,7,147769
C2,50,C2-rules-050,5,8,152477
C2,50,C2-rules-050,5,9,149451
C2,50,C2-rules-050,5,10,152141
C2,50,C2-rules-050,5,11,150297
C2,50,C2-rules-050,5,12,150093
C2,50,C2-rules-050,5,13,155778
C2,50,C2-rules-050,5,14,152769
C2,50,C2-rules-050,5,15,152571
C2,50,C2-rules-050,5,16,149726
C2,50,C2-rules-050,5,17,148559
C2,50,C2-rules-050,5,18,152460
C2,50,C2-rules-050,5,19,149110
C2,50,C2-rules-050,5,20,151617
C2,50,C2-rules-050,5,21,151494
C2,50,C2-rules-050,5,22,2640278
C2,50,C2-rules-050,5,23,274150
C2,50,C2-rules-050,5,24,158251
C2,50,C2-rules-050,5,25,162054
C2,50,C2-rules-050,5,26,155790
C2,50,C2-rules-050,5,27,152437
C2,50,C2-rules-050,5,28,150832
C2,50,C2-rules-050,5,29,150611
C2,50,C2-rules-050,5,30,154695
C2,50,C2-rules-050,5,31,151160
C2,50,C2-rules-050,5,32,150411
C2,50,C2-rules-050,5,33,163116
C2,50,C2-rules-050,5,34,157296
C2,50,C2-rules-050,5,35,151617
C2,50,C2-rules-050,5,36,149770
C2,50,C2-rules-050,5,37,149983
C2,50,C2-rules-050,5,38,149961
C2,50,C2-rules-050,5,39,148285
C2,50,C2-rules-050,5,40,150602
C2,50,C2-rules-050,5,41,149313
C2,50,C2-rules-050,5,42,150794
C2,50,C2-rules-050,5,43,148499
C2,50,C2-rules-050,5,44,147822
C2,50,C2-rules-050,5,45,151710
C2,50,C2-rules-050,5,46,149155
C2,50,C2-rules-050,5,47,152070
C2,50,C2-rules-050,5,48,151249
C2,50,C2-rules-050,5,49,148464
C2,50,C2-rules-050,5,50,154318
C2,50,C2-rules-050,5,51,149396
C2,50,C2-rules-050,5,52,149651
C2,50,C2-rules-050,5,53,149071
C2,50,C2-rules-050,5,54,148534
C2,50,C2-rules-050,5,55,157403
C2,50,C2-rules-050,5,56,149190
C2,50,C2-rules-050,5,57,161515
C2,50,C2-rules-050,5,58,159795
C2,50,C2-rules-050,5,59,169133
C2,50,C2-rules-050,5,60,150862
C2,50,C2-rules-050,5,61,148609
C2,50,C2-rules-050,5,62,150212
C2,50,C2-rules-050,5,63,148807
C2,50,C2-rules-050,5,64,147014
C2,50,C2-rules-050,5,65,150164
C2,50,C2-rules-050,5,66,150901
C2,50,C2-rules-050,5,67,151400
C2,50,C2-rules-050,5,68,148389
C2,50,C2-rules-050,5,69,148002
C2,50,C2-rules-050,5,70,150311
C2,50,C2-rules-050,5,71,148485
C2,50,C2-rules-050,5,72,149247
C2,50,C2-rules-050,5,73,150000
C2,50,C2-rules-050,5,74,148308
C2,50,C2-rules-050,5,75,152107
C2,50,C2-rules-050,5,76,151134
C2,50,C2-rules-050,5,77,151175
C2,50,C2-rules-050,5,78,149896
C2,50,C2-rules-050,5,79,147907
C2,50,C2-rules-050,5,80,151347
C2,50,C2-rules-050,5,81,148662
C2,50,C2-rules-050,5,82,151457
C2,50,C2-rules-050,5,83,149650
C2,50,C2-rules-050,5,84,148364
C2,50,C2-rules-050,5,85,152991
C2,50,C2-rules-050,5,86,159644
C2,50,C2-rules-050,5,87,149296
C2,50,C2-rules-050,5,88,151816
C2,50,C2-rules-050,5,89,149663
C2,50,C2-rules-050,5,90,150792
C2,50,C2-rules-050,5,91,147978
C2,50,C2-rules-050,5,92,150801
C2,50,C2-rules-050,5,93,148936
C2,50,C2-rules-050,5,94,148453
C2,50,C2-rules-050,5,95,151584
C2,50,C2-rules-050,5,96,149303
C2,50,C2-rules-050,5,97,149998
C2,50,C2-rules-050,5,98,149482
C2,50,C2-rules-050,5,99,151174
C2,50,C2-rules-050,5,100,149625
C2,50,C2-rules-050,6,1,160011
C2,50,C2-rules-050,6,2,150894
C2,50,C2-rules-050,6,3,148889
C2,50,C2-rules-050,6,4,147514
C2,50,C2-rules-050,6,5,151049
C2,50,C2-rules-050,6,6,148475
C2,50,C2-rules-050,6,7,150542
C2,50,C2-rules-050,6,8,149020
C2,50,C2-rules-050,6,9,148205
C2,50,C2-rules-050,6,10,150767
C2,50,C2-rules-050,6,11,154129
C2,50,C2-rules-050,6,12,149019
C2,50,C2-rules-050,6,13,147168
C2,50,C2-rules-050,6,14,148301
C2,50,C2-rules-050,6,15,149049
C2,50,C2-rules-050,6,16,149916
C2,50,C2-rules-050,6,17,152078
C2,50,C2-rules-050,6,18,151744
C2,50,C2-rules-050,6,19,148588
C2,50,C2-rules-050,6,20,152008
C2,50,C2-rules-050,6,21,150094
C2,50,C2-rules-050,6,22,150012
C2,50,C2-rules-050,6,23,151876
C2,50,C2-rules-050,6,24,147978
C2,50,C2-rules-050,6,25,149993
C2,50,C2-rules-050,6,26,148522
C2,50,C2-rules-050,6,27,148487
C2,50,C2-rules-050,6,28,149121
C2,50,C2-rules-050,6,29,149844
C2,50,C2-rules-050,6,30,150280
C2,50,C2-rules-050,6,31,148057
C2,50,C2-rules-050,6,32,162026
C2,50,C2-rules-050,6,33,149196
C2,50,C2-rules-050,6,34,148210
C2,50,C2-rules-050,6,35,150633
C2,50,C2-rules-050,6,36,149615
C2,50,C2-rules-050,6,37,153513
C2,50,C2-rules-050,6,38,148786
C2,50,C2-rules-050,6,39,147626
C2,50,C2-rules-050,6,40,149669
C2,50,C2-rules-050,6,41,149121
C2,50,C2-rules-050,6,42,149461
C2,50,C2-rules-050,6,43,148914
C2,50,C2-rules-050,6,44,146769
C2,50,C2-rules-050,6,45,149762
C2,50,C2-rules-050,6,46,149082
C2,50,C2-rules-050,6,47,150229
C2,50,C2-rules-050,6,48,149274
C2,50,C2-rules-050,6,49,148584
C2,50,C2-rules-050,6,50,151034
C2,50,C2-rules-050,6,51,150807
C2,50,C2-rules-050,6,52,150334
C2,50,C2-rules-050,6,53,151415
C2,50,C2-rules-050,6,54,165641
C2,50,C2-rules-050,6,55,156299
C2,50,C2-rules-050,6,56,150519
C2,50,C2-rules-050,6,57,152968
C2,50,C2-rules-050,6,58,150531
C2,50,C2-rules-050,6,59,150444
C2,50,C2-rules-050,6,60,152701
C2,50,C2-rules-050,6,61,150030
C2,50,C2-rules-050,6,62,148816
C2,50,C2-rules-050,6,63,154322
C2,50,C2-rules-050,6,64,148987
C2,50,C2-rules-050,6,65,150818
C2,50,C2-rules-050,6,66,148762
C2,50,C2-rules-050,6,67,152111
C2,50,C2-rules-050,6,68,149804
C2,50,C2-rules-050,6,69,148872
C2,50,C2-rules-050,6,70,150851
C2,50,C2-rules-050,6,71,149491
C2,50,C2-rules-050,6,72,152045
C2,50,C2-rules-050,6,73,155403
C2,50,C2-rules-050,6,74,151735
C2,50,C2-rules-050,6,75,149586
C2,50,C2-rules-050,6,76,149115
C2,50,C2-rules-050,6,77,149022
C2,50,C2-rules-050,6,78,149923
C2,50,C2-rules-050,6,79,147873
C2,50,C2-rules-050,6,80,151158
C2,50,C2-rules-050,6,81,151637
C2,50,C2-rules-050,6,82,153355
C2,50,C2-rules-050,6,83,151177
C2,50,C2-rules-050,6,84,148337
C2,50,C2-rules-050,6,85,151957
C2,50,C2-rules-050,6,86,151892
C2,50,C2-rules-050,6,87,152786
C2,50,C2-rules-050,6,88,151161
C2,50,C2-rules-050,6,89,150017
C2,50,C2-rules-050,6,90,152980
C2,50,C2-rules-050,6,91,151294
C2,50,C2-rules-050,6,92,151462
C2,50,C2-rules-050,6,93,148950
C2,50,C2-rules-050,6,94,148765
C2,50,C2-rules-050,6,95,149022
C2,50,C2-rules-050,6,96,149365
C2,50,C2-rules-050,6,97,150903
C2,50,C2-rules-050,6,98,149915
C2,50,C2-rules-050,6,99,149185
C2,50,C2-rules-050,6,100,150307
C2,50,C2-rules-050,7,1,163230
C2,50,C2-rules-050,7,2,158311
C2,50,C2-rules-050,7,3,149095
C2,50,C2-rules-050,7,4,154133
C2,50,C2-rules-050,7,5,154512
C2,50,C2-rules-050,7,6,152353
C2,50,C2-rules-050,7,7,154848
C2,50,C2-rules-050,7,8,165931
C2,50,C2-rules-050,7,9,149443
C2,50,C2-rules-050,7,10,149975
C2,50,C2-rules-050,7,11,149200
C2,50,C2-rules-050,7,12,150312
C2,50,C2-rules-050,7,13,149600
C2,50,C2-rules-050,7,14,147651
C2,50,C2-rules-050,7,15,154267
C2,50,C2-rules-050,7,16,150730
C2,50,C2-rules-050,7,17,151740
C2,50,C2-rules-050,7,18,149209
C2,50,C2-rules-050,7,19,148273
C2,50,C2-rules-050,7,20,150177
C2,50,C2-rules-050,7,21,148910
C2,50,C2-rules-050,7,22,151546
C2,50,C2-rules-050,7,23,150807
C2,50,C2-rules-050,7,24,147592
C2,50,C2-rules-050,7,25,148308
C2,50,C2-rules-050,7,26,148223
C2,50,C2-rules-050,7,27,150640
C2,50,C2-rules-050,7,28,149422
C2,50,C2-rules-050,7,29,147873
C2,50,C2-rules-050,7,30,149054
C2,50,C2-rules-050,7,31,148422
C2,50,C2-rules-050,7,32,150716
C2,50,C2-rules-050,7,33,150481
C2,50,C2-rules-050,7,34,151264
C2,50,C2-rules-050,7,35,150584
C2,50,C2-rules-050,7,36,150150
C2,50,C2-rules-050,7,37,150738
C2,50,C2-rules-050,7,38,151758
C2,50,C2-rules-050,7,39,148214
C2,50,C2-rules-050,7,40,147765
C2,50,C2-rules-050,7,41,149180
C2,50,C2-rules-050,7,42,153425
C2,50,C2-rules-050,7,43,149628
C2,50,C2-rules-050,7,44,148055
C2,50,C2-rules-050,7,45,148219
C2,50,C2-rules-050,7,46,148691
C2,50,C2-rules-050,7,47,151718
C2,50,C2-rules-050,7,48,148155
C2,50,C2-rules-050,7,49,149836
C2,50,C2-rules-050,7,50,150059
C2,50,C2-rules-050,7,51,149411
C2,50,C2-rules-050,7,52,151180
C2,50,C2-rules-050,7,53,150135
C2,50,C2-rules-050,7,54,149087
C2,50,C2-rules-050,7,55,148556
C2,50,C2-rules-050,7,56,150094
C2,50,C2-rules-050,7,57,153225
C2,50,C2-rules-050,7,58,151904
C2,50,C2-rules-050,7,59,153034
C2,50,C2-rules-050,7,60,148037
C2,50,C2-rules-050,7,61,149059
C2,50,C2-rules-050,7,62,150900
C2,50,C2-rules-050,7,63,149094
C2,50,C2-rules-050,7,64,149580
C2,50,C2-rules-050,7,65,147850
C2,50,C2-rules-050,7,66,149579
C2,50,C2-rules-050,7,67,151171
C2,50,C2-rules-050,7,68,151127
C2,50,C2-rules-050,7,69,150794
C2,50,C2-rules-050,7,70,148918
C2,50,C2-rules-050,7,71,150280
C2,50,C2-rules-050,7,72,149670
C2,50,C2-rules-050,7,73,149474
C2,50,C2-rules-050,7,74,152110
C2,50,C2-rules-050,7,75,147955
C2,50,C2-rules-050,7,76,149554
C2,50,C2-rules-050,7,77,151109
C2,50,C2-rules-050,7,78,149698
C2,50,C2-rules-050,7,79,151241
C2,50,C2-rules-050,7,80,151166
C2,50,C2-rules-050,7,81,153163
C2,50,C2-rules-050,7,82,152663
C2,50,C2-rules-050,7,83,148152
C2,50,C2-rules-050,7,84,151402
C2,50,C2-rules-050,7,85,147659
C2,50,C2-rules-050,7,86,149185
C2,50,C2-rules-050,7,87,150109
C2,50,C2-rules-050,7,88,149431
C2,50,C2-rules-050,7,89,151481
C2,50,C2-rules-050,7,90,147050
C2,50,C2-rules-050,7,91,149182
C2,50,C2-rules-050,7,92,151955
C2,50,C2-rules-050,7,93,148638
C2,50,C2-rules-050,7,94,153655
C2,50,C2-rules-050,7,95,147817
C2,50,C2-rules-050,7,96,149708
C2,50,C2-rules-050,7,97,149958
C2,50,C2-rules-050,7,98,148438
C2,50,C2-rules-050,7,99,151137
C2,50,C2-rules-050,7,100,149691
C2,50,C2-rules-050,8,1,161578
C2,50,C2-rules-050,8,2,155931
C2,50,C2-rules-050,8,3,150789
C2,50,C2-rules-050,8,4,152030
C2,50,C2-rules-050,8,5,148963
C2,50,C2-rules-050,8,6,149265
C2,50,C2-rules-050,8,7,152563
C2,50,C2-rules-050,8,8,150100
C2,50,C2-rules-050,8,9,150697
C2,50,C2-rules-050,8,10,148826
C2,50,C2-rules-050,8,11,149872
C2,50,C2-rules-050,8,12,150053
C2,50,C2-rules-050,8,13,149857
C2,50,C2-rules-050,8,14,149558
C2,50,C2-rules-050,8,15,148626
C2,50,C2-rules-050,8,16,151045
C2,50,C2-rules-050,8,17,151281
C2,50,C2-rules-050,8,18,148396
C2,50,C2-rules-050,8,19,150114
C2,50,C2-rules-050,8,20,151346
C2,50,C2-rules-050,8,21,147454
C2,50,C2-rules-050,8,22,150860
C2,50,C2-rules-050,8,23,149982
C2,50,C2-rules-050,8,24,151386
C2,50,C2-rules-050,8,25,148523
C2,50,C2-rules-050,8,26,147711
C2,50,C2-rules-050,8,27,149977
C2,50,C2-rules-050,8,28,148537
C2,50,C2-rules-050,8,29,150661
C2,50,C2-rules-050,8,30,149693
C2,50,C2-rules-050,8,31,149682
C2,50,C2-rules-050,8,32,150233
C2,50,C2-rules-050,8,33,147919
C2,50,C2-rules-050,8,34,150057
C2,50,C2-rules-050,8,35,147587
C2,50,C2-rules-050,8,36,148006
C2,50,C2-rules-050,8,37,150808
C2,50,C2-rules-050,8,38,149206
C2,50,C2-rules-050,8,39,151320
C2,50,C2-rules-050,8,40,151246
C2,50,C2-rules-050,8,41,148379
C2,50,C2-rules-050,8,42,149459
C2,50,C2-rules-050,8,43,148413
C2,50,C2-rules-050,8,44,149713
C2,50,C2-rules-050,8,45,147953
C2,50,C2-rules-050,8,46,148535
C2,50,C2-rules-050,8,47,153265
C2,50,C2-rules-050,8,48,149412
C2,50,C2-rules-050,8,49,149880
C2,50,C2-rules-050,8,50,148870
C2,50,C2-rules-050,8,51,148635
C2,50,C2-rules-050,8,52,149832
C2,50,C2-rules-050,8,53,147448
C2,50,C2-rules-050,8,54,149738
C2,50,C2-rules-050,8,55,149040
C2,50,C2-rules-050,8,56,147755
C2,50,C2-rules-050,8,57,150433
C2,50,C2-rules-050,8,58,147259
C2,50,C2-rules-050,8,59,152596
C2,50,C2-rules-050,8,60,148903
C2,50,C2-rules-050,8,61,148128
C2,50,C2-rules-050,8,62,150649
C2,50,C2-rules-050,8,63,148154
C2,50,C2-rules-050,8,64,150240
C2,50,C2-rules-050,8,65,148893
C2,50,C2-rules-050,8,66,147597
C2,50,C2-rules-050,8,67,151239
C2,50,C2-rules-050,8,68,147383
C2,50,C2-rules-050,8,69,150989
C2,50,C2-rules-050,8,70,149068
C2,50,C2-rules-050,8,71,147418
C2,50,C2-rules-050,8,72,149020
C2,50,C2-rules-050,8,73,163982
C2,50,C2-rules-050,8,74,152136
C2,50,C2-rules-050,8,75,152073
C2,50,C2-rules-050,8,76,148813
C2,50,C2-rules-050,8,77,151692
C2,50,C2-rules-050,8,78,148957
C2,50,C2-rules-050,8,79,150896
C2,50,C2-rules-050,8,80,149092
C2,50,C2-rules-050,8,81,148338
C2,50,C2-rules-050,8,82,149644
C2,50,C2-rules-050,8,83,149572
C2,50,C2-rules-050,8,84,150612
C2,50,C2-rules-050,8,85,149591
C2,50,C2-rules-050,8,86,148548
C2,50,C2-rules-050,8,87,151412
C2,50,C2-rules-050,8,88,148324
C2,50,C2-rules-050,8,89,150596
C2,50,C2-rules-050,8,90,148899
C2,50,C2-rules-050,8,91,149538
C2,50,C2-rules-050,8,92,150800
C2,50,C2-rules-050,8,93,150862
C2,50,C2-rules-050,8,94,150191
C2,50,C2-rules-050,8,95,148746
C2,50,C2-rules-050,8,96,155340
C2,50,C2-rules-050,8,97,149892
C2,50,C2-rules-050,8,98,149971
C2,50,C2-rules-050,8,99,155382
C2,50,C2-rules-050,8,100,152248
C6,10,C6-rules-010,1,1,79835
C6,10,C6-rules-010,1,2,79446
C6,10,C6-rules-010,1,3,78341
C6,10,C6-rules-010,1,4,81299
C6,10,C6-rules-010,1,5,78549
C6,10,C6-rules-010,1,6,79925
C6,10,C6-rules-010,1,7,80937
C6,10,C6-rules-010,1,8,78412
C6,10,C6-rules-010,1,9,80117
C6,10,C6-rules-010,1,10,78074
C6,10,C6-rules-010,1,11,81627
C6,10,C6-rules-010,1,12,79106
C6,10,C6-rules-010,1,13,78491
C6,10,C6-rules-010,1,14,80003
C6,10,C6-rules-010,1,15,81488
C6,10,C6-rules-010,1,16,79583
C6,10,C6-rules-010,1,17,80176
C6,10,C6-rules-010,1,18,79789
C6,10,C6-rules-010,1,19,81856
C6,10,C6-rules-010,1,20,79395
C6,10,C6-rules-010,1,21,80472
C6,10,C6-rules-010,1,22,81567
C6,10,C6-rules-010,1,23,80352
C6,10,C6-rules-010,1,24,78434
C6,10,C6-rules-010,1,25,80844
C6,10,C6-rules-010,1,26,82243
C6,10,C6-rules-010,1,27,79857
C6,10,C6-rules-010,1,28,81162
C6,10,C6-rules-010,1,29,79330
C6,10,C6-rules-010,1,30,80913
C6,10,C6-rules-010,1,31,82187
C6,10,C6-rules-010,1,32,80745
C6,10,C6-rules-010,1,33,78880
C6,10,C6-rules-010,1,34,81639
C6,10,C6-rules-010,1,35,79758
C6,10,C6-rules-010,1,36,79555
C6,10,C6-rules-010,1,37,80152
C6,10,C6-rules-010,1,38,81740
C6,10,C6-rules-010,1,39,80980
C6,10,C6-rules-010,1,40,82374
C6,10,C6-rules-010,1,41,79307
C6,10,C6-rules-010,1,42,80594
C6,10,C6-rules-010,1,43,78003
C6,10,C6-rules-010,1,44,79606
C6,10,C6-rules-010,1,45,81308
C6,10,C6-rules-010,1,46,79430
C6,10,C6-rules-010,1,47,80090
C6,10,C6-rules-010,1,48,78096
C6,10,C6-rules-010,1,49,80223
C6,10,C6-rules-010,1,50,78678
C6,10,C6-rules-010,1,51,78386
C6,10,C6-rules-010,1,52,78549
C6,10,C6-rules-010,1,53,80607
C6,10,C6-rules-010,1,54,80041
C6,10,C6-rules-010,1,55,78895
C6,10,C6-rules-010,1,56,78359
C6,10,C6-rules-010,1,57,80663
C6,10,C6-rules-010,1,58,77756
C6,10,C6-rules-010,1,59,79594
C6,10,C6-rules-010,1,60,77760
C6,10,C6-rules-010,1,61,80402
C6,10,C6-rules-010,1,62,78307
C6,10,C6-rules-010,1,63,78767
C6,10,C6-rules-010,1,64,81914
C6,10,C6-rules-010,1,65,80960
C6,10,C6-rules-010,1,66,80877
C6,10,C6-rules-010,1,67,79749
C6,10,C6-rules-010,1,68,81908
C6,10,C6-rules-010,1,69,78976
C6,10,C6-rules-010,1,70,83645
C6,10,C6-rules-010,1,71,80233
C6,10,C6-rules-010,1,72,80412
C6,10,C6-rules-010,1,73,77746
C6,10,C6-rules-010,1,74,79038
C6,10,C6-rules-010,1,75,79110
C6,10,C6-rules-010,1,76,81214
C6,10,C6-rules-010,1,77,79540
C6,10,C6-rules-010,1,78,79575
C6,10,C6-rules-010,1,79,78547
C6,10,C6-rules-010,1,80,80347
C6,10,C6-rules-010,1,81,78877
C6,10,C6-rules-010,1,82,80845
C6,10,C6-rules-010,1,83,81214
C6,10,C6-rules-010,1,84,79469
C6,10,C6-rules-010,1,85,79697
C6,10,C6-rules-010,1,86,78438
C6,10,C6-rules-010,1,87,80865
C6,10,C6-rules-010,1,88,78397
C6,10,C6-rules-010,1,89,79756
C6,10,C6-rules-010,1,90,78822
C6,10,C6-rules-010,1,91,80442
C6,10,C6-rules-010,1,92,80505
C6,10,C6-rules-010,1,93,81276
C6,10,C6-rules-010,1,94,80889
C6,10,C6-rules-010,1,95,84662
C6,10,C6-rules-010,1,96,80865
C6,10,C6-rules-010,1,97,82453
C6,10,C6-rules-010,1,98,79511
C6,10,C6-rules-010,1,99,81745
C6,10,C6-rules-010,1,100,79157
C6,10,C6-rules-010,2,1,92024
C6,10,C6-rules-010,2,2,81418
C6,10,C6-rules-010,2,3,79292
C6,10,C6-rules-010,2,4,78913
C6,10,C6-rules-010,2,5,79503
C6,10,C6-rules-010,2,6,81879
C6,10,C6-rules-010,2,7,78987
C6,10,C6-rules-010,2,8,79294
C6,10,C6-rules-010,2,9,79212
C6,10,C6-rules-010,2,10,81208
C6,10,C6-rules-010,2,11,78526
C6,10,C6-rules-010,2,12,80253
C6,10,C6-rules-010,2,13,80006
C6,10,C6-rules-010,2,14,84662
C6,10,C6-rules-010,2,15,80047
C6,10,C6-rules-010,2,16,79725
C6,10,C6-rules-010,2,17,79336
C6,10,C6-rules-010,2,18,89004
C6,10,C6-rules-010,2,19,85867
C6,10,C6-rules-010,2,20,92889
C6,10,C6-rules-010,2,21,95818
C6,10,C6-rules-010,2,22,80122
C6,10,C6-rules-010,2,23,79013
C6,10,C6-rules-010,2,24,78813
C6,10,C6-rules-010,2,25,80547
C6,10,C6-rules-010,2,26,78844
C6,10,C6-rules-010,2,27,79096
C6,10,C6-rules-010,2,28,79802
C6,10,C6-rules-010,2,29,80661
C6,10,C6-rules-010,2,30,80481
C6,10,C6-rules-010,2,31,77975
C6,10,C6-rules-010,2,32,78273
C6,10,C6-rules-010,2,33,80459
C6,10,C6-rules-010,2,34,78071
C6,10,C6-rules-010,2,35,79481
C6,10,C6-rules-010,2,36,80284
C6,10,C6-rules-010,2,37,80361
C6,10,C6-rules-010,2,38,79845
C6,10,C6-rules-010,2,39,78860
C6,10,C6-rules-010,2,40,81192
C6,10,C6-rules-010,2,41,78489
C6,10,C6-rules-010,2,42,78208
C6,10,C6-rules-010,2,43,79836
C6,10,C6-rules-010,2,44,80943
C6,10,C6-rules-010,2,45,79151
C6,10,C6-rules-010,2,46,80090
C6,10,C6-rules-010,2,47,80964
C6,10,C6-rules-010,2,48,83420
C6,10,C6-rules-010,2,49,81489
C6,10,C6-rules-010,2,50,83186
C6,10,C6-rules-010,2,51,80913
C6,10,C6-rules-010,2,52,83581
C6,10,C6-rules-010,2,53,79900
C6,10,C6-rules-010,2,54,78503
C6,10,C6-rules-010,2,55,79300
C6,10,C6-rules-010,2,56,83549
C6,10,C6-rules-010,2,57,78114
C6,10,C6-rules-010,2,58,80142
C6,10,C6-rules-010,2,59,80975
C6,10,C6-rules-010,2,60,78856
C6,10,C6-rules-010,2,61,78588
C6,10,C6-rules-010,2,62,77961
C6,10,C6-rules-010,2,63,81062
C6,10,C6-rules-010,2,64,79048
C6,10,C6-rules-010,2,65,79705
C6,10,C6-rules-010,2,66,79964
C6,10,C6-rules-010,2,67,84174
C6,10,C6-rules-010,2,68,78370
C6,10,C6-rules-010,2,69,79456
C6,10,C6-rules-010,2,70,79124
C6,10,C6-rules-010,2,71,80708
C6,10,C6-rules-010,2,72,78454
C6,10,C6-rules-010,2,73,80728
C6,10,C6-rules-010,2,74,79115
C6,10,C6-rules-010,2,75,80979
C6,10,C6-rules-010,2,76,78330
C6,10,C6-rules-010,2,77,78787
C6,10,C6-rules-010,2,78,80038
C6,10,C6-rules-010,2,79,78286
C6,10,C6-rules-010,2,80,78082
C6,10,C6-rules-010,2,81,79490
C6,10,C6-rules-010,2,82,80961
C6,10,C6-rules-010,2,83,78813
C6,10,C6-rules-010,2,84,78864
C6,10,C6-rules-010,2,85,77978
C6,10,C6-rules-010,2,86,80176
C6,10,C6-rules-010,2,87,78131
C6,10,C6-rules-010,2,88,79454
C6,10,C6-rules-010,2,89,79498
C6,10,C6-rules-010,2,90,80713
C6,10,C6-rules-010,2,91,79468
C6,10,C6-rules-010,2,92,79323
C6,10,C6-rules-010,2,93,78835
C6,10,C6-rules-010,2,94,79547
C6,10,C6-rules-010,2,95,78881
C6,10,C6-rules-010,2,96,79427
C6,10,C6-rules-010,2,97,79795
C6,10,C6-rules-010,2,98,79026
C6,10,C6-rules-010,2,99,78631
C6,10,C6-rules-010,2,100,79475
C6,10,C6-rules-010,3,1,88265
C6,10,C6-rules-010,3,2,79719
C6,10,C6-rules-010,3,3,79487
C6,10,C6-rules-010,3,4,79203
C6,10,C6-rules-010,3,5,80641
C6,10,C6-rules-010,3,6,80007
C6,10,C6-rules-010,3,7,78770
C6,10,C6-rules-010,3,8,77639
C6,10,C6-rules-010,3,9,80701
C6,10,C6-rules-010,3,10,77858
C6,10,C6-rules-010,3,11,79792
C6,10,C6-rules-010,3,12,78150
C6,10,C6-rules-010,3,13,82797
C6,10,C6-rules-010,3,14,81652
C6,10,C6-rules-010,3,15,83663
C6,10,C6-rules-010,3,16,81746
C6,10,C6-rules-010,3,17,78985
C6,10,C6-rules-010,3,18,79814
C6,10,C6-rules-010,3,19,79950
C6,10,C6-rules-010,3,20,81100
C6,10,C6-rules-010,3,21,80248
C6,10,C6-rules-010,3,22,80814
C6,10,C6-rules-010,3,23,81269
C6,10,C6-rules-010,3,24,80367
C6,10,C6-rules-010,3,25,78880
C6,10,C6-rules-010,3,26,79823
C6,10,C6-rules-010,3,27,79724
C6,10,C6-rules-010,3,28,81291
C6,10,C6-rules-010,3,29,79542
C6,10,C6-rules-010,3,30,78773
C6,10,C6-rules-010,3,31,78476
C6,10,C6-rules-010,3,32,79874
C6,10,C6-rules-010,3,33,78061
C6,10,C6-rules-010,3,34,84351
C6,10,C6-rules-010,3,35,85030
C6,10,C6-rules-010,3,36,78330
C6,10,C6-rules-010,3,37,79358
C6,10,C6-rules-010,3,38,78024
C6,10,C6-rules-010,3,39,81164
C6,10,C6-rules-010,3,40,79198
C6,10,C6-rules-010,3,41,79400
C6,10,C6-rules-010,3,42,78907
C6,10,C6-rules-010,3,43,94362
C6,10,C6-rules-010,3,44,89577
C6,10,C6-rules-010,3,45,80255
C6,10,C6-rules-010,3,46,79198
C6,10,C6-rules-010,3,47,82585
C6,10,C6-rules-010,3,48,79473
C6,10,C6-rules-010,3,49,79029
C6,10,C6-rules-010,3,50,79349
C6,10,C6-rules-010,3,51,82466
C6,10,C6-rules-010,3,52,80324
C6,10,C6-rules-010,3,53,78880
C6,10,C6-rules-010,3,54,79163
C6,10,C6-rules-010,3,55,78887
C6,10,C6-rules-010,3,56,79190
C6,10,C6-rules-010,3,57,79318
C6,10,C6-rules-010,3,58,82225
C6,10,C6-rules-010,3,59,78985
C6,10,C6-rules-010,3,60,79751
C6,10,C6-rules-010,3,61,78663
C6,10,C6-rules-010,3,62,80741
C6,10,C6-rules-010,3,63,79014
C6,10,C6-rules-010,3,64,85811
C6,10,C6-rules-010,3,65,78950
C6,10,C6-rules-010,3,66,81203
C6,10,C6-rules-010,3,67,79093
C6,10,C6-rules-010,3,68,79363
C6,10,C6-rules-010,3,69,78241
C6,10,C6-rules-010,3,70,79750
C6,10,C6-rules-010,3,71,78218
C6,10,C6-rules-010,3,72,79073
C6,10,C6-rules-010,3,73,81565
C6,10,C6-rules-010,3,74,80469
C6,10,C6-rules-010,3,75,80689
C6,10,C6-rules-010,3,76,78771
C6,10,C6-rules-010,3,77,81041
C6,10,C6-rules-010,3,78,79720
C6,10,C6-rules-010,3,79,80147
C6,10,C6-rules-010,3,80,79055
C6,10,C6-rules-010,3,81,80952
C6,10,C6-rules-010,3,82,79179
C6,10,C6-rules-010,3,83,78611
C6,10,C6-rules-010,3,84,77636
C6,10,C6-rules-010,3,85,80869
C6,10,C6-rules-010,3,86,79141
C6,10,C6-rules-010,3,87,79570
C6,10,C6-rules-010,3,88,78104
C6,10,C6-rules-010,3,89,80462
C6,10,C6-rules-010,3,90,79440
C6,10,C6-rules-010,3,91,79068
C6,10,C6-rules-010,3,92,80190
C6,10,C6-rules-010,3,93,79247
C6,10,C6-rules-010,3,94,81535
C6,10,C6-rules-010,3,95,81732
C6,10,C6-rules-010,3,96,81616
C6,10,C6-rules-010,3,97,79810
C6,10,C6-rules-010,3,98,80772
C6,10,C6-rules-010,3,99,78243
C6,10,C6-rules-010,3,100,81038
C6,10,C6-rules-010,4,1,83792
C6,10,C6-rules-010,4,2,80412
C6,10,C6-rules-010,4,3,80272
C6,10,C6-rules-010,4,4,82548
C6,10,C6-rules-010,4,5,78449
C6,10,C6-rules-010,4,6,79196
C6,10,C6-rules-010,4,7,78353
C6,10,C6-rules-010,4,8,81157
C6,10,C6-rules-010,4,9,78989
C6,10,C6-rules-010,4,10,80143
C6,10,C6-rules-010,4,11,80466
C6,10,C6-rules-010,4,12,81679
C6,10,C6-rules-010,4,13,80058
C6,10,C6-rules-010,4,14,78457
C6,10,C6-rules-010,4,15,81282
C6,10,C6-rules-010,4,16,78992
C6,10,C6-rules-010,4,17,79916
C6,10,C6-rules-010,4,18,78640
C6,10,C6-rules-010,4,19,80397
C6,10,C6-rules-010,4,20,78248
C6,10,C6-rules-010,4,21,78723
C6,10,C6-rules-010,4,22,77978
C6,10,C6-rules-010,4,23,80401
C6,10,C6-rules-010,4,24,80006
C6,10,C6-rules-010,4,25,79223
C6,10,C6-rules-010,4,26,78831
C6,10,C6-rules-010,4,27,79373
C6,10,C6-rules-010,4,28,78725
C6,10,C6-rules-010,4,29,78577
C6,10,C6-rules-010,4,30,80237
C6,10,C6-rules-010,4,31,78884
C6,10,C6-rules-010,4,32,79118
C6,10,C6-rules-010,4,33,79049
C6,10,C6-rules-010,4,34,80220
C6,10,C6-rules-010,4,35,78593
C6,10,C6-rules-010,4,36,78909
C6,10,C6-rules-010,4,37,77815
C6,10,C6-rules-010,4,38,80685
C6,10,C6-rules-010,4,39,80963
C6,10,C6-rules-010,4,40,81749
C6,10,C6-rules-010,4,41,79247
C6,10,C6-rules-010,4,42,81432
C6,10,C6-rules-010,4,43,78576
C6,10,C6-rules-010,4,44,78798
C6,10,C6-rules-010,4,45,78490
C6,10,C6-rules-010,4,46,80900
C6,10,C6-rules-010,4,47,78959
C6,10,C6-rules-010,4,48,79107
C6,10,C6-rules-010,4,49,80576
C6,10,C6-rules-010,4,50,79379
C6,10,C6-rules-010,4,51,80160
C6,10,C6-rules-010,4,52,78373
C6,10,C6-rules-010,4,53,80945
C6,10,C6-rules-010,4,54,80110
C6,10,C6-rules-010,4,55,81115
C6,10,C6-rules-010,4,56,80348
C6,10,C6-rules-010,4,57,80996
C6,10,C6-rules-010,4,58,78982
C6,10,C6-rules-010,4,59,78602
C6,10,C6-rules-010,4,60,78265
C6,10,C6-rules-010,4,61,84838
C6,10,C6-rules-010,4,62,79955
C6,10,C6-rules-010,4,63,80096
C6,10,C6-rules-010,4,64,79005
C6,10,C6-rules-010,4,65,80657
C6,10,C6-rules-010,4,66,77869
C6,10,C6-rules-010,4,67,94648
C6,10,C6-rules-010,4,68,84004
C6,10,C6-rules-010,4,69,81625
C6,10,C6-rules-010,4,70,80533
C6,10,C6-rules-010,4,71,79623
C6,10,C6-rules-010,4,72,81345
C6,10,C6-rules-010,4,73,78122
C6,10,C6-rules-010,4,74,79540
C6,10,C6-rules-010,4,75,78644
C6,10,C6-rules-010,4,76,82519
C6,10,C6-rules-010,4,77,81244
C6,10,C6-rules-010,4,78,79661
C6,10,C6-rules-010,4,79,79813
C6,10,C6-rules-010,4,80,80709
C6,10,C6-rules-010,4,81,78480
C6,10,C6-rules-010,4,82,79757
C6,10,C6-rules-010,4,83,78939
C6,10,C6-rules-010,4,84,81079
C6,10,C6-rules-010,4,85,79550
C6,10,C6-rules-010,4,86,80140
C6,10,C6-rules-010,4,87,80210
C6,10,C6-rules-010,4,88,78292
C6,10,C6-rules-010,4,89,79367
C6,10,C6-rules-010,4,90,77522
C6,10,C6-rules-010,4,91,81247
C6,10,C6-rules-010,4,92,79168
C6,10,C6-rules-010,4,93,79006
C6,10,C6-rules-010,4,94,79162
C6,10,C6-rules-010,4,95,79815
C6,10,C6-rules-010,4,96,78377
C6,10,C6-rules-010,4,97,79166
C6,10,C6-rules-010,4,98,78367
C6,10,C6-rules-010,4,99,82077
C6,10,C6-rules-010,4,100,80958
C6,10,C6-rules-010,5,1,91493
C6,10,C6-rules-010,5,2,79661
C6,10,C6-rules-010,5,3,82619
C6,10,C6-rules-010,5,4,79741
C6,10,C6-rules-010,5,5,79181
C6,10,C6-rules-010,5,6,80214
C6,10,C6-rules-010,5,7,80143
C6,10,C6-rules-010,5,8,79575
C6,10,C6-rules-010,5,9,83771
C6,10,C6-rules-010,5,10,81985
C6,10,C6-rules-010,5,11,79023
C6,10,C6-rules-010,5,12,79729
C6,10,C6-rules-010,5,13,79107
C6,10,C6-rules-010,5,14,81184
C6,10,C6-rules-010,5,15,79427
C6,10,C6-rules-010,5,16,79754
C6,10,C6-rules-010,5,17,80121
C6,10,C6-rules-010,5,18,88479
C6,10,C6-rules-010,5,19,78826
C6,10,C6-rules-010,5,20,79447
C6,10,C6-rules-010,5,21,79751
C6,10,C6-rules-010,5,22,82850
C6,10,C6-rules-010,5,23,80837
C6,10,C6-rules-010,5,24,81842
C6,10,C6-rules-010,5,25,83128
C6,10,C6-rules-010,5,26,81812
C6,10,C6-rules-010,5,27,80812
C6,10,C6-rules-010,5,28,81850
C6,10,C6-rules-010,5,29,81497
C6,10,C6-rules-010,5,30,79216
C6,10,C6-rules-010,5,31,79496
C6,10,C6-rules-010,5,32,78354
C6,10,C6-rules-010,5,33,80995
C6,10,C6-rules-010,5,34,79319
C6,10,C6-rules-010,5,35,78579
C6,10,C6-rules-010,5,36,77400
C6,10,C6-rules-010,5,37,81880
C6,10,C6-rules-010,5,38,78577
C6,10,C6-rules-010,5,39,79322
C6,10,C6-rules-010,5,40,77855
C6,10,C6-rules-010,5,41,80569
C6,10,C6-rules-010,5,42,78715
C6,10,C6-rules-010,5,43,78880
C6,10,C6-rules-010,5,44,79311
C6,10,C6-rules-010,5,45,78795
C6,10,C6-rules-010,5,46,78571
C6,10,C6-rules-010,5,47,78896
C6,10,C6-rules-010,5,48,81475
C6,10,C6-rules-010,5,49,78559
C6,10,C6-rules-010,5,50,78341
C6,10,C6-rules-010,5,51,78695
C6,10,C6-rules-010,5,52,92643
C6,10,C6-rules-010,5,53,87738
C6,10,C6-rules-010,5,54,80034
C6,10,C6-rules-010,5,55,80052
C6,10,C6-rules-010,5,56,81061
C6,10,C6-rules-010,5,57,78710
C6,10,C6-rules-010,5,58,83858
C6,10,C6-rules-010,5,59,79513
C6,10,C6-rules-010,5,60,80307
C6,10,C6-rules-010,5,61,78885
C6,10,C6-rules-010,5,62,79227
C6,10,C6-rules-010,5,63,88554
C6,10,C6-rules-010,5,64,86786
C6,10,C6-rules-010,5,65,83068
C6,10,C6-rules-010,5,66,78473
C6,10,C6-rules-010,5,67,81077
C6,10,C6-rules-010,5,68,80926
C6,10,C6-rules-010,5,69,80572
C6,10,C6-rules-010,5,70,78055
C6,10,C6-rules-010,5,71,81166
C6,10,C6-rules-010,5,72,79238
C6,10,C6-rules-010,5,73,78591
C6,10,C6-rules-010,5,74,78172
C6,10,C6-rules-010,5,75,82053
C6,10,C6-rules-010,5,76,81053
C6,10,C6-rules-010,5,77,81636
C6,10,C6-rules-010,5,78,81967
C6,10,C6-rules-010,5,79,84026
C6,10,C6-rules-010,5,80,82623
C6,10,C6-rules-010,5,81,80972
C6,10,C6-rules-010,5,82,81147
C6,10,C6-rules-010,5,83,78678
C6,10,C6-rules-010,5,84,81377
C6,10,C6-rules-010,5,85,79870
C6,10,C6-rules-010,5,86,80896
C6,10,C6-rules-010,5,87,79977
C6,10,C6-rules-010,5,88,79570
C6,10,C6-rules-010,5,89,78406
C6,10,C6-rules-010,5,90,89808
C6,10,C6-rules-010,5,91,85972
C6,10,C6-rules-010,5,92,81382
C6,10,C6-rules-010,5,93,78753
C6,10,C6-rules-010,5,94,81834
C6,10,C6-rules-010,5,95,78958
C6,10,C6-rules-010,5,96,79175
C6,10,C6-rules-010,5,97,79152
C6,10,C6-rules-010,5,98,80640
C6,10,C6-rules-010,5,99,84466
C6,10,C6-rules-010,5,100,83892
C6,10,C6-rules-010,6,1,89283
C6,10,C6-rules-010,6,2,79605
C6,10,C6-rules-010,6,3,79013
C6,10,C6-rules-010,6,4,78011
C6,10,C6-rules-010,6,5,86812
C6,10,C6-rules-010,6,6,80669
C6,10,C6-rules-010,6,7,79208
C6,10,C6-rules-010,6,8,79029
C6,10,C6-rules-010,6,9,80390
C6,10,C6-rules-010,6,10,79689
C6,10,C6-rules-010,6,11,78578
C6,10,C6-rules-010,6,12,78812
C6,10,C6-rules-010,6,13,82039
C6,10,C6-rules-010,6,14,79118
C6,10,C6-rules-010,6,15,79822
C6,10,C6-rules-010,6,16,79549
C6,10,C6-rules-010,6,17,80090
C6,10,C6-rules-010,6,18,77806
C6,10,C6-rules-010,6,19,79995
C6,10,C6-rules-010,6,20,83540
C6,10,C6-rules-010,6,21,86342
C6,10,C6-rules-010,6,22,93096
C6,10,C6-rules-010,6,23,89308
C6,10,C6-rules-010,6,24,82258
C6,10,C6-rules-010,6,25,78718
C6,10,C6-rules-010,6,26,79749
C6,10,C6-rules-010,6,27,80086
C6,10,C6-rules-010,6,28,83879
C6,10,C6-rules-010,6,29,96024
C6,10,C6-rules-010,6,30,80037
C6,10,C6-rules-010,6,31,78856
C6,10,C6-rules-010,6,32,80585
C6,10,C6-rules-010,6,33,78840
C6,10,C6-rules-010,6,34,81442
C6,10,C6-rules-010,6,35,81095
C6,10,C6-rules-010,6,36,82488
C6,10,C6-rules-010,6,37,79611
C6,10,C6-rules-010,6,38,78255
C6,10,C6-rules-010,6,39,80741
C6,10,C6-rules-010,6,40,78532
C6,10,C6-rules-010,6,41,78913
C6,10,C6-rules-010,6,42,78636
C6,10,C6-rules-010,6,43,80768
C6,10,C6-rules-010,6,44,78989
C6,10,C6-rules-010,6,45,79873
C6,10,C6-rules-010,6,46,78838
C6,10,C6-rules-010,6,47,80808
C6,10,C6-rules-010,6,48,78733
C6,10,C6-rules-010,6,49,87975
C6,10,C6-rules-010,6,50,79303
C6,10,C6-rules-010,6,51,81972
C6,10,C6-rules-010,6,52,79774
C6,10,C6-rules-010,6,53,89152
C6,10,C6-rules-010,6,54,86595
C6,10,C6-rules-010,6,55,83333
C6,10,C6-rules-010,6,56,78793
C6,10,C6-rules-010,6,57,80056
C6,10,C6-rules-010,6,58,79980
C6,10,C6-rules-010,6,59,79358
C6,10,C6-rules-010,6,60,80352
C6,10,C6-rules-010,6,61,79119
C6,10,C6-rules-010,6,62,81016
C6,10,C6-rules-010,6,63,78819
C6,10,C6-rules-010,6,64,78722
C6,10,C6-rules-010,6,65,79067
C6,10,C6-rules-010,6,66,82070
C6,10,C6-rules-010,6,67,79670
C6,10,C6-rules-010,6,68,81114
C6,10,C6-rules-010,6,69,81865
C6,10,C6-rules-010,6,70,81693
C6,10,C6-rules-010,6,71,79303
C6,10,C6-rules-010,6,72,78611
C6,10,C6-rules-010,6,73,79386
C6,10,C6-rules-010,6,74,81704
C6,10,C6-rules-010,6,75,79711
C6,10,C6-rules-010,6,76,80279
C6,10,C6-rules-010,6,77,80605
C6,10,C6-rules-010,6,78,78330
C6,10,C6-rules-010,6,79,79806
C6,10,C6-rules-010,6,80,77753
C6,10,C6-rules-010,6,81,80303
C6,10,C6-rules-010,6,82,78413
C6,10,C6-rules-010,6,83,80097
C6,10,C6-rules-010,6,84,78887
C6,10,C6-rules-010,6,85,80103
C6,10,C6-rules-010,6,86,79612
C6,10,C6-rules-010,6,87,79216
C6,10,C6-rules-010,6,88,77959
C6,10,C6-rules-010,6,89,80240
C6,10,C6-rules-010,6,90,79164
C6,10,C6-rules-010,6,91,79129
C6,10,C6-rules-010,6,92,78132
C6,10,C6-rules-010,6,93,80035
C6,10,C6-rules-010,6,94,79496
C6,10,C6-rules-010,6,95,85395
C6,10,C6-rules-010,6,96,86849
C6,10,C6-rules-010,6,97,84423
C6,10,C6-rules-010,6,98,83041
C6,10,C6-rules-010,6,99,82354
C6,10,C6-rules-010,6,100,80719
C6,10,C6-rules-010,7,1,88223
C6,10,C6-rules-010,7,2,78365
C6,10,C6-rules-010,7,3,78467
C6,10,C6-rules-010,7,4,81142
C6,10,C6-rules-010,7,5,79521
C6,10,C6-rules-010,7,6,78902
C6,10,C6-rules-010,7,7,78645
C6,10,C6-rules-010,7,8,80743
C6,10,C6-rules-010,7,9,79544
C6,10,C6-rules-010,7,10,79288
C6,10,C6-rules-010,7,11,79030
C6,10,C6-rules-010,7,12,80237
C6,10,C6-rules-010,7,13,78524
C6,10,C6-rules-010,7,14,78987
C6,10,C6-rules-010,7,15,79496
C6,10,C6-rules-010,7,16,78653
C6,10,C6-rules-010,7,17,79286
C6,10,C6-rules-010,7,18,79103
C6,10,C6-rules-010,7,19,80271
C6,10,C6-rules-010,7,20,79464
C6,10,C6-rules-010,7,21,79698
C6,10,C6-rules-010,7,22,78530
C6,10,C6-rules-010,7,23,80556
C6,10,C6-rules-010,7,24,78652
C6,10,C6-rules-010,7,25,78897
C6,10,C6-rules-010,7,26,78483
C6,10,C6-rules-010,7,27,82611
C6,10,C6-rules-010,7,28,78967
C6,10,C6-rules-010,7,29,79586
C6,10,C6-rules-010,7,30,78001
C6,10,C6-rules-010,7,31,81345
C6,10,C6-rules-010,7,32,86357
C6,10,C6-rules-010,7,33,84534
C6,10,C6-rules-010,7,34,82072
C6,10,C6-rules-010,7,35,79921
C6,10,C6-rules-010,7,36,82099
C6,10,C6-rules-010,7,37,80789
C6,10,C6-rules-010,7,38,82900
C6,10,C6-rules-010,7,39,79016
C6,10,C6-rules-010,7,40,78584
C6,10,C6-rules-010,7,41,78156
C6,10,C6-rules-010,7,42,81297
C6,10,C6-rules-010,7,43,78443
C6,10,C6-rules-010,7,44,78840
C6,10,C6-rules-010,7,45,78070
C6,10,C6-rules-010,7,46,89432
C6,10,C6-rules-010,7,47,84346
C6,10,C6-rules-010,7,48,79757
C6,10,C6-rules-010,7,49,79913
C6,10,C6-rules-010,7,50,92528
C6,10,C6-rules-010,7,51,157348
C6,10,C6-rules-010,7,52,134612
C6,10,C6-rules-010,7,53,87796
C6,10,C6-rules-010,7,54,103235
C6,10,C6-rules-010,7,55,87925
C6,10,C6-rules-010,7,56,85999
C6,10,C6-rules-010,7,57,85097
C6,10,C6-rules-010,7,58,80165
C6,10,C6-rules-010,7,59,84316
C6,10,C6-rules-010,7,60,83102
C6,10,C6-rules-010,7,61,85450
C6,10,C6-rules-010,7,62,82173
C6,10,C6-rules-010,7,63,82208
C6,10,C6-rules-010,7,64,77657
C6,10,C6-rules-010,7,65,80917
C6,10,C6-rules-010,7,66,78654
C6,10,C6-rules-010,7,67,79696
C6,10,C6-rules-010,7,68,78245
C6,10,C6-rules-010,7,69,79870
C6,10,C6-rules-010,7,70,79494
C6,10,C6-rules-010,7,71,79647
C6,10,C6-rules-010,7,72,81016
C6,10,C6-rules-010,7,73,80299
C6,10,C6-rules-010,7,74,80168
C6,10,C6-rules-010,7,75,78647
C6,10,C6-rules-010,7,76,80819
C6,10,C6-rules-010,7,77,78788
C6,10,C6-rules-010,7,78,77848
C6,10,C6-rules-010,7,79,77761
C6,10,C6-rules-010,7,80,89618
C6,10,C6-rules-010,7,81,84750
C6,10,C6-rules-010,7,82,79121
C6,10,C6-rules-010,7,83,77482
C6,10,C6-rules-010,7,84,80355
C6,10,C6-rules-010,7,85,78926
C6,10,C6-rules-010,7,86,78688
C6,10,C6-rules-010,7,87,79344
C6,10,C6-rules-010,7,88,80973
C6,10,C6-rules-010,7,89,77983
C6,10,C6-rules-010,7,90,85992
C6,10,C6-rules-010,7,91,88040
C6,10,C6-rules-010,7,92,80603
C6,10,C6-rules-010,7,93,79659
C6,10,C6-rules-010,7,94,77990
C6,10,C6-rules-010,7,95,81216
C6,10,C6-rules-010,7,96,86882
C6,10,C6-rules-010,7,97,86466
C6,10,C6-rules-010,7,98,82331
C6,10,C6-rules-010,7,99,80675
C6,10,C6-rules-010,7,100,79068
C6,10,C6-rules-010,8,1,85007
C6,10,C6-rules-010,8,2,79568
C6,10,C6-rules-010,8,3,81902
C6,10,C6-rules-010,8,4,79448
C6,10,C6-rules-010,8,5,79617
C6,10,C6-rules-010,8,6,80704
C6,10,C6-rules-010,8,7,80710
C6,10,C6-rules-010,8,8,78120
C6,10,C6-rules-010,8,9,80553
C6,10,C6-rules-010,8,10,81810
C6,10,C6-rules-010,8,11,79655
C6,10,C6-rules-010,8,12,79407
C6,10,C6-rules-010,8,13,79375
C6,10,C6-rules-010,8,14,80249
C6,10,C6-rules-010,8,15,78855
C6,10,C6-rules-010,8,16,79457
C6,10,C6-rules-010,8,17,79121
C6,10,C6-rules-010,8,18,80390
C6,10,C6-rules-010,8,19,79047
C6,10,C6-rules-010,8,20,79588
C6,10,C6-rules-010,8,21,77860
C6,10,C6-rules-010,8,22,80869
C6,10,C6-rules-010,8,23,78601
C6,10,C6-rules-010,8,24,80659
C6,10,C6-rules-010,8,25,85746
C6,10,C6-rules-010,8,26,86226
C6,10,C6-rules-010,8,27,82036
C6,10,C6-rules-010,8,28,81579
C6,10,C6-rules-010,8,29,83143
C6,10,C6-rules-010,8,30,78768
C6,10,C6-rules-010,8,31,79399
C6,10,C6-rules-010,8,32,78316
C6,10,C6-rules-010,8,33,80355
C6,10,C6-rules-010,8,34,79924
C6,10,C6-rules-010,8,35,78360
C6,10,C6-rules-010,8,36,77935
C6,10,C6-rules-010,8,37,81618
C6,10,C6-rules-010,8,38,78831
C6,10,C6-rules-010,8,39,79768
C6,10,C6-rules-010,8,40,85407
C6,10,C6-rules-010,8,41,86959
C6,10,C6-rules-010,8,42,80804
C6,10,C6-rules-010,8,43,78989
C6,10,C6-rules-010,8,44,84618
C6,10,C6-rules-010,8,45,81099
C6,10,C6-rules-010,8,46,87274
C6,10,C6-rules-010,8,47,80454
C6,10,C6-rules-010,8,48,81450
C6,10,C6-rules-010,8,49,80351
C6,10,C6-rules-010,8,50,80013
C6,10,C6-rules-010,8,51,79143
C6,10,C6-rules-010,8,52,80935
C6,10,C6-rules-010,8,53,79333
C6,10,C6-rules-010,8,54,80876
C6,10,C6-rules-010,8,55,81493
C6,10,C6-rules-010,8,56,84490
C6,10,C6-rules-010,8,57,82809
C6,10,C6-rules-010,8,58,79791
C6,10,C6-rules-010,8,59,79520
C6,10,C6-rules-010,8,60,81609
C6,10,C6-rules-010,8,61,79653
C6,10,C6-rules-010,8,62,80514
C6,10,C6-rules-010,8,63,79767
C6,10,C6-rules-010,8,64,80371
C6,10,C6-rules-010,8,65,88527
C6,10,C6-rules-010,8,66,84588
C6,10,C6-rules-010,8,67,81635
C6,10,C6-rules-010,8,68,78774
C6,10,C6-rules-010,8,69,78669
C6,10,C6-rules-010,8,70,78976
C6,10,C6-rules-010,8,71,80099
C6,10,C6-rules-010,8,72,77446
C6,10,C6-rules-010,8,73,79663
C6,10,C6-rules-010,8,74,78287
C6,10,C6-rules-010,8,75,80754
C6,10,C6-rules-010,8,76,78683
C6,10,C6-rules-010,8,77,79054
C6,10,C6-rules-010,8,78,77970
C6,10,C6-rules-010,8,79,79848
C6,10,C6-rules-010,8,80,78033
C6,10,C6-rules-010,8,81,78113
C6,10,C6-rules-010,8,82,77626
C6,10,C6-rules-010,8,83,79362
C6,10,C6-rules-010,8,84,78599
C6,10,C6-rules-010,8,85,78555
C6,10,C6-rules-010,8,86,80420
C6,10,C6-rules-010,8,87,78161
C6,10,C6-rules-010,8,88,80113
C6,10,C6-rules-010,8,89,78600
C6,10,C6-rules-010,8,90,81013
C6,10,C6-rules-010,8,91,78398
C6,10,C6-rules-010,8,92,79851
C6,10,C6-rules-010,8,93,85086
C6,10,C6-rules-010,8,94,80756
C6,10,C6-rules-010,8,95,78101
C6,10,C6-rules-010,8,96,78767
C6,10,C6-rules-010,8,97,77620
C6,10,C6-rules-010,8,98,81204
C6,10,C6-rules-010,8,99,78823
C6,10,C6-rules-010,8,100,78880
C6,500,C6-rules-500,1,1,3000653
C6,500,C6-rules-500,1,2,3000052
C6,500,C6-rules-500,1,3,3013370
C6,500,C6-rules-500,1,4,3115306
C6,500,C6-rules-500,1,5,2999392
C6,500,C6-rules-500,1,6,3064700
C6,500,C6-rules-500,1,7,3030151
C6,500,C6-rules-500,1,8,3064348
C6,500,C6-rules-500,1,9,3045973
C6,500,C6-rules-500,1,10,3038836
C6,500,C6-rules-500,1,11,3002134
C6,500,C6-rules-500,1,12,3010884
C6,500,C6-rules-500,1,13,3046404
C6,500,C6-rules-500,1,14,3037224
C6,500,C6-rules-500,1,15,3120469
C6,500,C6-rules-500,1,16,3068429
C6,500,C6-rules-500,1,17,3064546
C6,500,C6-rules-500,1,18,2986267
C6,500,C6-rules-500,1,19,3032980
C6,500,C6-rules-500,1,20,3233835
C6,500,C6-rules-500,1,21,3079840
C6,500,C6-rules-500,1,22,3059026
C6,500,C6-rules-500,1,23,3023437
C6,500,C6-rules-500,1,24,3012007
C6,500,C6-rules-500,1,25,3018599
C6,500,C6-rules-500,1,26,3115630
C6,500,C6-rules-500,1,27,3030163
C6,500,C6-rules-500,1,28,2998603
C6,500,C6-rules-500,1,29,2967040
C6,500,C6-rules-500,1,30,2966240
C6,500,C6-rules-500,1,31,2994140
C6,500,C6-rules-500,1,32,2999114
C6,500,C6-rules-500,1,33,3018611
C6,500,C6-rules-500,1,34,3057920
C6,500,C6-rules-500,1,35,3023685
C6,500,C6-rules-500,1,36,3056483
C6,500,C6-rules-500,1,37,3060551
C6,500,C6-rules-500,1,38,6093688
C6,500,C6-rules-500,1,39,3403393
C6,500,C6-rules-500,1,40,3122889
C6,500,C6-rules-500,1,41,3116283
C6,500,C6-rules-500,1,42,3038014
C6,500,C6-rules-500,1,43,3032661
C6,500,C6-rules-500,1,44,3035196
C6,500,C6-rules-500,1,45,3012722
C6,500,C6-rules-500,1,46,3028758
C6,500,C6-rules-500,1,47,3048526
C6,500,C6-rules-500,1,48,3067554
C6,500,C6-rules-500,1,49,3075639
C6,500,C6-rules-500,1,50,2986564
C6,500,C6-rules-500,1,51,3008091
C6,500,C6-rules-500,1,52,3025919
C6,500,C6-rules-500,1,53,3029634
C6,500,C6-rules-500,1,54,3025722
C6,500,C6-rules-500,1,55,3014230
C6,500,C6-rules-500,1,56,3019210
C6,500,C6-rules-500,1,57,3001926
C6,500,C6-rules-500,1,58,3025434
C6,500,C6-rules-500,1,59,3091917
C6,500,C6-rules-500,1,60,3049982
C6,500,C6-rules-500,1,61,2993997
C6,500,C6-rules-500,1,62,3042713
C6,500,C6-rules-500,1,63,3066222
C6,500,C6-rules-500,1,64,3001945
C6,500,C6-rules-500,1,65,3013759
C6,500,C6-rules-500,1,66,3053762
C6,500,C6-rules-500,1,67,3003906
C6,500,C6-rules-500,1,68,3004282
C6,500,C6-rules-500,1,69,3025638
C6,500,C6-rules-500,1,70,3046630
C6,500,C6-rules-500,1,71,3068870
C6,500,C6-rules-500,1,72,2992893
C6,500,C6-rules-500,1,73,3227211
C6,500,C6-rules-500,1,74,3045495
C6,500,C6-rules-500,1,75,3023366
C6,500,C6-rules-500,1,76,3023115
C6,500,C6-rules-500,1,77,2986635
C6,500,C6-rules-500,1,78,2998445
C6,500,C6-rules-500,1,79,3035363
C6,500,C6-rules-500,1,80,3110217
C6,500,C6-rules-500,1,81,3031001
C6,500,C6-rules-500,1,82,3004205
C6,500,C6-rules-500,1,83,3027707
C6,500,C6-rules-500,1,84,2985348
C6,500,C6-rules-500,1,85,2988581
C6,500,C6-rules-500,1,86,2987103
C6,500,C6-rules-500,1,87,3028132
C6,500,C6-rules-500,1,88,2991957
C6,500,C6-rules-500,1,89,3024655
C6,500,C6-rules-500,1,90,3005620
C6,500,C6-rules-500,1,91,3049016
C6,500,C6-rules-500,1,92,3065731
C6,500,C6-rules-500,1,93,6014120
C6,500,C6-rules-500,1,94,3175033
C6,500,C6-rules-500,1,95,3092752
C6,500,C6-rules-500,1,96,3039242
C6,500,C6-rules-500,1,97,3048644
C6,500,C6-rules-500,1,98,3013865
C6,500,C6-rules-500,1,99,2993226
C6,500,C6-rules-500,1,100,3002510
C6,500,C6-rules-500,2,1,3057985
C6,500,C6-rules-500,2,2,3063110
C6,500,C6-rules-500,2,3,3024604
C6,500,C6-rules-500,2,4,3003832
C6,500,C6-rules-500,2,5,3239498
C6,500,C6-rules-500,2,6,3026863
C6,500,C6-rules-500,2,7,3058390
C6,500,C6-rules-500,2,8,3049332
C6,500,C6-rules-500,2,9,2970554
C6,500,C6-rules-500,2,10,3049902
C6,500,C6-rules-500,2,11,3019045
C6,500,C6-rules-500,2,12,3097559
C6,500,C6-rules-500,2,13,3097342
C6,500,C6-rules-500,2,14,3034454
C6,500,C6-rules-500,2,15,3035457
C6,500,C6-rules-500,2,16,2980980
C6,500,C6-rules-500,2,17,3022523
C6,500,C6-rules-500,2,18,3022102
C6,500,C6-rules-500,2,19,3026549
C6,500,C6-rules-500,2,20,3049693
C6,500,C6-rules-500,2,21,2994119
C6,500,C6-rules-500,2,22,2998616
C6,500,C6-rules-500,2,23,3026130
C6,500,C6-rules-500,2,24,3092651
C6,500,C6-rules-500,2,25,2973785
C6,500,C6-rules-500,2,26,3031376
C6,500,C6-rules-500,2,27,2987007
C6,500,C6-rules-500,2,28,2967134
C6,500,C6-rules-500,2,29,3017608
C6,500,C6-rules-500,2,30,3006745
C6,500,C6-rules-500,2,31,3011076
C6,500,C6-rules-500,2,32,3049069
C6,500,C6-rules-500,2,33,2987482
C6,500,C6-rules-500,2,34,3029234
C6,500,C6-rules-500,2,35,3058070
C6,500,C6-rules-500,2,36,3034456
C6,500,C6-rules-500,2,37,2984710
C6,500,C6-rules-500,2,38,2981654
C6,500,C6-rules-500,2,39,2988036
C6,500,C6-rules-500,2,40,3007641
C6,500,C6-rules-500,2,41,2974397
C6,500,C6-rules-500,2,42,3043087
C6,500,C6-rules-500,2,43,3193029
C6,500,C6-rules-500,2,44,3035485
C6,500,C6-rules-500,2,45,3019794
C6,500,C6-rules-500,2,46,3080893
C6,500,C6-rules-500,2,47,3000521
C6,500,C6-rules-500,2,48,3023983
C6,500,C6-rules-500,2,49,6077310
C6,500,C6-rules-500,2,50,3191557
C6,500,C6-rules-500,2,51,3099705
C6,500,C6-rules-500,2,52,3130794
C6,500,C6-rules-500,2,53,3064612
C6,500,C6-rules-500,2,54,2992692
C6,500,C6-rules-500,2,55,3022491
C6,500,C6-rules-500,2,56,3101154
C6,500,C6-rules-500,2,57,3034895
C6,500,C6-rules-500,2,58,2986482
C6,500,C6-rules-500,2,59,3026368
C6,500,C6-rules-500,2,60,3026402
C6,500,C6-rules-500,2,61,2978128
C6,500,C6-rules-500,2,62,3058383
C6,500,C6-rules-500,2,63,3032679
C6,500,C6-rules-500,2,64,3067934
C6,500,C6-rules-500,2,65,3025275
C6,500,C6-rules-500,2,66,3003385
C6,500,C6-rules-500,2,67,3070696
C6,500,C6-rules-500,2,68,3110874
C6,500,C6-rules-500,2,69,3031213
C6,500,C6-rules-500,2,70,3254510
C6,500,C6-rules-500,2,71,3086820
C6,500,C6-rules-500,2,72,3060378
C6,500,C6-rules-500,2,73,3054613
C6,500,C6-rules-500,2,74,2996474
C6,500,C6-rules-500,2,75,3019551
C6,500,C6-rules-500,2,76,3032368
C6,500,C6-rules-500,2,77,3033145
C6,500,C6-rules-500,2,78,3120790
C6,500,C6-rules-500,2,79,3102602
C6,500,C6-rules-500,2,80,3027175
C6,500,C6-rules-500,2,81,2964532
C6,500,C6-rules-500,2,82,3057018
C6,500,C6-rules-500,2,83,3037714
C6,500,C6-rules-500,2,84,3013973
C6,500,C6-rules-500,2,85,3047021
C6,500,C6-rules-500,2,86,3029854
C6,500,C6-rules-500,2,87,3007480
C6,500,C6-rules-500,2,88,3018790
C6,500,C6-rules-500,2,89,3096023
C6,500,C6-rules-500,2,90,3032167
C6,500,C6-rules-500,2,91,3014682
C6,500,C6-rules-500,2,92,3057616
C6,500,C6-rules-500,2,93,3001410
C6,500,C6-rules-500,2,94,3042777
C6,500,C6-rules-500,2,95,3040731
C6,500,C6-rules-500,2,96,3006920
C6,500,C6-rules-500,2,97,3062273
C6,500,C6-rules-500,2,98,3056655
C6,500,C6-rules-500,2,99,2992983
C6,500,C6-rules-500,2,100,3086988
C6,500,C6-rules-500,3,1,3062105
C6,500,C6-rules-500,3,2,3027327
C6,500,C6-rules-500,3,3,3199677
C6,500,C6-rules-500,3,4,3074360
C6,500,C6-rules-500,3,5,6089414
C6,500,C6-rules-500,3,6,3140805
C6,500,C6-rules-500,3,7,3101318
C6,500,C6-rules-500,3,8,3055595
C6,500,C6-rules-500,3,9,3049696
C6,500,C6-rules-500,3,10,3053125
C6,500,C6-rules-500,3,11,2992856
C6,500,C6-rules-500,3,12,3022055
C6,500,C6-rules-500,3,13,3011996
C6,500,C6-rules-500,3,14,2994460
C6,500,C6-rules-500,3,15,3011409
C6,500,C6-rules-500,3,16,2999690
C6,500,C6-rules-500,3,17,2993388
C6,500,C6-rules-500,3,18,2979344
C6,500,C6-rules-500,3,19,2999688
C6,500,C6-rules-500,3,20,2977918
C6,500,C6-rules-500,3,21,3091449
C6,500,C6-rules-500,3,22,3048802
C6,500,C6-rules-500,3,23,3013483
C6,500,C6-rules-500,3,24,3029269
C6,500,C6-rules-500,3,25,3035346
C6,500,C6-rules-500,3,26,2984353
C6,500,C6-rules-500,3,27,2970670
C6,500,C6-rules-500,3,28,3004537
C6,500,C6-rules-500,3,29,3028763
C6,500,C6-rules-500,3,30,2985776
C6,500,C6-rules-500,3,31,3007390
C6,500,C6-rules-500,3,32,3111962
C6,500,C6-rules-500,3,33,3063570
C6,500,C6-rules-500,3,34,2994051
C6,500,C6-rules-500,3,35,3036759
C6,500,C6-rules-500,3,36,3198491
C6,500,C6-rules-500,3,37,3037021
C6,500,C6-rules-500,3,38,3042241
C6,500,C6-rules-500,3,39,3022504
C6,500,C6-rules-500,3,40,3010745
C6,500,C6-rules-500,3,41,3006808
C6,500,C6-rules-500,3,42,2994149
C6,500,C6-rules-500,3,43,3079085
C6,500,C6-rules-500,3,44,3009084
C6,500,C6-rules-500,3,45,3000768
C6,500,C6-rules-500,3,46,3017650
C6,500,C6-rules-500,3,47,3009382
C6,500,C6-rules-500,3,48,2995131
C6,500,C6-rules-500,3,49,2987428
C6,500,C6-rules-500,3,50,3030495
C6,500,C6-rules-500,3,51,3009156
C6,500,C6-rules-500,3,52,2979923
C6,500,C6-rules-500,3,53,3008572
C6,500,C6-rules-500,3,54,3103829
C6,500,C6-rules-500,3,55,3028704
C6,500,C6-rules-500,3,56,3023428
C6,500,C6-rules-500,3,57,2967464
C6,500,C6-rules-500,3,58,2999669
C6,500,C6-rules-500,3,59,2997397
C6,500,C6-rules-500,3,60,2994056
C6,500,C6-rules-500,3,61,3027239
C6,500,C6-rules-500,3,62,6162365
C6,500,C6-rules-500,3,63,3167712
C6,500,C6-rules-500,3,64,3143946
C6,500,C6-rules-500,3,65,3085686
C6,500,C6-rules-500,3,66,2981712
C6,500,C6-rules-500,3,67,3143678
C6,500,C6-rules-500,3,68,3407082
C6,500,C6-rules-500,3,69,3229088
C6,500,C6-rules-500,3,70,3230125
C6,500,C6-rules-500,3,71,3236208
C6,500,C6-rules-500,3,72,3223917
C6,500,C6-rules-500,3,73,3228949
C6,500,C6-rules-500,3,74,3131071
C6,500,C6-rules-500,3,75,3213465
C6,500,C6-rules-500,3,76,3042017
C6,500,C6-rules-500,3,77,3043301
C6,500,C6-rules-500,3,78,3067148
C6,500,C6-rules-500,3,79,3025517
C6,500,C6-rules-500,3,80,3059451
C6,500,C6-rules-500,3,81,3030632
C6,500,C6-rules-500,3,82,3122158
C6,500,C6-rules-500,3,83,3039064
C6,500,C6-rules-500,3,84,3067045
C6,500,C6-rules-500,3,85,3123208
C6,500,C6-rules-500,3,86,3087426
C6,500,C6-rules-500,3,87,3037279
C6,500,C6-rules-500,3,88,3060337
C6,500,C6-rules-500,3,89,2987636
C6,500,C6-rules-500,3,90,3016764
C6,500,C6-rules-500,3,91,3041258
C6,500,C6-rules-500,3,92,3001780
C6,500,C6-rules-500,3,93,2991583
C6,500,C6-rules-500,3,94,3014441
C6,500,C6-rules-500,3,95,2983906
C6,500,C6-rules-500,3,96,2976082
C6,500,C6-rules-500,3,97,3086848
C6,500,C6-rules-500,3,98,3022306
C6,500,C6-rules-500,3,99,2964359
C6,500,C6-rules-500,3,100,3194468
C6,500,C6-rules-500,4,1,3083748
C6,500,C6-rules-500,4,2,3075003
C6,500,C6-rules-500,4,3,3054136
C6,500,C6-rules-500,4,4,2996848
C6,500,C6-rules-500,4,5,2986609
C6,500,C6-rules-500,4,6,3026543
C6,500,C6-rules-500,4,7,3015183
C6,500,C6-rules-500,4,8,3032058
C6,500,C6-rules-500,4,9,3024950
C6,500,C6-rules-500,4,10,2976825
C6,500,C6-rules-500,4,11,3022990
C6,500,C6-rules-500,4,12,3042309
C6,500,C6-rules-500,4,13,2997014
C6,500,C6-rules-500,4,14,3001264
C6,500,C6-rules-500,4,15,2984134
C6,500,C6-rules-500,4,16,2943719
C6,500,C6-rules-500,4,17,2972930
C6,500,C6-rules-500,4,18,2978668
C6,500,C6-rules-500,4,19,6207661
C6,500,C6-rules-500,4,20,3107960
C6,500,C6-rules-500,4,21,3056362
C6,500,C6-rules-500,4,22,3074110
C6,500,C6-rules-500,4,23,2986483
C6,500,C6-rules-500,4,24,2988124
C6,500,C6-rules-500,4,25,3012020
C6,500,C6-rules-500,4,26,3048145
C6,500,C6-rules-500,4,27,3043067
C6,500,C6-rules-500,4,28,2977332
C6,500,C6-rules-500,4,29,3097354
C6,500,C6-rules-500,4,30,3014145
C6,500,C6-rules-500,4,31,3022371
C6,500,C6-rules-500,4,32,2991847
C6,500,C6-rules-500,4,33,3186920
C6,500,C6-rules-500,4,34,3010921
C6,500,C6-rules-500,4,35,3008627
C6,500,C6-rules-500,4,36,3000180
C6,500,C6-rules-500,4,37,3045960
C6,500,C6-rules-500,4,38,3029872
C6,500,C6-rules-500,4,39,3026502
C6,500,C6-rules-500,4,40,3083295
C6,500,C6-rules-500,4,41,2988444
C6,500,C6-rules-500,4,42,3011337
C6,500,C6-rules-500,4,43,2960665
C6,500,C6-rules-500,4,44,3003271
C6,500,C6-rules-500,4,45,3010973
C6,500,C6-rules-500,4,46,3018174
C6,500,C6-rules-500,4,47,2988614
C6,500,C6-rules-500,4,48,3013037
C6,500,C6-rules-500,4,49,3006863
C6,500,C6-rules-500,4,50,2955124
C6,500,C6-rules-500,4,51,3043612
C6,500,C6-rules-500,4,52,3004394
C6,500,C6-rules-500,4,53,3007813
C6,500,C6-rules-500,4,54,3015049
C6,500,C6-rules-500,4,55,3049668
C6,500,C6-rules-500,4,56,3014794
C6,500,C6-rules-500,4,57,2978502
C6,500,C6-rules-500,4,58,2988673
C6,500,C6-rules-500,4,59,3070081
C6,500,C6-rules-500,4,60,3013522
C6,500,C6-rules-500,4,61,3015158
C6,500,C6-rules-500,4,62,3089097
C6,500,C6-rules-500,4,63,3069116
C6,500,C6-rules-500,4,64,3049059
C6,500,C6-rules-500,4,65,3039547
C6,500,C6-rules-500,4,66,3207478
C6,500,C6-rules-500,4,67,3102159
C6,500,C6-rules-500,4,68,3051433
C6,500,C6-rules-500,4,69,3056537
C6,500,C6-rules-500,4,70,3050239
C6,500,C6-rules-500,4,71,3015642
C6,500,C6-rules-500,4,72,3021242
C6,500,C6-rules-500,4,73,3058930
C6,500,C6-rules-500,4,74,3011740
C6,500,C6-rules-500,4,75,6180755
C6,500,C6-rules-500,4,76,3180724
C6,500,C6-rules-500,4,77,3096733
C6,500,C6-rules-500,4,78,3025269
C6,500,C6-rules-500,4,79,3018185
C6,500,C6-rules-500,4,80,2996453
C6,500,C6-rules-500,4,81,3001660
C6,500,C6-rules-500,4,82,3012369
C6,500,C6-rules-500,4,83,3083926
C6,500,C6-rules-500,4,84,3016674
C6,500,C6-rules-500,4,85,3013196
C6,500,C6-rules-500,4,86,3007358
C6,500,C6-rules-500,4,87,3029606
C6,500,C6-rules-500,4,88,2993092
C6,500,C6-rules-500,4,89,2990564
C6,500,C6-rules-500,4,90,2982990
C6,500,C6-rules-500,4,91,3009587
C6,500,C6-rules-500,4,92,2996867
C6,500,C6-rules-500,4,93,3021398
C6,500,C6-rules-500,4,94,3079611
C6,500,C6-rules-500,4,95,2995114
C6,500,C6-rules-500,4,96,3027346
C6,500,C6-rules-500,4,97,2982029
C6,500,C6-rules-500,4,98,3252928
C6,500,C6-rules-500,4,99,3048951
C6,500,C6-rules-500,4,100,3032684
C6,500,C6-rules-500,5,1,3004443
C6,500,C6-rules-500,5,2,3039658
C6,500,C6-rules-500,5,3,3014184
C6,500,C6-rules-500,5,4,2998649
C6,500,C6-rules-500,5,5,3097497
C6,500,C6-rules-500,5,6,3026444
C6,500,C6-rules-500,5,7,3009459
C6,500,C6-rules-500,5,8,3042081
C6,500,C6-rules-500,5,9,3013634
C6,500,C6-rules-500,5,10,2991590
C6,500,C6-rules-500,5,11,3010317
C6,500,C6-rules-500,5,12,3018097
C6,500,C6-rules-500,5,13,2981638
C6,500,C6-rules-500,5,14,2988545
C6,500,C6-rules-500,5,15,3012816
C6,500,C6-rules-500,5,16,3075918
C6,500,C6-rules-500,5,17,3027817
C6,500,C6-rules-500,5,18,3042383
C6,500,C6-rules-500,5,19,3028293
C6,500,C6-rules-500,5,20,3019499
C6,500,C6-rules-500,5,21,2999291
C6,500,C6-rules-500,5,22,3012365
C6,500,C6-rules-500,5,23,2965446
C6,500,C6-rules-500,5,24,3028940
C6,500,C6-rules-500,5,25,3019899
C6,500,C6-rules-500,5,26,3033859
C6,500,C6-rules-500,5,27,3052380
C6,500,C6-rules-500,5,28,3063366
C6,500,C6-rules-500,5,29,3047280
C6,500,C6-rules-500,5,30,2996921
C6,500,C6-rules-500,5,31,3228892
C6,500,C6-rules-500,5,32,6075168
C6,500,C6-rules-500,5,33,3156524
C6,500,C6-rules-500,5,34,3111088
C6,500,C6-rules-500,5,35,3054106
C6,500,C6-rules-500,5,36,2971038
C6,500,C6-rules-500,5,37,3018969
C6,500,C6-rules-500,5,38,3036582
C6,500,C6-rules-500,5,39,3007191
C6,500,C6-rules-500,5,40,3046300
C6,500,C6-rules-500,5,41,3021391
C6,500,C6-rules-500,5,42,3013110
C6,500,C6-rules-500,5,43,3010066
C6,500,C6-rules-500,5,44,2979574
C6,500,C6-rules-500,5,45,3027769
C6,500,C6-rules-500,5,46,2973985
C6,500,C6-rules-500,5,47,2998894
C6,500,C6-rules-500,5,48,2979345
C6,500,C6-rules-500,5,49,3042922
C6,500,C6-rules-500,5,50,2994826
C6,500,C6-rules-500,5,51,2978551
C6,500,C6-rules-500,5,52,3004198
C6,500,C6-rules-500,5,53,3008793
C6,500,C6-rules-500,5,54,3004307
C6,500,C6-rules-500,5,55,3018101
C6,500,C6-rules-500,5,56,3010871
C6,500,C6-rules-500,5,57,3001592
C6,500,C6-rules-500,5,58,3019563
C6,500,C6-rules-500,5,59,3002902
C6,500,C6-rules-500,5,60,3080626
C6,500,C6-rules-500,5,61,3059317
C6,500,C6-rules-500,5,62,2999406
C6,500,C6-rules-500,5,63,2944792
C6,500,C6-rules-500,5,64,3172770
C6,500,C6-rules-500,5,65,3026694
C6,500,C6-rules-500,5,66,3026109
C6,500,C6-rules-500,5,67,3027573
C6,500,C6-rules-500,5,68,3024384
C6,500,C6-rules-500,5,69,3036762
C6,500,C6-rules-500,5,70,3067627
C6,500,C6-rules-500,5,71,3053738
C6,500,C6-rules-500,5,72,3036611
C6,500,C6-rules-500,5,73,3031079
C6,500,C6-rules-500,5,74,3030821
C6,500,C6-rules-500,5,75,3000325
C6,500,C6-rules-500,5,76,3048958
C6,500,C6-rules-500,5,77,3045332
C6,500,C6-rules-500,5,78,2998012
C6,500,C6-rules-500,5,79,3007990
C6,500,C6-rules-500,5,80,3030310
C6,500,C6-rules-500,5,81,3017061
C6,500,C6-rules-500,5,82,3084059
C6,500,C6-rules-500,5,83,3033491
C6,500,C6-rules-500,5,84,3001989
C6,500,C6-rules-500,5,85,3044426
C6,500,C6-rules-500,5,86,3011945
C6,500,C6-rules-500,5,87,2992864
C6,500,C6-rules-500,5,88,6169626
C6,500,C6-rules-500,5,89,3224595
C6,500,C6-rules-500,5,90,3146550
C6,500,C6-rules-500,5,91,3068386
C6,500,C6-rules-500,5,92,3105123
C6,500,C6-rules-500,5,93,3051491
C6,500,C6-rules-500,5,94,3017578
C6,500,C6-rules-500,5,95,2974695
C6,500,C6-rules-500,5,96,3226300
C6,500,C6-rules-500,5,97,3029981
C6,500,C6-rules-500,5,98,3006135
C6,500,C6-rules-500,5,99,2999605
C6,500,C6-rules-500,5,100,3004536
C6,500,C6-rules-500,6,1,3098199
C6,500,C6-rules-500,6,2,3037426
C6,500,C6-rules-500,6,3,3085131
C6,500,C6-rules-500,6,4,3036181
C6,500,C6-rules-500,6,5,3012517
C6,500,C6-rules-500,6,6,3037455
C6,500,C6-rules-500,6,7,3024190
C6,500,C6-rules-500,6,8,3000615
C6,500,C6-rules-500,6,9,3001015
C6,500,C6-rules-500,6,10,3023694
C6,500,C6-rules-500,6,11,3017621
C6,500,C6-rules-500,6,12,3011186
C6,500,C6-rules-500,6,13,2988871
C6,500,C6-rules-500,6,14,3050240
C6,500,C6-rules-500,6,15,3061524
C6,500,C6-rules-500,6,16,3048708
C6,500,C6-rules-500,6,17,3004877
C6,500,C6-rules-500,6,18,3019699
C6,500,C6-rules-500,6,19,3016055
C6,500,C6-rules-500,6,20,2938066
C6,500,C6-rules-500,6,21,3031658
C6,500,C6-rules-500,6,22,3022077
C6,500,C6-rules-500,6,23,3028516
C6,500,C6-rules-500,6,24,3006071
C6,500,C6-rules-500,6,25,3043850
C6,500,C6-rules-500,6,26,3071458
C6,500,C6-rules-500,6,27,2997974
C6,500,C6-rules-500,6,28,3039466
C6,500,C6-rules-500,6,29,3219117
C6,500,C6-rules-500,6,30,3034055
C6,500,C6-rules-500,6,31,3030224
C6,500,C6-rules-500,6,32,3039502
C6,500,C6-rules-500,6,33,3038292
C6,500,C6-rules-500,6,34,3029061
C6,500,C6-rules-500,6,35,3012224
C6,500,C6-rules-500,6,36,3052489
C6,500,C6-rules-500,6,37,3047857
C6,500,C6-rules-500,6,38,3048525
C6,500,C6-rules-500,6,39,2999786
C6,500,C6-rules-500,6,40,3019256
C6,500,C6-rules-500,6,41,2994782
C6,500,C6-rules-500,6,42,2996896
C6,500,C6-rules-500,6,43,3010831
C6,500,C6-rules-500,6,44,2983685
C6,500,C6-rules-500,6,45,6070785
C6,500,C6-rules-500,6,46,3157132
C6,500,C6-rules-500,6,47,3057120
C6,500,C6-rules-500,6,48,3042012
C6,500,C6-rules-500,6,49,2993206
C6,500,C6-rules-500,6,50,2986761
C6,500,C6-rules-500,6,51,3019334
C6,500,C6-rules-500,6,52,2997334
C6,500,C6-rules-500,6,53,2987757
C6,500,C6-rules-500,6,54,2980620
C6,500,C6-rules-500,6,55,3040120
C6,500,C6-rules-500,6,56,3008529
C6,500,C6-rules-500,6,57,2985900
C6,500,C6-rules-500,6,58,3054012
C6,500,C6-rules-500,6,59,2995045
C6,500,C6-rules-500,6,60,2974510
C6,500,C6-rules-500,6,61,3038780
C6,500,C6-rules-500,6,62,3167922
C6,500,C6-rules-500,6,63,3040950
C6,500,C6-rules-500,6,64,3030356
C6,500,C6-rules-500,6,65,3003229
C6,500,C6-rules-500,6,66,2997227
C6,500,C6-rules-500,6,67,2991654
C6,500,C6-rules-500,6,68,2999037
C6,500,C6-rules-500,6,69,3095767
C6,500,C6-rules-500,6,70,2985512
C6,500,C6-rules-500,6,71,2982499
C6,500,C6-rules-500,6,72,3003785
C6,500,C6-rules-500,6,73,2983635
C6,500,C6-rules-500,6,74,3017497
C6,500,C6-rules-500,6,75,3011826
C6,500,C6-rules-500,6,76,2966890
C6,500,C6-rules-500,6,77,2946337
C6,500,C6-rules-500,6,78,2995295
C6,500,C6-rules-500,6,79,3020336
C6,500,C6-rules-500,6,80,3079795
C6,500,C6-rules-500,6,81,3057411
C6,500,C6-rules-500,6,82,3012672
C6,500,C6-rules-500,6,83,3027572
C6,500,C6-rules-500,6,84,2985085
C6,500,C6-rules-500,6,85,3001142
C6,500,C6-rules-500,6,86,2993143
C6,500,C6-rules-500,6,87,3016497
C6,500,C6-rules-500,6,88,3051736
C6,500,C6-rules-500,6,89,3008962
C6,500,C6-rules-500,6,90,3008416
C6,500,C6-rules-500,6,91,3056688
C6,500,C6-rules-500,6,92,3026533
C6,500,C6-rules-500,6,93,2979024
C6,500,C6-rules-500,6,94,3013250
C6,500,C6-rules-500,6,95,3115442
C6,500,C6-rules-500,6,96,3025165
C6,500,C6-rules-500,6,97,3021212
C6,500,C6-rules-500,6,98,3016700
C6,500,C6-rules-500,6,99,3020640
C6,500,C6-rules-500,6,100,2989076
C6,500,C6-rules-500,7,1,2995999
C6,500,C6-rules-500,7,2,6164060
C6,500,C6-rules-500,7,3,3104355
C6,500,C6-rules-500,7,4,3046082
C6,500,C6-rules-500,7,5,3053935
C6,500,C6-rules-500,7,6,3003178
C6,500,C6-rules-500,7,7,3035144
C6,500,C6-rules-500,7,8,3009426
C6,500,C6-rules-500,7,9,2996407
C6,500,C6-rules-500,7,10,3027076
C6,500,C6-rules-500,7,11,3017603
C6,500,C6-rules-500,7,12,3010292
C6,500,C6-rules-500,7,13,3060807
C6,500,C6-rules-500,7,14,2997653
C6,500,C6-rules-500,7,15,3052686
C6,500,C6-rules-500,7,16,2999479
C6,500,C6-rules-500,7,17,2983363
C6,500,C6-rules-500,7,18,3009837
C6,500,C6-rules-500,7,19,3009048
C6,500,C6-rules-500,7,20,3021095
C6,500,C6-rules-500,7,21,3004929
C6,500,C6-rules-500,7,22,3061504
C6,500,C6-rules-500,7,23,3031902
C6,500,C6-rules-500,7,24,3035803
C6,500,C6-rules-500,7,25,3033452
C6,500,C6-rules-500,7,26,3002103
C6,500,C6-rules-500,7,27,3010007
C6,500,C6-rules-500,7,28,3009617
C6,500,C6-rules-500,7,29,3015857
C6,500,C6-rules-500,7,30,3028817
C6,500,C6-rules-500,7,31,3033871
C6,500,C6-rules-500,7,32,2980278
C6,500,C6-rules-500,7,33,2985617
C6,500,C6-rules-500,7,34,2970880
C6,500,C6-rules-500,7,35,3107089
C6,500,C6-rules-500,7,36,3001036
C6,500,C6-rules-500,7,37,2997964
C6,500,C6-rules-500,7,38,3033584
C6,500,C6-rules-500,7,39,3016437
C6,500,C6-rules-500,7,40,2984868
C6,500,C6-rules-500,7,41,3118032
C6,500,C6-rules-500,7,42,3081446
C6,500,C6-rules-500,7,43,3047063
C6,500,C6-rules-500,7,44,3025210
C6,500,C6-rules-500,7,45,3051095
C6,500,C6-rules-500,7,46,3050244
C6,500,C6-rules-500,7,47,3090376
C6,500,C6-rules-500,7,48,3067677
C6,500,C6-rules-500,7,49,3030517
C6,500,C6-rules-500,7,50,3013696
C6,500,C6-rules-500,7,51,2995229
C6,500,C6-rules-500,7,52,3001181
C6,500,C6-rules-500,7,53,3071237
C6,500,C6-rules-500,7,54,3020772
C6,500,C6-rules-500,7,55,3013834
C6,500,C6-rules-500,7,56,2994531
C6,500,C6-rules-500,7,57,3049606
C6,500,C6-rules-500,7,58,7042019
C6,500,C6-rules-500,7,59,3283017
C6,500,C6-rules-500,7,60,3062982
C6,500,C6-rules-500,7,61,3056679
C6,500,C6-rules-500,7,62,3065788
C6,500,C6-rules-500,7,63,3026213
C6,500,C6-rules-500,7,64,3035192
C6,500,C6-rules-500,7,65,2994203
C6,500,C6-rules-500,7,66,3084982
C6,500,C6-rules-500,7,67,3053672
C6,500,C6-rules-500,7,68,2998964
C6,500,C6-rules-500,7,69,3025762
C6,500,C6-rules-500,7,70,3006567
C6,500,C6-rules-500,7,71,2980507
C6,500,C6-rules-500,7,72,3013580
C6,500,C6-rules-500,7,73,3000580
C6,500,C6-rules-500,7,74,2988140
C6,500,C6-rules-500,7,75,2997398
C6,500,C6-rules-500,7,76,2999238
C6,500,C6-rules-500,7,77,3015471
C6,500,C6-rules-500,7,78,3051603
C6,500,C6-rules-500,7,79,3008537
C6,500,C6-rules-500,7,80,3028912
C6,500,C6-rules-500,7,81,3004880
C6,500,C6-rules-500,7,82,3036629
C6,500,C6-rules-500,7,83,2997107
C6,500,C6-rules-500,7,84,3007075
C6,500,C6-rules-500,7,85,3044466
C6,500,C6-rules-500,7,86,3033852
C6,500,C6-rules-500,7,87,2987462
C6,500,C6-rules-500,7,88,3033485
C6,500,C6-rules-500,7,89,3077009
C6,500,C6-rules-500,7,90,3011435
C6,500,C6-rules-500,7,91,3029137
C6,500,C6-rules-500,7,92,3006800
C6,500,C6-rules-500,7,93,2991583
C6,500,C6-rules-500,7,94,3044006
C6,500,C6-rules-500,7,95,3037979
C6,500,C6-rules-500,7,96,2996630
C6,500,C6-rules-500,7,97,2973904
C6,500,C6-rules-500,7,98,3037709
C6,500,C6-rules-500,7,99,3041634
C6,500,C6-rules-500,7,100,3083695
C6,500,C6-rules-500,8,1,3027434
C6,500,C6-rules-500,8,2,2991256
C6,500,C6-rules-500,8,3,2992997
C6,500,C6-rules-500,8,4,2978916
C6,500,C6-rules-500,8,5,2960029
C6,500,C6-rules-500,8,6,2971870
C6,500,C6-rules-500,8,7,3020110
C6,500,C6-rules-500,8,8,2990661
C6,500,C6-rules-500,8,9,3010150
C6,500,C6-rules-500,8,10,2990726
C6,500,C6-rules-500,8,11,3064202
C6,500,C6-rules-500,8,12,3061678
C6,500,C6-rules-500,8,13,3033949
C6,500,C6-rules-500,8,14,3013163
C6,500,C6-rules-500,8,15,2991283
C6,500,C6-rules-500,8,16,5161108
C6,500,C6-rules-500,8,17,3195233
C6,500,C6-rules-500,8,18,3018970
C6,500,C6-rules-500,8,19,3013601
C6,500,C6-rules-500,8,20,3028275
C6,500,C6-rules-500,8,21,3088791
C6,500,C6-rules-500,8,22,3047344
C6,500,C6-rules-500,8,23,2951727
C6,500,C6-rules-500,8,24,3000796
C6,500,C6-rules-500,8,25,3028252
C6,500,C6-rules-500,8,26,3020689
C6,500,C6-rules-500,8,27,3032765
C6,500,C6-rules-500,8,28,3002746
C6,500,C6-rules-500,8,29,3010833
C6,500,C6-rules-500,8,30,3040547
C6,500,C6-rules-500,8,31,3019899
C6,500,C6-rules-500,8,32,3020713
C6,500,C6-rules-500,8,33,3061633
C6,500,C6-rules-500,8,34,3039515
C6,500,C6-rules-500,8,35,3060355
C6,500,C6-rules-500,8,36,3001737
C6,500,C6-rules-500,8,37,3016254
C6,500,C6-rules-500,8,38,3006352
C6,500,C6-rules-500,8,39,3024247
C6,500,C6-rules-500,8,40,3005329
C6,500,C6-rules-500,8,41,2992222
C6,500,C6-rules-500,8,42,2999336
C6,500,C6-rules-500,8,43,3002202
C6,500,C6-rules-500,8,44,3087134
C6,500,C6-rules-500,8,45,3032671
C6,500,C6-rules-500,8,46,3036198
C6,500,C6-rules-500,8,47,2998824
C6,500,C6-rules-500,8,48,2996227
C6,500,C6-rules-500,8,49,3008670
C6,500,C6-rules-500,8,50,3017672
C6,500,C6-rules-500,8,51,3033218
C6,500,C6-rules-500,8,52,2982258
C6,500,C6-rules-500,8,53,3027050
C6,500,C6-rules-500,8,54,3000998
C6,500,C6-rules-500,8,55,3073958
C6,500,C6-rules-500,8,56,3008850
C6,500,C6-rules-500,8,57,3000907
C6,500,C6-rules-500,8,58,3036742
C6,500,C6-rules-500,8,59,3053610
C6,500,C6-rules-500,8,60,3010462
C6,500,C6-rules-500,8,61,3048497
C6,500,C6-rules-500,8,62,3016109
C6,500,C6-rules-500,8,63,2967572
C6,500,C6-rules-500,8,64,3027731
C6,500,C6-rules-500,8,65,3028950
C6,500,C6-rules-500,8,66,3048391
C6,500,C6-rules-500,8,67,3026926
C6,500,C6-rules-500,8,68,2992578
C6,500,C6-rules-500,8,69,2966136
C6,500,C6-rules-500,8,70,3029299
C6,500,C6-rules-500,8,71,3000318
C6,500,C6-rules-500,8,72,2975285
C6,500,C6-rules-500,8,73,3920221
C6,500,C6-rules-500,8,74,3152409
C6,500,C6-rules-500,8,75,3030531
C6,500,C6-rules-500,8,76,3025588
C6,500,C6-rules-500,8,77,3019604
C6,500,C6-rules-500,8,78,3059080
C6,500,C6-rules-500,8,79,3007671
C6,500,C6-rules-500,8,80,3032763
C6,500,C6-rules-500,8,81,3001621
C6,500,C6-rules-500,8,82,3006756
C6,500,C6-rules-500,8,83,3043856
C6,500,C6-rules-500,8,84,3078498
C6,500,C6-rules-500,8,85,3083559
C6,500,C6-rules-500,8,86,3031720
C6,500,C6-rules-500,8,87,3092889
C6,500,C6-rules-500,8,88,3051497
C6,500,C6-rules-500,8,89,2999526
C6,500,C6-rules-500,8,90,3011497
C6,500,C6-rules-500,8,91,3020932
C6,500,C6-rules-500,8,92,3035629
C6,500,C6-rules-500,8,93,3026731
C6,500,C6-rules-500,8,94,3024355
C6,500,C6-rules-500,8,95,3020542
C6,500,C6-rules-500,8,96,3016820
C6,500,C6-rules-500,8,97,3052092
C6,500,C6-rules-500,8,98,2996700
C6,500,C6-rules-500,8,99,3054978
C6,500,C6-rules-500,8,100,3057714
C4,10,C4-rules-010,1,1,59898
C4,10,C4-rules-010,1,2,59154
C4,10,C4-rules-010,1,3,59532
C4,10,C4-rules-010,1,4,57894
C4,10,C4-rules-010,1,5,56994
C4,10,C4-rules-010,1,6,60034
C4,10,C4-rules-010,1,7,57969
C4,10,C4-rules-010,1,8,57342
C4,10,C4-rules-010,1,9,57993
C4,10,C4-rules-010,1,10,57100
C4,10,C4-rules-010,1,11,57326
C4,10,C4-rules-010,1,12,59868
C4,10,C4-rules-010,1,13,57938
C4,10,C4-rules-010,1,14,57417
C4,10,C4-rules-010,1,15,57958
C4,10,C4-rules-010,1,16,57289
C4,10,C4-rules-010,1,17,57195
C4,10,C4-rules-010,1,18,60364
C4,10,C4-rules-010,1,19,57848
C4,10,C4-rules-010,1,20,57325
C4,10,C4-rules-010,1,21,58108
C4,10,C4-rules-010,1,22,57489
C4,10,C4-rules-010,1,23,57008
C4,10,C4-rules-010,1,24,59604
C4,10,C4-rules-010,1,25,62247
C4,10,C4-rules-010,1,26,60466
C4,10,C4-rules-010,1,27,57292
C4,10,C4-rules-010,1,28,57098
C4,10,C4-rules-010,1,29,57437
C4,10,C4-rules-010,1,30,58359
C4,10,C4-rules-010,1,31,58210
C4,10,C4-rules-010,1,32,57978
C4,10,C4-rules-010,1,33,57393
C4,10,C4-rules-010,1,34,57254
C4,10,C4-rules-010,1,35,57343
C4,10,C4-rules-010,1,36,57478
C4,10,C4-rules-010,1,37,59851
C4,10,C4-rules-010,1,38,57017
C4,10,C4-rules-010,1,39,56916
C4,10,C4-rules-010,1,40,57268
C4,10,C4-rules-010,1,41,57241
C4,10,C4-rules-010,1,42,57076
C4,10,C4-rules-010,1,43,59372
C4,10,C4-rules-010,1,44,57563
C4,10,C4-rules-010,1,45,57542
C4,10,C4-rules-010,1,46,57784
C4,10,C4-rules-010,1,47,57573
C4,10,C4-rules-010,1,48,56958
C4,10,C4-rules-010,1,49,69137
C4,10,C4-rules-010,1,50,61350
C4,10,C4-rules-010,1,51,56833
C4,10,C4-rules-010,1,52,57396
C4,10,C4-rules-010,1,53,57463
C4,10,C4-rules-010,1,54,57844
C4,10,C4-rules-010,1,55,60509
C4,10,C4-rules-010,1,56,58491
C4,10,C4-rules-010,1,57,57324
C4,10,C4-rules-010,1,58,58253
C4,10,C4-rules-010,1,59,57388
C4,10,C4-rules-010,1,60,63732
C4,10,C4-rules-010,1,61,60563
C4,10,C4-rules-010,1,62,58620
C4,10,C4-rules-010,1,63,58463
C4,10,C4-rules-010,1,64,59009
C4,10,C4-rules-010,1,65,57783
C4,10,C4-rules-010,1,66,57289
C4,10,C4-rules-010,1,67,59454
C4,10,C4-rules-010,1,68,57726
C4,10,C4-rules-010,1,69,57323
C4,10,C4-rules-010,1,70,58634
C4,10,C4-rules-010,1,71,57849
C4,10,C4-rules-010,1,72,57749
C4,10,C4-rules-010,1,73,59008
C4,10,C4-rules-010,1,74,57330
C4,10,C4-rules-010,1,75,57648
C4,10,C4-rules-010,1,76,57007
C4,10,C4-rules-010,1,77,56951
C4,10,C4-rules-010,1,78,56803
C4,10,C4-rules-010,1,79,57198
C4,10,C4-rules-010,1,80,59228
C4,10,C4-rules-010,1,81,56860
C4,10,C4-rules-010,1,82,57136
C4,10,C4-rules-010,1,83,58351
C4,10,C4-rules-010,1,84,56911
C4,10,C4-rules-010,1,85,57534
C4,10,C4-rules-010,1,86,58676
C4,10,C4-rules-010,1,87,57386
C4,10,C4-rules-010,1,88,56722
C4,10,C4-rules-010,1,89,58128
C4,10,C4-rules-010,1,90,57627
C4,10,C4-rules-010,1,91,57573
C4,10,C4-rules-010,1,92,60120
C4,10,C4-rules-010,1,93,58319
C4,10,C4-rules-010,1,94,62114
C4,10,C4-rules-010,1,95,58900
C4,10,C4-rules-010,1,96,57782
C4,10,C4-rules-010,1,97,57222
C4,10,C4-rules-010,1,98,59569
C4,10,C4-rules-010,1,99,57501
C4,10,C4-rules-010,1,100,57358
C4,10,C4-rules-010,2,1,71814
C4,10,C4-rules-010,2,2,58960
C4,10,C4-rules-010,2,3,59553
C4,10,C4-rules-010,2,4,60084
C4,10,C4-rules-010,2,5,58447
C4,10,C4-rules-010,2,6,57660
C4,10,C4-rules-010,2,7,58258
C4,10,C4-rules-010,2,8,57491
C4,10,C4-rules-010,2,9,57550
C4,10,C4-rules-010,2,10,59204
C4,10,C4-rules-010,2,11,57544
C4,10,C4-rules-010,2,12,58120
C4,10,C4-rules-010,2,13,58972
C4,10,C4-rules-010,2,14,66221
C4,10,C4-rules-010,2,15,62565
C4,10,C4-rules-010,2,16,61966
C4,10,C4-rules-010,2,17,57438
C4,10,C4-rules-010,2,18,57020
C4,10,C4-rules-010,2,19,59362
C4,10,C4-rules-010,2,20,58909
C4,10,C4-rules-010,2,21,57345
C4,10,C4-rules-010,2,22,60216
C4,10,C4-rules-010,2,23,57061
C4,10,C4-rules-010,2,24,57355
C4,10,C4-rules-010,2,25,57341
C4,10,C4-rules-010,2,26,57501
C4,10,C4-rules-010,2,27,63675
C4,10,C4-rules-010,2,28,59819
C4,10,C4-rules-010,2,29,59587
C4,10,C4-rules-010,2,30,58735
C4,10,C4-rules-010,2,31,58907
C4,10,C4-rules-010,2,32,58192
C4,10,C4-rules-010,2,33,57728
C4,10,C4-rules-010,2,34,57811
C4,10,C4-rules-010,2,35,59588
C4,10,C4-rules-010,2,36,57348
C4,10,C4-rules-010,2,37,56951
C4,10,C4-rules-010,2,38,57442
C4,10,C4-rules-010,2,39,57207
C4,10,C4-rules-010,2,40,57396
C4,10,C4-rules-010,2,41,59400
C4,10,C4-rules-010,2,42,57824
C4,10,C4-rules-010,2,43,57433
C4,10,C4-rules-010,2,44,57670
C4,10,C4-rules-010,2,45,57561
C4,10,C4-rules-010,2,46,56794
C4,10,C4-rules-010,2,47,59284
C4,10,C4-rules-010,2,48,57508
C4,10,C4-rules-010,2,49,68635
C4,10,C4-rules-010,2,50,58290
C4,10,C4-rules-010,2,51,63815
C4,10,C4-rules-010,2,52,58743
C4,10,C4-rules-010,2,53,59417
C4,10,C4-rules-010,2,54,57921
C4,10,C4-rules-010,2,55,57249
C4,10,C4-rules-010,2,56,58256
C4,10,C4-rules-010,2,57,57764
C4,10,C4-rules-010,2,58,57589
C4,10,C4-rules-010,2,59,59741
C4,10,C4-rules-010,2,60,58015
C4,10,C4-rules-010,2,61,62314
C4,10,C4-rules-010,2,62,58748
C4,10,C4-rules-010,2,63,56730
C4,10,C4-rules-010,2,64,57372
C4,10,C4-rules-010,2,65,59051
C4,10,C4-rules-010,2,66,57605
C4,10,C4-rules-010,2,67,57508
C4,10,C4-rules-010,2,68,57597
C4,10,C4-rules-010,2,69,57483
C4,10,C4-rules-010,2,70,57221
C4,10,C4-rules-010,2,71,57490
C4,10,C4-rules-010,2,72,59152
C4,10,C4-rules-010,2,73,57708
C4,10,C4-rules-010,2,74,57476
C4,10,C4-rules-010,2,75,57646
C4,10,C4-rules-010,2,76,57581
C4,10,C4-rules-010,2,77,58285
C4,10,C4-rules-010,2,78,59423
C4,10,C4-rules-010,2,79,56808
C4,10,C4-rules-010,2,80,61633
C4,10,C4-rules-010,2,81,62978
C4,10,C4-rules-010,2,82,60873
C4,10,C4-rules-010,2,83,58182
C4,10,C4-rules-010,2,84,59951
C4,10,C4-rules-010,2,85,57894
C4,10,C4-rules-010,2,86,58758
C4,10,C4-rules-010,2,87,58857
C4,10,C4-rules-010,2,88,57700
C4,10,C4-rules-010,2,89,57567
C4,10,C4-rules-010,2,90,59559
C4,10,C4-rules-010,2,91,58195
C4,10,C4-rules-010,2,92,57994
C4,10,C4-rules-010,2,93,58390
C4,10,C4-rules-010,2,94,57830
C4,10,C4-rules-010,2,95,65186
C4,10,C4-rules-010,2,96,60619
C4,10,C4-rules-010,2,97,57942
C4,10,C4-rules-010,2,98,56627
C4,10,C4-rules-010,2,99,58017
C4,10,C4-rules-010,2,100,57131
C4,10,C4-rules-010,3,1,62636
C4,10,C4-rules-010,3,2,59279
C4,10,C4-rules-010,3,3,57550
C4,10,C4-rules-010,3,4,58002
C4,10,C4-rules-010,3,5,57884
C4,10,C4-rules-010,3,6,57969
C4,10,C4-rules-010,3,7,57268
C4,10,C4-rules-010,3,8,58768
C4,10,C4-rules-010,3,9,57417
C4,10,C4-rules-010,3,10,56986
C4,10,C4-rules-010,3,11,57406
C4,10,C4-rules-010,3,12,58103
C4,10,C4-rules-010,3,13,57192
C4,10,C4-rules-010,3,14,58592
C4,10,C4-rules-010,3,15,57354
C4,10,C4-rules-010,3,16,56820
C4,10,C4-rules-010,3,17,57738
C4,10,C4-rules-010,3,18,57358
C4,10,C4-rules-010,3,19,57283
C4,10,C4-rules-010,3,20,57364
C4,10,C4-rules-010,3,21,61004
C4,10,C4-rules-010,3,22,57861
C4,10,C4-rules-010,3,23,57693
C4,10,C4-rules-010,3,24,58386
C4,10,C4-rules-010,3,25,57721
C4,10,C4-rules-010,3,26,57655
C4,10,C4-rules-010,3,27,59891
C4,10,C4-rules-010,3,28,57898
C4,10,C4-rules-010,3,29,62243
C4,10,C4-rules-010,3,30,58549
C4,10,C4-rules-010,3,31,57451
C4,10,C4-rules-010,3,32,57928
C4,10,C4-rules-010,3,33,59985
C4,10,C4-rules-010,3,34,57234
C4,10,C4-rules-010,3,35,57829
C4,10,C4-rules-010,3,36,57558
C4,10,C4-rules-010,3,37,57240
C4,10,C4-rules-010,3,38,56746
C4,10,C4-rules-010,3,39,59307
C4,10,C4-rules-010,3,40,57870
C4,10,C4-rules-010,3,41,57094
C4,10,C4-rules-010,3,42,58661
C4,10,C4-rules-010,3,43,57683
C4,10,C4-rules-010,3,44,57953
C4,10,C4-rules-010,3,45,59738
C4,10,C4-rules-010,3,46,65346
C4,10,C4-rules-010,3,47,61835
C4,10,C4-rules-010,3,48,61830
C4,10,C4-rules-010,3,49,57214
C4,10,C4-rules-010,3,50,56910
C4,10,C4-rules-010,3,51,58716
C4,10,C4-rules-010,3,52,57324
C4,10,C4-rules-010,3,53,57544
C4,10,C4-rules-010,3,54,57482
C4,10,C4-rules-010,3,55,57730
C4,10,C4-rules-010,3,56,56980
C4,10,C4-rules-010,3,57,58848
C4,10,C4-rules-010,3,58,56922
C4,10,C4-rules-010,3,59,57205
C4,10,C4-rules-010,3,60,57761
C4,10,C4-rules-010,3,61,56882
C4,10,C4-rules-010,3,62,57865
C4,10,C4-rules-010,3,63,64061
C4,10,C4-rules-010,3,64,58170
C4,10,C4-rules-010,3,65,57719
C4,10,C4-rules-010,3,66,57943
C4,10,C4-rules-010,3,67,58818
C4,10,C4-rules-010,3,68,59236
C4,10,C4-rules-010,3,69,58519
C4,10,C4-rules-010,3,70,60477
C4,10,C4-rules-010,3,71,58703
C4,10,C4-rules-010,3,72,57691
C4,10,C4-rules-010,3,73,58116
C4,10,C4-rules-010,3,74,57292
C4,10,C4-rules-010,3,75,57566
C4,10,C4-rules-010,3,76,59283
C4,10,C4-rules-010,3,77,56754
C4,10,C4-rules-010,3,78,57373
C4,10,C4-rules-010,3,79,57318
C4,10,C4-rules-010,3,80,57797
C4,10,C4-rules-010,3,81,57077
C4,10,C4-rules-010,3,82,59233
C4,10,C4-rules-010,3,83,57087
C4,10,C4-rules-010,3,84,57387
C4,10,C4-rules-010,3,85,57754
C4,10,C4-rules-010,3,86,57826
C4,10,C4-rules-010,3,87,57119
C4,10,C4-rules-010,3,88,58689
C4,10,C4-rules-010,3,89,57872
C4,10,C4-rules-010,3,90,58410
C4,10,C4-rules-010,3,91,58693
C4,10,C4-rules-010,3,92,58152
C4,10,C4-rules-010,3,93,57573
C4,10,C4-rules-010,3,94,59449
C4,10,C4-rules-010,3,95,58043
C4,10,C4-rules-010,3,96,58242
C4,10,C4-rules-010,3,97,63272
C4,10,C4-rules-010,3,98,58366
C4,10,C4-rules-010,3,99,57150
C4,10,C4-rules-010,3,100,58664
C4,10,C4-rules-010,4,1,66872
C4,10,C4-rules-010,4,2,57541
C4,10,C4-rules-010,4,3,57849
C4,10,C4-rules-010,4,4,57774
C4,10,C4-rules-010,4,5,56850
C4,10,C4-rules-010,4,6,59097
C4,10,C4-rules-010,4,7,58084
C4,10,C4-rules-010,4,8,57694
C4,10,C4-rules-010,4,9,58133
C4,10,C4-rules-010,4,10,57757
C4,10,C4-rules-010,4,11,57681
C4,10,C4-rules-010,4,12,67942
C4,10,C4-rules-010,4,13,64697
C4,10,C4-rules-010,4,14,59116
C4,10,C4-rules-010,4,15,57363
C4,10,C4-rules-010,4,16,57326
C4,10,C4-rules-010,4,17,56748
C4,10,C4-rules-010,4,18,58017
C4,10,C4-rules-010,4,19,59699
C4,10,C4-rules-010,4,20,58028
C4,10,C4-rules-010,4,21,57063
C4,10,C4-rules-010,4,22,57511
C4,10,C4-rules-010,4,23,57113
C4,10,C4-rules-010,4,24,56978
C4,10,C4-rules-010,4,25,59913
C4,10,C4-rules-010,4,26,57746
C4,10,C4-rules-010,4,27,57314
C4,10,C4-rules-010,4,28,57511
C4,10,C4-rules-010,4,29,56674
C4,10,C4-rules-010,4,30,60515
C4,10,C4-rules-010,4,31,62307
C4,10,C4-rules-010,4,32,57874
C4,10,C4-rules-010,4,33,57141
C4,10,C4-rules-010,4,34,57368
C4,10,C4-rules-010,4,35,57438
C4,10,C4-rules-010,4,36,58671
C4,10,C4-rules-010,4,37,61542
C4,10,C4-rules-010,4,38,58521
C4,10,C4-rules-010,4,39,57872
C4,10,C4-rules-010,4,40,58028
C4,10,C4-rules-010,4,41,58351
C4,10,C4-rules-010,4,42,58401
C4,10,C4-rules-010,4,43,59987
C4,10,C4-rules-010,4,44,58214
C4,10,C4-rules-010,4,45,57900
C4,10,C4-rules-010,4,46,57456
C4,10,C4-rules-010,4,47,58157
C4,10,C4-rules-010,4,48,57730
C4,10,C4-rules-010,4,49,60634
C4,10,C4-rules-010,4,50,58543
C4,10,C4-rules-010,4,51,57415
C4,10,C4-rules-010,4,52,58306
C4,10,C4-rules-010,4,53,57921
C4,10,C4-rules-010,4,54,57820
C4,10,C4-rules-010,4,55,58988
C4,10,C4-rules-010,4,56,57629
C4,10,C4-rules-010,4,57,57451
C4,10,C4-rules-010,4,58,58776
C4,10,C4-rules-010,4,59,58406
C4,10,C4-rules-010,4,60,58136
C4,10,C4-rules-010,4,61,58466
C4,10,C4-rules-010,4,62,59614
C4,10,C4-rules-010,4,63,57543
C4,10,C4-rules-010,4,64,57392
C4,10,C4-rules-010,4,65,63527
C4,10,C4-rules-010,4,66,56843
C4,10,C4-rules-010,4,67,57054
C4,10,C4-rules-010,4,68,58798
C4,10,C4-rules-010,4,69,57157
C4,10,C4-rules-010,4,70,57025
C4,10,C4-rules-010,4,71,57642
C4,10,C4-rules-010,4,72,57382
C4,10,C4-rules-010,4,73,57490
C4,10,C4-rules-010,4,74,60064
C4,10,C4-rules-010,4,75,57747
C4,10,C4-rules-010,4,76,57322
C4,10,C4-rules-010,4,77,57445
C4,10,C4-rules-010,4,78,61680
C4,10,C4-rules-010,4,79,59027
C4,10,C4-rules-010,4,80,60419
C4,10,C4-rules-010,4,81,59510
C4,10,C4-rules-010,4,82,58127
C4,10,C4-rules-010,4,83,58636
C4,10,C4-rules-010,4,84,57603
C4,10,C4-rules-010,4,85,58357
C4,10,C4-rules-010,4,86,60782
C4,10,C4-rules-010,4,87,58936
C4,10,C4-rules-010,4,88,58516
C4,10,C4-rules-010,4,89,59163
C4,10,C4-rules-010,4,90,58609
C4,10,C4-rules-010,4,91,58633
C4,10,C4-rules-010,4,92,61574
C4,10,C4-rules-010,4,93,57423
C4,10,C4-rules-010,4,94,56886
C4,10,C4-rules-010,4,95,57254
C4,10,C4-rules-010,4,96,57308
C4,10,C4-rules-010,4,97,56281
C4,10,C4-rules-010,4,98,58337
C4,10,C4-rules-010,4,99,62085
C4,10,C4-rules-010,4,100,57836
C4,10,C4-rules-010,5,1,64986
C4,10,C4-rules-010,5,2,57488
C4,10,C4-rules-010,5,3,57812
C4,10,C4-rules-010,5,4,59800
C4,10,C4-rules-010,5,5,57682
C4,10,C4-rules-010,5,6,56946
C4,10,C4-rules-010,5,7,57359
C4,10,C4-rules-010,5,8,57926
C4,10,C4-rules-010,5,9,58418
C4,10,C4-rules-010,5,10,57747
C4,10,C4-rules-010,5,11,59056
C4,10,C4-rules-010,5,12,58035
C4,10,C4-rules-010,5,13,57408
C4,10,C4-rules-010,5,14,58165
C4,10,C4-rules-010,5,15,57394
C4,10,C4-rules-010,5,16,58097
C4,10,C4-rules-010,5,17,59850
C4,10,C4-rules-010,5,18,57723
C4,10,C4-rules-010,5,19,57659
C4,10,C4-rules-010,5,20,57838
C4,10,C4-rules-010,5,21,58389
C4,10,C4-rules-010,5,22,57983
C4,10,C4-rules-010,5,23,59992
C4,10,C4-rules-010,5,24,57912
C4,10,C4-rules-010,5,25,58356
C4,10,C4-rules-010,5,26,58124
C4,10,C4-rules-010,5,27,58188
C4,10,C4-rules-010,5,28,57800
C4,10,C4-rules-010,5,29,60097
C4,10,C4-rules-010,5,30,57369
C4,10,C4-rules-010,5,31,57271
C4,10,C4-rules-010,5,32,63407
C4,10,C4-rules-010,5,33,59191
C4,10,C4-rules-010,5,34,57369
C4,10,C4-rules-010,5,35,59222
C4,10,C4-rules-010,5,36,57979
C4,10,C4-rules-010,5,37,57274
C4,10,C4-rules-010,5,38,57707
C4,10,C4-rules-010,5,39,57481
C4,10,C4-rules-010,5,40,57604
C4,10,C4-rules-010,5,41,59786
C4,10,C4-rules-010,5,42,57922
C4,10,C4-rules-010,5,43,57321
C4,10,C4-rules-010,5,44,63280
C4,10,C4-rules-010,5,45,57426
C4,10,C4-rules-010,5,46,57001
C4,10,C4-rules-010,5,47,59448
C4,10,C4-rules-010,5,48,59183
C4,10,C4-rules-010,5,49,58618
C4,10,C4-rules-010,5,50,58621
C4,10,C4-rules-010,5,51,58215
C4,10,C4-rules-010,5,52,58236
C4,10,C4-rules-010,5,53,60582
C4,10,C4-rules-010,5,54,58826
C4,10,C4-rules-010,5,55,58994
C4,10,C4-rules-010,5,56,56609
C4,10,C4-rules-010,5,57,57717
C4,10,C4-rules-010,5,58,56658
C4,10,C4-rules-010,5,59,61813
C4,10,C4-rules-010,5,60,59726
C4,10,C4-rules-010,5,61,56771
C4,10,C4-rules-010,5,62,57616
C4,10,C4-rules-010,5,63,58096
C4,10,C4-rules-010,5,64,57196
C4,10,C4-rules-010,5,65,57941
C4,10,C4-rules-010,5,66,64039
C4,10,C4-rules-010,5,67,61396
C4,10,C4-rules-010,5,68,58100
C4,10,C4-rules-010,5,69,58685
C4,10,C4-rules-010,5,70,58295
C4,10,C4-rules-010,5,71,57002
C4,10,C4-rules-010,5,72,58790
C4,10,C4-rules-010,5,73,57412
C4,10,C4-rules-010,5,74,57223
C4,10,C4-rules-010,5,75,60084
C4,10,C4-rules-010,5,76,61680
C4,10,C4-rules-010,5,77,62407
C4,10,C4-rules-010,5,78,72687
C4,10,C4-rules-010,5,79,61163
C4,10,C4-rules-010,5,80,56833
C4,10,C4-rules-010,5,81,57689
C4,10,C4-rules-010,5,82,56821
C4,10,C4-rules-010,5,83,57535
C4,10,C4-rules-010,5,84,59159
C4,10,C4-rules-010,5,85,58033
C4,10,C4-rules-010,5,86,58150
C4,10,C4-rules-010,5,87,58035
C4,10,C4-rules-010,5,88,57088
C4,10,C4-rules-010,5,89,57019
C4,10,C4-rules-010,5,90,59593
C4,10,C4-rules-010,5,91,58231
C4,10,C4-rules-010,5,92,56986
C4,10,C4-rules-010,5,93,57108
C4,10,C4-rules-010,5,94,56755
C4,10,C4-rules-010,5,95,58466
C4,10,C4-rules-010,5,96,60414
C4,10,C4-rules-010,5,97,58852
C4,10,C4-rules-010,5,98,58444
C4,10,C4-rules-010,5,99,58101
C4,10,C4-rules-010,5,100,63585
C4,10,C4-rules-010,6,1,68091
C4,10,C4-rules-010,6,2,58348
C4,10,C4-rules-010,6,3,60650
C4,10,C4-rules-010,6,4,57174
C4,10,C4-rules-010,6,5,56873
C4,10,C4-rules-010,6,6,58203
C4,10,C4-rules-010,6,7,57819
C4,10,C4-rules-010,6,8,57550
C4,10,C4-rules-010,6,9,66510
C4,10,C4-rules-010,6,10,62809
C4,10,C4-rules-010,6,11,61533
C4,10,C4-rules-010,6,12,60111
C4,10,C4-rules-010,6,13,57217
C4,10,C4-rules-010,6,14,57999
C4,10,C4-rules-010,6,15,59511
C4,10,C4-rules-010,6,16,57939
C4,10,C4-rules-010,6,17,56920
C4,10,C4-rules-010,6,18,57927
C4,10,C4-rules-010,6,19,57320
C4,10,C4-rules-010,6,20,57387
C4,10,C4-rules-010,6,21,59514
C4,10,C4-rules-010,6,22,57811
C4,10,C4-rules-010,6,23,57320
C4,10,C4-rules-010,6,24,58034
C4,10,C4-rules-010,6,25,57243
C4,10,C4-rules-010,6,26,57948
C4,10,C4-rules-010,6,27,59075
C4,10,C4-rules-010,6,28,57658
C4,10,C4-rules-010,6,29,57506
C4,10,C4-rules-010,6,30,58523
C4,10,C4-rules-010,6,31,57423
C4,10,C4-rules-010,6,32,57124
C4,10,C4-rules-010,6,33,59238
C4,10,C4-rules-010,6,34,62868
C4,10,C4-rules-010,6,35,57489
C4,10,C4-rules-010,6,36,57443
C4,10,C4-rules-010,6,37,57493
C4,10,C4-rules-010,6,38,57193
C4,10,C4-rules-010,6,39,59181
C4,10,C4-rules-010,6,40,57283
C4,10,C4-rules-010,6,41,56904
C4,10,C4-rules-010,6,42,56891
C4,10,C4-rules-010,6,43,57017
C4,10,C4-rules-010,6,44,57275
C4,10,C4-rules-010,6,45,58596
C4,10,C4-rules-010,6,46,57215
C4,10,C4-rules-010,6,47,57102
C4,10,C4-rules-010,6,48,57277
C4,10,C4-rules-010,6,49,65031
C4,10,C4-rules-010,6,50,58157
C4,10,C4-rules-010,6,51,58353
C4,10,C4-rules-010,6,52,59652
C4,10,C4-rules-010,6,53,57648
C4,10,C4-rules-010,6,54,57524
C4,10,C4-rules-010,6,55,58389
C4,10,C4-rules-010,6,56,58822
C4,10,C4-rules-010,6,57,57019
C4,10,C4-rules-010,6,58,59886
C4,10,C4-rules-010,6,59,57745
C4,10,C4-rules-010,6,60,58166
C4,10,C4-rules-010,6,61,57831
C4,10,C4-rules-010,6,62,57048
C4,10,C4-rules-010,6,63,66448
C4,10,C4-rules-010,6,64,63819
C4,10,C4-rules-010,6,65,61421
C4,10,C4-rules-010,6,66,60535
C4,10,C4-rules-010,6,67,63442
C4,10,C4-rules-010,6,68,59347
C4,10,C4-rules-010,6,69,57838
C4,10,C4-rules-010,6,70,60339
C4,10,C4-rules-010,6,71,57610
C4,10,C4-rules-010,6,72,57387
C4,10,C4-rules-010,6,73,58481
C4,10,C4-rules-010,6,74,57665
C4,10,C4-rules-010,6,75,63060
C4,10,C4-rules-010,6,76,60459
C4,10,C4-rules-010,6,77,57912
C4,10,C4-rules-010,6,78,57034
C4,10,C4-rules-010,6,79,57162
C4,10,C4-rules-010,6,80,57730
C4,10,C4-rules-010,6,81,57150
C4,10,C4-rules-010,6,82,59297
C4,10,C4-rules-010,6,83,57004
C4,10,C4-rules-010,6,84,57506
C4,10,C4-rules-010,6,85,57797
C4,10,C4-rules-010,6,86,57059
C4,10,C4-rules-010,6,87,56550
C4,10,C4-rules-010,6,88,59868
C4,10,C4-rules-010,6,89,57529
C4,10,C4-rules-010,6,90,57071
C4,10,C4-rules-010,6,91,57263
C4,10,C4-rules-010,6,92,57432
C4,10,C4-rules-010,6,93,57011
C4,10,C4-rules-010,6,94,57148
C4,10,C4-rules-010,6,95,57600
C4,10,C4-rules-010,6,96,57185
C4,10,C4-rules-010,6,97,58470
C4,10,C4-rules-010,6,98,58137
C4,10,C4-rules-010,6,99,56998
C4,10,C4-rules-010,6,100,57260
C4,10,C4-rules-010,7,1,69404
C4,10,C4-rules-010,7,2,57938
C4,10,C4-rules-010,7,3,58733
C4,10,C4-rules-010,7,4,59459
C4,10,C4-rules-010,7,5,58595
C4,10,C4-rules-010,7,6,58523
C4,10,C4-rules-010,7,7,60782
C4,10,C4-rules-010,7,8,58561
C4,10,C4-rules-010,7,9,59392
C4,10,C4-rules-010,7,10,58593
C4,10,C4-rules-010,7,11,58239
C4,10,C4-rules-010,7,12,59317
C4,10,C4-rules-010,7,13,60767
C4,10,C4-rules-010,7,14,59180
C4,10,C4-rules-010,7,15,57409
C4,10,C4-rules-010,7,16,57512
C4,10,C4-rules-010,7,17,57156
C4,10,C4-rules-010,7,18,56944
C4,10,C4-rules-010,7,19,59767
C4,10,C4-rules-010,7,20,58179
C4,10,C4-rules-010,7,21,57207
C4,10,C4-rules-010,7,22,57639
C4,10,C4-rules-010,7,23,57225
C4,10,C4-rules-010,7,24,56978
C4,10,C4-rules-010,7,25,59270
C4,10,C4-rules-010,7,26,57251
C4,10,C4-rules-010,7,27,57127
C4,10,C4-rules-010,7,28,57117
C4,10,C4-rules-010,7,29,57156
C4,10,C4-rules-010,7,30,57485
C4,10,C4-rules-010,7,31,58621
C4,10,C4-rules-010,7,32,57430
C4,10,C4-rules-010,7,33,57360
C4,10,C4-rules-010,7,34,58060
C4,10,C4-rules-010,7,35,61311
C4,10,C4-rules-010,7,36,58070
C4,10,C4-rules-010,7,37,59083
C4,10,C4-rules-010,7,38,57067
C4,10,C4-rules-010,7,39,57518
C4,10,C4-rules-010,7,40,57252
C4,10,C4-rules-010,7,41,62264
C4,10,C4-rules-010,7,42,57779
C4,10,C4-rules-010,7,43,56983
C4,10,C4-rules-010,7,44,59436
C4,10,C4-rules-010,7,45,57051
C4,10,C4-rules-010,7,46,57089
C4,10,C4-rules-010,7,47,57343
C4,10,C4-rules-010,7,48,57255
C4,10,C4-rules-010,7,49,56968
C4,10,C4-rules-010,7,50,58518
C4,10,C4-rules-010,7,51,57613
C4,10,C4-rules-010,7,52,57400
C4,10,C4-rules-010,7,53,57766
C4,10,C4-rules-010,7,54,56569
C4,10,C4-rules-010,7,55,56777
C4,10,C4-rules-010,7,56,59410
C4,10,C4-rules-010,7,57,57169
C4,10,C4-rules-010,7,58,57353
C4,10,C4-rules-010,7,59,57912
C4,10,C4-rules-010,7,60,59369
C4,10,C4-rules-010,7,61,58998
C4,10,C4-rules-010,7,62,61227
C4,10,C4-rules-010,7,63,58382
C4,10,C4-rules-010,7,64,58016
C4,10,C4-rules-010,7,65,58264
C4,10,C4-rules-010,7,66,57505
C4,10,C4-rules-010,7,67,57728
C4,10,C4-rules-010,7,68,59217
C4,10,C4-rules-010,7,69,62586
C4,10,C4-rules-010,7,70,58848
C4,10,C4-rules-010,7,71,58131
C4,10,C4-rules-010,7,72,57346
C4,10,C4-rules-010,7,73,56648
C4,10,C4-rules-010,7,74,59246
C4,10,C4-rules-010,7,75,57497
C4,10,C4-rules-010,7,76,57201
C4,10,C4-rules-010,7,77,57915
C4,10,C4-rules-010,7,78,56895
C4,10,C4-rules-010,7,79,56891
C4,10,C4-rules-010,7,80,59498
C4,10,C4-rules-010,7,81,57698
C4,10,C4-rules-010,7,82,56942
C4,10,C4-rules-010,7,83,57595
C4,10,C4-rules-010,7,84,57295
C4,10,C4-rules-010,7,85,57322
C4,10,C4-rules-010,7,86,59071
C4,10,C4-rules-010,7,87,57866
C4,10,C4-rules-010,7,88,58500
C4,10,C4-rules-010,7,89,57483
C4,10,C4-rules-010,7,90,58161
C4,10,C4-rules-010,7,91,56737
C4,10,C4-rules-010,7,92,56503
C4,10,C4-rules-010,7,93,59453
C4,10,C4-rules-010,7,94,56701
C4,10,C4-rules-010,7,95,57043
C4,10,C4-rules-010,7,96,57223
C4,10,C4-rules-010,7,97,57420
C4,10,C4-rules-010,7,98,57211
C4,10,C4-rules-010,7,99,59266
C4,10,C4-rules-010,7,100,56947
C4,10,C4-rules-010,8,1,63070
C4,10,C4-rules-010,8,2,57905
C4,10,C4-rules-010,8,3,62589
C4,10,C4-rules-010,8,4,59293
C4,10,C4-rules-010,8,5,60503
C4,10,C4-rules-010,8,6,57768
C4,10,C4-rules-010,8,7,62863
C4,10,C4-rules-010,8,8,63439
C4,10,C4-rules-010,8,9,57285
C4,10,C4-rules-010,8,10,57246
C4,10,C4-rules-010,8,11,59473
C4,10,C4-rules-010,8,12,57292
C4,10,C4-rules-010,8,13,57225
C4,10,C4-rules-010,8,14,58103
C4,10,C4-rules-010,8,15,58081
C4,10,C4-rules-010,8,16,58099
C4,10,C4-rules-010,8,17,59168
C4,10,C4-rules-010,8,18,57164
C4,10,C4-rules-010,8,19,57140
C4,10,C4-rules-010,8,20,57397
C4,10,C4-rules-010,8,21,56787
C4,10,C4-rules-010,8,22,56806
C4,10,C4-rules-010,8,23,58907
C4,10,C4-rules-010,8,24,57354
C4,10,C4-rules-010,8,25,57336
C4,10,C4-rules-010,8,26,57850
C4,10,C4-rules-010,8,27,57210
C4,10,C4-rules-010,8,28,57368
C4,10,C4-rules-010,8,29,60044
C4,10,C4-rules-010,8,30,57616
C4,10,C4-rules-010,8,31,57745
C4,10,C4-rules-010,8,32,58099
C4,10,C4-rules-010,8,33,58329
C4,10,C4-rules-010,8,34,58282
C4,10,C4-rules-010,8,35,59724
C4,10,C4-rules-010,8,36,60157
C4,10,C4-rules-010,8,37,64969
C4,10,C4-rules-010,8,38,60305
C4,10,C4-rules-010,8,39,58028
C4,10,C4-rules-010,8,40,57514
C4,10,C4-rules-010,8,41,57171
C4,10,C4-rules-010,8,42,59389
C4,10,C4-rules-010,8,43,57630
C4,10,C4-rules-010,8,44,58134
C4,10,C4-rules-010,8,45,57565
C4,10,C4-rules-010,8,46,57352
C4,10,C4-rules-010,8,47,56700
C4,10,C4-rules-010,8,48,59824
C4,10,C4-rules-010,8,49,57400
C4,10,C4-rules-010,8,50,56972
C4,10,C4-rules-010,8,51,57846
C4,10,C4-rules-010,8,52,57706
C4,10,C4-rules-010,8,53,57271
C4,10,C4-rules-010,8,54,59432
C4,10,C4-rules-010,8,55,57485
C4,10,C4-rules-010,8,56,57380
C4,10,C4-rules-010,8,57,58125
C4,10,C4-rules-010,8,58,57797
C4,10,C4-rules-010,8,59,57101
C4,10,C4-rules-010,8,60,59190
C4,10,C4-rules-010,8,61,57855
C4,10,C4-rules-010,8,62,57590
C4,10,C4-rules-010,8,63,57744
C4,10,C4-rules-010,8,64,57227
C4,10,C4-rules-010,8,65,57224
C4,10,C4-rules-010,8,66,60291
C4,10,C4-rules-010,8,67,57766
C4,10,C4-rules-010,8,68,57154
C4,10,C4-rules-010,8,69,57688
C4,10,C4-rules-010,8,70,56706
C4,10,C4-rules-010,8,71,56749
C4,10,C4-rules-010,8,72,63028
C4,10,C4-rules-010,8,73,58140
C4,10,C4-rules-010,8,74,61439
C4,10,C4-rules-010,8,75,58244
C4,10,C4-rules-010,8,76,59955
C4,10,C4-rules-010,8,77,57201
C4,10,C4-rules-010,8,78,58878
C4,10,C4-rules-010,8,79,57409
C4,10,C4-rules-010,8,80,57195
C4,10,C4-rules-010,8,81,57904
C4,10,C4-rules-010,8,82,57013
C4,10,C4-rules-010,8,83,56874
C4,10,C4-rules-010,8,84,57246
C4,10,C4-rules-010,8,85,59604
C4,10,C4-rules-010,8,86,56907
C4,10,C4-rules-010,8,87,57029
C4,10,C4-rules-010,8,88,57585
C4,10,C4-rules-010,8,89,56411
C4,10,C4-rules-010,8,90,57836
C4,10,C4-rules-010,8,91,59268
C4,10,C4-rules-010,8,92,57378
C4,10,C4-rules-010,8,93,57194
C4,10,C4-rules-010,8,94,57769
C4,10,C4-rules-010,8,95,57015
C4,10,C4-rules-010,8,96,56501
C4,10,C4-rules-010,8,97,59560
C4,10,C4-rules-010,8,98,58016
C4,10,C4-rules-010,8,99,56797
C4,10,C4-rules-010,8,100,57488
C1,500,C1-rules-500,1,1,1402653
C1,500,C1-rules-500,1,2,1396213
C1,500,C1-rules-500,1,3,1353466
C1,500,C1-rules-500,1,4,1389005
C1,500,C1-rules-500,1,5,1364195
C1,500,C1-rules-500,1,6,1379882
C1,500,C1-rules-500,1,7,1394087
C1,500,C1-rules-500,1,8,1371093
C1,500,C1-rules-500,1,9,1392104
C1,500,C1-rules-500,1,10,1392930
C1,500,C1-rules-500,1,11,1369422
C1,500,C1-rules-500,1,12,1384615
C1,500,C1-rules-500,1,13,1394692
C1,500,C1-rules-500,1,14,1383915
C1,500,C1-rules-500,1,15,1378738
C1,500,C1-rules-500,1,16,1388184
C1,500,C1-rules-500,1,17,1373187
C1,500,C1-rules-500,1,18,1390438
C1,500,C1-rules-500,1,19,1369482
C1,500,C1-rules-500,1,20,1388671
C1,500,C1-rules-500,1,21,1378559
C1,500,C1-rules-500,1,22,1386603
C1,500,C1-rules-500,1,23,1394840
C1,500,C1-rules-500,1,24,1384296
C1,500,C1-rules-500,1,25,1391082
C1,500,C1-rules-500,1,26,1355233
C1,500,C1-rules-500,1,27,1370974
C1,500,C1-rules-500,1,28,1374993
C1,500,C1-rules-500,1,29,1351117
C1,500,C1-rules-500,1,30,1387642
C1,500,C1-rules-500,1,31,1370065
C1,500,C1-rules-500,1,32,1360124
C1,500,C1-rules-500,1,33,1386462
C1,500,C1-rules-500,1,34,1357722
C1,500,C1-rules-500,1,35,1365872
C1,500,C1-rules-500,1,36,1381309
C1,500,C1-rules-500,1,37,1361935
C1,500,C1-rules-500,1,38,1373699
C1,500,C1-rules-500,1,39,1404645
C1,500,C1-rules-500,1,40,1384449
C1,500,C1-rules-500,1,41,1377226
C1,500,C1-rules-500,1,42,1392993
C1,500,C1-rules-500,1,43,1373130
C1,500,C1-rules-500,1,44,1386212
C1,500,C1-rules-500,1,45,1375372
C1,500,C1-rules-500,1,46,1348927
C1,500,C1-rules-500,1,47,1360112
C1,500,C1-rules-500,1,48,1360438
C1,500,C1-rules-500,1,49,1397207
C1,500,C1-rules-500,1,50,1411469
C1,500,C1-rules-500,1,51,1363603
C1,500,C1-rules-500,1,52,1402721
C1,500,C1-rules-500,1,53,1403159
C1,500,C1-rules-500,1,54,1362081
C1,500,C1-rules-500,1,55,1396072
C1,500,C1-rules-500,1,56,1389918
C1,500,C1-rules-500,1,57,1383240
C1,500,C1-rules-500,1,58,1369136
C1,500,C1-rules-500,1,59,1385564
C1,500,C1-rules-500,1,60,1360348
C1,500,C1-rules-500,1,61,1371034
C1,500,C1-rules-500,1,62,1393645
C1,500,C1-rules-500,1,63,1371154
C1,500,C1-rules-500,1,64,1366141
C1,500,C1-rules-500,1,65,1409906
C1,500,C1-rules-500,1,66,1370835
C1,500,C1-rules-500,1,67,1366525
C1,500,C1-rules-500,1,68,1396300
C1,500,C1-rules-500,1,69,1363939
C1,500,C1-rules-500,1,70,1377498
C1,500,C1-rules-500,1,71,1394377
C1,500,C1-rules-500,1,72,1379178
C1,500,C1-rules-500,1,73,1369946
C1,500,C1-rules-500,1,74,1382818
C1,500,C1-rules-500,1,75,1356343
C1,500,C1-rules-500,1,76,1384020
C1,500,C1-rules-500,1,77,1365709
C1,500,C1-rules-500,1,78,1364230
C1,500,C1-rules-500,1,79,1399613
C1,500,C1-rules-500,1,80,1360730
C1,500,C1-rules-500,1,81,1391716
C1,500,C1-rules-500,1,82,1406727
C1,500,C1-rules-500,1,83,1386241
C1,500,C1-rules-500,1,84,1371625
C1,500,C1-rules-500,1,85,1396645
C1,500,C1-rules-500,1,86,1363595
C1,500,C1-rules-500,1,87,1374687
C1,500,C1-rules-500,1,88,1370867
C1,500,C1-rules-500,1,89,1377905
C1,500,C1-rules-500,1,90,1383508
C1,500,C1-rules-500,1,91,1395604
C1,500,C1-rules-500,1,92,1355446
C1,500,C1-rules-500,1,93,1373296
C1,500,C1-rules-500,1,94,1400686
C1,500,C1-rules-500,1,95,1380392
C1,500,C1-rules-500,1,96,1367981
C1,500,C1-rules-500,1,97,1396433
C1,500,C1-rules-500,1,98,1395260
C1,500,C1-rules-500,1,99,1370955
C1,500,C1-rules-500,1,100,1384259
C1,500,C1-rules-500,2,1,1369575
C1,500,C1-rules-500,2,2,1415774
C1,500,C1-rules-500,2,3,1358749
C1,500,C1-rules-500,2,4,1375638
C1,500,C1-rules-500,2,5,1373669
C1,500,C1-rules-500,2,6,1368514
C1,500,C1-rules-500,2,7,1358094
C1,500,C1-rules-500,2,8,1397290
C1,500,C1-rules-500,2,9,1368015
C1,500,C1-rules-500,2,10,1381779
C1,500,C1-rules-500,2,11,1383438
C1,500,C1-rules-500,2,12,1359969
C1,500,C1-rules-500,2,13,1349416
C1,500,C1-rules-500,2,14,1391347
C1,500,C1-rules-500,2,15,1362721
C1,500,C1-rules-500,2,16,1374729
C1,500,C1-rules-500,2,17,1388793
C1,500,C1-rules-500,2,18,1368980
C1,500,C1-rules-500,2,19,1365086
C1,500,C1-rules-500,2,20,1394864
C1,500,C1-rules-500,2,21,1369008
C1,500,C1-rules-500,2,22,1374752
C1,500,C1-rules-500,2,23,1394382
C1,500,C1-rules-500,2,24,1368418
C1,500,C1-rules-500,2,25,1359982
C1,500,C1-rules-500,2,26,1377528
C1,500,C1-rules-500,2,27,1388174
C1,500,C1-rules-500,2,28,1359416
C1,500,C1-rules-500,2,29,1382679
C1,500,C1-rules-500,2,30,1375178
C1,500,C1-rules-500,2,31,1391722
C1,500,C1-rules-500,2,32,1366805
C1,500,C1-rules-500,2,33,1373401
C1,500,C1-rules-500,2,34,1420165
C1,500,C1-rules-500,2,35,1421626
C1,500,C1-rules-500,2,36,1402448
C1,500,C1-rules-500,2,37,1399603
C1,500,C1-rules-500,2,38,1388928
C1,500,C1-rules-500,2,39,1376588
C1,500,C1-rules-500,2,40,1379767
C1,500,C1-rules-500,2,41,1373254
C1,500,C1-rules-500,2,42,1373841
C1,500,C1-rules-500,2,43,1396632
C1,500,C1-rules-500,2,44,1398936
C1,500,C1-rules-500,2,45,1373375
C1,500,C1-rules-500,2,46,1395800
C1,500,C1-rules-500,2,47,1366694
C1,500,C1-rules-500,2,48,1371247
C1,500,C1-rules-500,2,49,1466529
C1,500,C1-rules-500,2,50,1384511
C1,500,C1-rules-500,2,51,3328877
C1,500,C1-rules-500,2,52,1462603
C1,500,C1-rules-500,2,53,1426973
C1,500,C1-rules-500,2,54,1392331
C1,500,C1-rules-500,2,55,1391872
C1,500,C1-rules-500,2,56,1413025
C1,500,C1-rules-500,2,57,1377441
C1,500,C1-rules-500,2,58,1368440
C1,500,C1-rules-500,2,59,1407473
C1,500,C1-rules-500,2,60,1360054
C1,500,C1-rules-500,2,61,1376861
C1,500,C1-rules-500,2,62,1374994
C1,500,C1-rules-500,2,63,1357875
C1,500,C1-rules-500,2,64,1399032
C1,500,C1-rules-500,2,65,1366883
C1,500,C1-rules-500,2,66,1372908
C1,500,C1-rules-500,2,67,1389179
C1,500,C1-rules-500,2,68,1408255
C1,500,C1-rules-500,2,69,1380923
C1,500,C1-rules-500,2,70,1395023
C1,500,C1-rules-500,2,71,1368062
C1,500,C1-rules-500,2,72,1365722
C1,500,C1-rules-500,2,73,1392576
C1,500,C1-rules-500,2,74,1372130
C1,500,C1-rules-500,2,75,1366330
C1,500,C1-rules-500,2,76,1395006
C1,500,C1-rules-500,2,77,1386685
C1,500,C1-rules-500,2,78,1374318
C1,500,C1-rules-500,2,79,1389407
C1,500,C1-rules-500,2,80,1373609
C1,500,C1-rules-500,2,81,1358336
C1,500,C1-rules-500,2,82,1382869
C1,500,C1-rules-500,2,83,1389522
C1,500,C1-rules-500,2,84,1362829
C1,500,C1-rules-500,2,85,1398275
C1,500,C1-rules-500,2,86,1385966
C1,500,C1-rules-500,2,87,1390517
C1,500,C1-rules-500,2,88,1391486
C1,500,C1-rules-500,2,89,1376295
C1,500,C1-rules-500,2,90,1403209
C1,500,C1-rules-500,2,91,1375841
C1,500,C1-rules-500,2,92,1373035
C1,500,C1-rules-500,2,93,1391980
C1,500,C1-rules-500,2,94,1383935
C1,500,C1-rules-500,2,95,1374268
C1,500,C1-rules-500,2,96,1403349
C1,500,C1-rules-500,2,97,1378391
C1,500,C1-rules-500,2,98,1373975
C1,500,C1-rules-500,2,99,1384102
C1,500,C1-rules-500,2,100,1374821
C1,500,C1-rules-500,3,1,1382511
C1,500,C1-rules-500,3,2,1381193
C1,500,C1-rules-500,3,3,1371359
C1,500,C1-rules-500,3,4,1375205
C1,500,C1-rules-500,3,5,1411260
C1,500,C1-rules-500,3,6,1382922
C1,500,C1-rules-500,3,7,1362027
C1,500,C1-rules-500,3,8,1394365
C1,500,C1-rules-500,3,9,1368808
C1,500,C1-rules-500,3,10,1384015
C1,500,C1-rules-500,3,11,1376646
C1,500,C1-rules-500,3,12,1346137
C1,500,C1-rules-500,3,13,1359323
C1,500,C1-rules-500,3,14,1382048
C1,500,C1-rules-500,3,15,1382301
C1,500,C1-rules-500,3,16,1422126
C1,500,C1-rules-500,3,17,1371239
C1,500,C1-rules-500,3,18,1365687
C1,500,C1-rules-500,3,19,1375940
C1,500,C1-rules-500,3,20,1371138
C1,500,C1-rules-500,3,21,1363789
C1,500,C1-rules-500,3,22,1529709
C1,500,C1-rules-500,3,23,1386817
C1,500,C1-rules-500,3,24,1366474
C1,500,C1-rules-500,3,25,1401165
C1,500,C1-rules-500,3,26,1376086
C1,500,C1-rules-500,3,27,1372907
C1,500,C1-rules-500,3,28,1391717
C1,500,C1-rules-500,3,29,1366530
C1,500,C1-rules-500,3,30,1374841
C1,500,C1-rules-500,3,31,1392891
C1,500,C1-rules-500,3,32,1375268
C1,500,C1-rules-500,3,33,1385326
C1,500,C1-rules-500,3,34,1401169
C1,500,C1-rules-500,3,35,1363958
C1,500,C1-rules-500,3,36,1361028
C1,500,C1-rules-500,3,37,1392262
C1,500,C1-rules-500,3,38,1353864
C1,500,C1-rules-500,3,39,1377003
C1,500,C1-rules-500,3,40,1416648
C1,500,C1-rules-500,3,41,1363194
C1,500,C1-rules-500,3,42,1414420
C1,500,C1-rules-500,3,43,1358592
C1,500,C1-rules-500,3,44,1381927
C1,500,C1-rules-500,3,45,1387501
C1,500,C1-rules-500,3,46,1370515
C1,500,C1-rules-500,3,47,1374152
C1,500,C1-rules-500,3,48,1603961
C1,500,C1-rules-500,3,49,1375562
C1,500,C1-rules-500,3,50,1493101
C1,500,C1-rules-500,3,51,1391006
C1,500,C1-rules-500,3,52,1377202
C1,500,C1-rules-500,3,53,1393421
C1,500,C1-rules-500,3,54,1381405
C1,500,C1-rules-500,3,55,1364310
C1,500,C1-rules-500,3,56,1371279
C1,500,C1-rules-500,3,57,1389678
C1,500,C1-rules-500,3,58,1361533
C1,500,C1-rules-500,3,59,1416643
C1,500,C1-rules-500,3,60,1379553
C1,500,C1-rules-500,3,61,1363686
C1,500,C1-rules-500,3,62,1396324
C1,500,C1-rules-500,3,63,1394550
C1,500,C1-rules-500,3,64,1394487
C1,500,C1-rules-500,3,65,1394118
C1,500,C1-rules-500,3,66,1365133
C1,500,C1-rules-500,3,67,1370753
C1,500,C1-rules-500,3,68,1379808
C1,500,C1-rules-500,3,69,1386846
C1,500,C1-rules-500,3,70,1376040
C1,500,C1-rules-500,3,71,1376056
C1,500,C1-rules-500,3,72,1380080
C1,500,C1-rules-500,3,73,1368240
C1,500,C1-rules-500,3,74,1389073
C1,500,C1-rules-500,3,75,1402001
C1,500,C1-rules-500,3,76,1361765
C1,500,C1-rules-500,3,77,1405643
C1,500,C1-rules-500,3,78,1373322
C1,500,C1-rules-500,3,79,1378249
C1,500,C1-rules-500,3,80,1384802
C1,500,C1-rules-500,3,81,1361788
C1,500,C1-rules-500,3,82,1401646
C1,500,C1-rules-500,3,83,1385001
C1,500,C1-rules-500,3,84,1362103
C1,500,C1-rules-500,3,85,1397896
C1,500,C1-rules-500,3,86,1385664
C1,500,C1-rules-500,3,87,1419022
C1,500,C1-rules-500,3,88,1401585
C1,500,C1-rules-500,3,89,1371567
C1,500,C1-rules-500,3,90,1378023
C1,500,C1-rules-500,3,91,1373757
C1,500,C1-rules-500,3,92,1373007
C1,500,C1-rules-500,3,93,1396825
C1,500,C1-rules-500,3,94,1367422
C1,500,C1-rules-500,3,95,1368272
C1,500,C1-rules-500,3,96,1382089
C1,500,C1-rules-500,3,97,1397619
C1,500,C1-rules-500,3,98,1364866
C1,500,C1-rules-500,3,99,1402154
C1,500,C1-rules-500,3,100,1377031
C1,500,C1-rules-500,4,1,1360328
C1,500,C1-rules-500,4,2,1375230
C1,500,C1-rules-500,4,3,1376745
C1,500,C1-rules-500,4,4,1356050
C1,500,C1-rules-500,4,5,1392338
C1,500,C1-rules-500,4,6,1383511
C1,500,C1-rules-500,4,7,1374952
C1,500,C1-rules-500,4,8,1371015
C1,500,C1-rules-500,4,9,1383309
C1,500,C1-rules-500,4,10,1388229
C1,500,C1-rules-500,4,11,1438981
C1,500,C1-rules-500,4,12,1373188
C1,500,C1-rules-500,4,13,1374841
C1,500,C1-rules-500,4,14,1387651
C1,500,C1-rules-500,4,15,1366166
C1,500,C1-rules-500,4,16,1365418
C1,500,C1-rules-500,4,17,1387106
C1,500,C1-rules-500,4,18,1383873
C1,500,C1-rules-500,4,19,1374209
C1,500,C1-rules-500,4,20,1388121
C1,500,C1-rules-500,4,21,1379575
C1,500,C1-rules-500,4,22,1369080
C1,500,C1-rules-500,4,23,1379184
C1,500,C1-rules-500,4,24,1379925
C1,500,C1-rules-500,4,25,1380110
C1,500,C1-rules-500,4,26,1375373
C1,500,C1-rules-500,4,27,1370792
C1,500,C1-rules-500,4,28,1376017
C1,500,C1-rules-500,4,29,1400662
C1,500,C1-rules-500,4,30,1369439
C1,500,C1-rules-500,4,31,1380103
C1,500,C1-rules-500,4,32,1384286
C1,500,C1-rules-500,4,33,1364160
C1,500,C1-rules-500,4,34,1370231
C1,500,C1-rules-500,4,35,1412758
C1,500,C1-rules-500,4,36,1391284
C1,500,C1-rules-500,4,37,1393669
C1,500,C1-rules-500,4,38,1373839
C1,500,C1-rules-500,4,39,1353479
C1,500,C1-rules-500,4,40,1388991
C1,500,C1-rules-500,4,41,1382161
C1,500,C1-rules-500,4,42,1372066
C1,500,C1-rules-500,4,43,1384610
C1,500,C1-rules-500,4,44,1366602
C1,500,C1-rules-500,4,45,3250850
C1,500,C1-rules-500,4,46,1420922
C1,500,C1-rules-500,4,47,1380325
C1,500,C1-rules-500,4,48,1404061
C1,500,C1-rules-500,4,49,1365617
C1,500,C1-rules-500,4,50,1376447
C1,500,C1-rules-500,4,51,1381040
C1,500,C1-rules-500,4,52,1369894
C1,500,C1-rules-500,4,53,1377801
C1,500,C1-rules-500,4,54,1359160
C1,500,C1-rules-500,4,55,1367228
C1,500,C1-rules-500,4,56,1381548
C1,500,C1-rules-500,4,57,1377505
C1,500,C1-rules-500,4,58,1393722
C1,500,C1-rules-500,4,59,1428614
C1,500,C1-rules-500,4,60,1368209
C1,500,C1-rules-500,4,61,1377195
C1,500,C1-rules-500,4,62,1384511
C1,500,C1-rules-500,4,63,1373434
C1,500,C1-rules-500,4,64,1360653
C1,500,C1-rules-500,4,65,1367045
C1,500,C1-rules-500,4,66,1376454
C1,500,C1-rules-500,4,67,1365717
C1,500,C1-rules-500,4,68,1396773
C1,500,C1-rules-500,4,69,1374435
C1,500,C1-rules-500,4,70,1376140
C1,500,C1-rules-500,4,71,1383628
C1,500,C1-rules-500,4,72,1363647
C1,500,C1-rules-500,4,73,1379953
C1,500,C1-rules-500,4,74,1386581
C1,500,C1-rules-500,4,75,1376039
C1,500,C1-rules-500,4,76,1362624
C1,500,C1-rules-500,4,77,1379316
C1,500,C1-rules-500,4,78,1366923
C1,500,C1-rules-500,4,79,1378368
C1,500,C1-rules-500,4,80,1387582
C1,500,C1-rules-500,4,81,1366908
C1,500,C1-rules-500,4,82,1395539
C1,500,C1-rules-500,4,83,1388880
C1,500,C1-rules-500,4,84,1367478
C1,500,C1-rules-500,4,85,1381014
C1,500,C1-rules-500,4,86,1368227
C1,500,C1-rules-500,4,87,1369455
C1,500,C1-rules-500,4,88,1382265
C1,500,C1-rules-500,4,89,1367234
C1,500,C1-rules-500,4,90,1384528
C1,500,C1-rules-500,4,91,1375998
C1,500,C1-rules-500,4,92,1367253
C1,500,C1-rules-500,4,93,1381005
C1,500,C1-rules-500,4,94,1387891
C1,500,C1-rules-500,4,95,1382525
C1,500,C1-rules-500,4,96,1369772
C1,500,C1-rules-500,4,97,1381016
C1,500,C1-rules-500,4,98,1363795
C1,500,C1-rules-500,4,99,1371454
C1,500,C1-rules-500,4,100,1389268
C1,500,C1-rules-500,5,1,1388031
C1,500,C1-rules-500,5,2,1361826
C1,500,C1-rules-500,5,3,1381632
C1,500,C1-rules-500,5,4,1367818
C1,500,C1-rules-500,5,5,1371488
C1,500,C1-rules-500,5,6,1393922
C1,500,C1-rules-500,5,7,1372308
C1,500,C1-rules-500,5,8,1411630
C1,500,C1-rules-500,5,9,1391288
C1,500,C1-rules-500,5,10,1365787
C1,500,C1-rules-500,5,11,1392142
C1,500,C1-rules-500,5,12,1356504
C1,500,C1-rules-500,5,13,1359991
C1,500,C1-rules-500,5,14,1402960
C1,500,C1-rules-500,5,15,1369588
C1,500,C1-rules-500,5,16,1370848
C1,500,C1-rules-500,5,17,1411740
C1,500,C1-rules-500,5,18,1388731
C1,500,C1-rules-500,5,19,1365525
C1,500,C1-rules-500,5,20,1402588
C1,500,C1-rules-500,5,21,1356677
C1,500,C1-rules-500,5,22,1352487
C1,500,C1-rules-500,5,23,1390643
C1,500,C1-rules-500,5,24,1369095
C1,500,C1-rules-500,5,25,1373425
C1,500,C1-rules-500,5,26,1382391
C1,500,C1-rules-500,5,27,1373150
C1,500,C1-rules-500,5,28,1374944
C1,500,C1-rules-500,5,29,1371721
C1,500,C1-rules-500,5,30,1384888
C1,500,C1-rules-500,5,31,1369187
C1,500,C1-rules-500,5,32,1423015
C1,500,C1-rules-500,5,33,1374161
C1,500,C1-rules-500,5,34,1376770
C1,500,C1-rules-500,5,35,1390055
C1,500,C1-rules-500,5,36,1382261
C1,500,C1-rules-500,5,37,1385154
C1,500,C1-rules-500,5,38,1366523
C1,500,C1-rules-500,5,39,1369664
C1,500,C1-rules-500,5,40,1397503
C1,500,C1-rules-500,5,41,1371947
C1,500,C1-rules-500,5,42,1375381
C1,500,C1-rules-500,5,43,1384811
C1,500,C1-rules-500,5,44,1360780
C1,500,C1-rules-500,5,45,1359775
C1,500,C1-rules-500,5,46,1381132
C1,500,C1-rules-500,5,47,1369044
C1,500,C1-rules-500,5,48,1373390
C1,500,C1-rules-500,5,49,1389873
C1,500,C1-rules-500,5,50,1365714
C1,500,C1-rules-500,5,51,1370634
C1,500,C1-rules-500,5,52,1386293
C1,500,C1-rules-500,5,53,1383292
C1,500,C1-rules-500,5,54,1366637
C1,500,C1-rules-500,5,55,1398643
C1,500,C1-rules-500,5,56,1371565
C1,500,C1-rules-500,5,57,1384241
C1,500,C1-rules-500,5,58,1396589
C1,500,C1-rules-500,5,59,1371432
C1,500,C1-rules-500,5,60,1365875
C1,500,C1-rules-500,5,61,1400326
C1,500,C1-rules-500,5,62,1377181
C1,500,C1-rules-500,5,63,1376335
C1,500,C1-rules-500,5,64,1392880
C1,500,C1-rules-500,5,65,1376026
C1,500,C1-rules-500,5,66,1399851
C1,500,C1-rules-500,5,67,1371252
C1,500,C1-rules-500,5,68,1366788
C1,500,C1-rules-500,5,69,1402790
C1,500,C1-rules-500,5,70,1366113
C1,500,C1-rules-500,5,71,1355578
C1,500,C1-rules-500,5,72,1378642
C1,500,C1-rules-500,5,73,1370003
C1,500,C1-rules-500,5,74,1372765
C1,500,C1-rules-500,5,75,1390085
C1,500,C1-rules-500,5,76,1376304
C1,500,C1-rules-500,5,77,1380975
C1,500,C1-rules-500,5,78,1382339
C1,500,C1-rules-500,5,79,1374051
C1,500,C1-rules-500,5,80,1354618
C1,500,C1-rules-500,5,81,1407390
C1,500,C1-rules-500,5,82,1363278
C1,500,C1-rules-500,5,83,1365485
C1,500,C1-rules-500,5,84,1398737
C1,500,C1-rules-500,5,85,1377606
C1,500,C1-rules-500,5,86,1394515
C1,500,C1-rules-500,5,87,1381056
C1,500,C1-rules-500,5,88,1368584
C1,500,C1-rules-500,5,89,1378476
C1,500,C1-rules-500,5,90,1387933
C1,500,C1-rules-500,5,91,1375791
C1,500,C1-rules-500,5,92,1400328
C1,500,C1-rules-500,5,93,1366233
C1,500,C1-rules-500,5,94,1369885
C1,500,C1-rules-500,5,95,1394691
C1,500,C1-rules-500,5,96,1362428
C1,500,C1-rules-500,5,97,1369568
C1,500,C1-rules-500,5,98,1389529
C1,500,C1-rules-500,5,99,1360364
C1,500,C1-rules-500,5,100,1373084
C1,500,C1-rules-500,6,1,1387318
C1,500,C1-rules-500,6,2,1373932
C1,500,C1-rules-500,6,3,1412896
C1,500,C1-rules-500,6,4,1405258
C1,500,C1-rules-500,6,5,1408362
C1,500,C1-rules-500,6,6,1410455
C1,500,C1-rules-500,6,7,1395081
C1,500,C1-rules-500,6,8,1370583
C1,500,C1-rules-500,6,9,1359379
C1,500,C1-rules-500,6,10,1386057
C1,500,C1-rules-500,6,11,1378378
C1,500,C1-rules-500,6,12,1367803
C1,500,C1-rules-500,6,13,1394338
C1,500,C1-rules-500,6,14,1365070
C1,500,C1-rules-500,6,15,1392064
C1,500,C1-rules-500,6,16,1372161
C1,500,C1-rules-500,6,17,1373418
C1,500,C1-rules-500,6,18,1401449
C1,500,C1-rules-500,6,19,1375190
C1,500,C1-rules-500,6,20,1361027
C1,500,C1-rules-500,6,21,1395194
C1,500,C1-rules-500,6,22,1373993
C1,500,C1-rules-500,6,23,1362726
C1,500,C1-rules-500,6,24,1403425
C1,500,C1-rules-500,6,25,1383392
C1,500,C1-rules-500,6,26,1380228
C1,500,C1-rules-500,6,27,1400541
C1,500,C1-rules-500,6,28,1377680
C1,500,C1-rules-500,6,29,1362879
C1,500,C1-rules-500,6,30,1422213
C1,500,C1-rules-500,6,31,1376829
C1,500,C1-rules-500,6,32,1365850
C1,500,C1-rules-500,6,33,1389474
C1,500,C1-rules-500,6,34,1383183
C1,500,C1-rules-500,6,35,1363715
C1,500,C1-rules-500,6,36,1398317
C1,500,C1-rules-500,6,37,1365772
C1,500,C1-rules-500,6,38,1368211
C1,500,C1-rules-500,6,39,3412156
C1,500,C1-rules-500,6,40,1516356
C1,500,C1-rules-500,6,41,1419366
C1,500,C1-rules-500,6,42,1377636
C1,500,C1-rules-500,6,43,1403084
C1,500,C1-rules-500,6,44,1381333
C1,500,C1-rules-500,6,45,1391355
C1,500,C1-rules-500,6,46,1387241
C1,500,C1-rules-500,6,47,1364510
C1,500,C1-rules-500,6,48,1359135
C1,500,C1-rules-500,6,49,1394635
C1,500,C1-rules-500,6,50,1366799
C1,500,C1-rules-500,6,51,1377548
C1,500,C1-rules-500,6,52,1370018
C1,500,C1-rules-500,6,53,1388504
C1,500,C1-rules-500,6,54,1420374
C1,500,C1-rules-500,6,55,1359220
C1,500,C1-rules-500,6,56,1369532
C1,500,C1-rules-500,6,57,1380388
C1,500,C1-rules-500,6,58,1367828
C1,500,C1-rules-500,6,59,1379490
C1,500,C1-rules-500,6,60,1394102
C1,500,C1-rules-500,6,61,1368031
C1,500,C1-rules-500,6,62,1362220
C1,500,C1-rules-500,6,63,1407797
C1,500,C1-rules-500,6,64,1386208
C1,500,C1-rules-500,6,65,1387478
C1,500,C1-rules-500,6,66,1397184
C1,500,C1-rules-500,6,67,1374782
C1,500,C1-rules-500,6,68,1384513
C1,500,C1-rules-500,6,69,1399138
C1,500,C1-rules-500,6,70,1367743
C1,500,C1-rules-500,6,71,1359090
C1,500,C1-rules-500,6,72,1394485
C1,500,C1-rules-500,6,73,1353773
C1,500,C1-rules-500,6,74,1376690
C1,500,C1-rules-500,6,75,1375863
C1,500,C1-rules-500,6,76,1372139
C1,500,C1-rules-500,6,77,1453298
C1,500,C1-rules-500,6,78,1365603
C1,500,C1-rules-500,6,79,1395941
C1,500,C1-rules-500,6,80,1384496
C1,500,C1-rules-500,6,81,1361153
C1,500,C1-rules-500,6,82,1369839
C1,500,C1-rules-500,6,83,1392317
C1,500,C1-rules-500,6,84,1379703
C1,500,C1-rules-500,6,85,1368199
C1,500,C1-rules-500,6,86,1390039
C1,500,C1-rules-500,6,87,1367823
C1,500,C1-rules-500,6,88,1382079
C1,500,C1-rules-500,6,89,1379839
C1,500,C1-rules-500,6,90,1364164
C1,500,C1-rules-500,6,91,1375787
C1,500,C1-rules-500,6,92,1419681
C1,500,C1-rules-500,6,93,1388391
C1,500,C1-rules-500,6,94,1352398
C1,500,C1-rules-500,6,95,1373816
C1,500,C1-rules-500,6,96,1371388
C1,500,C1-rules-500,6,97,1378073
C1,500,C1-rules-500,6,98,1373972
C1,500,C1-rules-500,6,99,1360354
C1,500,C1-rules-500,6,100,1367306
C1,500,C1-rules-500,7,1,1400031
C1,500,C1-rules-500,7,2,1390340
C1,500,C1-rules-500,7,3,1390705
C1,500,C1-rules-500,7,4,1381351
C1,500,C1-rules-500,7,5,1399682
C1,500,C1-rules-500,7,6,1389506
C1,500,C1-rules-500,7,7,1359684
C1,500,C1-rules-500,7,8,1368496
C1,500,C1-rules-500,7,9,1384063
C1,500,C1-rules-500,7,10,1369512
C1,500,C1-rules-500,7,11,1368917
C1,500,C1-rules-500,7,12,1389904
C1,500,C1-rules-500,7,13,1363200
C1,500,C1-rules-500,7,14,1397573
C1,500,C1-rules-500,7,15,1398213
C1,500,C1-rules-500,7,16,1372205
C1,500,C1-rules-500,7,17,1391385
C1,500,C1-rules-500,7,18,1395296
C1,500,C1-rules-500,7,19,1371461
C1,500,C1-rules-500,7,20,1372866
C1,500,C1-rules-500,7,21,1384091
C1,500,C1-rules-500,7,22,1397698
C1,500,C1-rules-500,7,23,1376900
C1,500,C1-rules-500,7,24,1369240
C1,500,C1-rules-500,7,25,1404863
C1,500,C1-rules-500,7,26,1406909
C1,500,C1-rules-500,7,27,1399541
C1,500,C1-rules-500,7,28,1370277
C1,500,C1-rules-500,7,29,1402808
C1,500,C1-rules-500,7,30,1370723
C1,500,C1-rules-500,7,31,1420486
C1,500,C1-rules-500,7,32,1411655
C1,500,C1-rules-500,7,33,1368252
C1,500,C1-rules-500,7,34,1390214
C1,500,C1-rules-500,7,35,1393131
C1,500,C1-rules-500,7,36,1376033
C1,500,C1-rules-500,7,37,1382549
C1,500,C1-rules-500,7,38,1427315
C1,500,C1-rules-500,7,39,1370816
C1,500,C1-rules-500,7,40,1364246
C1,500,C1-rules-500,7,41,1398205
C1,500,C1-rules-500,7,42,1354421
C1,500,C1-rules-500,7,43,1366038
C1,500,C1-rules-500,7,44,1380828
C1,500,C1-rules-500,7,45,1365294
C1,500,C1-rules-500,7,46,1360634
C1,500,C1-rules-500,7,47,1398759
C1,500,C1-rules-500,7,48,1370793
C1,500,C1-rules-500,7,49,1411540
C1,500,C1-rules-500,7,50,1410285
C1,500,C1-rules-500,7,51,1396221
C1,500,C1-rules-500,7,52,1387451
C1,500,C1-rules-500,7,53,1384447
C1,500,C1-rules-500,7,54,1350477
C1,500,C1-rules-500,7,55,1368384
C1,500,C1-rules-500,7,56,1411540
C1,500,C1-rules-500,7,57,1376395
C1,500,C1-rules-500,7,58,1389211
C1,500,C1-rules-500,7,59,1406666
C1,500,C1-rules-500,7,60,1385350
C1,500,C1-rules-500,7,61,1402882
C1,500,C1-rules-500,7,62,1370395
C1,500,C1-rules-500,7,63,1389835
C1,500,C1-rules-500,7,64,1400045
C1,500,C1-rules-500,7,65,1377087
C1,500,C1-rules-500,7,66,1372797
C1,500,C1-rules-500,7,67,1367564
C1,500,C1-rules-500,7,68,1373219
C1,500,C1-rules-500,7,69,1368008
C1,500,C1-rules-500,7,70,1385626
C1,500,C1-rules-500,7,71,1375424
C1,500,C1-rules-500,7,72,1385501
C1,500,C1-rules-500,7,73,1403643
C1,500,C1-rules-500,7,74,1371809
C1,500,C1-rules-500,7,75,1355425
C1,500,C1-rules-500,7,76,1393948
C1,500,C1-rules-500,7,77,1361767
C1,500,C1-rules-500,7,78,1375733
C1,500,C1-rules-500,7,79,1368401
C1,500,C1-rules-500,7,80,1374914
C1,500,C1-rules-500,7,81,1410965
C1,500,C1-rules-500,7,82,1403633
C1,500,C1-rules-500,7,83,1362359
C1,500,C1-rules-500,7,84,1380859
C1,500,C1-rules-500,7,85,1354848
C1,500,C1-rules-500,7,86,1388770
C1,500,C1-rules-500,7,87,1417674
C1,500,C1-rules-500,7,88,1361510
C1,500,C1-rules-500,7,89,1368247
C1,500,C1-rules-500,7,90,1380630
C1,500,C1-rules-500,7,91,1394441
C1,500,C1-rules-500,7,92,1361225
C1,500,C1-rules-500,7,93,1388028
C1,500,C1-rules-500,7,94,1365834
C1,500,C1-rules-500,7,95,1380200
C1,500,C1-rules-500,7,96,1407275
C1,500,C1-rules-500,7,97,1392440
C1,500,C1-rules-500,7,98,1361162
C1,500,C1-rules-500,7,99,1397698
C1,500,C1-rules-500,7,100,1359022
C1,500,C1-rules-500,8,1,1381547
C1,500,C1-rules-500,8,2,1378202
C1,500,C1-rules-500,8,3,1376616
C1,500,C1-rules-500,8,4,1391279
C1,500,C1-rules-500,8,5,1380739
C1,500,C1-rules-500,8,6,1383568
C1,500,C1-rules-500,8,7,1383456
C1,500,C1-rules-500,8,8,1387547
C1,500,C1-rules-500,8,9,1393357
C1,500,C1-rules-500,8,10,1384199
C1,500,C1-rules-500,8,11,1382539
C1,500,C1-rules-500,8,12,1390834
C1,500,C1-rules-500,8,13,1387054
C1,500,C1-rules-500,8,14,1366079
C1,500,C1-rules-500,8,15,1376327
C1,500,C1-rules-500,8,16,1386297
C1,500,C1-rules-500,8,17,1396429
C1,500,C1-rules-500,8,18,1379673
C1,500,C1-rules-500,8,19,1391764
C1,500,C1-rules-500,8,20,1438061
C1,500,C1-rules-500,8,21,1399014
C1,500,C1-rules-500,8,22,1408609
C1,500,C1-rules-500,8,23,1399615
C1,500,C1-rules-500,8,24,1372881
C1,500,C1-rules-500,8,25,1414233
C1,500,C1-rules-500,8,26,1425565
C1,500,C1-rules-500,8,27,1413500
C1,500,C1-rules-500,8,28,1396795
C1,500,C1-rules-500,8,29,1369502
C1,500,C1-rules-500,8,30,1405824
C1,500,C1-rules-500,8,31,1371871
C1,500,C1-rules-500,8,32,1373257
C1,500,C1-rules-500,8,33,1400887
C1,500,C1-rules-500,8,34,1410222
C1,500,C1-rules-500,8,35,3274717
C1,500,C1-rules-500,8,36,1446447
C1,500,C1-rules-500,8,37,1397331
C1,500,C1-rules-500,8,38,1389570
C1,500,C1-rules-500,8,39,1388890
C1,500,C1-rules-500,8,40,1415477
C1,500,C1-rules-500,8,41,1372114
C1,500,C1-rules-500,8,42,1381353
C1,500,C1-rules-500,8,43,1390379
C1,500,C1-rules-500,8,44,1382365
C1,500,C1-rules-500,8,45,1379662
C1,500,C1-rules-500,8,46,1394631
C1,500,C1-rules-500,8,47,1357629
C1,500,C1-rules-500,8,48,1381237
C1,500,C1-rules-500,8,49,1399011
C1,500,C1-rules-500,8,50,1387611
C1,500,C1-rules-500,8,51,1369007
C1,500,C1-rules-500,8,52,1399806
C1,500,C1-rules-500,8,53,1370237
C1,500,C1-rules-500,8,54,1372515
C1,500,C1-rules-500,8,55,1390990
C1,500,C1-rules-500,8,56,1353712
C1,500,C1-rules-500,8,57,1364008
C1,500,C1-rules-500,8,58,1402355
C1,500,C1-rules-500,8,59,1358641
C1,500,C1-rules-500,8,60,1395196
C1,500,C1-rules-500,8,61,1379995
C1,500,C1-rules-500,8,62,1367034
C1,500,C1-rules-500,8,63,1384617
C1,500,C1-rules-500,8,64,1357950
C1,500,C1-rules-500,8,65,1372223
C1,500,C1-rules-500,8,66,1412261
C1,500,C1-rules-500,8,67,1374241
C1,500,C1-rules-500,8,68,1393534
C1,500,C1-rules-500,8,69,1396625
C1,500,C1-rules-500,8,70,1363003
C1,500,C1-rules-500,8,71,1373922
C1,500,C1-rules-500,8,72,1383438
C1,500,C1-rules-500,8,73,1369570
C1,500,C1-rules-500,8,74,1370095
C1,500,C1-rules-500,8,75,1390262
C1,500,C1-rules-500,8,76,1387053
C1,500,C1-rules-500,8,77,1384164
C1,500,C1-rules-500,8,78,1404388
C1,500,C1-rules-500,8,79,1352396
C1,500,C1-rules-500,8,80,1367492
C1,500,C1-rules-500,8,81,1379579
C1,500,C1-rules-500,8,82,1359177
C1,500,C1-rules-500,8,83,1395575
C1,500,C1-rules-500,8,84,1377982
C1,500,C1-rules-500,8,85,1380549
C1,500,C1-rules-500,8,86,1359526
C1,500,C1-rules-500,8,87,1373890
C1,500,C1-rules-500,8,88,1365043
C1,500,C1-rules-500,8,89,1390980
C1,500,C1-rules-500,8,90,1382861
C1,500,C1-rules-500,8,91,1375904
C1,500,C1-rules-500,8,92,1426258
C1,500,C1-rules-500,8,93,1384696
C1,500,C1-rules-500,8,94,1375794
C1,500,C1-rules-500,8,95,1387461
C1,500,C1-rules-500,8,96,1403124
C1,500,C1-rules-500,8,97,1396088
C1,500,C1-rules-500,8,98,1379718
C1,500,C1-rules-500,8,99,1384336
C1,500,C1-rules-500,8,100,1378635
C5,50,C5-rules-050,1,1,279796
C5,50,C5-rules-050,1,2,277812
C5,50,C5-rules-050,1,3,283484
C5,50,C5-rules-050,1,4,276083
C5,50,C5-rules-050,1,5,279549
C5,50,C5-rules-050,1,6,277688
C5,50,C5-rules-050,1,7,280932
C5,50,C5-rules-050,1,8,280342
C5,50,C5-rules-050,1,9,278939
C5,50,C5-rules-050,1,10,279963
C5,50,C5-rules-050,1,11,278544
C5,50,C5-rules-050,1,12,277521
C5,50,C5-rules-050,1,13,287417
C5,50,C5-rules-050,1,14,287188
C5,50,C5-rules-050,1,15,283397
C5,50,C5-rules-050,1,16,280098
C5,50,C5-rules-050,1,17,276796
C5,50,C5-rules-050,1,18,275799
C5,50,C5-rules-050,1,19,274765
C5,50,C5-rules-050,1,20,277162
C5,50,C5-rules-050,1,21,276623
C5,50,C5-rules-050,1,22,280587
C5,50,C5-rules-050,1,23,276082
C5,50,C5-rules-050,1,24,278090
C5,50,C5-rules-050,1,25,277063
C5,50,C5-rules-050,1,26,279376
C5,50,C5-rules-050,1,27,278850
C5,50,C5-rules-050,1,28,293692
C5,50,C5-rules-050,1,29,288183
C5,50,C5-rules-050,1,30,275874
C5,50,C5-rules-050,1,31,277815
C5,50,C5-rules-050,1,32,280899
C5,50,C5-rules-050,1,33,280020
C5,50,C5-rules-050,1,34,278020
C5,50,C5-rules-050,1,35,278590
C5,50,C5-rules-050,1,36,283656
C5,50,C5-rules-050,1,37,277634
C5,50,C5-rules-050,1,38,275326
C5,50,C5-rules-050,1,39,278281
C5,50,C5-rules-050,1,40,279654
C5,50,C5-rules-050,1,41,276924
C5,50,C5-rules-050,1,42,279020
C5,50,C5-rules-050,1,43,284917
C5,50,C5-rules-050,1,44,288652
C5,50,C5-rules-050,1,45,276648
C5,50,C5-rules-050,1,46,276466
C5,50,C5-rules-050,1,47,276575
C5,50,C5-rules-050,1,48,275509
C5,50,C5-rules-050,1,49,275161
C5,50,C5-rules-050,1,50,290212
C5,50,C5-rules-050,1,51,279463
C5,50,C5-rules-050,1,52,275361
C5,50,C5-rules-050,1,53,277477
C5,50,C5-rules-050,1,54,280439
C5,50,C5-rules-050,1,55,283852
C5,50,C5-rules-050,1,56,277054
C5,50,C5-rules-050,1,57,280787
C5,50,C5-rules-050,1,58,282353
C5,50,C5-rules-050,1,59,274686
C5,50,C5-rules-050,1,60,275781
C5,50,C5-rules-050,1,61,276343
C5,50,C5-rules-050,1,62,277126
C5,50,C5-rules-050,1,63,273126
C5,50,C5-rules-050,1,64,275012
C5,50,C5-rules-050,1,65,275822
C5,50,C5-rules-050,1,66,278096
C5,50,C5-rules-050,1,67,278815
C5,50,C5-rules-050,1,68,286606
C5,50,C5-rules-050,1,69,277912
C5,50,C5-rules-050,1,70,275051
C5,50,C5-rules-050,1,71,280620
C5,50,C5-rules-050,1,72,273151
C5,50,C5-rules-050,1,73,278725
C5,50,C5-rules-050,1,74,275019
C5,50,C5-rules-050,1,75,275786
C5,50,C5-rules-050,1,76,275196
C5,50,C5-rules-050,1,77,274630
C5,50,C5-rules-050,1,78,275736
C5,50,C5-rules-050,1,79,274318
C5,50,C5-rules-050,1,80,281115
C5,50,C5-rules-050,1,81,277836
C5,50,C5-rules-050,1,82,276956
C5,50,C5-rules-050,1,83,277578
C5,50,C5-rules-050,1,84,275412
C5,50,C5-rules-050,1,85,276402
C5,50,C5-rules-050,1,86,293062
C5,50,C5-rules-050,1,87,275094
C5,50,C5-rules-050,1,88,282010
C5,50,C5-rules-050,1,89,278209
C5,50,C5-rules-050,1,90,275946
C5,50,C5-rules-050,1,91,279468
C5,50,C5-rules-050,1,92,288977
C5,50,C5-rules-050,1,93,292458
C5,50,C5-rules-050,1,94,5164372
C5,50,C5-rules-050,1,95,405701
C5,50,C5-rules-050,1,96,358339
C5,50,C5-rules-050,1,97,297670
C5,50,C5-rules-050,1,98,283269
C5,50,C5-rules-050,1,99,287172
C5,50,C5-rules-050,1,100,280990
C5,50,C5-rules-050,2,1,291412
C5,50,C5-rules-050,2,2,305234
C5,50,C5-rules-050,2,3,281719
C5,50,C5-rules-050,2,4,278088
C5,50,C5-rules-050,2,5,276082
C5,50,C5-rules-050,2,6,276367
C5,50,C5-rules-050,2,7,276204
C5,50,C5-rules-050,2,8,282199
C5,50,C5-rules-050,2,9,280856
C5,50,C5-rules-050,2,10,294673
C5,50,C5-rules-050,2,11,276720
C5,50,C5-rules-050,2,12,273153
C5,50,C5-rules-050,2,13,273479
C5,50,C5-rules-050,2,14,275553
C5,50,C5-rules-050,2,15,280399
C5,50,C5-rules-050,2,16,274980
C5,50,C5-rules-050,2,17,277725
C5,50,C5-rules-050,2,18,273524
C5,50,C5-rules-050,2,19,275558
C5,50,C5-rules-050,2,20,280750
C5,50,C5-rules-050,2,21,272429
C5,50,C5-rules-050,2,22,282614
C5,50,C5-rules-050,2,23,274681
C5,50,C5-rules-050,2,24,288910
C5,50,C5-rules-050,2,25,282364
C5,50,C5-rules-050,2,26,277020
C5,50,C5-rules-050,2,27,276115
C5,50,C5-rules-050,2,28,280490
C5,50,C5-rules-050,2,29,278043
C5,50,C5-rules-050,2,30,280833
C5,50,C5-rules-050,2,31,277332
C5,50,C5-rules-050,2,32,276824
C5,50,C5-rules-050,2,33,275094
C5,50,C5-rules-050,2,34,275068
C5,50,C5-rules-050,2,35,275594
C5,50,C5-rules-050,2,36,276681
C5,50,C5-rules-050,2,37,279145
C5,50,C5-rules-050,2,38,282791
C5,50,C5-rules-050,2,39,277427
C5,50,C5-rules-050,2,40,274610
C5,50,C5-rules-050,2,41,275979
C5,50,C5-rules-050,2,42,277217
C5,50,C5-rules-050,2,43,274026
C5,50,C5-rules-050,2,44,279841
C5,50,C5-rules-050,2,45,276912
C5,50,C5-rules-050,2,46,279154
C5,50,C5-rules-050,2,47,273846
C5,50,C5-rules-050,2,48,277235
C5,50,C5-rules-050,2,49,276735
C5,50,C5-rules-050,2,50,275774
C5,50,C5-rules-050,2,51,278326
C5,50,C5-rules-050,2,52,283126
C5,50,C5-rules-050,2,53,281383
C5,50,C5-rules-050,2,54,274694
C5,50,C5-rules-050,2,55,275967
C5,50,C5-rules-050,2,56,272655
C5,50,C5-rules-050,2,57,271413
C5,50,C5-rules-050,2,58,273068
C5,50,C5-rules-050,2,59,282027
C5,50,C5-rules-050,2,60,273560
C5,50,C5-rules-050,2,61,275827
C5,50,C5-rules-050,2,62,281950
C5,50,C5-rules-050,2,63,277556
C5,50,C5-rules-050,2,64,278792
C5,50,C5-rules-050,2,65,277542
C5,50,C5-rules-050,2,66,273804
C5,50,C5-rules-050,2,67,280997
C5,50,C5-rules-050,2,68,273594
C5,50,C5-rules-050,2,69,274302
C5,50,C5-rules-050,2,70,280753
C5,50,C5-rules-050,2,71,276228
C5,50,C5-rules-050,2,72,275777
C5,50,C5-rules-050,2,73,274910
C5,50,C5-rules-050,2,74,287037
C5,50,C5-rules-050,2,75,275919
C5,50,C5-rules-050,2,76,274439
C5,50,C5-rules-050,2,77,275428
C5,50,C5-rules-050,2,78,275586
C5,50,C5-rules-050,2,79,273234
C5,50,C5-rules-050,2,80,272349
C5,50,C5-rules-050,2,81,284156
C5,50,C5-rules-050,2,82,279083
C5,50,C5-rules-050,2,83,275140
C5,50,C5-rules-050,2,84,278199
C5,50,C5-rules-050,2,85,273750
C5,50,C5-rules-050,2,86,278353
C5,50,C5-rules-050,2,87,275465
C5,50,C5-rules-050,2,88,285666
C5,50,C5-rules-050,2,89,275758
C5,50,C5-rules-050,2,90,275249
C5,50,C5-rules-050,2,91,275856
C5,50,C5-rules-050,2,92,274315
C5,50,C5-rules-050,2,93,274337
C5,50,C5-rules-050,2,94,278470
C5,50,C5-rules-050,2,95,274445
C5,50,C5-rules-050,2,96,299389
C5,50,C5-rules-050,2,97,273493
C5,50,C5-rules-050,2,98,273581
C5,50,C5-rules-050,2,99,273075
C5,50,C5-rules-050,2,100,273790
C5,50,C5-rules-050,3,1,277195
C5,50,C5-rules-050,3,2,274974
C5,50,C5-rules-050,3,3,279720
C5,50,C5-rules-050,3,4,273202
C5,50,C5-rules-050,3,5,274077
C5,50,C5-rules-050,3,6,272340
C5,50,C5-rules-050,3,7,283154
C5,50,C5-rules-050,3,8,274971
C5,50,C5-rules-050,3,9,272064
C5,50,C5-rules-050,3,10,289811
C5,50,C5-rules-050,3,11,276252
C5,50,C5-rules-050,3,12,272188
C5,50,C5-rules-050,3,13,270771
C5,50,C5-rules-050,3,14,272378
C5,50,C5-rules-050,3,15,272204
C5,50,C5-rules-050,3,16,268746
C5,50,C5-rules-050,3,17,273030
C5,50,C5-rules-050,3,18,279050
C5,50,C5-rules-050,3,19,274302
C5,50,C5-rules-050,3,20,273752
C5,50,C5-rules-050,3,21,279580
C5,50,C5-rules-050,3,22,273494
C5,50,C5-rules-050,3,23,272309
C5,50,C5-rules-050,3,24,275727
C5,50,C5-rules-050,3,25,279757
C5,50,C5-rules-050,3,26,272412
C5,50,C5-rules-050,3,27,272775
C5,50,C5-rules-050,3,28,274237
C5,50,C5-rules-050,3,29,271705
C5,50,C5-rules-050,3,30,274740
C5,50,C5-rules-050,3,31,283924
C5,50,C5-rules-050,3,32,271657
C5,50,C5-rules-050,3,33,279646
C5,50,C5-rules-050,3,34,270899
C5,50,C5-rules-050,3,35,273686
C5,50,C5-rules-050,3,36,272656
C5,50,C5-rules-050,3,37,275518
C5,50,C5-rules-050,3,38,274336
C5,50,C5-rules-050,3,39,290103
C5,50,C5-rules-050,3,40,279490
C5,50,C5-rules-050,3,41,273514
C5,50,C5-rules-050,3,42,274932
C5,50,C5-rules-050,3,43,276416
C5,50,C5-rules-050,3,44,271839
C5,50,C5-rules-050,3,45,275037
C5,50,C5-rules-050,3,46,275289
C5,50,C5-rules-050,3,47,272637
C5,50,C5-rules-050,3,48,277984
C5,50,C5-rules-050,3,49,272981
C5,50,C5-rules-050,3,50,273217
C5,50,C5-rules-050,3,51,274231
C5,50,C5-rules-050,3,52,272551
C5,50,C5-rules-050,3,53,285093
C5,50,C5-rules-050,3,54,280948
C5,50,C5-rules-050,3,55,278686
C5,50,C5-rules-050,3,56,273401
C5,50,C5-rules-050,3,57,273970
C5,50,C5-rules-050,3,58,276696
C5,50,C5-rules-050,3,59,277958
C5,50,C5-rules-050,3,60,283470
C5,50,C5-rules-050,3,61,276252
C5,50,C5-rules-050,3,62,280903
C5,50,C5-rules-050,3,63,278277
C5,50,C5-rules-050,3,64,274596
C5,50,C5-rules-050,3,65,274709
C5,50,C5-rules-050,3,66,271700
C5,50,C5-rules-050,3,67,280551
C5,50,C5-rules-050,3,68,274910
C5,50,C5-rules-050,3,69,272803
C5,50,C5-rules-050,3,70,276288
C5,50,C5-rules-050,3,71,275534
C5,50,C5-rules-050,3,72,272459
C5,50,C5-rules-050,3,73,272427
C5,50,C5-rules-050,3,74,275029
C5,50,C5-rules-050,3,75,287069
C5,50,C5-rules-050,3,76,275015
C5,50,C5-rules-050,3,77,279897
C5,50,C5-rules-050,3,78,270918
C5,50,C5-rules-050,3,79,274823
C5,50,C5-rules-050,3,80,273762
C5,50,C5-rules-050,3,81,272279
C5,50,C5-rules-050,3,82,284740
C5,50,C5-rules-050,3,83,271071
C5,50,C5-rules-050,3,84,271899
C5,50,C5-rules-050,3,85,281168
C5,50,C5-rules-050,3,86,271098
C5,50,C5-rules-050,3,87,268916
C5,50,C5-rules-050,3,88,270982
C5,50,C5-rules-050,3,89,270825
C5,50,C5-rules-050,3,90,274503
C5,50,C5-rules-050,3,91,271499
C5,50,C5-rules-050,3,92,279236
C5,50,C5-rules-050,3,93,272174
C5,50,C5-rules-050,3,94,279672
C5,50,C5-rules-050,3,95,278061
C5,50,C5-rules-050,3,96,278920
C5,50,C5-rules-050,3,97,278246
C5,50,C5-rules-050,3,98,272762
C5,50,C5-rules-050,3,99,278136
C5,50,C5-rules-050,3,100,270132
C5,50,C5-rules-050,4,1,273459
C5,50,C5-rules-050,4,2,271490
C5,50,C5-rules-050,4,3,272598
C5,50,C5-rules-050,4,4,271851
C5,50,C5-rules-050,4,5,271027
C5,50,C5-rules-050,4,6,268839
C5,50,C5-rules-050,4,7,276883
C5,50,C5-rules-050,4,8,274680
C5,50,C5-rules-050,4,9,275222
C5,50,C5-rules-050,4,10,276589
C5,50,C5-rules-050,4,11,294948
C5,50,C5-rules-050,4,12,274988
C5,50,C5-rules-050,4,13,274167
C5,50,C5-rules-050,4,14,280972
C5,50,C5-rules-050,4,15,273145
C5,50,C5-rules-050,4,16,271635
C5,50,C5-rules-050,4,17,274310
C5,50,C5-rules-050,4,18,273102
C5,50,C5-rules-050,4,19,275317
C5,50,C5-rules-050,4,20,276630
C5,50,C5-rules-050,4,21,284954
C5,50,C5-rules-050,4,22,277760
C5,50,C5-rules-050,4,23,271435
C5,50,C5-rules-050,4,24,271741
C5,50,C5-rules-050,4,25,285884
C5,50,C5-rules-050,4,26,277095
C5,50,C5-rules-050,4,27,274385
C5,50,C5-rules-050,4,28,270600
C5,50,C5-rules-050,4,29,278532
C5,50,C5-rules-050,4,30,273403
C5,50,C5-rules-050,4,31,271670
C5,50,C5-rules-050,4,32,274119
C5,50,C5-rules-050,4,33,271421
C5,50,C5-rules-050,4,34,273733
C5,50,C5-rules-050,4,35,273535
C5,50,C5-rules-050,4,36,278983
C5,50,C5-rules-050,4,37,278464
C5,50,C5-rules-050,4,38,282335
C5,50,C5-rules-050,4,39,286973
C5,50,C5-rules-050,4,40,282558
C5,50,C5-rules-050,4,41,272629
C5,50,C5-rules-050,4,42,269380
C5,50,C5-rules-050,4,43,271150
C5,50,C5-rules-050,4,44,277154
C5,50,C5-rules-050,4,45,271558
C5,50,C5-rules-050,4,46,273882
C5,50,C5-rules-050,4,47,271406
C5,50,C5-rules-050,4,48,270545
C5,50,C5-rules-050,4,49,271846
C5,50,C5-rules-050,4,50,270654
C5,50,C5-rules-050,4,51,274071
C5,50,C5-rules-050,4,52,273859
C5,50,C5-rules-050,4,53,273342
C5,50,C5-rules-050,4,54,288701
C5,50,C5-rules-050,4,55,275114
C5,50,C5-rules-050,4,56,274219
C5,50,C5-rules-050,4,57,273129
C5,50,C5-rules-050,4,58,273378
C5,50,C5-rules-050,4,59,274499
C5,50,C5-rules-050,4,60,274998
C5,50,C5-rules-050,4,61,279936
C5,50,C5-rules-050,4,62,279530
C5,50,C5-rules-050,4,63,274363
C5,50,C5-rules-050,4,64,271103
C5,50,C5-rules-050,4,65,280104
C5,50,C5-rules-050,4,66,281800
C5,50,C5-rules-050,4,67,270044
C5,50,C5-rules-050,4,68,275768
C5,50,C5-rules-050,4,69,276204
C5,50,C5-rules-050,4,70,275725
C5,50,C5-rules-050,4,71,272891
C5,50,C5-rules-050,4,72,270757
C5,50,C5-rules-050,4,73,276810
C5,50,C5-rules-050,4,74,274457
C5,50,C5-rules-050,4,75,273228
C5,50,C5-rules-050,4,76,270971
C5,50,C5-rules-050,4,77,276216
C5,50,C5-rules-050,4,78,276573
C5,50,C5-rules-050,4,79,283956
C5,50,C5-rules-050,4,80,270712
C5,50,C5-rules-050,4,81,279077
C5,50,C5-rules-050,4,82,273776
C5,50,C5-rules-050,4,83,279652
C5,50,C5-rules-050,4,84,271391
C5,50,C5-rules-050,4,85,272658
C5,50,C5-rules-050,4,86,270940
C5,50,C5-rules-050,4,87,273092
C5,50,C5-rules-050,4,88,277203
C5,50,C5-rules-050,4,89,273170
C5,50,C5-rules-050,4,90,270799
C5,50,C5-rules-050,4,91,272481
C5,50,C5-rules-050,4,92,279739
C5,50,C5-rules-050,4,93,274358
C5,50,C5-rules-050,4,94,272172
C5,50,C5-rules-050,4,95,273215
C5,50,C5-rules-050,4,96,274302
C5,50,C5-rules-050,4,97,277516
C5,50,C5-rules-050,4,98,270642
C5,50,C5-rules-050,4,99,271667
C5,50,C5-rules-050,4,100,271627
C5,50,C5-rules-050,5,1,273989
C5,50,C5-rules-050,5,2,272589
C5,50,C5-rules-050,5,3,277014
C5,50,C5-rules-050,5,4,282142
C5,50,C5-rules-050,5,5,271853
C5,50,C5-rules-050,5,6,275259
C5,50,C5-rules-050,5,7,271281
C5,50,C5-rules-050,5,8,274881
C5,50,C5-rules-050,5,9,271732
C5,50,C5-rules-050,5,10,278004
C5,50,C5-rules-050,5,11,279532
C5,50,C5-rules-050,5,12,272976
C5,50,C5-rules-050,5,13,270784
C5,50,C5-rules-050,5,14,276410
C5,50,C5-rules-050,5,15,274762
C5,50,C5-rules-050,5,16,273396
C5,50,C5-rules-050,5,17,269386
C5,50,C5-rules-050,5,18,277013
C5,50,C5-rules-050,5,19,271443
C5,50,C5-rules-050,5,20,271554
C5,50,C5-rules-050,5,21,271689
C5,50,C5-rules-050,5,22,271033
C5,50,C5-rules-050,5,23,273238
C5,50,C5-rules-050,5,24,280981
C5,50,C5-rules-050,5,25,285782
C5,50,C5-rules-050,5,26,286662
C5,50,C5-rules-050,5,27,272418
C5,50,C5-rules-050,5,28,274346
C5,50,C5-rules-050,5,29,273398
C5,50,C5-rules-050,5,30,271868
C5,50,C5-rules-050,5,31,273051
C5,50,C5-rules-050,5,32,271878
C5,50,C5-rules-050,5,33,276878
C5,50,C5-rules-050,5,34,273258
C5,50,C5-rules-050,5,35,272997
C5,50,C5-rules-050,5,36,272009
C5,50,C5-rules-050,5,37,271978
C5,50,C5-rules-050,5,38,273194
C5,50,C5-rules-050,5,39,271685
C5,50,C5-rules-050,5,40,287209
C5,50,C5-rules-050,5,41,281173
C5,50,C5-rules-050,5,42,268539
C5,50,C5-rules-050,5,43,270890
C5,50,C5-rules-050,5,44,274134
C5,50,C5-rules-050,5,45,271978
C5,50,C5-rules-050,5,46,273231
C5,50,C5-rules-050,5,47,270579
C5,50,C5-rules-050,5,48,278861
C5,50,C5-rules-050,5,49,274560
C5,50,C5-rules-050,5,50,274774
C5,50,C5-rules-050,5,51,284310
C5,50,C5-rules-050,5,52,275126
C5,50,C5-rules-050,5,53,274329
C5,50,C5-rules-050,5,54,272533
C5,50,C5-rules-050,5,55,284581
C5,50,C5-rules-050,5,56,274245
C5,50,C5-rules-050,5,57,272175
C5,50,C5-rules-050,5,58,272371
C5,50,C5-rules-050,5,59,274182
C5,50,C5-rules-050,5,60,272406
C5,50,C5-rules-050,5,61,271749
C5,50,C5-rules-050,5,62,281144
C5,50,C5-rules-050,5,63,280436
C5,50,C5-rules-050,5,64,272327
C5,50,C5-rules-050,5,65,270886
C5,50,C5-rules-050,5,66,273471
C5,50,C5-rules-050,5,67,271493
C5,50,C5-rules-050,5,68,270486
C5,50,C5-rules-050,5,69,277434
C5,50,C5-rules-050,5,70,280315
C5,50,C5-rules-050,5,71,273865
C5,50,C5-rules-050,5,72,271824
C5,50,C5-rules-050,5,73,282051
C5,50,C5-rules-050,5,74,274756
C5,50,C5-rules-050,5,75,275816
C5,50,C5-rules-050,5,76,272039
C5,50,C5-rules-050,5,77,276642
C5,50,C5-rules-050,5,78,271483
C5,50,C5-rules-050,5,79,272797
C5,50,C5-rules-050,5,80,273805
C5,50,C5-rules-050,5,81,272564
C5,50,C5-rules-050,5,82,271216
C5,50,C5-rules-050,5,83,272972
C5,50,C5-rules-050,5,84,277305
C5,50,C5-rules-050,5,85,277745
C5,50,C5-rules-050,5,86,272666
C5,50,C5-rules-050,5,87,276491
C5,50,C5-rules-050,5,88,272206
C5,50,C5-rules-050,5,89,272971
C5,50,C5-rules-050,5,90,273565
C5,50,C5-rules-050,5,91,273551
C5,50,C5-rules-050,5,92,279130
C5,50,C5-rules-050,5,93,275464
C5,50,C5-rules-050,5,94,274153
C5,50,C5-rules-050,5,95,272768
C5,50,C5-rules-050,5,96,272866
C5,50,C5-rules-050,5,97,274690
C5,50,C5-rules-050,5,98,278588
C5,50,C5-rules-050,5,99,274087
C5,50,C5-rules-050,5,100,277235
C5,50,C5-rules-050,6,1,277807
C5,50,C5-rules-050,6,2,282631
C5,50,C5-rules-050,6,3,270883
C5,50,C5-rules-050,6,4,273954
C5,50,C5-rules-050,6,5,272979
C5,50,C5-rules-050,6,6,273967
C5,50,C5-rules-050,6,7,276714
C5,50,C5-rules-050,6,8,272754
C5,50,C5-rules-050,6,9,272031
C5,50,C5-rules-050,6,10,272466
C5,50,C5-rules-050,6,11,279411
C5,50,C5-rules-050,6,12,278904
C5,50,C5-rules-050,6,13,273014
C5,50,C5-rules-050,6,14,279219
C5,50,C5-rules-050,6,15,275240
C5,50,C5-rules-050,6,16,276210
C5,50,C5-rules-050,6,17,275462
C5,50,C5-rules-050,6,18,275665
C5,50,C5-rules-050,6,19,286181
C5,50,C5-rules-050,6,20,274849
C5,50,C5-rules-050,6,21,275971
C5,50,C5-rules-050,6,22,282897
C5,50,C5-rules-050,6,23,273470
C5,50,C5-rules-050,6,24,272731
C5,50,C5-rules-050,6,25,271679
C5,50,C5-rules-050,6,26,271936
C5,50,C5-rules-050,6,27,277949
C5,50,C5-rules-050,6,28,273086
C5,50,C5-rules-050,6,29,276506
C5,50,C5-rules-050,6,30,270812
C5,50,C5-rules-050,6,31,272185
C5,50,C5-rules-050,6,32,274271
C5,50,C5-rules-050,6,33,272711
C5,50,C5-rules-050,6,34,272504
C5,50,C5-rules-050,6,35,275846
C5,50,C5-rules-050,6,36,277566
C5,50,C5-rules-050,6,37,274597
C5,50,C5-rules-050,6,38,273238
C5,50,C5-rules-050,6,39,275920
C5,50,C5-rules-050,6,40,273742
C5,50,C5-rules-050,6,41,285278
C5,50,C5-rules-050,6,42,272771
C5,50,C5-rules-050,6,43,273182
C5,50,C5-rules-050,6,44,276634
C5,50,C5-rules-050,6,45,273024
C5,50,C5-rules-050,6,46,272612
C5,50,C5-rules-050,6,47,271080
C5,50,C5-rules-050,6,48,280241
C5,50,C5-rules-050,6,49,273007
C5,50,C5-rules-050,6,50,272454
C5,50,C5-rules-050,6,51,282928
C5,50,C5-rules-050,6,52,273499
C5,50,C5-rules-050,6,53,271813
C5,50,C5-rules-050,6,54,270890
C5,50,C5-rules-050,6,55,272746
C5,50,C5-rules-050,6,56,277421
C5,50,C5-rules-050,6,57,273258
C5,50,C5-rules-050,6,58,275681
C5,50,C5-rules-050,6,59,283101
C5,50,C5-rules-050,6,60,277959
C5,50,C5-rules-050,6,61,273058
C5,50,C5-rules-050,6,62,274783
C5,50,C5-rules-050,6,63,272723
C5,50,C5-rules-050,6,64,274947
C5,50,C5-rules-050,6,65,275144
C5,50,C5-rules-050,6,66,279207
C5,50,C5-rules-050,6,67,275853
C5,50,C5-rules-050,6,68,273242
C5,50,C5-rules-050,6,69,273588
C5,50,C5-rules-050,6,70,277088
C5,50,C5-rules-050,6,71,274427
C5,50,C5-rules-050,6,72,276142
C5,50,C5-rules-050,6,73,291289
C5,50,C5-rules-050,6,74,273784
C5,50,C5-rules-050,6,75,271715
C5,50,C5-rules-050,6,76,275910
C5,50,C5-rules-050,6,77,275279
C5,50,C5-rules-050,6,78,274096
C5,50,C5-rules-050,6,79,271908
C5,50,C5-rules-050,6,80,270964
C5,50,C5-rules-050,6,81,275641
C5,50,C5-rules-050,6,82,273639
C5,50,C5-rules-050,6,83,278200
C5,50,C5-rules-050,6,84,282918
C5,50,C5-rules-050,6,85,275036
C5,50,C5-rules-050,6,86,273349
C5,50,C5-rules-050,6,87,273456
C5,50,C5-rules-050,6,88,277855
C5,50,C5-rules-050,6,89,274178
C5,50,C5-rules-050,6,90,272875
C5,50,C5-rules-050,6,91,273521
C5,50,C5-rules-050,6,92,272474
C5,50,C5-rules-050,6,93,273823
C5,50,C5-rules-050,6,94,275500
C5,50,C5-rules-050,6,95,275084
C5,50,C5-rules-050,6,96,283531
C5,50,C5-rules-050,6,97,273305
C5,50,C5-rules-050,6,98,272307
C5,50,C5-rules-050,6,99,277073
C5,50,C5-rules-050,6,100,272564
C5,50,C5-rules-050,7,1,276576
C5,50,C5-rules-050,7,2,273481
C5,50,C5-rules-050,7,3,274181
C5,50,C5-rules-050,7,4,275393
C5,50,C5-rules-050,7,5,273748
C5,50,C5-rules-050,7,6,283343
C5,50,C5-rules-050,7,7,272355
C5,50,C5-rules-050,7,8,274439
C5,50,C5-rules-050,7,9,273210
C5,50,C5-rules-050,7,10,279988
C5,50,C5-rules-050,7,11,273317
C5,50,C5-rules-050,7,12,272408
C5,50,C5-rules-050,7,13,279008
C5,50,C5-rules-050,7,14,274256
C5,50,C5-rules-050,7,15,274557
C5,50,C5-rules-050,7,16,282629
C5,50,C5-rules-050,7,17,276890
C5,50,C5-rules-050,7,18,277544
C5,50,C5-rules-050,7,19,271789
C5,50,C5-rules-050,7,20,271811
C5,50,C5-rules-050,7,21,273753
C5,50,C5-rules-050,7,22,271398
C5,50,C5-rules-050,7,23,271973
C5,50,C5-rules-050,7,24,271984
C5,50,C5-rules-050,7,25,275842
C5,50,C5-rules-050,7,26,270240
C5,50,C5-rules-050,7,27,274999
C5,50,C5-rules-050,7,28,272911
C5,50,C5-rules-050,7,29,277002
C5,50,C5-rules-050,7,30,275822
C5,50,C5-rules-050,7,31,284661
C5,50,C5-rules-050,7,32,275881
C5,50,C5-rules-050,7,33,277580
C5,50,C5-rules-050,7,34,274320
C5,50,C5-rules-050,7,35,273575
C5,50,C5-rules-050,7,36,271325
C5,50,C5-rules-050,7,37,273120
C5,50,C5-rules-050,7,38,273914
C5,50,C5-rules-050,7,39,273532
C5,50,C5-rules-050,7,40,277692
C5,50,C5-rules-050,7,41,272210
C5,50,C5-rules-050,7,42,275382
C5,50,C5-rules-050,7,43,277480
C5,50,C5-rules-050,7,44,271255
C5,50,C5-rules-050,7,45,272104
C5,50,C5-rules-050,7,46,269200
C5,50,C5-rules-050,7,47,276425
C5,50,C5-rules-050,7,48,270260
C5,50,C5-rules-050,7,49,273639
C5,50,C5-rules-050,7,50,271466
C5,50,C5-rules-050,7,51,282845
C5,50,C5-rules-050,7,52,278860
C5,50,C5-rules-050,7,53,273070
C5,50,C5-rules-050,7,54,272557
C5,50,C5-rules-050,7,55,276760
C5,50,C5-rules-050,7,56,289182
C5,50,C5-rules-050,7,57,275196
C5,50,C5-rules-050,7,58,272307
C5,50,C5-rules-050,7,59,273067
C5,50,C5-rules-050,7,60,275524
C5,50,C5-rules-050,7,61,274999
C5,50,C5-rules-050,7,62,278213
C5,50,C5-rules-050,7,63,275983
C5,50,C5-rules-050,7,64,274658
C5,50,C5-rules-050,7,65,271199
C5,50,C5-rules-050,7,66,276362
C5,50,C5-rules-050,7,67,276318
C5,50,C5-rules-050,7,68,276795
C5,50,C5-rules-050,7,69,275975
C5,50,C5-rules-050,7,70,288380
C5,50,C5-rules-050,7,71,274095
C5,50,C5-rules-050,7,72,273970
C5,50,C5-rules-050,7,73,273543
C5,50,C5-rules-050,7,74,274404
C5,50,C5-rules-050,7,75,274011
C5,50,C5-rules-050,7,76,272573
C5,50,C5-rules-050,7,77,277706
C5,50,C5-rules-050,7,78,276843
C5,50,C5-rules-050,7,79,275450
C5,50,C5-rules-050,7,80,274591
C5,50,C5-rules-050,7,81,281869
C5,50,C5-rules-050,7,82,278950
C5,50,C5-rules-050,7,83,274258
C5,50,C5-rules-050,7,84,278839
C5,50,C5-rules-050,7,85,281274
C5,50,C5-rules-050,7,86,288823
C5,50,C5-rules-050,7,87,273747
C5,50,C5-rules-050,7,88,273062
C5,50,C5-rules-050,7,89,269680
C5,50,C5-rules-050,7,90,272316
C5,50,C5-rules-050,7,91,273257
C5,50,C5-rules-050,7,92,282180
C5,50,C5-rules-050,7,93,272657
C5,50,C5-rules-050,7,94,270411
C5,50,C5-rules-050,7,95,271642
C5,50,C5-rules-050,7,96,272379
C5,50,C5-rules-050,7,97,279172
C5,50,C5-rules-050,7,98,271360
C5,50,C5-rules-050,7,99,277905
C5,50,C5-rules-050,7,100,277491
C5,50,C5-rules-050,8,1,276549
C5,50,C5-rules-050,8,2,273339
C5,50,C5-rules-050,8,3,273214
C5,50,C5-rules-050,8,4,272556
C5,50,C5-rules-050,8,5,271646
C5,50,C5-rules-050,8,6,275541
C5,50,C5-rules-050,8,7,273551
C5,50,C5-rules-050,8,8,276209
C5,50,C5-rules-050,8,9,277432
C5,50,C5-rules-050,8,10,272193
C5,50,C5-rules-050,8,11,271625
C5,50,C5-rules-050,8,12,271402
C5,50,C5-rules-050,8,13,271186
C5,50,C5-rules-050,8,14,280118
C5,50,C5-rules-050,8,15,271523
C5,50,C5-rules-050,8,16,273599
C5,50,C5-rules-050,8,17,270611
C5,50,C5-rules-050,8,18,275079
C5,50,C5-rules-050,8,19,274505
C5,50,C5-rules-050,8,20,273687
C5,50,C5-rules-050,8,21,280682
C5,50,C5-rules-050,8,22,280059
C5,50,C5-rules-050,8,23,273346
C5,50,C5-rules-050,8,24,272409
C5,50,C5-rules-050,8,25,274380
C5,50,C5-rules-050,8,26,273753
C5,50,C5-rules-050,8,27,274669
C5,50,C5-rules-050,8,28,277950
C5,50,C5-rules-050,8,29,275914
C5,50,C5-rules-050,8,30,272592
C5,50,C5-rules-050,8,31,275046
C5,50,C5-rules-050,8,32,276143
C5,50,C5-rules-050,8,33,282072
C5,50,C5-rules-050,8,34,276770
C5,50,C5-rules-050,8,35,272856
C5,50,C5-rules-050,8,36,278909
C5,50,C5-rules-050,8,37,272411
C5,50,C5-rules-050,8,38,271491
C5,50,C5-rules-050,8,39,283451
C5,50,C5-rules-050,8,40,278380
C5,50,C5-rules-050,8,41,274226
C5,50,C5-rules-050,8,42,274012
C5,50,C5-rules-050,8,43,284704
C5,50,C5-rules-050,8,44,274554
C5,50,C5-rules-050,8,45,275881
C5,50,C5-rules-050,8,46,274250
C5,50,C5-rules-050,8,47,276448
C5,50,C5-rules-050,8,48,272876
C5,50,C5-rules-050,8,49,282887
C5,50,C5-rules-050,8,50,275156
C5,50,C5-rules-050,8,51,279236
C5,50,C5-rules-050,8,52,276915
C5,50,C5-rules-050,8,53,273312
C5,50,C5-rules-050,8,54,276159
C5,50,C5-rules-050,8,55,272391
C5,50,C5-rules-050,8,56,275468
C5,50,C5-rules-050,8,57,278437
C5,50,C5-rules-050,8,58,279680
C5,50,C5-rules-050,8,59,276491
C5,50,C5-rules-050,8,60,277782
C5,50,C5-rules-050,8,61,276095
C5,50,C5-rules-050,8,62,274078
C5,50,C5-rules-050,8,63,273841
C5,50,C5-rules-050,8,64,275992
C5,50,C5-rules-050,8,65,276894
C5,50,C5-rules-050,8,66,281717
C5,50,C5-rules-050,8,67,277754
C5,50,C5-rules-050,8,68,273267
C5,50,C5-rules-050,8,69,274576
C5,50,C5-rules-050,8,70,275489
C5,50,C5-rules-050,8,71,288524
C5,50,C5-rules-050,8,72,278818
C5,50,C5-rules-050,8,73,279934
C5,50,C5-rules-050,8,74,273701
C5,50,C5-rules-050,8,75,274382
C5,50,C5-rules-050,8,76,272919
C5,50,C5-rules-050,8,77,275579
C5,50,C5-rules-050,8,78,274003
C5,50,C5-rules-050,8,79,273705
C5,50,C5-rules-050,8,80,279806
C5,50,C5-rules-050,8,81,275000
C5,50,C5-rules-050,8,82,273934
C5,50,C5-rules-050,8,83,274992
C5,50,C5-rules-050,8,84,275145
C5,50,C5-rules-050,8,85,273618
C5,50,C5-rules-050,8,86,277429
C5,50,C5-rules-050,8,87,282772
C5,50,C5-rules-050,8,88,279944
C5,50,C5-rules-050,8,89,275846
C5,50,C5-rules-050,8,90,271117
C5,50,C5-rules-050,8,91,275243
C5,50,C5-rules-050,8,92,273519
C5,50,C5-rules-050,8,93,274875
C5,50,C5-rules-050,8,94,273337
C5,50,C5-rules-050,8,95,280576
C5,50,C5-rules-050,8,96,278271
C5,50,C5-rules-050,8,97,272758
C5,50,C5-rules-050,8,98,275087
C5,50,C5-rules-050,8,99,276608
C5,50,C5-rules-050,8,100,281721
C2,250,C2-rules-250,1,1,734339
C2,250,C2-rules-250,1,2,741961
C2,250,C2-rules-250,1,3,725883
C2,250,C2-rules-250,1,4,741841
C2,250,C2-rules-250,1,5,718036
C2,250,C2-rules-250,1,6,726296
C2,250,C2-rules-250,1,7,729366
C2,250,C2-rules-250,1,8,728050
C2,250,C2-rules-250,1,9,733281
C2,250,C2-rules-250,1,10,730706
C2,250,C2-rules-250,1,11,725561
C2,250,C2-rules-250,1,12,719983
C2,250,C2-rules-250,1,13,737486
C2,250,C2-rules-250,1,14,728674
C2,250,C2-rules-250,1,15,721688
C2,250,C2-rules-250,1,16,725412
C2,250,C2-rules-250,1,17,723889
C2,250,C2-rules-250,1,18,739855
C2,250,C2-rules-250,1,19,722073
C2,250,C2-rules-250,1,20,723604
C2,250,C2-rules-250,1,21,727985
C2,250,C2-rules-250,1,22,723717
C2,250,C2-rules-250,1,23,741860
C2,250,C2-rules-250,1,24,773027
C2,250,C2-rules-250,1,25,733853
C2,250,C2-rules-250,1,26,741612
C2,250,C2-rules-250,1,27,728649
C2,250,C2-rules-250,1,28,727839
C2,250,C2-rules-250,1,29,724132
C2,250,C2-rules-250,1,30,717730
C2,250,C2-rules-250,1,31,728737
C2,250,C2-rules-250,1,32,724304
C2,250,C2-rules-250,1,33,714307
C2,250,C2-rules-250,1,34,722898
C2,250,C2-rules-250,1,35,739004
C2,250,C2-rules-250,1,36,751183
C2,250,C2-rules-250,1,37,732431
C2,250,C2-rules-250,1,38,717572
C2,250,C2-rules-250,1,39,734013
C2,250,C2-rules-250,1,40,726411
C2,250,C2-rules-250,1,41,725531
C2,250,C2-rules-250,1,42,731277
C2,250,C2-rules-250,1,43,722769
C2,250,C2-rules-250,1,44,722205
C2,250,C2-rules-250,1,45,729461
C2,250,C2-rules-250,1,46,732859
C2,250,C2-rules-250,1,47,722278
C2,250,C2-rules-250,1,48,730181
C2,250,C2-rules-250,1,49,726840
C2,250,C2-rules-250,1,50,733371
C2,250,C2-rules-250,1,51,737043
C2,250,C2-rules-250,1,52,736347
C2,250,C2-rules-250,1,53,734701
C2,250,C2-rules-250,1,54,719149
C2,250,C2-rules-250,1,55,728913
C2,250,C2-rules-250,1,56,728120
C2,250,C2-rules-250,1,57,732454
C2,250,C2-rules-250,1,58,725912
C2,250,C2-rules-250,1,59,728702
C2,250,C2-rules-250,1,60,713392
C2,250,C2-rules-250,1,61,717167
C2,250,C2-rules-250,1,62,735644
C2,250,C2-rules-250,1,63,718174
C2,250,C2-rules-250,1,64,725900
C2,250,C2-rules-250,1,65,724510
C2,250,C2-rules-250,1,66,724258
C2,250,C2-rules-250,1,67,763717
C2,250,C2-rules-250,1,68,739384
C2,250,C2-rules-250,1,69,746301
C2,250,C2-rules-250,1,70,766369
C2,250,C2-rules-250,1,71,733584
C2,250,C2-rules-250,1,72,724513
C2,250,C2-rules-250,1,73,736679
C2,250,C2-rules-250,1,74,723514
C2,250,C2-rules-250,1,75,724679
C2,250,C2-rules-250,1,76,727911
C2,250,C2-rules-250,1,77,716859
C2,250,C2-rules-250,1,78,737915
C2,250,C2-rules-250,1,79,731535
C2,250,C2-rules-250,1,80,725147
C2,250,C2-rules-250,1,81,742028
C2,250,C2-rules-250,1,82,721459
C2,250,C2-rules-250,1,83,717913
C2,250,C2-rules-250,1,84,736280
C2,250,C2-rules-250,1,85,717126
C2,250,C2-rules-250,1,86,721508
C2,250,C2-rules-250,1,87,728820
C2,250,C2-rules-250,1,88,741559
C2,250,C2-rules-250,1,89,730557
C2,250,C2-rules-250,1,90,729780
C2,250,C2-rules-250,1,91,722054
C2,250,C2-rules-250,1,92,716308
C2,250,C2-rules-250,1,93,722961
C2,250,C2-rules-250,1,94,717809
C2,250,C2-rules-250,1,95,749897
C2,250,C2-rules-250,1,96,718566
C2,250,C2-rules-250,1,97,720017
C2,250,C2-rules-250,1,98,725958
C2,250,C2-rules-250,1,99,740348
C2,250,C2-rules-250,1,100,727076
C2,250,C2-rules-250,2,1,731488
C2,250,C2-rules-250,2,2,728741
C2,250,C2-rules-250,2,3,729012
C2,250,C2-rules-250,2,4,727549
C2,250,C2-rules-250,2,5,751753
C2,250,C2-rules-250,2,6,733020
C2,250,C2-rules-250,2,7,721904
C2,250,C2-rules-250,2,8,717628
C2,250,C2-rules-250,2,9,720996
C2,250,C2-rules-250,2,10,737424
C2,250,C2-rules-250,2,11,728966
C2,250,C2-rules-250,2,12,730546
C2,250,C2-rules-250,2,13,718450
C2,250,C2-rules-250,2,14,720994
C2,250,C2-rules-250,2,15,737385
C2,250,C2-rules-250,2,16,742545
C2,250,C2-rules-250,2,17,729253
C2,250,C2-rules-250,2,18,729672
C2,250,C2-rules-250,2,19,716337
C2,250,C2-rules-250,2,20,723626
C2,250,C2-rules-250,2,21,725350
C2,250,C2-rules-250,2,22,740239
C2,250,C2-rules-250,2,23,737416
C2,250,C2-rules-250,2,24,729741
C2,250,C2-rules-250,2,25,719002
C2,250,C2-rules-250,2,26,744902
C2,250,C2-rules-250,2,27,721173
C2,250,C2-rules-250,2,28,2634895
C2,250,C2-rules-250,2,29,817515
C2,250,C2-rules-250,2,30,748130
C2,250,C2-rules-250,2,31,716194
C2,250,C2-rules-250,2,32,748166
C2,250,C2-rules-250,2,33,720257
C2,250,C2-rules-250,2,34,721346
C2,250,C2-rules-250,2,35,740480
C2,250,C2-rules-250,2,36,726979
C2,250,C2-rules-250,2,37,727156
C2,250,C2-rules-250,2,38,711044
C2,250,C2-rules-250,2,39,734324
C2,250,C2-rules-250,2,40,711729
C2,250,C2-rules-250,2,41,722057
C2,250,C2-rules-250,2,42,713234
C2,250,C2-rules-250,2,43,712152
C2,250,C2-rules-250,2,44,712141
C2,250,C2-rules-250,2,45,717099
C2,250,C2-rules-250,2,46,752804
C2,250,C2-rules-250,2,47,722952
C2,250,C2-rules-250,2,48,718474
C2,250,C2-rules-250,2,49,709815
C2,250,C2-rules-250,2,50,711114
C2,250,C2-rules-250,2,51,713245
C2,250,C2-rules-250,2,52,724058
C2,250,C2-rules-250,2,53,731627
C2,250,C2-rules-250,2,54,712326
C2,250,C2-rules-250,2,55,714114
C2,250,C2-rules-250,2,56,710365
C2,250,C2-rules-250,2,57,711168
C2,250,C2-rules-250,2,58,718732
C2,250,C2-rules-250,2,59,734493
C2,250,C2-rules-250,2,60,725799
C2,250,C2-rules-250,2,61,723744
C2,250,C2-rules-250,2,62,720498
C2,250,C2-rules-250,2,63,723483
C2,250,C2-rules-250,2,64,716041
C2,250,C2-rules-250,2,65,714701
C2,250,C2-rules-250,2,66,720524
C2,250,C2-rules-250,2,67,712274
C2,250,C2-rules-250,2,68,739290
C2,250,C2-rules-250,2,69,720930
C2,250,C2-rules-250,2,70,723253
C2,250,C2-rules-250,2,71,713211
C2,250,C2-rules-250,2,72,732706
C2,250,C2-rules-250,2,73,717048
C2,250,C2-rules-250,2,74,718971
C2,250,C2-rules-250,2,75,760800
C2,250,C2-rules-250,2,76,717584
C2,250,C2-rules-250,2,77,719043
C2,250,C2-rules-250,2,78,714570
C2,250,C2-rules-250,2,79,720163
C2,250,C2-rules-250,2,80,718747
C2,250,C2-rules-250,2,81,717603
C2,250,C2-rules-250,2,82,711787
C2,250,C2-rules-250,2,83,713034
C2,250,C2-rules-250,2,84,731695
C2,250,C2-rules-250,2,85,711674
C2,250,C2-rules-250,2,86,717039
C2,250,C2-rules-250,2,87,707762
C2,250,C2-rules-250,2,88,711983
C2,250,C2-rules-250,2,89,714880
C2,250,C2-rules-250,2,90,711221
C2,250,C2-rules-250,2,91,729333
C2,250,C2-rules-250,2,92,715039
C2,250,C2-rules-250,2,93,717399
C2,250,C2-rules-250,2,94,739743
C2,250,C2-rules-250,2,95,722305
C2,250,C2-rules-250,2,96,720804
C2,250,C2-rules-250,2,97,716860
C2,250,C2-rules-250,2,98,713726
C2,250,C2-rules-250,2,99,722165
C2,250,C2-rules-250,2,100,716094
C2,250,C2-rules-250,3,1,717133
C2,250,C2-rules-250,3,2,767462
C2,250,C2-rules-250,3,3,722373
C2,250,C2-rules-250,3,4,730181
C2,250,C2-rules-250,3,5,736126
C2,250,C2-rules-250,3,6,743936
C2,250,C2-rules-250,3,7,728974
C2,250,C2-rules-250,3,8,720951
C2,250,C2-rules-250,3,9,724279
C2,250,C2-rules-250,3,10,713441
C2,250,C2-rules-250,3,11,707588
C2,250,C2-rules-250,3,12,705747
C2,250,C2-rules-250,3,13,719389
C2,250,C2-rules-250,3,14,712655
C2,250,C2-rules-250,3,15,712578
C2,250,C2-rules-250,3,16,726340
C2,250,C2-rules-250,3,17,712357
C2,250,C2-rules-250,3,18,709650
C2,250,C2-rules-250,3,19,719769
C2,250,C2-rules-250,3,20,711423
C2,250,C2-rules-250,3,21,725712
C2,250,C2-rules-250,3,22,730383
C2,250,C2-rules-250,3,23,717716
C2,250,C2-rules-250,3,24,726365
C2,250,C2-rules-250,3,25,717598
C2,250,C2-rules-250,3,26,717860
C2,250,C2-rules-250,3,27,708323
C2,250,C2-rules-250,3,28,705479
C2,250,C2-rules-250,3,29,720698
C2,250,C2-rules-250,3,30,717675
C2,250,C2-rules-250,3,31,715796
C2,250,C2-rules-250,3,32,711778
C2,250,C2-rules-250,3,33,737000
C2,250,C2-rules-250,3,34,714186
C2,250,C2-rules-250,3,35,724822
C2,250,C2-rules-250,3,36,706330
C2,250,C2-rules-250,3,37,712786
C2,250,C2-rules-250,3,38,708231
C2,250,C2-rules-250,3,39,719253
C2,250,C2-rules-250,3,40,708066
C2,250,C2-rules-250,3,41,753305
C2,250,C2-rules-250,3,42,715345
C2,250,C2-rules-250,3,43,720823
C2,250,C2-rules-250,3,44,716344
C2,250,C2-rules-250,3,45,728666
C2,250,C2-rules-250,3,46,732125
C2,250,C2-rules-250,3,47,710901
C2,250,C2-rules-250,3,48,712198
C2,250,C2-rules-250,3,49,709315
C2,250,C2-rules-250,3,50,714314
C2,250,C2-rules-250,3,51,738277
C2,250,C2-rules-250,3,52,752469
C2,250,C2-rules-250,3,53,717042
C2,250,C2-rules-250,3,54,703571
C2,250,C2-rules-250,3,55,720795
C2,250,C2-rules-250,3,56,709424
C2,250,C2-rules-250,3,57,720835
C2,250,C2-rules-250,3,58,717969
C2,250,C2-rules-250,3,59,724928
C2,250,C2-rules-250,3,60,710673
C2,250,C2-rules-250,3,61,710876
C2,250,C2-rules-250,3,62,707121
C2,250,C2-rules-250,3,63,718213
C2,250,C2-rules-250,3,64,716791
C2,250,C2-rules-250,3,65,708588
C2,250,C2-rules-250,3,66,718153
C2,250,C2-rules-250,3,67,710012
C2,250,C2-rules-250,3,68,717545
C2,250,C2-rules-250,3,69,726550
C2,250,C2-rules-250,3,70,717307
C2,250,C2-rules-250,3,71,709276
C2,250,C2-rules-250,3,72,713374
C2,250,C2-rules-250,3,73,706928
C2,250,C2-rules-250,3,74,720019
C2,250,C2-rules-250,3,75,720933
C2,250,C2-rules-250,3,76,739595
C2,250,C2-rules-250,3,77,710935
C2,250,C2-rules-250,3,78,724643
C2,250,C2-rules-250,3,79,735693
C2,250,C2-rules-250,3,80,718860
C2,250,C2-rules-250,3,81,715325
C2,250,C2-rules-250,3,82,710045
C2,250,C2-rules-250,3,83,724994
C2,250,C2-rules-250,3,84,716678
C2,250,C2-rules-250,3,85,721598
C2,250,C2-rules-250,3,86,715541
C2,250,C2-rules-250,3,87,708728
C2,250,C2-rules-250,3,88,707454
C2,250,C2-rules-250,3,89,712665
C2,250,C2-rules-250,3,90,730614
C2,250,C2-rules-250,3,91,717858
C2,250,C2-rules-250,3,92,726620
C2,250,C2-rules-250,3,93,714956
C2,250,C2-rules-250,3,94,712339
C2,250,C2-rules-250,3,95,713356
C2,250,C2-rules-250,3,96,734465
C2,250,C2-rules-250,3,97,716203
C2,250,C2-rules-250,3,98,731049
C2,250,C2-rules-250,3,99,752983
C2,250,C2-rules-250,3,100,712813
C2,250,C2-rules-250,4,1,718687
C2,250,C2-rules-250,4,2,725435
C2,250,C2-rules-250,4,3,712612
C2,250,C2-rules-250,4,4,706685
C2,250,C2-rules-250,4,5,711342
C2,250,C2-rules-250,4,6,718895
C2,250,C2-rules-250,4,7,725701
C2,250,C2-rules-250,4,8,707755
C2,250,C2-rules-250,4,9,718647
C2,250,C2-rules-250,4,10,713332
C2,250,C2-rules-250,4,11,740004
C2,250,C2-rules-250,4,12,723044
C2,250,C2-rules-250,4,13,724155
C2,250,C2-rules-250,4,14,714531
C2,250,C2-rules-250,4,15,722707
C2,250,C2-rules-250,4,16,709452
C2,250,C2-rules-250,4,17,723289
C2,250,C2-rules-250,4,18,728037
C2,250,C2-rules-250,4,19,703282
C2,250,C2-rules-250,4,20,704063
C2,250,C2-rules-250,4,21,710833
C2,250,C2-rules-250,4,22,713089
C2,250,C2-rules-250,4,23,724668
C2,250,C2-rules-250,4,24,716227
C2,250,C2-rules-250,4,25,709980
C2,250,C2-rules-250,4,26,716240
C2,250,C2-rules-250,4,27,715285
C2,250,C2-rules-250,4,28,725601
C2,250,C2-rules-250,4,29,725035
C2,250,C2-rules-250,4,30,719683
C2,250,C2-rules-250,4,31,705077
C2,250,C2-rules-250,4,32,724367
C2,250,C2-rules-250,4,33,712290
C2,250,C2-rules-250,4,34,728143
C2,250,C2-rules-250,4,35,722735
C2,250,C2-rules-250,4,36,707809
C2,250,C2-rules-250,4,37,706238
C2,250,C2-rules-250,4,38,722282
C2,250,C2-rules-250,4,39,707562
C2,250,C2-rules-250,4,40,707145
C2,250,C2-rules-250,4,41,725949
C2,250,C2-rules-250,4,42,722915
C2,250,C2-rules-250,4,43,758748
C2,250,C2-rules-250,4,44,715532
C2,250,C2-rules-250,4,45,727447
C2,250,C2-rules-250,4,46,789950
C2,250,C2-rules-250,4,47,712320
C2,250,C2-rules-250,4,48,713781
C2,250,C2-rules-250,4,49,733121
C2,250,C2-rules-250,4,50,714589
C2,250,C2-rules-250,4,51,711709
C2,250,C2-rules-250,4,52,725863
C2,250,C2-rules-250,4,53,718440
C2,250,C2-rules-250,4,54,728589
C2,250,C2-rules-250,4,55,718493
C2,250,C2-rules-250,4,56,717052
C2,250,C2-rules-250,4,57,717954
C2,250,C2-rules-250,4,58,739662
C2,250,C2-rules-250,4,59,714616
C2,250,C2-rules-250,4,60,722975
C2,250,C2-rules-250,4,61,708388
C2,250,C2-rules-250,4,62,706057
C2,250,C2-rules-250,4,63,717135
C2,250,C2-rules-250,4,64,756045
C2,250,C2-rules-250,4,65,709177
C2,250,C2-rules-250,4,66,713947
C2,250,C2-rules-250,4,67,719363
C2,250,C2-rules-250,4,68,728796
C2,250,C2-rules-250,4,69,717847
C2,250,C2-rules-250,4,70,724656
C2,250,C2-rules-250,4,71,717667
C2,250,C2-rules-250,4,72,716161
C2,250,C2-rules-250,4,73,702362
C2,250,C2-rules-250,4,74,718707
C2,250,C2-rules-250,4,75,718411
C2,250,C2-rules-250,4,76,710423
C2,250,C2-rules-250,4,77,709628
C2,250,C2-rules-250,4,78,736902
C2,250,C2-rules-250,4,79,728280
C2,250,C2-rules-250,4,80,717218
C2,250,C2-rules-250,4,81,733574
C2,250,C2-rules-250,4,82,714961
C2,250,C2-rules-250,4,83,722204
C2,250,C2-rules-250,4,84,710644
C2,250,C2-rules-250,4,85,716471
C2,250,C2-rules-250,4,86,713974
C2,250,C2-rules-250,4,87,734004
C2,250,C2-rules-250,4,88,711241
C2,250,C2-rules-250,4,89,714595
C2,250,C2-rules-250,4,90,724760
C2,250,C2-rules-250,4,91,721276
C2,250,C2-rules-250,4,92,757273
C2,250,C2-rules-250,4,93,715887
C2,250,C2-rules-250,4,94,720015
C2,250,C2-rules-250,4,95,715323
C2,250,C2-rules-250,4,96,719895
C2,250,C2-rules-250,4,97,716632
C2,250,C2-rules-250,4,98,726395
C2,250,C2-rules-250,4,99,719285
C2,250,C2-rules-250,4,100,720641
C2,250,C2-rules-250,5,1,720875
C2,250,C2-rules-250,5,2,713178
C2,250,C2-rules-250,5,3,716934
C2,250,C2-rules-250,5,4,711760
C2,250,C2-rules-250,5,5,712550
C2,250,C2-rules-250,5,6,726145
C2,250,C2-rules-250,5,7,731317
C2,250,C2-rules-250,5,8,714031
C2,250,C2-rules-250,5,9,715378
C2,250,C2-rules-250,5,10,716418
C2,250,C2-rules-250,5,11,717123
C2,250,C2-rules-250,5,12,732266
C2,250,C2-rules-250,5,13,706752
C2,250,C2-rules-250,5,14,704929
C2,250,C2-rules-250,5,15,716285
C2,250,C2-rules-250,5,16,739710
C2,250,C2-rules-250,5,17,715090
C2,250,C2-rules-250,5,18,715458
C2,250,C2-rules-250,5,19,726156
C2,250,C2-rules-250,5,20,716906
C2,250,C2-rules-250,5,21,716909
C2,250,C2-rules-250,5,22,717244
C2,250,C2-rules-250,5,23,723562
C2,250,C2-rules-250,5,24,718323
C2,250,C2-rules-250,5,25,729864
C2,250,C2-rules-250,5,26,717688
C2,250,C2-rules-250,5,27,710664
C2,250,C2-rules-250,5,28,717300
C2,250,C2-rules-250,5,29,727296
C2,250,C2-rules-250,5,30,711427
C2,250,C2-rules-250,5,31,713638
C2,250,C2-rules-250,5,32,720381
C2,250,C2-rules-250,5,33,708878
C2,250,C2-rules-250,5,34,729329
C2,250,C2-rules-250,5,35,717477
C2,250,C2-rules-250,5,36,711101
C2,250,C2-rules-250,5,37,720094
C2,250,C2-rules-250,5,38,742274
C2,250,C2-rules-250,5,39,739731
C2,250,C2-rules-250,5,40,741937
C2,250,C2-rules-250,5,41,714441
C2,250,C2-rules-250,5,42,709746
C2,250,C2-rules-250,5,43,719440
C2,250,C2-rules-250,5,44,719328
C2,250,C2-rules-250,5,45,717519
C2,250,C2-rules-250,5,46,737903
C2,250,C2-rules-250,5,47,717387
C2,250,C2-rules-250,5,48,716935
C2,250,C2-rules-250,5,49,717153
C2,250,C2-rules-250,5,50,727845
C2,250,C2-rules-250,5,51,734869
C2,250,C2-rules-250,5,52,735564
C2,250,C2-rules-250,5,53,712087
C2,250,C2-rules-250,5,54,731184
C2,250,C2-rules-250,5,55,728432
C2,250,C2-rules-250,5,56,712171
C2,250,C2-rules-250,5,57,737941
C2,250,C2-rules-250,5,58,720600
C2,250,C2-rules-250,5,59,719627
C2,250,C2-rules-250,5,60,721180
C2,250,C2-rules-250,5,61,720962
C2,250,C2-rules-250,5,62,725871
C2,250,C2-rules-250,5,63,717394
C2,250,C2-rules-250,5,64,712280
C2,250,C2-rules-250,5,65,703325
C2,250,C2-rules-250,5,66,713039
C2,250,C2-rules-250,5,67,712386
C2,250,C2-rules-250,5,68,715212
C2,250,C2-rules-250,5,69,719629
C2,250,C2-rules-250,5,70,709742
C2,250,C2-rules-250,5,71,717203
C2,250,C2-rules-250,5,72,725538
C2,250,C2-rules-250,5,73,734325
C2,250,C2-rules-250,5,74,722137
C2,250,C2-rules-250,5,75,710616
C2,250,C2-rules-250,5,76,711152
C2,250,C2-rules-250,5,77,715855
C2,250,C2-rules-250,5,78,719252
C2,250,C2-rules-250,5,79,730121
C2,250,C2-rules-250,5,80,723471
C2,250,C2-rules-250,5,81,713356
C2,250,C2-rules-250,5,82,738892
C2,250,C2-rules-250,5,83,721096
C2,250,C2-rules-250,5,84,744203
C2,250,C2-rules-250,5,85,760710
C2,250,C2-rules-250,5,86,2561046
C2,250,C2-rules-250,5,87,823553
C2,250,C2-rules-250,5,88,730363
C2,250,C2-rules-250,5,89,747292
C2,250,C2-rules-250,5,90,728652
C2,250,C2-rules-250,5,91,711168
C2,250,C2-rules-250,5,92,714138
C2,250,C2-rules-250,5,93,722109
C2,250,C2-rules-250,5,94,708448
C2,250,C2-rules-250,5,95,739678
C2,250,C2-rules-250,5,96,719764
C2,250,C2-rules-250,5,97,711762
C2,250,C2-rules-250,5,98,731606
C2,250,C2-rules-250,5,99,717723
C2,250,C2-rules-250,5,100,725487
C2,250,C2-rules-250,6,1,739284
C2,250,C2-rules-250,6,2,739540
C2,250,C2-rules-250,6,3,750411
C2,250,C2-rules-250,6,4,723022
C2,250,C2-rules-250,6,5,713570
C2,250,C2-rules-250,6,6,722248
C2,250,C2-rules-250,6,7,714007
C2,250,C2-rules-250,6,8,713536
C2,250,C2-rules-250,6,9,741021
C2,250,C2-rules-250,6,10,703817
C2,250,C2-rules-250,6,11,716891
C2,250,C2-rules-250,6,12,712061
C2,250,C2-rules-250,6,13,724031
C2,250,C2-rules-250,6,14,718142
C2,250,C2-rules-250,6,15,732160
C2,250,C2-rules-250,6,16,714720
C2,250,C2-rules-250,6,17,749313
C2,250,C2-rules-250,6,18,719042
C2,250,C2-rules-250,6,19,710595
C2,250,C2-rules-250,6,20,737386
C2,250,C2-rules-250,6,21,713210
C2,250,C2-rules-250,6,22,739642
C2,250,C2-rules-250,6,23,717814
C2,250,C2-rules-250,6,24,715332
C2,250,C2-rules-250,6,25,714325
C2,250,C2-rules-250,6,26,728572
C2,250,C2-rules-250,6,27,711022
C2,250,C2-rules-250,6,28,710934
C2,250,C2-rules-250,6,29,740365
C2,250,C2-rules-250,6,30,739894
C2,250,C2-rules-250,6,31,742144
C2,250,C2-rules-250,6,32,710222
C2,250,C2-rules-250,6,33,712072
C2,250,C2-rules-250,6,34,717485
C2,250,C2-rules-250,6,35,710514
C2,250,C2-rules-250,6,36,710589
C2,250,C2-rules-250,6,37,729552
C2,250,C2-rules-250,6,38,712725
C2,250,C2-rules-250,6,39,704028
C2,250,C2-rules-250,6,40,715902
C2,250,C2-rules-250,6,41,730795
C2,250,C2-rules-250,6,42,728757
C2,250,C2-rules-250,6,43,716048
C2,250,C2-rules-250,6,44,708500
C2,250,C2-rules-250,6,45,712265
C2,250,C2-rules-250,6,46,717144
C2,250,C2-rules-250,6,47,710421
C2,250,C2-rules-250,6,48,743692
C2,250,C2-rules-250,6,49,715179
C2,250,C2-rules-250,6,50,714043
C2,250,C2-rules-250,6,51,718323
C2,250,C2-rules-250,6,52,736391
C2,250,C2-rules-250,6,53,739054
C2,250,C2-rules-250,6,54,721701
C2,250,C2-rules-250,6,55,713351
C2,250,C2-rules-250,6,56,711031
C2,250,C2-rules-250,6,57,714878
C2,250,C2-rules-250,6,58,727264
C2,250,C2-rules-250,6,59,719136
C2,250,C2-rules-250,6,60,717249
C2,250,C2-rules-250,6,61,716106
C2,250,C2-rules-250,6,62,736708
C2,250,C2-rules-250,6,63,718023
C2,250,C2-rules-250,6,64,717858
C2,250,C2-rules-250,6,65,723685
C2,250,C2-rules-250,6,66,715364
C2,250,C2-rules-250,6,67,715291
C2,250,C2-rules-250,6,68,718461
C2,250,C2-rules-250,6,69,708475
C2,250,C2-rules-250,6,70,715260
C2,250,C2-rules-250,6,71,715278
C2,250,C2-rules-250,6,72,721226
C2,250,C2-rules-250,6,73,712314
C2,250,C2-rules-250,6,74,716017
C2,250,C2-rules-250,6,75,728802
C2,250,C2-rules-250,6,76,743510
C2,250,C2-rules-250,6,77,728734
C2,250,C2-rules-250,6,78,705778
C2,250,C2-rules-250,6,79,714633
C2,250,C2-rules-250,6,80,713420
C2,250,C2-rules-250,6,81,722156
C2,250,C2-rules-250,6,82,711189
C2,250,C2-rules-250,6,83,718394
C2,250,C2-rules-250,6,84,720319
C2,250,C2-rules-250,6,85,714105
C2,250,C2-rules-250,6,86,723988
C2,250,C2-rules-250,6,87,758933
C2,250,C2-rules-250,6,88,722420
C2,250,C2-rules-250,6,89,711247
C2,250,C2-rules-250,6,90,711457
C2,250,C2-rules-250,6,91,724966
C2,250,C2-rules-250,6,92,749586
C2,250,C2-rules-250,6,93,708229
C2,250,C2-rules-250,6,94,745039
C2,250,C2-rules-250,6,95,705296
C2,250,C2-rules-250,6,96,715158
C2,250,C2-rules-250,6,97,728482
C2,250,C2-rules-250,6,98,713531
C2,250,C2-rules-250,6,99,710723
C2,250,C2-rules-250,6,100,718554
C2,250,C2-rules-250,7,1,717264
C2,250,C2-rules-250,7,2,721281
C2,250,C2-rules-250,7,3,727569
C2,250,C2-rules-250,7,4,719045
C2,250,C2-rules-250,7,5,720448
C2,250,C2-rules-250,7,6,707104
C2,250,C2-rules-250,7,7,716622
C2,250,C2-rules-250,7,8,717000
C2,250,C2-rules-250,7,9,720865
C2,250,C2-rules-250,7,10,728202
C2,250,C2-rules-250,7,11,724296
C2,250,C2-rules-250,7,12,714238
C2,250,C2-rules-250,7,13,714837
C2,250,C2-rules-250,7,14,737065
C2,250,C2-rules-250,7,15,725686
C2,250,C2-rules-250,7,16,729481
C2,250,C2-rules-250,7,17,763873
C2,250,C2-rules-250,7,18,716635
C2,250,C2-rules-250,7,19,719931
C2,250,C2-rules-250,7,20,714416
C2,250,C2-rules-250,7,21,725671
C2,250,C2-rules-250,7,22,733107
C2,250,C2-rules-250,7,23,738465
C2,250,C2-rules-250,7,24,709018
C2,250,C2-rules-250,7,25,737295
C2,250,C2-rules-250,7,26,718730
C2,250,C2-rules-250,7,27,712832
C2,250,C2-rules-250,7,28,725166
C2,250,C2-rules-250,7,29,726428
C2,250,C2-rules-250,7,30,721750
C2,250,C2-rules-250,7,31,737135
C2,250,C2-rules-250,7,32,719072
C2,250,C2-rules-250,7,33,707640
C2,250,C2-rules-250,7,34,714310
C2,250,C2-rules-250,7,35,712919
C2,250,C2-rules-250,7,36,740583
C2,250,C2-rules-250,7,37,715476
C2,250,C2-rules-250,7,38,711999
C2,250,C2-rules-250,7,39,739428
C2,250,C2-rules-250,7,40,711760
C2,250,C2-rules-250,7,41,708727
C2,250,C2-rules-250,7,42,730831
C2,250,C2-rules-250,7,43,713449
C2,250,C2-rules-250,7,44,708304
C2,250,C2-rules-250,7,45,716235
C2,250,C2-rules-250,7,46,714686
C2,250,C2-rules-250,7,47,727502
C2,250,C2-rules-250,7,48,716099
C2,250,C2-rules-250,7,49,710513
C2,250,C2-rules-250,7,50,718743
C2,250,C2-rules-250,7,51,716005
C2,250,C2-rules-250,7,52,712068
C2,250,C2-rules-250,7,53,733817
C2,250,C2-rules-250,7,54,728492
C2,250,C2-rules-250,7,55,708399
C2,250,C2-rules-250,7,56,746055
C2,250,C2-rules-250,7,57,709464
C2,250,C2-rules-250,7,58,727856
C2,250,C2-rules-250,7,59,737361
C2,250,C2-rules-250,7,60,711819
C2,250,C2-rules-250,7,61,720365
C2,250,C2-rules-250,7,62,716892
C2,250,C2-rules-250,7,63,714246
C2,250,C2-rules-250,7,64,732364
C2,250,C2-rules-250,7,65,744840
C2,250,C2-rules-250,7,66,715684
C2,250,C2-rules-250,7,67,718561
C2,250,C2-rules-250,7,68,731919
C2,250,C2-rules-250,7,69,763721
C2,250,C2-rules-250,7,70,715480
C2,250,C2-rules-250,7,71,718045
C2,250,C2-rules-250,7,72,711354
C2,250,C2-rules-250,7,73,715431
C2,250,C2-rules-250,7,74,717094
C2,250,C2-rules-250,7,75,733705
C2,250,C2-rules-250,7,76,717516
C2,250,C2-rules-250,7,77,722842
C2,250,C2-rules-250,7,78,720890
C2,250,C2-rules-250,7,79,715912
C2,250,C2-rules-250,7,80,738108
C2,250,C2-rules-250,7,81,730222
C2,250,C2-rules-250,7,82,718285
C2,250,C2-rules-250,7,83,710733
C2,250,C2-rules-250,7,84,717699
C2,250,C2-rules-250,7,85,719546
C2,250,C2-rules-250,7,86,731400
C2,250,C2-rules-250,7,87,734615
C2,250,C2-rules-250,7,88,720357
C2,250,C2-rules-250,7,89,714673
C2,250,C2-rules-250,7,90,724036
C2,250,C2-rules-250,7,91,747150
C2,250,C2-rules-250,7,92,708845
C2,250,C2-rules-250,7,93,741505
C2,250,C2-rules-250,7,94,713563
C2,250,C2-rules-250,7,95,710730
C2,250,C2-rules-250,7,96,714449
C2,250,C2-rules-250,7,97,727684
C2,250,C2-rules-250,7,98,711545
C2,250,C2-rules-250,7,99,715713
C2,250,C2-rules-250,7,100,717834
C2,250,C2-rules-250,8,1,719149
C2,250,C2-rules-250,8,2,736449
C2,250,C2-rules-250,8,3,706818
C2,250,C2-rules-250,8,4,706636
C2,250,C2-rules-250,8,5,714882
C2,250,C2-rules-250,8,6,717442
C2,250,C2-rules-250,8,7,712736
C2,250,C2-rules-250,8,8,727589
C2,250,C2-rules-250,8,9,721844
C2,250,C2-rules-250,8,10,718755
C2,250,C2-rules-250,8,11,708773
C2,250,C2-rules-250,8,12,706549
C2,250,C2-rules-250,8,13,727176
C2,250,C2-rules-250,8,14,718352
C2,250,C2-rules-250,8,15,738550
C2,250,C2-rules-250,8,16,753247
C2,250,C2-rules-250,8,17,723769
C2,250,C2-rules-250,8,18,708061
C2,250,C2-rules-250,8,19,736117
C2,250,C2-rules-250,8,20,709406
C2,250,C2-rules-250,8,21,707711
C2,250,C2-rules-250,8,22,714184
C2,250,C2-rules-250,8,23,723027
C2,250,C2-rules-250,8,24,715383
C2,250,C2-rules-250,8,25,722924
C2,250,C2-rules-250,8,26,729315
C2,250,C2-rules-250,8,27,719880
C2,250,C2-rules-250,8,28,713879
C2,250,C2-rules-250,8,29,714496
C2,250,C2-rules-250,8,30,737478
C2,250,C2-rules-250,8,31,734225
C2,250,C2-rules-250,8,32,726557
C2,250,C2-rules-250,8,33,715005
C2,250,C2-rules-250,8,34,739015
C2,250,C2-rules-250,8,35,722345
C2,250,C2-rules-250,8,36,727506
C2,250,C2-rules-250,8,37,720000
C2,250,C2-rules-250,8,38,717119
C2,250,C2-rules-250,8,39,719674
C2,250,C2-rules-250,8,40,715889
C2,250,C2-rules-250,8,41,736042
C2,250,C2-rules-250,8,42,713821
C2,250,C2-rules-250,8,43,707195
C2,250,C2-rules-250,8,44,734149
C2,250,C2-rules-250,8,45,715995
C2,250,C2-rules-250,8,46,725520
C2,250,C2-rules-250,8,47,716763
C2,250,C2-rules-250,8,48,707562
C2,250,C2-rules-250,8,49,705912
C2,250,C2-rules-250,8,50,721111
C2,250,C2-rules-250,8,51,712555
C2,250,C2-rules-250,8,52,714680
C2,250,C2-rules-250,8,53,716001
C2,250,C2-rules-250,8,54,713219
C2,250,C2-rules-250,8,55,732102
C2,250,C2-rules-250,8,56,721426
C2,250,C2-rules-250,8,57,715663
C2,250,C2-rules-250,8,58,719229
C2,250,C2-rules-250,8,59,725193
C2,250,C2-rules-250,8,60,714950
C2,250,C2-rules-250,8,61,720833
C2,250,C2-rules-250,8,62,715338
C2,250,C2-rules-250,8,63,749159
C2,250,C2-rules-250,8,64,722591
C2,250,C2-rules-250,8,65,716036
C2,250,C2-rules-250,8,66,717782
C2,250,C2-rules-250,8,67,723287
C2,250,C2-rules-250,8,68,709016
C2,250,C2-rules-250,8,69,717194
C2,250,C2-rules-250,8,70,720078
C2,250,C2-rules-250,8,71,708999
C2,250,C2-rules-250,8,72,721938
C2,250,C2-rules-250,8,73,716014
C2,250,C2-rules-250,8,74,717794
C2,250,C2-rules-250,8,75,705430
C2,250,C2-rules-250,8,76,711401
C2,250,C2-rules-250,8,77,717003
C2,250,C2-rules-250,8,78,714751
C2,250,C2-rules-250,8,79,717361
C2,250,C2-rules-250,8,80,717152
C2,250,C2-rules-250,8,81,710403
C2,250,C2-rules-250,8,82,732679
C2,250,C2-rules-250,8,83,712576
C2,250,C2-rules-250,8,84,721783
C2,250,C2-rules-250,8,85,717834
C2,250,C2-rules-250,8,86,705747
C2,250,C2-rules-250,8,87,719767
C2,250,C2-rules-250,8,88,708930
C2,250,C2-rules-250,8,89,710899
C2,250,C2-rules-250,8,90,716047
C2,250,C2-rules-250,8,91,720671
C2,250,C2-rules-250,8,92,708987
C2,250,C2-rules-250,8,93,721550
C2,250,C2-rules-250,8,94,735016
C2,250,C2-rules-250,8,95,723459
C2,250,C2-rules-250,8,96,736707
C2,250,C2-rules-250,8,97,717428
C2,250,C2-rules-250,8,98,710121
C2,250,C2-rules-250,8,99,718229
C2,250,C2-rules-250,8,100,708141
C6,100,C6-rules-100,1,1,651487
C6,100,C6-rules-100,1,2,640114
C6,100,C6-rules-100,1,3,661196
C6,100,C6-rules-100,1,4,646704
C6,100,C6-rules-100,1,5,647372
C6,100,C6-rules-100,1,6,651833
C6,100,C6-rules-100,1,7,644534
C6,100,C6-rules-100,1,8,639176
C6,100,C6-rules-100,1,9,660523
C6,100,C6-rules-100,1,10,673046
C6,100,C6-rules-100,1,11,657679
C6,100,C6-rules-100,1,12,652634
C6,100,C6-rules-100,1,13,654387
C6,100,C6-rules-100,1,14,650046
C6,100,C6-rules-100,1,15,660874
C6,100,C6-rules-100,1,16,649400
C6,100,C6-rules-100,1,17,644853
C6,100,C6-rules-100,1,18,642231
C6,100,C6-rules-100,1,19,643829
C6,100,C6-rules-100,1,20,643938
C6,100,C6-rules-100,1,21,663400
C6,100,C6-rules-100,1,22,642008
C6,100,C6-rules-100,1,23,643470
C6,100,C6-rules-100,1,24,643444
C6,100,C6-rules-100,1,25,644626
C6,100,C6-rules-100,1,26,653223
C6,100,C6-rules-100,1,27,671747
C6,100,C6-rules-100,1,28,644155
C6,100,C6-rules-100,1,29,642223
C6,100,C6-rules-100,1,30,644579
C6,100,C6-rules-100,1,31,639888
C6,100,C6-rules-100,1,32,642129
C6,100,C6-rules-100,1,33,645868
C6,100,C6-rules-100,1,34,659411
C6,100,C6-rules-100,1,35,638540
C6,100,C6-rules-100,1,36,637523
C6,100,C6-rules-100,1,37,641988
C6,100,C6-rules-100,1,38,661880
C6,100,C6-rules-100,1,39,642710
C6,100,C6-rules-100,1,40,648971
C6,100,C6-rules-100,1,41,648146
C6,100,C6-rules-100,1,42,644991
C6,100,C6-rules-100,1,43,666244
C6,100,C6-rules-100,1,44,624443
C6,100,C6-rules-100,1,45,605901
C6,100,C6-rules-100,1,46,632275
C6,100,C6-rules-100,1,47,656768
C6,100,C6-rules-100,1,48,603756
C6,100,C6-rules-100,1,49,615725
C6,100,C6-rules-100,1,50,613804
C6,100,C6-rules-100,1,51,603133
C6,100,C6-rules-100,1,52,617828
C6,100,C6-rules-100,1,53,606396
C6,100,C6-rules-100,1,54,599995
C6,100,C6-rules-100,1,55,598272
C6,100,C6-rules-100,1,56,597068
C6,100,C6-rules-100,1,57,605313
C6,100,C6-rules-100,1,58,605730
C6,100,C6-rules-100,1,59,624963
C6,100,C6-rules-100,1,60,597373
C6,100,C6-rules-100,1,61,604271
C6,100,C6-rules-100,1,62,606282
C6,100,C6-rules-100,1,63,603997
C6,100,C6-rules-100,1,64,620903
C6,100,C6-rules-100,1,65,601595
C6,100,C6-rules-100,1,66,614123
C6,100,C6-rules-100,1,67,597426
C6,100,C6-rules-100,1,68,595990
C6,100,C6-rules-100,1,69,599435
C6,100,C6-rules-100,1,70,601025
C6,100,C6-rules-100,1,71,598934
C6,100,C6-rules-100,1,72,614288
C6,100,C6-rules-100,1,73,616539
C6,100,C6-rules-100,1,74,611759
C6,100,C6-rules-100,1,75,636774
C6,100,C6-rules-100,1,76,598941
C6,100,C6-rules-100,1,77,613477
C6,100,C6-rules-100,1,78,628174
C6,100,C6-rules-100,1,79,682630
C6,100,C6-rules-100,1,80,619943
C6,100,C6-rules-100,1,81,595362
C6,100,C6-rules-100,1,82,597540
C6,100,C6-rules-100,1,83,596677
C6,100,C6-rules-100,1,84,600012
C6,100,C6-rules-100,1,85,621141
C6,100,C6-rules-100,1,86,626990
C6,100,C6-rules-100,1,87,599592
C6,100,C6-rules-100,1,88,595962
C6,100,C6-rules-100,1,89,599027
C6,100,C6-rules-100,1,90,597888
C6,100,C6-rules-100,1,91,600667
C6,100,C6-rules-100,1,92,617959
C6,100,C6-rules-100,1,93,599137
C6,100,C6-rules-100,1,94,602381
C6,100,C6-rules-100,1,95,594567
C6,100,C6-rules-100,1,96,597880
C6,100,C6-rules-100,1,97,600304
C6,100,C6-rules-100,1,98,622619
C6,100,C6-rules-100,1,99,616972
C6,100,C6-rules-100,1,100,601227
C6,100,C6-rules-100,2,1,616643
C6,100,C6-rules-100,2,2,626210
C6,100,C6-rules-100,2,3,608130
C6,100,C6-rules-100,2,4,603378
C6,100,C6-rules-100,2,5,611589
C6,100,C6-rules-100,2,6,599977
C6,100,C6-rules-100,2,7,604146
C6,100,C6-rules-100,2,8,608300
C6,100,C6-rules-100,2,9,599097
C6,100,C6-rules-100,2,10,596751
C6,100,C6-rules-100,2,11,611693
C6,100,C6-rules-100,2,12,633499
C6,100,C6-rules-100,2,13,605979
C6,100,C6-rules-100,2,14,600950
C6,100,C6-rules-100,2,15,598570
C6,100,C6-rules-100,2,16,598297
C6,100,C6-rules-100,2,17,599122
C6,100,C6-rules-100,2,18,625353
C6,100,C6-rules-100,2,19,595737
C6,100,C6-rules-100,2,20,624820
C6,100,C6-rules-100,2,21,598468
C6,100,C6-rules-100,2,22,599036
C6,100,C6-rules-100,2,23,607183
C6,100,C6-rules-100,2,24,613897
C6,100,C6-rules-100,2,25,642574
C6,100,C6-rules-100,2,26,603672
C6,100,C6-rules-100,2,27,615105
C6,100,C6-rules-100,2,28,603240
C6,100,C6-rules-100,2,29,597339
C6,100,C6-rules-100,2,30,599605
C6,100,C6-rules-100,2,31,616425
C6,100,C6-rules-100,2,32,596081
C6,100,C6-rules-100,2,33,595359
C6,100,C6-rules-100,2,34,601958
C6,100,C6-rules-100,2,35,599004
C6,100,C6-rules-100,2,36,599335
C6,100,C6-rules-100,2,37,599803
C6,100,C6-rules-100,2,38,613879
C6,100,C6-rules-100,2,39,611620
C6,100,C6-rules-100,2,40,609125
C6,100,C6-rules-100,2,41,605105
C6,100,C6-rules-100,2,42,603279
C6,100,C6-rules-100,2,43,602742
C6,100,C6-rules-100,2,44,606003
C6,100,C6-rules-100,2,45,606424
C6,100,C6-rules-100,2,46,599979
C6,100,C6-rules-100,2,47,593612
C6,100,C6-rules-100,2,48,594252
C6,100,C6-rules-100,2,49,594402
C6,100,C6-rules-100,2,50,594280
C6,100,C6-rules-100,2,51,602347
C6,100,C6-rules-100,2,52,607163
C6,100,C6-rules-100,2,53,598800
C6,100,C6-rules-100,2,54,618640
C6,100,C6-rules-100,2,55,620991
C6,100,C6-rules-100,2,56,613479
C6,100,C6-rules-100,2,57,625054
C6,100,C6-rules-100,2,58,602477
C6,100,C6-rules-100,2,59,595836
C6,100,C6-rules-100,2,60,616780
C6,100,C6-rules-100,2,61,613735
C6,100,C6-rules-100,2,62,604865
C6,100,C6-rules-100,2,63,601713
C6,100,C6-rules-100,2,64,614810
C6,100,C6-rules-100,2,65,597062
C6,100,C6-rules-100,2,66,604481
C6,100,C6-rules-100,2,67,616632
C6,100,C6-rules-100,2,68,604960
C6,100,C6-rules-100,2,69,606393
C6,100,C6-rules-100,2,70,609803
C6,100,C6-rules-100,2,71,597282
C6,100,C6-rules-100,2,72,600535
C6,100,C6-rules-100,2,73,609012
C6,100,C6-rules-100,2,74,608666
C6,100,C6-rules-100,2,75,603803
C6,100,C6-rules-100,2,76,607426
C6,100,C6-rules-100,2,77,608958
C6,100,C6-rules-100,2,78,611108
C6,100,C6-rules-100,2,79,594428
C6,100,C6-rules-100,2,80,596727
C6,100,C6-rules-100,2,81,595516
C6,100,C6-rules-100,2,82,596884
C6,100,C6-rules-100,2,83,606172
C6,100,C6-rules-100,2,84,600663
C6,100,C6-rules-100,2,85,599700
C6,100,C6-rules-100,2,86,594509
C6,100,C6-rules-100,2,87,595683
C6,100,C6-rules-100,2,88,595879
C6,100,C6-rules-100,2,89,599976
C6,100,C6-rules-100,2,90,642028
C6,100,C6-rules-100,2,91,619219
C6,100,C6-rules-100,2,92,597352
C6,100,C6-rules-100,2,93,612699
C6,100,C6-rules-100,2,94,602391
C6,100,C6-rules-100,2,95,617775
C6,100,C6-rules-100,2,96,598953
C6,100,C6-rules-100,2,97,606744
C6,100,C6-rules-100,2,98,610091
C6,100,C6-rules-100,2,99,600590
C6,100,C6-rules-100,2,100,605018
C6,100,C6-rules-100,3,1,609666
C6,100,C6-rules-100,3,2,600948
C6,100,C6-rules-100,3,3,653110
C6,100,C6-rules-100,3,4,600724
C6,100,C6-rules-100,3,5,598137
C6,100,C6-rules-100,3,6,612827
C6,100,C6-rules-100,3,7,8690812
C6,100,C6-rules-100,3,8,755217
C6,100,C6-rules-100,3,9,682959
C6,100,C6-rules-100,3,10,610719
C6,100,C6-rules-100,3,11,603607
C6,100,C6-rules-100,3,12,602463
C6,100,C6-rules-100,3,13,610805
C6,100,C6-rules-100,3,14,609311
C6,100,C6-rules-100,3,15,607728
C6,100,C6-rules-100,3,16,645932
C6,100,C6-rules-100,3,17,633512
C6,100,C6-rules-100,3,18,606340
C6,100,C6-rules-100,3,19,610956
C6,100,C6-rules-100,3,20,622551
C6,100,C6-rules-100,3,21,603122
C6,100,C6-rules-100,3,22,628112
C6,100,C6-rules-100,3,23,601405
C6,100,C6-rules-100,3,24,595478
C6,100,C6-rules-100,3,25,609560
C6,100,C6-rules-100,3,26,639230
C6,100,C6-rules-100,3,27,606481
C6,100,C6-rules-100,3,28,605660
C6,100,C6-rules-100,3,29,615594
C6,100,C6-rules-100,3,30,629226
C6,100,C6-rules-100,3,31,623104
C6,100,C6-rules-100,3,32,608713
C6,100,C6-rules-100,3,33,610732
C6,100,C6-rules-100,3,34,603442
C6,100,C6-rules-100,3,35,693739
C6,100,C6-rules-100,3,36,602897
C6,100,C6-rules-100,3,37,600637
C6,100,C6-rules-100,3,38,601956
C6,100,C6-rules-100,3,39,628783
C6,100,C6-rules-100,3,40,605807
C6,100,C6-rules-100,3,41,603658
C6,100,C6-rules-100,3,42,605931
C6,100,C6-rules-100,3,43,600761
C6,100,C6-rules-100,3,44,598187
C6,100,C6-rules-100,3,45,595495
C6,100,C6-rules-100,3,46,601468
C6,100,C6-rules-100,3,47,618684
C6,100,C6-rules-100,3,48,611468
C6,100,C6-rules-100,3,49,601935
C6,100,C6-rules-100,3,50,601138
C6,100,C6-rules-100,3,51,595125
C6,100,C6-rules-100,3,52,593226
C6,100,C6-rules-100,3,53,614279
C6,100,C6-rules-100,3,54,639016
C6,100,C6-rules-100,3,55,614656
C6,100,C6-rules-100,3,56,598999
C6,100,C6-rules-100,3,57,600236
C6,100,C6-rules-100,3,58,616366
C6,100,C6-rules-100,3,59,598161
C6,100,C6-rules-100,3,60,601813
C6,100,C6-rules-100,3,61,602962
C6,100,C6-rules-100,3,62,604058
C6,100,C6-rules-100,3,63,602456
C6,100,C6-rules-100,3,64,602660
C6,100,C6-rules-100,3,65,600090
C6,100,C6-rules-100,3,66,599004
C6,100,C6-rules-100,3,67,598961
C6,100,C6-rules-100,3,68,608718
C6,100,C6-rules-100,3,69,596465
C6,100,C6-rules-100,3,70,603980
C6,100,C6-rules-100,3,71,597890
C6,100,C6-rules-100,3,72,601798
C6,100,C6-rules-100,3,73,600605
C6,100,C6-rules-100,3,74,627776
C6,100,C6-rules-100,3,75,611673
C6,100,C6-rules-100,3,76,613284
C6,100,C6-rules-100,3,77,618418
C6,100,C6-rules-100,3,78,601825
C6,100,C6-rules-100,3,79,603019
C6,100,C6-rules-100,3,80,602995
C6,100,C6-rules-100,3,81,687780
C6,100,C6-rules-100,3,82,593875
C6,100,C6-rules-100,3,83,688807
C6,100,C6-rules-100,3,84,600579
C6,100,C6-rules-100,3,85,596513
C6,100,C6-rules-100,3,86,595426
C6,100,C6-rules-100,3,87,614286
C6,100,C6-rules-100,3,88,642003
C6,100,C6-rules-100,3,89,605943
C6,100,C6-rules-100,3,90,595809
C6,100,C6-rules-100,3,91,609881
C6,100,C6-rules-100,3,92,601660
C6,100,C6-rules-100,3,93,604535
C6,100,C6-rules-100,3,94,603386
C6,100,C6-rules-100,3,95,603962
C6,100,C6-rules-100,3,96,601050
C6,100,C6-rules-100,3,97,599110
C6,100,C6-rules-100,3,98,600487
C6,100,C6-rules-100,3,99,603298
C6,100,C6-rules-100,3,100,600176
C6,100,C6-rules-100,4,1,614545
C6,100,C6-rules-100,4,2,600642
C6,100,C6-rules-100,4,3,594719
C6,100,C6-rules-100,4,4,609002
C6,100,C6-rules-100,4,5,594999
C6,100,C6-rules-100,4,6,600348
C6,100,C6-rules-100,4,7,632431
C6,100,C6-rules-100,4,8,635982
C6,100,C6-rules-100,4,9,613614
C6,100,C6-rules-100,4,10,601364
C6,100,C6-rules-100,4,11,603011
C6,100,C6-rules-100,4,12,605985
C6,100,C6-rules-100,4,13,616308
C6,100,C6-rules-100,4,14,620844
C6,100,C6-rules-100,4,15,603969
C6,100,C6-rules-100,4,16,607401
C6,100,C6-rules-100,4,17,616195
C6,100,C6-rules-100,4,18,602571
C6,100,C6-rules-100,4,19,594521
C6,100,C6-rules-100,4,20,609551
C6,100,C6-rules-100,4,21,606477
C6,100,C6-rules-100,4,22,604491
C6,100,C6-rules-100,4,23,599201
C6,100,C6-rules-100,4,24,605208
C6,100,C6-rules-100,4,25,606855
C6,100,C6-rules-100,4,26,603903
C6,100,C6-rules-100,4,27,631371
C6,100,C6-rules-100,4,28,601323
C6,100,C6-rules-100,4,29,603052
C6,100,C6-rules-100,4,30,598843
C6,100,C6-rules-100,4,31,600556
C6,100,C6-rules-100,4,32,602943
C6,100,C6-rules-100,4,33,602482
C6,100,C6-rules-100,4,34,600540
C6,100,C6-rules-100,4,35,599710
C6,100,C6-rules-100,4,36,606809
C6,100,C6-rules-100,4,37,600640
C6,100,C6-rules-100,4,38,598510
C6,100,C6-rules-100,4,39,600549
C6,100,C6-rules-100,4,40,677037
C6,100,C6-rules-100,4,41,603717
C6,100,C6-rules-100,4,42,597987
C6,100,C6-rules-100,4,43,600742
C6,100,C6-rules-100,4,44,598817
C6,100,C6-rules-100,4,45,601897
C6,100,C6-rules-100,4,46,630514
C6,100,C6-rules-100,4,47,598636
C6,100,C6-rules-100,4,48,602463
C6,100,C6-rules-100,4,49,602641
C6,100,C6-rules-100,4,50,601651
C6,100,C6-rules-100,4,51,599386
C6,100,C6-rules-100,4,52,609359
C6,100,C6-rules-100,4,53,609392
C6,100,C6-rules-100,4,54,595344
C6,100,C6-rules-100,4,55,620595
C6,100,C6-rules-100,4,56,597176
C6,100,C6-rules-100,4,57,610113
C6,100,C6-rules-100,4,58,597779
C6,100,C6-rules-100,4,59,624914
C6,100,C6-rules-100,4,60,606618
C6,100,C6-rules-100,4,61,602264
C6,100,C6-rules-100,4,62,596185
C6,100,C6-rules-100,4,63,609439
C6,100,C6-rules-100,4,64,635562
C6,100,C6-rules-100,4,65,601619
C6,100,C6-rules-100,4,66,606858
C6,100,C6-rules-100,4,67,595156
C6,100,C6-rules-100,4,68,611258
C6,100,C6-rules-100,4,69,597565
C6,100,C6-rules-100,4,70,603593
C6,100,C6-rules-100,4,71,603628
C6,100,C6-rules-100,4,72,603554
C6,100,C6-rules-100,4,73,616136
C6,100,C6-rules-100,4,74,597343
C6,100,C6-rules-100,4,75,594653
C6,100,C6-rules-100,4,76,598191
C6,100,C6-rules-100,4,77,597657
C6,100,C6-rules-100,4,78,596569
C6,100,C6-rules-100,4,79,612824
C6,100,C6-rules-100,4,80,602378
C6,100,C6-rules-100,4,81,604393
C6,100,C6-rules-100,4,82,600935
C6,100,C6-rules-100,4,83,600245
C6,100,C6-rules-100,4,84,601708
C6,100,C6-rules-100,4,85,630921
C6,100,C6-rules-100,4,86,605635
C6,100,C6-rules-100,4,87,595234
C6,100,C6-rules-100,4,88,599955
C6,100,C6-rules-100,4,89,601853
C6,100,C6-rules-100,4,90,604428
C6,100,C6-rules-100,4,91,599714
C6,100,C6-rules-100,4,92,600629
C6,100,C6-rules-100,4,93,627971
C6,100,C6-rules-100,4,94,601132
C6,100,C6-rules-100,4,95,595744
C6,100,C6-rules-100,4,96,598155
C6,100,C6-rules-100,4,97,606708
C6,100,C6-rules-100,4,98,599280
C6,100,C6-rules-100,4,99,610107
C6,100,C6-rules-100,4,100,613674
C6,100,C6-rules-100,5,1,609951
C6,100,C6-rules-100,5,2,603777
C6,100,C6-rules-100,5,3,606032
C6,100,C6-rules-100,5,4,599739
C6,100,C6-rules-100,5,5,597322
C6,100,C6-rules-100,5,6,612029
C6,100,C6-rules-100,5,7,611373
C6,100,C6-rules-100,5,8,597249
C6,100,C6-rules-100,5,9,597647
C6,100,C6-rules-100,5,10,596442
C6,100,C6-rules-100,5,11,603980
C6,100,C6-rules-100,5,12,622871
C6,100,C6-rules-100,5,13,618344
C6,100,C6-rules-100,5,14,600180
C6,100,C6-rules-100,5,15,592786
C6,100,C6-rules-100,5,16,595593
C6,100,C6-rules-100,5,17,598815
C6,100,C6-rules-100,5,18,614329
C6,100,C6-rules-100,5,19,632079
C6,100,C6-rules-100,5,20,616968
C6,100,C6-rules-100,5,21,601318
C6,100,C6-rules-100,5,22,609334
C6,100,C6-rules-100,5,23,608733
C6,100,C6-rules-100,5,24,597687
C6,100,C6-rules-100,5,25,604955
C6,100,C6-rules-100,5,26,602175
C6,100,C6-rules-100,5,27,604302
C6,100,C6-rules-100,5,28,599819
C6,100,C6-rules-100,5,29,605093
C6,100,C6-rules-100,5,30,601114
C6,100,C6-rules-100,5,31,605642
C6,100,C6-rules-100,5,32,622537
C6,100,C6-rules-100,5,33,593981
C6,100,C6-rules-100,5,34,589798
C6,100,C6-rules-100,5,35,594745
C6,100,C6-rules-100,5,36,595371
C6,100,C6-rules-100,5,37,596066
C6,100,C6-rules-100,5,38,597256
C6,100,C6-rules-100,5,39,616223
C6,100,C6-rules-100,5,40,608747
C6,100,C6-rules-100,5,41,596643
C6,100,C6-rules-100,5,42,623555
C6,100,C6-rules-100,5,43,597205
C6,100,C6-rules-100,5,44,599699
C6,100,C6-rules-100,5,45,610490
C6,100,C6-rules-100,5,46,598519
C6,100,C6-rules-100,5,47,597046
C6,100,C6-rules-100,5,48,594841
C6,100,C6-rules-100,5,49,595853
C6,100,C6-rules-100,5,50,595385
C6,100,C6-rules-100,5,51,597357
C6,100,C6-rules-100,5,52,601517
C6,100,C6-rules-100,5,53,599394
C6,100,C6-rules-100,5,54,601029
C6,100,C6-rules-100,5,55,601699
C6,100,C6-rules-100,5,56,611255
C6,100,C6-rules-100,5,57,623821
C6,100,C6-rules-100,5,58,613246
C6,100,C6-rules-100,5,59,607383
C6,100,C6-rules-100,5,60,601973
C6,100,C6-rules-100,5,61,604968
C6,100,C6-rules-100,5,62,605992
C6,100,C6-rules-100,5,63,603156
C6,100,C6-rules-100,5,64,598221
C6,100,C6-rules-100,5,65,618882
C6,100,C6-rules-100,5,66,600590
C6,100,C6-rules-100,5,67,595064
C6,100,C6-rules-100,5,68,611415
C6,100,C6-rules-100,5,69,608045
C6,100,C6-rules-100,5,70,597987
C6,100,C6-rules-100,5,71,597939
C6,100,C6-rules-100,5,72,623841
C6,100,C6-rules-100,5,73,622570
C6,100,C6-rules-100,5,74,613423
C6,100,C6-rules-100,5,75,613797
C6,100,C6-rules-100,5,76,593664
C6,100,C6-rules-100,5,77,597113
C6,100,C6-rules-100,5,78,616985
C6,100,C6-rules-100,5,79,595558
C6,100,C6-rules-100,5,80,601742
C6,100,C6-rules-100,5,81,597444
C6,100,C6-rules-100,5,82,630507
C6,100,C6-rules-100,5,83,612559
C6,100,C6-rules-100,5,84,597117
C6,100,C6-rules-100,5,85,604422
C6,100,C6-rules-100,5,86,592498
C6,100,C6-rules-100,5,87,596686
C6,100,C6-rules-100,5,88,602999
C6,100,C6-rules-100,5,89,605441
C6,100,C6-rules-100,5,90,603210
C6,100,C6-rules-100,5,91,615106
C6,100,C6-rules-100,5,92,617676
C6,100,C6-rules-100,5,93,604636
C6,100,C6-rules-100,5,94,599040
C6,100,C6-rules-100,5,95,598790
C6,100,C6-rules-100,5,96,613691
C6,100,C6-rules-100,5,97,598595
C6,100,C6-rules-100,5,98,657052
C6,100,C6-rules-100,5,99,5596038
C6,100,C6-rules-100,5,100,723075
C6,100,C6-rules-100,6,1,671571
C6,100,C6-rules-100,6,2,630993
C6,100,C6-rules-100,6,3,623486
C6,100,C6-rules-100,6,4,613363
C6,100,C6-rules-100,6,5,622015
C6,100,C6-rules-100,6,6,602515
C6,100,C6-rules-100,6,7,602302
C6,100,C6-rules-100,6,8,602810
C6,100,C6-rules-100,6,9,618970
C6,100,C6-rules-100,6,10,609410
C6,100,C6-rules-100,6,11,601536
C6,100,C6-rules-100,6,12,613349
C6,100,C6-rules-100,6,13,633976
C6,100,C6-rules-100,6,14,620115
C6,100,C6-rules-100,6,15,615886
C6,100,C6-rules-100,6,16,633466
C6,100,C6-rules-100,6,17,615092
C6,100,C6-rules-100,6,18,599806
C6,100,C6-rules-100,6,19,622517
C6,100,C6-rules-100,6,20,632286
C6,100,C6-rules-100,6,21,603941
C6,100,C6-rules-100,6,22,616029
C6,100,C6-rules-100,6,23,601219
C6,100,C6-rules-100,6,24,604850
C6,100,C6-rules-100,6,25,621092
C6,100,C6-rules-100,6,26,608820
C6,100,C6-rules-100,6,27,603330
C6,100,C6-rules-100,6,28,607227
C6,100,C6-rules-100,6,29,601201
C6,100,C6-rules-100,6,30,611543
C6,100,C6-rules-100,6,31,606543
C6,100,C6-rules-100,6,32,631196
C6,100,C6-rules-100,6,33,605425
C6,100,C6-rules-100,6,34,604204
C6,100,C6-rules-100,6,35,603883
C6,100,C6-rules-100,6,36,599221
C6,100,C6-rules-100,6,37,602332
C6,100,C6-rules-100,6,38,600524
C6,100,C6-rules-100,6,39,602074
C6,100,C6-rules-100,6,40,605676
C6,100,C6-rules-100,6,41,622531
C6,100,C6-rules-100,6,42,602078
C6,100,C6-rules-100,6,43,600284
C6,100,C6-rules-100,6,44,604371
C6,100,C6-rules-100,6,45,597175
C6,100,C6-rules-100,6,46,600560
C6,100,C6-rules-100,6,47,608393
C6,100,C6-rules-100,6,48,619665
C6,100,C6-rules-100,6,49,603477
C6,100,C6-rules-100,6,50,599772
C6,100,C6-rules-100,6,51,604246
C6,100,C6-rules-100,6,52,600625
C6,100,C6-rules-100,6,53,632609
C6,100,C6-rules-100,6,54,607675
C6,100,C6-rules-100,6,55,598637
C6,100,C6-rules-100,6,56,601785
C6,100,C6-rules-100,6,57,629504
C6,100,C6-rules-100,6,58,608930
C6,100,C6-rules-100,6,59,600196
C6,100,C6-rules-100,6,60,604141
C6,100,C6-rules-100,6,61,615101
C6,100,C6-rules-100,6,62,601056
C6,100,C6-rules-100,6,63,607858
C6,100,C6-rules-100,6,64,601995
C6,100,C6-rules-100,6,65,602424
C6,100,C6-rules-100,6,66,611713
C6,100,C6-rules-100,6,67,607046
C6,100,C6-rules-100,6,68,608976
C6,100,C6-rules-100,6,69,601996
C6,100,C6-rules-100,6,70,600354
C6,100,C6-rules-100,6,71,597044
C6,100,C6-rules-100,6,72,601530
C6,100,C6-rules-100,6,73,613347
C6,100,C6-rules-100,6,74,620676
C6,100,C6-rules-100,6,75,612741
C6,100,C6-rules-100,6,76,623328
C6,100,C6-rules-100,6,77,600210
C6,100,C6-rules-100,6,78,610279
C6,100,C6-rules-100,6,79,606774
C6,100,C6-rules-100,6,80,607087
C6,100,C6-rules-100,6,81,619574
C6,100,C6-rules-100,6,82,594985
C6,100,C6-rules-100,6,83,596096
C6,100,C6-rules-100,6,84,598692
C6,100,C6-rules-100,6,85,596352
C6,100,C6-rules-100,6,86,599593
C6,100,C6-rules-100,6,87,602153
C6,100,C6-rules-100,6,88,627430
C6,100,C6-rules-100,6,89,607313
C6,100,C6-rules-100,6,90,602626
C6,100,C6-rules-100,6,91,604085
C6,100,C6-rules-100,6,92,603894
C6,100,C6-rules-100,6,93,606250
C6,100,C6-rules-100,6,94,607983
C6,100,C6-rules-100,6,95,604886
C6,100,C6-rules-100,6,96,606397
C6,100,C6-rules-100,6,97,601666
C6,100,C6-rules-100,6,98,615302
C6,100,C6-rules-100,6,99,613125
C6,100,C6-rules-100,6,100,603719
C6,100,C6-rules-100,7,1,600750
C6,100,C6-rules-100,7,2,602927
C6,100,C6-rules-100,7,3,602605
C6,100,C6-rules-100,7,4,603997
C6,100,C6-rules-100,7,5,603444
C6,100,C6-rules-100,7,6,604416
C6,100,C6-rules-100,7,7,609320
C6,100,C6-rules-100,7,8,594413
C6,100,C6-rules-100,7,9,595590
C6,100,C6-rules-100,7,10,599283
C6,100,C6-rules-100,7,11,600377
C6,100,C6-rules-100,7,12,619555
C6,100,C6-rules-100,7,13,608103
C6,100,C6-rules-100,7,14,620294
C6,100,C6-rules-100,7,15,601073
C6,100,C6-rules-100,7,16,601363
C6,100,C6-rules-100,7,17,603703
C6,100,C6-rules-100,7,18,599592
C6,100,C6-rules-100,7,19,602029
C6,100,C6-rules-100,7,20,615632
C6,100,C6-rules-100,7,21,614225
C6,100,C6-rules-100,7,22,599337
C6,100,C6-rules-100,7,23,596267
C6,100,C6-rules-100,7,24,593317
C6,100,C6-rules-100,7,25,600465
C6,100,C6-rules-100,7,26,599624
C6,100,C6-rules-100,7,27,613288
C6,100,C6-rules-100,7,28,606044
C6,100,C6-rules-100,7,29,607894
C6,100,C6-rules-100,7,30,612166
C6,100,C6-rules-100,7,31,634171
C6,100,C6-rules-100,7,32,600296
C6,100,C6-rules-100,7,33,614630
C6,100,C6-rules-100,7,34,613999
C6,100,C6-rules-100,7,35,609458
C6,100,C6-rules-100,7,36,611445
C6,100,C6-rules-100,7,37,605553
C6,100,C6-rules-100,7,38,627180
C6,100,C6-rules-100,7,39,600248
C6,100,C6-rules-100,7,40,639565
C6,100,C6-rules-100,7,41,603579
C6,100,C6-rules-100,7,42,601737
C6,100,C6-rules-100,7,43,601288
C6,100,C6-rules-100,7,44,600654
C6,100,C6-rules-100,7,45,598126
C6,100,C6-rules-100,7,46,615272
C6,100,C6-rules-100,7,47,601194
C6,100,C6-rules-100,7,48,600581
C6,100,C6-rules-100,7,49,609085
C6,100,C6-rules-100,7,50,603547
C6,100,C6-rules-100,7,51,609533
C6,100,C6-rules-100,7,52,601881
C6,100,C6-rules-100,7,53,603752
C6,100,C6-rules-100,7,54,605174
C6,100,C6-rules-100,7,55,626917
C6,100,C6-rules-100,7,56,597670
C6,100,C6-rules-100,7,57,594090
C6,100,C6-rules-100,7,58,596980
C6,100,C6-rules-100,7,59,599636
C6,100,C6-rules-100,7,60,634085
C6,100,C6-rules-100,7,61,601013
C6,100,C6-rules-100,7,62,606072
C6,100,C6-rules-100,7,63,603918
C6,100,C6-rules-100,7,64,616216
C6,100,C6-rules-100,7,65,604126
C6,100,C6-rules-100,7,66,616509
C6,100,C6-rules-100,7,67,599719
C6,100,C6-rules-100,7,68,598880
C6,100,C6-rules-100,7,69,613523
C6,100,C6-rules-100,7,70,597979
C6,100,C6-rules-100,7,71,599532
C6,100,C6-rules-100,7,72,602879
C6,100,C6-rules-100,7,73,604804
C6,100,C6-rules-100,7,74,599736
C6,100,C6-rules-100,7,75,592457
C6,100,C6-rules-100,7,76,610078
C6,100,C6-rules-100,7,77,601282
C6,100,C6-rules-100,7,78,609383
C6,100,C6-rules-100,7,79,625314
C6,100,C6-rules-100,7,80,602939
C6,100,C6-rules-100,7,81,618388
C6,100,C6-rules-100,7,82,601927
C6,100,C6-rules-100,7,83,597903
C6,100,C6-rules-100,7,84,610482
C6,100,C6-rules-100,7,85,602137
C6,100,C6-rules-100,7,86,622655
C6,100,C6-rules-100,7,87,622887
C6,100,C6-rules-100,7,88,607318
C6,100,C6-rules-100,7,89,602760
C6,100,C6-rules-100,7,90,608762
C6,100,C6-rules-100,7,91,600706
C6,100,C6-rules-100,7,92,606601
C6,100,C6-rules-100,7,93,600947
C6,100,C6-rules-100,7,94,597481
C6,100,C6-rules-100,7,95,608989
C6,100,C6-rules-100,7,96,598472
C6,100,C6-rules-100,7,97,606265
C6,100,C6-rules-100,7,98,596399
C6,100,C6-rules-100,7,99,606737
C6,100,C6-rules-100,7,100,602482
C6,100,C6-rules-100,8,1,603030
C6,100,C6-rules-100,8,2,626464
C6,100,C6-rules-100,8,3,607608
C6,100,C6-rules-100,8,4,611910
C6,100,C6-rules-100,8,5,607167
C6,100,C6-rules-100,8,6,593465
C6,100,C6-rules-100,8,7,599907
C6,100,C6-rules-100,8,8,595417
C6,100,C6-rules-100,8,9,606725
C6,100,C6-rules-100,8,10,593853
C6,100,C6-rules-100,8,11,594529
C6,100,C6-rules-100,8,12,611731
C6,100,C6-rules-100,8,13,602481
C6,100,C6-rules-100,8,14,609246
C6,100,C6-rules-100,8,15,600212
C6,100,C6-rules-100,8,16,593433
C6,100,C6-rules-100,8,17,595728
C6,100,C6-rules-100,8,18,598673
C6,100,C6-rules-100,8,19,603730
C6,100,C6-rules-100,8,20,603872
C6,100,C6-rules-100,8,21,598215
C6,100,C6-rules-100,8,22,613939
C6,100,C6-rules-100,8,23,607580
C6,100,C6-rules-100,8,24,603998
C6,100,C6-rules-100,8,25,606044
C6,100,C6-rules-100,8,26,605498
C6,100,C6-rules-100,8,27,609086
C6,100,C6-rules-100,8,28,605583
C6,100,C6-rules-100,8,29,623159
C6,100,C6-rules-100,8,30,604040
C6,100,C6-rules-100,8,31,602453
C6,100,C6-rules-100,8,32,625575
C6,100,C6-rules-100,8,33,600147
C6,100,C6-rules-100,8,34,602713
C6,100,C6-rules-100,8,35,601765
C6,100,C6-rules-100,8,36,601255
C6,100,C6-rules-100,8,37,610793
C6,100,C6-rules-100,8,38,609840
C6,100,C6-rules-100,8,39,603009
C6,100,C6-rules-100,8,40,597067
C6,100,C6-rules-100,8,41,599533
C6,100,C6-rules-100,8,42,614516
C6,100,C6-rules-100,8,43,611380
C6,100,C6-rules-100,8,44,596700
C6,100,C6-rules-100,8,45,622990
C6,100,C6-rules-100,8,46,602100
C6,100,C6-rules-100,8,47,600257
C6,100,C6-rules-100,8,48,600555
C6,100,C6-rules-100,8,49,599782
C6,100,C6-rules-100,8,50,599855
C6,100,C6-rules-100,8,51,621906
C6,100,C6-rules-100,8,52,607258
C6,100,C6-rules-100,8,53,598747
C6,100,C6-rules-100,8,54,596240
C6,100,C6-rules-100,8,55,596813
C6,100,C6-rules-100,8,56,599859
C6,100,C6-rules-100,8,57,598359
C6,100,C6-rules-100,8,58,605579
C6,100,C6-rules-100,8,59,602220
C6,100,C6-rules-100,8,60,596478
C6,100,C6-rules-100,8,61,597077
C6,100,C6-rules-100,8,62,606978
C6,100,C6-rules-100,8,63,612232
C6,100,C6-rules-100,8,64,625069
C6,100,C6-rules-100,8,65,634090
C6,100,C6-rules-100,8,66,602180
C6,100,C6-rules-100,8,67,597701
C6,100,C6-rules-100,8,68,595711
C6,100,C6-rules-100,8,69,596680
C6,100,C6-rules-100,8,70,621074
C6,100,C6-rules-100,8,71,618276
C6,100,C6-rules-100,8,72,592996
C6,100,C6-rules-100,8,73,598142
C6,100,C6-rules-100,8,74,596597
C6,100,C6-rules-100,8,75,595403
C6,100,C6-rules-100,8,76,593041
C6,100,C6-rules-100,8,77,596650
C6,100,C6-rules-100,8,78,634215
C6,100,C6-rules-100,8,79,604579
C6,100,C6-rules-100,8,80,598468
C6,100,C6-rules-100,8,81,600410
C6,100,C6-rules-100,8,82,606642
C6,100,C6-rules-100,8,83,598121
C6,100,C6-rules-100,8,84,603123
C6,100,C6-rules-100,8,85,605961
C6,100,C6-rules-100,8,86,598876
C6,100,C6-rules-100,8,87,598208
C6,100,C6-rules-100,8,88,607578
C6,100,C6-rules-100,8,89,599817
C6,100,C6-rules-100,8,90,596127
C6,100,C6-rules-100,8,91,612957
C6,100,C6-rules-100,8,92,4501350
C6,100,C6-rules-100,8,93,786182
C6,100,C6-rules-100,8,94,667912
C6,100,C6-rules-100,8,95,614892
C6,100,C6-rules-100,8,96,612334
C6,100,C6-rules-100,8,97,628028
C6,100,C6-rules-100,8,98,607078
C6,100,C6-rules-100,8,99,604213
C6,100,C6-rules-100,8,100,602708
C3,10,C3-rules-010,1,1,52649
C3,10,C3-rules-010,1,2,53155
C3,10,C3-rules-010,1,3,53778
C3,10,C3-rules-010,1,4,53349
C3,10,C3-rules-010,1,5,53124
C3,10,C3-rules-010,1,6,53168
C3,10,C3-rules-010,1,7,55654
C3,10,C3-rules-010,1,8,53537
C3,10,C3-rules-010,1,9,52933
C3,10,C3-rules-010,1,10,53384
C3,10,C3-rules-010,1,11,53275
C3,10,C3-rules-010,1,12,53224
C3,10,C3-rules-010,1,13,53751
C3,10,C3-rules-010,1,14,53203
C3,10,C3-rules-010,1,15,55722
C3,10,C3-rules-010,1,16,53243
C3,10,C3-rules-010,1,17,52700
C3,10,C3-rules-010,1,18,53792
C3,10,C3-rules-010,1,19,53374
C3,10,C3-rules-010,1,20,52887
C3,10,C3-rules-010,1,21,52939
C3,10,C3-rules-010,1,22,55351
C3,10,C3-rules-010,1,23,53440
C3,10,C3-rules-010,1,24,53183
C3,10,C3-rules-010,1,25,52883
C3,10,C3-rules-010,1,26,54399
C3,10,C3-rules-010,1,27,53171
C3,10,C3-rules-010,1,28,53176
C3,10,C3-rules-010,1,29,53266
C3,10,C3-rules-010,1,30,55254
C3,10,C3-rules-010,1,31,52973
C3,10,C3-rules-010,1,32,53537
C3,10,C3-rules-010,1,33,53016
C3,10,C3-rules-010,1,34,53762
C3,10,C3-rules-010,1,35,53191
C3,10,C3-rules-010,1,36,52806
C3,10,C3-rules-010,1,37,53296
C3,10,C3-rules-010,1,38,56139
C3,10,C3-rules-010,1,39,53533
C3,10,C3-rules-010,1,40,53436
C3,10,C3-rules-010,1,41,53172
C3,10,C3-rules-010,1,42,54009
C3,10,C3-rules-010,1,43,57163
C3,10,C3-rules-010,1,44,53415
C3,10,C3-rules-010,1,45,55532
C3,10,C3-rules-010,1,46,53167
C3,10,C3-rules-010,1,47,53212
C3,10,C3-rules-010,1,48,53016
C3,10,C3-rules-010,1,49,53908
C3,10,C3-rules-010,1,50,53577
C3,10,C3-rules-010,1,51,53049
C3,10,C3-rules-010,1,52,52902
C3,10,C3-rules-010,1,53,55770
C3,10,C3-rules-010,1,54,53696
C3,10,C3-rules-010,1,55,53496
C3,10,C3-rules-010,1,56,53612
C3,10,C3-rules-010,1,57,53590
C3,10,C3-rules-010,1,58,53528
C3,10,C3-rules-010,1,59,53312
C3,10,C3-rules-010,1,60,53089
C3,10,C3-rules-010,1,61,56167
C3,10,C3-rules-010,1,62,53384
C3,10,C3-rules-010,1,63,52995
C3,10,C3-rules-010,1,64,54363
C3,10,C3-rules-010,1,65,53829
C3,10,C3-rules-010,1,66,53316
C3,10,C3-rules-010,1,67,53324
C3,10,C3-rules-010,1,68,53113
C3,10,C3-rules-010,1,69,58354
C3,10,C3-rules-010,1,70,53312
C3,10,C3-rules-010,1,71,53730
C3,10,C3-rules-010,1,72,54339
C3,10,C3-rules-010,1,73,53467
C3,10,C3-rules-010,1,74,53942
C3,10,C3-rules-010,1,75,58164
C3,10,C3-rules-010,1,76,58144
C3,10,C3-rules-010,1,77,51719
C3,10,C3-rules-010,1,78,54193
C3,10,C3-rules-010,1,79,50913
C3,10,C3-rules-010,1,80,53351
C3,10,C3-rules-010,1,81,58247
C3,10,C3-rules-010,1,82,55564
C3,10,C3-rules-010,1,83,49596
C3,10,C3-rules-010,1,84,51208
C3,10,C3-rules-010,1,85,49969
C3,10,C3-rules-010,1,86,49413
C3,10,C3-rules-010,1,87,49663
C3,10,C3-rules-010,1,88,55490
C3,10,C3-rules-010,1,89,60471
C3,10,C3-rules-010,1,90,60870
C3,10,C3-rules-010,1,91,60129
C3,10,C3-rules-010,1,92,62021
C3,10,C3-rules-010,1,93,60647
C3,10,C3-rules-010,1,94,61113
C3,10,C3-rules-010,1,95,57817
C3,10,C3-rules-010,1,96,53450
C3,10,C3-rules-010,1,97,54038
C3,10,C3-rules-010,1,98,49869
C3,10,C3-rules-010,1,99,51349
C3,10,C3-rules-010,1,100,49571
C3,10,C3-rules-010,2,1,54661
C3,10,C3-rules-010,2,2,53779
C3,10,C3-rules-010,2,3,52041
C3,10,C3-rules-010,2,4,49741
C3,10,C3-rules-010,2,5,50801
C3,10,C3-rules-010,2,6,50322
C3,10,C3-rules-010,2,7,51722
C3,10,C3-rules-010,2,8,50100
C3,10,C3-rules-010,2,9,49869
C3,10,C3-rules-010,2,10,50017
C3,10,C3-rules-010,2,11,50583
C3,10,C3-rules-010,2,12,50448
C3,10,C3-rules-010,2,13,49929
C3,10,C3-rules-010,2,14,53197
C3,10,C3-rules-010,2,15,56235
C3,10,C3-rules-010,2,16,53509
C3,10,C3-rules-010,2,17,53848
C3,10,C3-rules-010,2,18,54023
C3,10,C3-rules-010,2,19,55562
C3,10,C3-rules-010,2,20,53901
C3,10,C3-rules-010,2,21,52773
C3,10,C3-rules-010,2,22,50672
C3,10,C3-rules-010,2,23,53132
C3,10,C3-rules-010,2,24,53406
C3,10,C3-rules-010,2,25,54328
C3,10,C3-rules-010,2,26,54522
C3,10,C3-rules-010,2,27,53422
C3,10,C3-rules-010,2,28,53741
C3,10,C3-rules-010,2,29,53196
C3,10,C3-rules-010,2,30,55277
C3,10,C3-rules-010,2,31,53305
C3,10,C3-rules-010,2,32,53577
C3,10,C3-rules-010,2,33,53666
C3,10,C3-rules-010,2,34,54125
C3,10,C3-rules-010,2,35,53367
C3,10,C3-rules-010,2,36,53675
C3,10,C3-rules-010,2,37,53080
C3,10,C3-rules-010,2,38,55758
C3,10,C3-rules-010,2,39,53629
C3,10,C3-rules-010,2,40,53367
C3,10,C3-rules-010,2,41,53174
C3,10,C3-rules-010,2,42,54140
C3,10,C3-rules-010,2,43,53706
C3,10,C3-rules-010,2,44,53375
C3,10,C3-rules-010,2,45,53480
C3,10,C3-rules-010,2,46,55522
C3,10,C3-rules-010,2,47,53501
C3,10,C3-rules-010,2,48,53429
C3,10,C3-rules-010,2,49,52969
C3,10,C3-rules-010,2,50,54327
C3,10,C3-rules-010,2,51,53134
C3,10,C3-rules-010,2,52,53750
C3,10,C3-rules-010,2,53,55864
C3,10,C3-rules-010,2,54,53985
C3,10,C3-rules-010,2,55,52547
C3,10,C3-rules-010,2,56,53198
C3,10,C3-rules-010,2,57,55282
C3,10,C3-rules-010,2,58,53261
C3,10,C3-rules-010,2,59,54053
C3,10,C3-rules-010,2,60,53385
C3,10,C3-rules-010,2,61,55794
C3,10,C3-rules-010,2,62,53861
C3,10,C3-rules-010,2,63,52855
C3,10,C3-rules-010,2,64,53127
C3,10,C3-rules-010,2,65,53534
C3,10,C3-rules-010,2,66,52823
C3,10,C3-rules-010,2,67,52987
C3,10,C3-rules-010,2,68,52830
C3,10,C3-rules-010,2,69,55254
C3,10,C3-rules-010,2,70,54174
C3,10,C3-rules-010,2,71,53368
C3,10,C3-rules-010,2,72,53936
C3,10,C3-rules-010,2,73,54286
C3,10,C3-rules-010,2,74,53561
C3,10,C3-rules-010,2,75,54116
C3,10,C3-rules-010,2,76,53253
C3,10,C3-rules-010,2,77,56681
C3,10,C3-rules-010,2,78,53171
C3,10,C3-rules-010,2,79,54052
C3,10,C3-rules-010,2,80,54669
C3,10,C3-rules-010,2,81,53696
C3,10,C3-rules-010,2,82,53442
C3,10,C3-rules-010,2,83,54162
C3,10,C3-rules-010,2,84,55327
C3,10,C3-rules-010,2,85,53914
C3,10,C3-rules-010,2,86,56977
C3,10,C3-rules-010,2,87,54531
C3,10,C3-rules-010,2,88,54166
C3,10,C3-rules-010,2,89,53491
C3,10,C3-rules-010,2,90,53178
C3,10,C3-rules-010,2,91,53397
C3,10,C3-rules-010,2,92,55740
C3,10,C3-rules-010,2,93,53466
C3,10,C3-rules-010,2,94,53502
C3,10,C3-rules-010,2,95,53505
C3,10,C3-rules-010,2,96,49754
C3,10,C3-rules-010,2,97,49348
C3,10,C3-rules-010,2,98,49909
C3,10,C3-rules-010,2,99,53325
C3,10,C3-rules-010,2,100,55632
C3,10,C3-rules-010,3,1,53913
C3,10,C3-rules-010,3,2,50202
C3,10,C3-rules-010,3,3,49983
C3,10,C3-rules-010,3,4,51065
C3,10,C3-rules-010,3,5,49888
C3,10,C3-rules-010,3,6,49750
C3,10,C3-rules-010,3,7,51958
C3,10,C3-rules-010,3,8,50572
C3,10,C3-rules-010,3,9,50112
C3,10,C3-rules-010,3,10,49822
C3,10,C3-rules-010,3,11,50062
C3,10,C3-rules-010,3,12,49456
C3,10,C3-rules-010,3,13,49812
C3,10,C3-rules-010,3,14,49482
C3,10,C3-rules-010,3,15,51766
C3,10,C3-rules-010,3,16,50305
C3,10,C3-rules-010,3,17,49791
C3,10,C3-rules-010,3,18,49500
C3,10,C3-rules-010,3,19,50440
C3,10,C3-rules-010,3,20,49964
C3,10,C3-rules-010,3,21,49634
C3,10,C3-rules-010,3,22,49811
C3,10,C3-rules-010,3,23,52319
C3,10,C3-rules-010,3,24,49908
C3,10,C3-rules-010,3,25,49362
C3,10,C3-rules-010,3,26,50230
C3,10,C3-rules-010,3,27,49916
C3,10,C3-rules-010,3,28,49767
C3,10,C3-rules-010,3,29,50169
C3,10,C3-rules-010,3,30,49576
C3,10,C3-rules-010,3,31,51910
C3,10,C3-rules-010,3,32,49680
C3,10,C3-rules-010,3,33,50124
C3,10,C3-rules-010,3,34,53840
C3,10,C3-rules-010,3,35,53557
C3,10,C3-rules-010,3,36,51796
C3,10,C3-rules-010,3,37,49707
C3,10,C3-rules-010,3,38,51986
C3,10,C3-rules-010,3,39,50075
C3,10,C3-rules-010,3,40,48995
C3,10,C3-rules-010,3,41,49588
C3,10,C3-rules-010,3,42,50020
C3,10,C3-rules-010,3,43,49171
C3,10,C3-rules-010,3,44,49431
C3,10,C3-rules-010,3,45,49541
C3,10,C3-rules-010,3,46,52369
C3,10,C3-rules-010,3,47,51232
C3,10,C3-rules-010,3,48,50534
C3,10,C3-rules-010,3,49,51099
C3,10,C3-rules-010,3,50,51118
C3,10,C3-rules-010,3,51,49834
C3,10,C3-rules-010,3,52,49875
C3,10,C3-rules-010,3,53,49467
C3,10,C3-rules-010,3,54,51866
C3,10,C3-rules-010,3,55,49898
C3,10,C3-rules-010,3,56,49582
C3,10,C3-rules-010,3,57,49932
C3,10,C3-rules-010,3,58,49879
C3,10,C3-rules-010,3,59,49335
C3,10,C3-rules-010,3,60,49291
C3,10,C3-rules-010,3,61,55677
C3,10,C3-rules-010,3,62,53302
C3,10,C3-rules-010,3,63,53495
C3,10,C3-rules-010,3,64,54577
C3,10,C3-rules-010,3,65,50440
C3,10,C3-rules-010,3,66,49869
C3,10,C3-rules-010,3,67,49658
C3,10,C3-rules-010,3,68,49579
C3,10,C3-rules-010,3,69,51734
C3,10,C3-rules-010,3,70,49986
C3,10,C3-rules-010,3,71,50136
C3,10,C3-rules-010,3,72,50073
C3,10,C3-rules-010,3,73,50291
C3,10,C3-rules-010,3,74,50491
C3,10,C3-rules-010,3,75,53047
C3,10,C3-rules-010,3,76,53415
C3,10,C3-rules-010,3,77,55793
C3,10,C3-rules-010,3,78,50218
C3,10,C3-rules-010,3,79,50630
C3,10,C3-rules-010,3,80,49890
C3,10,C3-rules-010,3,81,50582
C3,10,C3-rules-010,3,82,50196
C3,10,C3-rules-010,3,83,49939
C3,10,C3-rules-010,3,84,49941
C3,10,C3-rules-010,3,85,52147
C3,10,C3-rules-010,3,86,49989
C3,10,C3-rules-010,3,87,50075
C3,10,C3-rules-010,3,88,50422
C3,10,C3-rules-010,3,89,49916
C3,10,C3-rules-010,3,90,49356
C3,10,C3-rules-010,3,91,49489
C3,10,C3-rules-010,3,92,51525
C3,10,C3-rules-010,3,93,49571
C3,10,C3-rules-010,3,94,49918
C3,10,C3-rules-010,3,95,49444
C3,10,C3-rules-010,3,96,50794
C3,10,C3-rules-010,3,97,49554
C3,10,C3-rules-010,3,98,49798
C3,10,C3-rules-010,3,99,49697
C3,10,C3-rules-010,3,100,51141
C3,10,C3-rules-010,4,1,52872
C3,10,C3-rules-010,4,2,49806
C3,10,C3-rules-010,4,3,50026
C3,10,C3-rules-010,4,4,53452
C3,10,C3-rules-010,4,5,53180
C3,10,C3-rules-010,4,6,52182
C3,10,C3-rules-010,4,7,49568
C3,10,C3-rules-010,4,8,51158
C3,10,C3-rules-010,4,9,51086
C3,10,C3-rules-010,4,10,51112
C3,10,C3-rules-010,4,11,51361
C3,10,C3-rules-010,4,12,52876
C3,10,C3-rules-010,4,13,49846
C3,10,C3-rules-010,4,14,49212
C3,10,C3-rules-010,4,15,51494
C3,10,C3-rules-010,4,16,53138
C3,10,C3-rules-010,4,17,53216
C3,10,C3-rules-010,4,18,50835
C3,10,C3-rules-010,4,19,49989
C3,10,C3-rules-010,4,20,49296
C3,10,C3-rules-010,4,21,49433
C3,10,C3-rules-010,4,22,50011
C3,10,C3-rules-010,4,23,51216
C3,10,C3-rules-010,4,24,49754
C3,10,C3-rules-010,4,25,49952
C3,10,C3-rules-010,4,26,49868
C3,10,C3-rules-010,4,27,50084
C3,10,C3-rules-010,4,28,49663
C3,10,C3-rules-010,4,29,49392
C3,10,C3-rules-010,4,30,49356
C3,10,C3-rules-010,4,31,51861
C3,10,C3-rules-010,4,32,49953
C3,10,C3-rules-010,4,33,49530
C3,10,C3-rules-010,4,34,50182
C3,10,C3-rules-010,4,35,50259
C3,10,C3-rules-010,4,36,49685
C3,10,C3-rules-010,4,37,53658
C3,10,C3-rules-010,4,38,53279
C3,10,C3-rules-010,4,39,55692
C3,10,C3-rules-010,4,40,51897
C3,10,C3-rules-010,4,41,49343
C3,10,C3-rules-010,4,42,49892
C3,10,C3-rules-010,4,43,49488
C3,10,C3-rules-010,4,44,49672
C3,10,C3-rules-010,4,45,49437
C3,10,C3-rules-010,4,46,51206
C3,10,C3-rules-010,4,47,49992
C3,10,C3-rules-010,4,48,49582
C3,10,C3-rules-010,4,49,49585
C3,10,C3-rules-010,4,50,49945
C3,10,C3-rules-010,4,51,49359
C3,10,C3-rules-010,4,52,49696
C3,10,C3-rules-010,4,53,49557
C3,10,C3-rules-010,4,54,51443
C3,10,C3-rules-010,4,55,50258
C3,10,C3-rules-010,4,56,49648
C3,10,C3-rules-010,4,57,52153
C3,10,C3-rules-010,4,58,53318
C3,10,C3-rules-010,4,59,52507
C3,10,C3-rules-010,4,60,49635
C3,10,C3-rules-010,4,61,49530
C3,10,C3-rules-010,4,62,51695
C3,10,C3-rules-010,4,63,49523
C3,10,C3-rules-010,4,64,50086
C3,10,C3-rules-010,4,65,49702
C3,10,C3-rules-010,4,66,49959
C3,10,C3-rules-010,4,67,49656
C3,10,C3-rules-010,4,68,49752
C3,10,C3-rules-010,4,69,51728
C3,10,C3-rules-010,4,70,49838
C3,10,C3-rules-010,4,71,49815
C3,10,C3-rules-010,4,72,50093
C3,10,C3-rules-010,4,73,50603
C3,10,C3-rules-010,4,74,49751
C3,10,C3-rules-010,4,75,49627
C3,10,C3-rules-010,4,76,49885
C3,10,C3-rules-010,4,77,52360
C3,10,C3-rules-010,4,78,50146
C3,10,C3-rules-010,4,79,49722
C3,10,C3-rules-010,4,80,50152
C3,10,C3-rules-010,4,81,49934
C3,10,C3-rules-010,4,82,49871
C3,10,C3-rules-010,4,83,49466
C3,10,C3-rules-010,4,84,50030
C3,10,C3-rules-010,4,85,51952
C3,10,C3-rules-010,4,86,49659
C3,10,C3-rules-010,4,87,49550
C3,10,C3-rules-010,4,88,49311
C3,10,C3-rules-010,4,89,50460
C3,10,C3-rules-010,4,90,50090
C3,10,C3-rules-010,4,91,49769
C3,10,C3-rules-010,4,92,49687
C3,10,C3-rules-010,4,93,52109
C3,10,C3-rules-010,4,94,49402
C3,10,C3-rules-010,4,95,49561
C3,10,C3-rules-010,4,96,50317
C3,10,C3-rules-010,4,97,49980
C3,10,C3-rules-010,4,98,50316
C3,10,C3-rules-010,4,99,53244
C3,10,C3-rules-010,4,100,55699
C3,10,C3-rules-010,5,1,52981
C3,10,C3-rules-010,5,2,49876
C3,10,C3-rules-010,5,3,49654
C3,10,C3-rules-010,5,4,50164
C3,10,C3-rules-010,5,5,51257
C3,10,C3-rules-010,5,6,51423
C3,10,C3-rules-010,5,7,49635
C3,10,C3-rules-010,5,8,51942
C3,10,C3-rules-010,5,9,50144
C3,10,C3-rules-010,5,10,49756
C3,10,C3-rules-010,5,11,49536
C3,10,C3-rules-010,5,12,50135
C3,10,C3-rules-010,5,13,53478
C3,10,C3-rules-010,5,14,52781
C3,10,C3-rules-010,5,15,53101
C3,10,C3-rules-010,5,16,53913
C3,10,C3-rules-010,5,17,49368
C3,10,C3-rules-010,5,18,49425
C3,10,C3-rules-010,5,19,49655
C3,10,C3-rules-010,5,20,49299
C3,10,C3-rules-010,5,21,49763
C3,10,C3-rules-010,5,22,49788
C3,10,C3-rules-010,5,23,51133
C3,10,C3-rules-010,5,24,49966
C3,10,C3-rules-010,5,25,50114
C3,10,C3-rules-010,5,26,49339
C3,10,C3-rules-010,5,27,49743
C3,10,C3-rules-010,5,28,49459
C3,10,C3-rules-010,5,29,49164
C3,10,C3-rules-010,5,30,49661
C3,10,C3-rules-010,5,31,52265
C3,10,C3-rules-010,5,32,50219
C3,10,C3-rules-010,5,33,49684
C3,10,C3-rules-010,5,34,49441
C3,10,C3-rules-010,5,35,50141
C3,10,C3-rules-010,5,36,49511
C3,10,C3-rules-010,5,37,49917
C3,10,C3-rules-010,5,38,49512
C3,10,C3-rules-010,5,39,53938
C3,10,C3-rules-010,5,40,53842
C3,10,C3-rules-010,5,41,53629
C3,10,C3-rules-010,5,42,50063
C3,10,C3-rules-010,5,43,50200
C3,10,C3-rules-010,5,44,49705
C3,10,C3-rules-010,5,45,49931
C3,10,C3-rules-010,5,46,49361
C3,10,C3-rules-010,5,47,49986
C3,10,C3-rules-010,5,48,49810
C3,10,C3-rules-010,5,49,49858
C3,10,C3-rules-010,5,50,49851
C3,10,C3-rules-010,5,51,49747
C3,10,C3-rules-010,5,52,49765
C3,10,C3-rules-010,5,53,49673
C3,10,C3-rules-010,5,54,51974
C3,10,C3-rules-010,5,55,50032
C3,10,C3-rules-010,5,56,49562
C3,10,C3-rules-010,5,57,49307
C3,10,C3-rules-010,5,58,50022
C3,10,C3-rules-010,5,59,49721
C3,10,C3-rules-010,5,60,49999
C3,10,C3-rules-010,5,61,49565
C3,10,C3-rules-010,5,62,52599
C3,10,C3-rules-010,5,63,49772
C3,10,C3-rules-010,5,64,50318
C3,10,C3-rules-010,5,65,49938
C3,10,C3-rules-010,5,66,49910
C3,10,C3-rules-010,5,67,50077
C3,10,C3-rules-010,5,68,51531
C3,10,C3-rules-010,5,69,51784
C3,10,C3-rules-010,5,70,53433
C3,10,C3-rules-010,5,71,51968
C3,10,C3-rules-010,5,72,50496
C3,10,C3-rules-010,5,73,50048
C3,10,C3-rules-010,5,74,50624
C3,10,C3-rules-010,5,75,50103
C3,10,C3-rules-010,5,76,50126
C3,10,C3-rules-010,5,77,51542
C3,10,C3-rules-010,5,78,50235
C3,10,C3-rules-010,5,79,49484
C3,10,C3-rules-010,5,80,50405
C3,10,C3-rules-010,5,81,53529
C3,10,C3-rules-010,5,82,53323
C3,10,C3-rules-010,5,83,49793
C3,10,C3-rules-010,5,84,49704
C3,10,C3-rules-010,5,85,51764
C3,10,C3-rules-010,5,86,49769
C3,10,C3-rules-010,5,87,49817
C3,10,C3-rules-010,5,88,49151
C3,10,C3-rules-010,5,89,49925
C3,10,C3-rules-010,5,90,56503
C3,10,C3-rules-010,5,91,53427
C3,10,C3-rules-010,5,92,52974
C3,10,C3-rules-010,5,93,53592
C3,10,C3-rules-010,5,94,50045
C3,10,C3-rules-010,5,95,53055
C3,10,C3-rules-010,5,96,52926
C3,10,C3-rules-010,5,97,54927
C3,10,C3-rules-010,5,98,51529
C3,10,C3-rules-010,5,99,51195
C3,10,C3-rules-010,5,100,51632
C3,10,C3-rules-010,6,1,54025
C3,10,C3-rules-010,6,2,50213
C3,10,C3-rules-010,6,3,49872
C3,10,C3-rules-010,6,4,50291
C3,10,C3-rules-010,6,5,49814
C3,10,C3-rules-010,6,6,49566
C3,10,C3-rules-010,6,7,50452
C3,10,C3-rules-010,6,8,63571
C3,10,C3-rules-010,6,9,50154
C3,10,C3-rules-010,6,10,50088
C3,10,C3-rules-010,6,11,49621
C3,10,C3-rules-010,6,12,51274
C3,10,C3-rules-010,6,13,49786
C3,10,C3-rules-010,6,14,50162
C3,10,C3-rules-010,6,15,49747
C3,10,C3-rules-010,6,16,52170
C3,10,C3-rules-010,6,17,50284
C3,10,C3-rules-010,6,18,49903
C3,10,C3-rules-010,6,19,49558
C3,10,C3-rules-010,6,20,50239
C3,10,C3-rules-010,6,21,52904
C3,10,C3-rules-010,6,22,53545
C3,10,C3-rules-010,6,23,51918
C3,10,C3-rules-010,6,24,52556
C3,10,C3-rules-010,6,25,50082
C3,10,C3-rules-010,6,26,49957
C3,10,C3-rules-010,6,27,51090
C3,10,C3-rules-010,6,28,50159
C3,10,C3-rules-010,6,29,50562
C3,10,C3-rules-010,6,30,49072
C3,10,C3-rules-010,6,31,52509
C3,10,C3-rules-010,6,32,50729
C3,10,C3-rules-010,6,33,50133
C3,10,C3-rules-010,6,34,50359
C3,10,C3-rules-010,6,35,49948
C3,10,C3-rules-010,6,36,50583
C3,10,C3-rules-010,6,37,50856
C3,10,C3-rules-010,6,38,49936
C3,10,C3-rules-010,6,39,52455
C3,10,C3-rules-010,6,40,50740
C3,10,C3-rules-010,6,41,50267
C3,10,C3-rules-010,6,42,53272
C3,10,C3-rules-010,6,43,53860
C3,10,C3-rules-010,6,44,54554
C3,10,C3-rules-010,6,45,53748
C3,10,C3-rules-010,6,46,53599
C3,10,C3-rules-010,6,47,55670
C3,10,C3-rules-010,6,48,53428
C3,10,C3-rules-010,6,49,57240
C3,10,C3-rules-010,6,50,53675
C3,10,C3-rules-010,6,51,54882
C3,10,C3-rules-010,6,52,53871
C3,10,C3-rules-010,6,53,53533
C3,10,C3-rules-010,6,54,55567
C3,10,C3-rules-010,6,55,54044
C3,10,C3-rules-010,6,56,55261
C3,10,C3-rules-010,6,57,49814
C3,10,C3-rules-010,6,58,50855
C3,10,C3-rules-010,6,59,49976
C3,10,C3-rules-010,6,60,52177
C3,10,C3-rules-010,6,61,53505
C3,10,C3-rules-010,6,62,55552
C3,10,C3-rules-010,6,63,59259
C3,10,C3-rules-010,6,64,51862
C3,10,C3-rules-010,6,65,49598
C3,10,C3-rules-010,6,66,50012
C3,10,C3-rules-010,6,67,49347
C3,10,C3-rules-010,6,68,49392
C3,10,C3-rules-010,6,69,49220
C3,10,C3-rules-010,6,70,51317
C3,10,C3-rules-010,6,71,50091
C3,10,C3-rules-010,6,72,49841
C3,10,C3-rules-010,6,73,49602
C3,10,C3-rules-010,6,74,50290
C3,10,C3-rules-010,6,75,49933
C3,10,C3-rules-010,6,76,49938
C3,10,C3-rules-010,6,77,49688
C3,10,C3-rules-010,6,78,51995
C3,10,C3-rules-010,6,79,49530
C3,10,C3-rules-010,6,80,50234
C3,10,C3-rules-010,6,81,49670
C3,10,C3-rules-010,6,82,49631
C3,10,C3-rules-010,6,83,49833
C3,10,C3-rules-010,6,84,49639
C3,10,C3-rules-010,6,85,51775
C3,10,C3-rules-010,6,86,49789
C3,10,C3-rules-010,6,87,50023
C3,10,C3-rules-010,6,88,49547
C3,10,C3-rules-010,6,89,49888
C3,10,C3-rules-010,6,90,49799
C3,10,C3-rules-010,6,91,50141
C3,10,C3-rules-010,6,92,49879
C3,10,C3-rules-010,6,93,51475
C3,10,C3-rules-010,6,94,50527
C3,10,C3-rules-010,6,95,49596
C3,10,C3-rules-010,6,96,49626
C3,10,C3-rules-010,6,97,50586
C3,10,C3-rules-010,6,98,49565
C3,10,C3-rules-010,6,99,49856
C3,10,C3-rules-010,6,100,52696
C3,10,C3-rules-010,7,1,59654
C3,10,C3-rules-010,7,2,50176
C3,10,C3-rules-010,7,3,49975
C3,10,C3-rules-010,7,4,50092
C3,10,C3-rules-010,7,5,50322
C3,10,C3-rules-010,7,6,49906
C3,10,C3-rules-010,7,7,50621
C3,10,C3-rules-010,7,8,51846
C3,10,C3-rules-010,7,9,54059
C3,10,C3-rules-010,7,10,53605
C3,10,C3-rules-010,7,11,52806
C3,10,C3-rules-010,7,12,50443
C3,10,C3-rules-010,7,13,51689
C3,10,C3-rules-010,7,14,54097
C3,10,C3-rules-010,7,15,49590
C3,10,C3-rules-010,7,16,51795
C3,10,C3-rules-010,7,17,50362
C3,10,C3-rules-010,7,18,50754
C3,10,C3-rules-010,7,19,49972
C3,10,C3-rules-010,7,20,50403
C3,10,C3-rules-010,7,21,49552
C3,10,C3-rules-010,7,22,50015
C3,10,C3-rules-010,7,23,50036
C3,10,C3-rules-010,7,24,53179
C3,10,C3-rules-010,7,25,50031
C3,10,C3-rules-010,7,26,51672
C3,10,C3-rules-010,7,27,51552
C3,10,C3-rules-010,7,28,52166
C3,10,C3-rules-010,7,29,51862
C3,10,C3-rules-010,7,30,51621
C3,10,C3-rules-010,7,31,51454
C3,10,C3-rules-010,7,32,54634
C3,10,C3-rules-010,7,33,51968
C3,10,C3-rules-010,7,34,51826
C3,10,C3-rules-010,7,35,49980
C3,10,C3-rules-010,7,36,50224
C3,10,C3-rules-010,7,37,50195
C3,10,C3-rules-010,7,38,50150
C3,10,C3-rules-010,7,39,59290
C3,10,C3-rules-010,7,40,53137
C3,10,C3-rules-010,7,41,53664
C3,10,C3-rules-010,7,42,53148
C3,10,C3-rules-010,7,43,51236
C3,10,C3-rules-010,7,44,49799
C3,10,C3-rules-010,7,45,49135
C3,10,C3-rules-010,7,46,49792
C3,10,C3-rules-010,7,47,51481
C3,10,C3-rules-010,7,48,50589
C3,10,C3-rules-010,7,49,49846
C3,10,C3-rules-010,7,50,49859
C3,10,C3-rules-010,7,51,50184
C3,10,C3-rules-010,7,52,49951
C3,10,C3-rules-010,7,53,50063
C3,10,C3-rules-010,7,54,50115
C3,10,C3-rules-010,7,55,51266
C3,10,C3-rules-010,7,56,49838
C3,10,C3-rules-010,7,57,49672
C3,10,C3-rules-010,7,58,49992
C3,10,C3-rules-010,7,59,50243
C3,10,C3-rules-010,7,60,49915
C3,10,C3-rules-010,7,61,49805
C3,10,C3-rules-010,7,62,52479
C3,10,C3-rules-010,7,63,49493
C3,10,C3-rules-010,7,64,50098
C3,10,C3-rules-010,7,65,49989
C3,10,C3-rules-010,7,66,50645
C3,10,C3-rules-010,7,67,50196
C3,10,C3-rules-010,7,68,50059
C3,10,C3-rules-010,7,69,49532
C3,10,C3-rules-010,7,70,52014
C3,10,C3-rules-010,7,71,50200
C3,10,C3-rules-010,7,72,49487
C3,10,C3-rules-010,7,73,49800
C3,10,C3-rules-010,7,74,50328
C3,10,C3-rules-010,7,75,49772
C3,10,C3-rules-010,7,76,50901
C3,10,C3-rules-010,7,77,49869
C3,10,C3-rules-010,7,78,52539
C3,10,C3-rules-010,7,79,50541
C3,10,C3-rules-010,7,80,50153
C3,10,C3-rules-010,7,81,54004
C3,10,C3-rules-010,7,82,54524
C3,10,C3-rules-010,7,83,51169
C3,10,C3-rules-010,7,84,50022
C3,10,C3-rules-010,7,85,50279
C3,10,C3-rules-010,7,86,57996
C3,10,C3-rules-010,7,87,51288
C3,10,C3-rules-010,7,88,51829
C3,10,C3-rules-010,7,89,52052
C3,10,C3-rules-010,7,90,52055
C3,10,C3-rules-010,7,91,50154
C3,10,C3-rules-010,7,92,49921
C3,10,C3-rules-010,7,93,51788
C3,10,C3-rules-010,7,94,50015
C3,10,C3-rules-010,7,95,50464
C3,10,C3-rules-010,7,96,49953
C3,10,C3-rules-010,7,97,51396
C3,10,C3-rules-010,7,98,50227
C3,10,C3-rules-010,7,99,51066
C3,10,C3-rules-010,7,100,49638
C3,10,C3-rules-010,8,1,55249
C3,10,C3-rules-010,8,2,50813
C3,10,C3-rules-010,8,3,50481
C3,10,C3-rules-010,8,4,50283
C3,10,C3-rules-010,8,5,50271
C3,10,C3-rules-010,8,6,50127
C3,10,C3-rules-010,8,7,49771
C3,10,C3-rules-010,8,8,50575
C3,10,C3-rules-010,8,9,52647
C3,10,C3-rules-010,8,10,50303
C3,10,C3-rules-010,8,11,50498
C3,10,C3-rules-010,8,12,50477
C3,10,C3-rules-010,8,13,50650
C3,10,C3-rules-010,8,14,58173
C3,10,C3-rules-010,8,15,53233
C3,10,C3-rules-010,8,16,54885
C3,10,C3-rules-010,8,17,53107
C3,10,C3-rules-010,8,18,49597
C3,10,C3-rules-010,8,19,49479
C3,10,C3-rules-010,8,20,51616
C3,10,C3-rules-010,8,21,50031
C3,10,C3-rules-010,8,22,50154
C3,10,C3-rules-010,8,23,50335
C3,10,C3-rules-010,8,24,52162
C3,10,C3-rules-010,8,25,51119
C3,10,C3-rules-010,8,26,51083
C3,10,C3-rules-010,8,27,51249
C3,10,C3-rules-010,8,28,51245
C3,10,C3-rules-010,8,29,51678
C3,10,C3-rules-010,8,30,50872
C3,10,C3-rules-010,8,31,50959
C3,10,C3-rules-010,8,32,54023
C3,10,C3-rules-010,8,33,50635
C3,10,C3-rules-010,8,34,50028
C3,10,C3-rules-010,8,35,49830
C3,10,C3-rules-010,8,36,50626
C3,10,C3-rules-010,8,37,50223
C3,10,C3-rules-010,8,38,49930
C3,10,C3-rules-010,8,39,50263
C3,10,C3-rules-010,8,40,54017
C3,10,C3-rules-010,8,41,51114
C3,10,C3-rules-010,8,42,51333
C3,10,C3-rules-010,8,43,51728
C3,10,C3-rules-010,8,44,51774
C3,10,C3-rules-010,8,45,51003
C3,10,C3-rules-010,8,46,50353
C3,10,C3-rules-010,8,47,51970
C3,10,C3-rules-010,8,48,50018
C3,10,C3-rules-010,8,49,49490
C3,10,C3-rules-010,8,50,50212
C3,10,C3-rules-010,8,51,49732
C3,10,C3-rules-010,8,52,49581
C3,10,C3-rules-010,8,53,50863
C3,10,C3-rules-010,8,54,51590
C3,10,C3-rules-010,8,55,52909
C3,10,C3-rules-010,8,56,51331
C3,10,C3-rules-010,8,57,49658
C3,10,C3-rules-010,8,58,49792
C3,10,C3-rules-010,8,59,49917
C3,10,C3-rules-010,8,60,49244
C3,10,C3-rules-010,8,61,50001
C3,10,C3-rules-010,8,62,49351
C3,10,C3-rules-010,8,63,52040
C3,10,C3-rules-010,8,64,50132
C3,10,C3-rules-010,8,65,49609
C3,10,C3-rules-010,8,66,49141
C3,10,C3-rules-010,8,67,50397
C3,10,C3-rules-010,8,68,49498
C3,10,C3-rules-010,8,69,49254
C3,10,C3-rules-010,8,70,51657
C3,10,C3-rules-010,8,71,50167
C3,10,C3-rules-010,8,72,49864
C3,10,C3-rules-010,8,73,49458
C3,10,C3-rules-010,8,74,49803
C3,10,C3-rules-010,8,75,49612
C3,10,C3-rules-010,8,76,49580
C3,10,C3-rules-010,8,77,49364
C3,10,C3-rules-010,8,78,51560
C3,10,C3-rules-010,8,79,49656
C3,10,C3-rules-010,8,80,50012
C3,10,C3-rules-010,8,81,49807
C3,10,C3-rules-010,8,82,49830
C3,10,C3-rules-010,8,83,49602
C3,10,C3-rules-010,8,84,49415
C3,10,C3-rules-010,8,85,50042
C3,10,C3-rules-010,8,86,52308
C3,10,C3-rules-010,8,87,49685
C3,10,C3-rules-010,8,88,49109
C3,10,C3-rules-010,8,89,49813
C3,10,C3-rules-010,8,90,49865
C3,10,C3-rules-010,8,91,54290
C3,10,C3-rules-010,8,92,53839
C3,10,C3-rules-010,8,93,53188
C3,10,C3-rules-010,8,94,53315
C3,10,C3-rules-010,8,95,49333
C3,10,C3-rules-010,8,96,49888
C3,10,C3-rules-010,8,97,49754
C3,10,C3-rules-010,8,98,49603
C3,10,C3-rules-010,8,99,49270
C3,10,C3-rules-010,8,100,49289
C4,1,C4-rules-001,1,1,27498
C4,1,C4-rules-001,1,2,25916
C4,1,C4-rules-001,1,3,25085
C4,1,C4-rules-001,1,4,25080
C4,1,C4-rules-001,1,5,25099
C4,1,C4-rules-001,1,6,25358
C4,1,C4-rules-001,1,7,25064
C4,1,C4-rules-001,1,8,25178
C4,1,C4-rules-001,1,9,24866
C4,1,C4-rules-001,1,10,24971
C4,1,C4-rules-001,1,11,25962
C4,1,C4-rules-001,1,12,25426
C4,1,C4-rules-001,1,13,25121
C4,1,C4-rules-001,1,14,25286
C4,1,C4-rules-001,1,15,25270
C4,1,C4-rules-001,1,16,25078
C4,1,C4-rules-001,1,17,25376
C4,1,C4-rules-001,1,18,25010
C4,1,C4-rules-001,1,19,25358
C4,1,C4-rules-001,1,20,24815
C4,1,C4-rules-001,1,21,27843
C4,1,C4-rules-001,1,22,25527
C4,1,C4-rules-001,1,23,25126
C4,1,C4-rules-001,1,24,24904
C4,1,C4-rules-001,1,25,25049
C4,1,C4-rules-001,1,26,25039
C4,1,C4-rules-001,1,27,25114
C4,1,C4-rules-001,1,28,25004
C4,1,C4-rules-001,1,29,24901
C4,1,C4-rules-001,1,30,24894
C4,1,C4-rules-001,1,31,25123
C4,1,C4-rules-001,1,32,25484
C4,1,C4-rules-001,1,33,25029
C4,1,C4-rules-001,1,34,25147
C4,1,C4-rules-001,1,35,25110
C4,1,C4-rules-001,1,36,25016
C4,1,C4-rules-001,1,37,25064
C4,1,C4-rules-001,1,38,25250
C4,1,C4-rules-001,1,39,24898
C4,1,C4-rules-001,1,40,25062
C4,1,C4-rules-001,1,41,25077
C4,1,C4-rules-001,1,42,27401
C4,1,C4-rules-001,1,43,25814
C4,1,C4-rules-001,1,44,25263
C4,1,C4-rules-001,1,45,25003
C4,1,C4-rules-001,1,46,25261
C4,1,C4-rules-001,1,47,25000
C4,1,C4-rules-001,1,48,25560
C4,1,C4-rules-001,1,49,24960
C4,1,C4-rules-001,1,50,25177
C4,1,C4-rules-001,1,51,25165
C4,1,C4-rules-001,1,52,25632
C4,1,C4-rules-001,1,53,25512
C4,1,C4-rules-001,1,54,24938
C4,1,C4-rules-001,1,55,25113
C4,1,C4-rules-001,1,56,25234
C4,1,C4-rules-001,1,57,25136
C4,1,C4-rules-001,1,58,24958
C4,1,C4-rules-001,1,59,25886
C4,1,C4-rules-001,1,60,25028
C4,1,C4-rules-001,1,61,25073
C4,1,C4-rules-001,1,62,25065
C4,1,C4-rules-001,1,63,29655
C4,1,C4-rules-001,1,64,25244
C4,1,C4-rules-001,1,65,25049
C4,1,C4-rules-001,1,66,25082
C4,1,C4-rules-001,1,67,25054
C4,1,C4-rules-001,1,68,25312
C4,1,C4-rules-001,1,69,29845
C4,1,C4-rules-001,1,70,26690
C4,1,C4-rules-001,1,71,26524
C4,1,C4-rules-001,1,72,26162
C4,1,C4-rules-001,1,73,26920
C4,1,C4-rules-001,1,74,26038
C4,1,C4-rules-001,1,75,26536
C4,1,C4-rules-001,1,76,26311
C4,1,C4-rules-001,1,77,27664
C4,1,C4-rules-001,1,78,25776
C4,1,C4-rules-001,1,79,23154
C4,1,C4-rules-001,1,80,23188
C4,1,C4-rules-001,1,81,23213
C4,1,C4-rules-001,1,82,23462
C4,1,C4-rules-001,1,83,25745
C4,1,C4-rules-001,1,84,23701
C4,1,C4-rules-001,1,85,23300
C4,1,C4-rules-001,1,86,23099
C4,1,C4-rules-001,1,87,23293
C4,1,C4-rules-001,1,88,23238
C4,1,C4-rules-001,1,89,23076
C4,1,C4-rules-001,1,90,23202
C4,1,C4-rules-001,1,91,23460
C4,1,C4-rules-001,1,92,23276
C4,1,C4-rules-001,1,93,23489
C4,1,C4-rules-001,1,94,24396
C4,1,C4-rules-001,1,95,23419
C4,1,C4-rules-001,1,96,23269
C4,1,C4-rules-001,1,97,23560
C4,1,C4-rules-001,1,98,23801
C4,1,C4-rules-001,1,99,23083
C4,1,C4-rules-001,1,100,23116
C4,1,C4-rules-001,2,1,30540
C4,1,C4-rules-001,2,2,24062
C4,1,C4-rules-001,2,3,23559
C4,1,C4-rules-001,2,4,26685
C4,1,C4-rules-001,2,5,23792
C4,1,C4-rules-001,2,6,23192
C4,1,C4-rules-001,2,7,23412
C4,1,C4-rules-001,2,8,23473
C4,1,C4-rules-001,2,9,23371
C4,1,C4-rules-001,2,10,23794
C4,1,C4-rules-001,2,11,29859
C4,1,C4-rules-001,2,12,25051
C4,1,C4-rules-001,2,13,25246
C4,1,C4-rules-001,2,14,25581
C4,1,C4-rules-001,2,15,25517
C4,1,C4-rules-001,2,16,24885
C4,1,C4-rules-001,2,17,25133
C4,1,C4-rules-001,2,18,25168
C4,1,C4-rules-001,2,19,23674
C4,1,C4-rules-001,2,20,23290
C4,1,C4-rules-001,2,21,23266
C4,1,C4-rules-001,2,22,24131
C4,1,C4-rules-001,2,23,23618
C4,1,C4-rules-001,2,24,23411
C4,1,C4-rules-001,2,25,25952
C4,1,C4-rules-001,2,26,23479
C4,1,C4-rules-001,2,27,23411
C4,1,C4-rules-001,2,28,23736
C4,1,C4-rules-001,2,29,23294
C4,1,C4-rules-001,2,30,23189
C4,1,C4-rules-001,2,31,23765
C4,1,C4-rules-001,2,32,23626
C4,1,C4-rules-001,2,33,24714
C4,1,C4-rules-001,2,34,24012
C4,1,C4-rules-001,2,35,23990
C4,1,C4-rules-001,2,36,23749
C4,1,C4-rules-001,2,37,23387
C4,1,C4-rules-001,2,38,23475
C4,1,C4-rules-001,2,39,23274
C4,1,C4-rules-001,2,40,23333
C4,1,C4-rules-001,2,41,23727
C4,1,C4-rules-001,2,42,23935
C4,1,C4-rules-001,2,43,23314
C4,1,C4-rules-001,2,44,23286
C4,1,C4-rules-001,2,45,26784
C4,1,C4-rules-001,2,46,23715
C4,1,C4-rules-001,2,47,23740
C4,1,C4-rules-001,2,48,24265
C4,1,C4-rules-001,2,49,24927
C4,1,C4-rules-001,2,50,24042
C4,1,C4-rules-001,2,51,24160
C4,1,C4-rules-001,2,52,23856
C4,1,C4-rules-001,2,53,23389
C4,1,C4-rules-001,2,54,23763
C4,1,C4-rules-001,2,55,23431
C4,1,C4-rules-001,2,56,23607
C4,1,C4-rules-001,2,57,23862
C4,1,C4-rules-001,2,58,23459
C4,1,C4-rules-001,2,59,23333
C4,1,C4-rules-001,2,60,23474
C4,1,C4-rules-001,2,61,23281
C4,1,C4-rules-001,2,62,23506
C4,1,C4-rules-001,2,63,23523
C4,1,C4-rules-001,2,64,24188
C4,1,C4-rules-001,2,65,24085
C4,1,C4-rules-001,2,66,25428
C4,1,C4-rules-001,2,67,23458
C4,1,C4-rules-001,2,68,23447
C4,1,C4-rules-001,2,69,23458
C4,1,C4-rules-001,2,70,23089
C4,1,C4-rules-001,2,71,23453
C4,1,C4-rules-001,2,72,23236
C4,1,C4-rules-001,2,73,23404
C4,1,C4-rules-001,2,74,23532
C4,1,C4-rules-001,2,75,23437
C4,1,C4-rules-001,2,76,24330
C4,1,C4-rules-001,2,77,23626
C4,1,C4-rules-001,2,78,23526
C4,1,C4-rules-001,2,79,23441
C4,1,C4-rules-001,2,80,23571
C4,1,C4-rules-001,2,81,23484
C4,1,C4-rules-001,2,82,23397
C4,1,C4-rules-001,2,83,23550
C4,1,C4-rules-001,2,84,23524
C4,1,C4-rules-001,2,85,24704
C4,1,C4-rules-001,2,86,25831
C4,1,C4-rules-001,2,87,23899
C4,1,C4-rules-001,2,88,23224
C4,1,C4-rules-001,2,89,23466
C4,1,C4-rules-001,2,90,23301
C4,1,C4-rules-001,2,91,23406
C4,1,C4-rules-001,2,92,23314
C4,1,C4-rules-001,2,93,23500
C4,1,C4-rules-001,2,94,23359
C4,1,C4-rules-001,2,95,23774
C4,1,C4-rules-001,2,96,23482
C4,1,C4-rules-001,2,97,25187
C4,1,C4-rules-001,2,98,23371
C4,1,C4-rules-001,2,99,23253
C4,1,C4-rules-001,2,100,23259
C4,1,C4-rules-001,3,1,28293
C4,1,C4-rules-001,3,2,23601
C4,1,C4-rules-001,3,3,23590
C4,1,C4-rules-001,3,4,23588
C4,1,C4-rules-001,3,5,23511
C4,1,C4-rules-001,3,6,23364
C4,1,C4-rules-001,3,7,25888
C4,1,C4-rules-001,3,8,24190
C4,1,C4-rules-001,3,9,23747
C4,1,C4-rules-001,3,10,23408
C4,1,C4-rules-001,3,11,23557
C4,1,C4-rules-001,3,12,23598
C4,1,C4-rules-001,3,13,23702
C4,1,C4-rules-001,3,14,23758
C4,1,C4-rules-001,3,15,23403
C4,1,C4-rules-001,3,16,23446
C4,1,C4-rules-001,3,17,24357
C4,1,C4-rules-001,3,18,23702
C4,1,C4-rules-001,3,19,23440
C4,1,C4-rules-001,3,20,23913
C4,1,C4-rules-001,3,21,23922
C4,1,C4-rules-001,3,22,23430
C4,1,C4-rules-001,3,23,25412
C4,1,C4-rules-001,3,24,23392
C4,1,C4-rules-001,3,25,23674
C4,1,C4-rules-001,3,26,23435
C4,1,C4-rules-001,3,27,23333
C4,1,C4-rules-001,3,28,27249
C4,1,C4-rules-001,3,29,23533
C4,1,C4-rules-001,3,30,23566
C4,1,C4-rules-001,3,31,23786
C4,1,C4-rules-001,3,32,23696
C4,1,C4-rules-001,3,33,23516
C4,1,C4-rules-001,3,34,23619
C4,1,C4-rules-001,3,35,23498
C4,1,C4-rules-001,3,36,23388
C4,1,C4-rules-001,3,37,24126
C4,1,C4-rules-001,3,38,26221
C4,1,C4-rules-001,3,39,25915
C4,1,C4-rules-001,3,40,26067
C4,1,C4-rules-001,3,41,26043
C4,1,C4-rules-001,3,42,26553
C4,1,C4-rules-001,3,43,26106
C4,1,C4-rules-001,3,44,26568
C4,1,C4-rules-001,3,45,27044
C4,1,C4-rules-001,3,46,24572
C4,1,C4-rules-001,3,47,23604
C4,1,C4-rules-001,3,48,25761
C4,1,C4-rules-001,3,49,23731
C4,1,C4-rules-001,3,50,23692
C4,1,C4-rules-001,3,51,23667
C4,1,C4-rules-001,3,52,23376
C4,1,C4-rules-001,3,53,23518
C4,1,C4-rules-001,3,54,23554
C4,1,C4-rules-001,3,55,23585
C4,1,C4-rules-001,3,56,23793
C4,1,C4-rules-001,3,57,23554
C4,1,C4-rules-001,3,58,23467
C4,1,C4-rules-001,3,59,24099
C4,1,C4-rules-001,3,60,23447
C4,1,C4-rules-001,3,61,23787
C4,1,C4-rules-001,3,62,23381
C4,1,C4-rules-001,3,63,23506
C4,1,C4-rules-001,3,64,23435
C4,1,C4-rules-001,3,65,23241
C4,1,C4-rules-001,3,66,28726
C4,1,C4-rules-001,3,67,23689
C4,1,C4-rules-001,3,68,24883
C4,1,C4-rules-001,3,69,27385
C4,1,C4-rules-001,3,70,25013
C4,1,C4-rules-001,3,71,25430
C4,1,C4-rules-001,3,72,23267
C4,1,C4-rules-001,3,73,23258
C4,1,C4-rules-001,3,74,23244
C4,1,C4-rules-001,3,75,23299
C4,1,C4-rules-001,3,76,23313
C4,1,C4-rules-001,3,77,23270
C4,1,C4-rules-001,3,78,23048
C4,1,C4-rules-001,3,79,24325
C4,1,C4-rules-001,3,80,23539
C4,1,C4-rules-001,3,81,23547
C4,1,C4-rules-001,3,82,23228
C4,1,C4-rules-001,3,83,23407
C4,1,C4-rules-001,3,84,23448
C4,1,C4-rules-001,3,85,23679
C4,1,C4-rules-001,3,86,23220
C4,1,C4-rules-001,3,87,23493
C4,1,C4-rules-001,3,88,23712
C4,1,C4-rules-001,3,89,23179
C4,1,C4-rules-001,3,90,24651
C4,1,C4-rules-001,3,91,23499
C4,1,C4-rules-001,3,92,23463
C4,1,C4-rules-001,3,93,23391
C4,1,C4-rules-001,3,94,23255
C4,1,C4-rules-001,3,95,23168
C4,1,C4-rules-001,3,96,23416
C4,1,C4-rules-001,3,97,23312
C4,1,C4-rules-001,3,98,23298
C4,1,C4-rules-001,3,99,23156
C4,1,C4-rules-001,3,100,23728
C4,1,C4-rules-001,4,1,26749
C4,1,C4-rules-001,4,2,23610
C4,1,C4-rules-001,4,3,23336
C4,1,C4-rules-001,4,4,23385
C4,1,C4-rules-001,4,5,23341
C4,1,C4-rules-001,4,6,23267
C4,1,C4-rules-001,4,7,23432
C4,1,C4-rules-001,4,8,23321
C4,1,C4-rules-001,4,9,23828
C4,1,C4-rules-001,4,10,25075
C4,1,C4-rules-001,4,11,23715
C4,1,C4-rules-001,4,12,23300
C4,1,C4-rules-001,4,13,23567
C4,1,C4-rules-001,4,14,23314
C4,1,C4-rules-001,4,15,23415
C4,1,C4-rules-001,4,16,23196
C4,1,C4-rules-001,4,17,23386
C4,1,C4-rules-001,4,18,23488
C4,1,C4-rules-001,4,19,23408
C4,1,C4-rules-001,4,20,24792
C4,1,C4-rules-001,4,21,23307
C4,1,C4-rules-001,4,22,23461
C4,1,C4-rules-001,4,23,23259
C4,1,C4-rules-001,4,24,23255
C4,1,C4-rules-001,4,25,23098
C4,1,C4-rules-001,4,26,23566
C4,1,C4-rules-001,4,27,23186
C4,1,C4-rules-001,4,28,23247
C4,1,C4-rules-001,4,29,23455
C4,1,C4-rules-001,4,30,23335
C4,1,C4-rules-001,4,31,25498
C4,1,C4-rules-001,4,32,23475
C4,1,C4-rules-001,4,33,23338
C4,1,C4-rules-001,4,34,23083
C4,1,C4-rules-001,4,35,23115
C4,1,C4-rules-001,4,36,23097
C4,1,C4-rules-001,4,37,23398
C4,1,C4-rules-001,4,38,23216
C4,1,C4-rules-001,4,39,23220
C4,1,C4-rules-001,4,40,23259
C4,1,C4-rules-001,4,41,23969
C4,1,C4-rules-001,4,42,23446
C4,1,C4-rules-001,4,43,23249
C4,1,C4-rules-001,4,44,23291
C4,1,C4-rules-001,4,45,23100
C4,1,C4-rules-001,4,46,23379
C4,1,C4-rules-001,4,47,23266
C4,1,C4-rules-001,4,48,23248
C4,1,C4-rules-001,4,49,23351
C4,1,C4-rules-001,4,50,23120
C4,1,C4-rules-001,4,51,25012
C4,1,C4-rules-001,4,52,23388
C4,1,C4-rules-001,4,53,23462
C4,1,C4-rules-001,4,54,23285
C4,1,C4-rules-001,4,55,23439
C4,1,C4-rules-001,4,56,23197
C4,1,C4-rules-001,4,57,23392
C4,1,C4-rules-001,4,58,23396
C4,1,C4-rules-001,4,59,23464
C4,1,C4-rules-001,4,60,23069
C4,1,C4-rules-001,4,61,23265
C4,1,C4-rules-001,4,62,24258
C4,1,C4-rules-001,4,63,23244
C4,1,C4-rules-001,4,64,23461
C4,1,C4-rules-001,4,65,23293
C4,1,C4-rules-001,4,66,23226
C4,1,C4-rules-001,4,67,23380
C4,1,C4-rules-001,4,68,23638
C4,1,C4-rules-001,4,69,23301
C4,1,C4-rules-001,4,70,23409
C4,1,C4-rules-001,4,71,23513
C4,1,C4-rules-001,4,72,25284
C4,1,C4-rules-001,4,73,23466
C4,1,C4-rules-001,4,74,23453
C4,1,C4-rules-001,4,75,23424
C4,1,C4-rules-001,4,76,23222
C4,1,C4-rules-001,4,77,23400
C4,1,C4-rules-001,4,78,23419
C4,1,C4-rules-001,4,79,23165
C4,1,C4-rules-001,4,80,23235
C4,1,C4-rules-001,4,81,23400
C4,1,C4-rules-001,4,82,24004
C4,1,C4-rules-001,4,83,23486
C4,1,C4-rules-001,4,84,23527
C4,1,C4-rules-001,4,85,23328
C4,1,C4-rules-001,4,86,23294
C4,1,C4-rules-001,4,87,23298
C4,1,C4-rules-001,4,88,23125
C4,1,C4-rules-001,4,89,23167
C4,1,C4-rules-001,4,90,23271
C4,1,C4-rules-001,4,91,23088
C4,1,C4-rules-001,4,92,23275
C4,1,C4-rules-001,4,93,26256
C4,1,C4-rules-001,4,94,23503
C4,1,C4-rules-001,4,95,23339
C4,1,C4-rules-001,4,96,23163
C4,1,C4-rules-001,4,97,23228
C4,1,C4-rules-001,4,98,23181
C4,1,C4-rules-001,4,99,23041
C4,1,C4-rules-001,4,100,23279
C4,1,C4-rules-001,5,1,27397
C4,1,C4-rules-001,5,2,23543
C4,1,C4-rules-001,5,3,24430
C4,1,C4-rules-001,5,4,23406
C4,1,C4-rules-001,5,5,23438
C4,1,C4-rules-001,5,6,23335
C4,1,C4-rules-001,5,7,23814
C4,1,C4-rules-001,5,8,23501
C4,1,C4-rules-001,5,9,23274
C4,1,C4-rules-001,5,10,23541
C4,1,C4-rules-001,5,11,23414
C4,1,C4-rules-001,5,12,23325
C4,1,C4-rules-001,5,13,26229
C4,1,C4-rules-001,5,14,23820
C4,1,C4-rules-001,5,15,23174
C4,1,C4-rules-001,5,16,23434
C4,1,C4-rules-001,5,17,23284
C4,1,C4-rules-001,5,18,23397
C4,1,C4-rules-001,5,19,23765
C4,1,C4-rules-001,5,20,23457
C4,1,C4-rules-001,5,21,23330
C4,1,C4-rules-001,5,22,28217
C4,1,C4-rules-001,5,23,24006
C4,1,C4-rules-001,5,24,23781
C4,1,C4-rules-001,5,25,25176
C4,1,C4-rules-001,5,26,24895
C4,1,C4-rules-001,5,27,25106
C4,1,C4-rules-001,5,28,25040
C4,1,C4-rules-001,5,29,23000
C4,1,C4-rules-001,5,30,23429
C4,1,C4-rules-001,5,31,23329
C4,1,C4-rules-001,5,32,23292
C4,1,C4-rules-001,5,33,23192
C4,1,C4-rules-001,5,34,25299
C4,1,C4-rules-001,5,35,23488
C4,1,C4-rules-001,5,36,23583
C4,1,C4-rules-001,5,37,23480
C4,1,C4-rules-001,5,38,23698
C4,1,C4-rules-001,5,39,23464
C4,1,C4-rules-001,5,40,23421
C4,1,C4-rules-001,5,41,23304
C4,1,C4-rules-001,5,42,23506
C4,1,C4-rules-001,5,43,23492
C4,1,C4-rules-001,5,44,23804
C4,1,C4-rules-001,5,45,23597
C4,1,C4-rules-001,5,46,23543
C4,1,C4-rules-001,5,47,23535
C4,1,C4-rules-001,5,48,23516
C4,1,C4-rules-001,5,49,23482
C4,1,C4-rules-001,5,50,23715
C4,1,C4-rules-001,5,51,23513
C4,1,C4-rules-001,5,52,23743
C4,1,C4-rules-001,5,53,23426
C4,1,C4-rules-001,5,54,25319
C4,1,C4-rules-001,5,55,23906
C4,1,C4-rules-001,5,56,23746
C4,1,C4-rules-001,5,57,23678
C4,1,C4-rules-001,5,58,23215
C4,1,C4-rules-001,5,59,23651
C4,1,C4-rules-001,5,60,23643
C4,1,C4-rules-001,5,61,23649
C4,1,C4-rules-001,5,62,23309
C4,1,C4-rules-001,5,63,23277
C4,1,C4-rules-001,5,64,23322
C4,1,C4-rules-001,5,65,24201
C4,1,C4-rules-001,5,66,23467
C4,1,C4-rules-001,5,67,23941
C4,1,C4-rules-001,5,68,23524
C4,1,C4-rules-001,5,69,23597
C4,1,C4-rules-001,5,70,23731
C4,1,C4-rules-001,5,71,23531
C4,1,C4-rules-001,5,72,23515
C4,1,C4-rules-001,5,73,23407
C4,1,C4-rules-001,5,74,23453
C4,1,C4-rules-001,5,75,25190
C4,1,C4-rules-001,5,76,23573
C4,1,C4-rules-001,5,77,23610
C4,1,C4-rules-001,5,78,23374
C4,1,C4-rules-001,5,79,23388
C4,1,C4-rules-001,5,80,23306
C4,1,C4-rules-001,5,81,23756
C4,1,C4-rules-001,5,82,23488
C4,1,C4-rules-001,5,83,23395
C4,1,C4-rules-001,5,84,23236
C4,1,C4-rules-001,5,85,24467
C4,1,C4-rules-001,5,86,23846
C4,1,C4-rules-001,5,87,23361
C4,1,C4-rules-001,5,88,23814
C4,1,C4-rules-001,5,89,23277
C4,1,C4-rules-001,5,90,23283
C4,1,C4-rules-001,5,91,23203
C4,1,C4-rules-001,5,92,23605
C4,1,C4-rules-001,5,93,23552
C4,1,C4-rules-001,5,94,23366
C4,1,C4-rules-001,5,95,23501
C4,1,C4-rules-001,5,96,25897
C4,1,C4-rules-001,5,97,23954
C4,1,C4-rules-001,5,98,23490
C4,1,C4-rules-001,5,99,23646
C4,1,C4-rules-001,5,100,23507
C4,1,C4-rules-001,6,1,26679
C4,1,C4-rules-001,6,2,24292
C4,1,C4-rules-001,6,3,23903
C4,1,C4-rules-001,6,4,23621
C4,1,C4-rules-001,6,5,23860
C4,1,C4-rules-001,6,6,24279
C4,1,C4-rules-001,6,7,23683
C4,1,C4-rules-001,6,8,23680
C4,1,C4-rules-001,6,9,23576
C4,1,C4-rules-001,6,10,23687
C4,1,C4-rules-001,6,11,23872
C4,1,C4-rules-001,6,12,23478
C4,1,C4-rules-001,6,13,23722
C4,1,C4-rules-001,6,14,23592
C4,1,C4-rules-001,6,15,23353
C4,1,C4-rules-001,6,16,25865
C4,1,C4-rules-001,6,17,23965
C4,1,C4-rules-001,6,18,23340
C4,1,C4-rules-001,6,19,23226
C4,1,C4-rules-001,6,20,23395
C4,1,C4-rules-001,6,21,23224
C4,1,C4-rules-001,6,22,23197
C4,1,C4-rules-001,6,23,23316
C4,1,C4-rules-001,6,24,23436
C4,1,C4-rules-001,6,25,23236
C4,1,C4-rules-001,6,26,23424
C4,1,C4-rules-001,6,27,25534
C4,1,C4-rules-001,6,28,23559
C4,1,C4-rules-001,6,29,23228
C4,1,C4-rules-001,6,30,23620
C4,1,C4-rules-001,6,31,23444
C4,1,C4-rules-001,6,32,23341
C4,1,C4-rules-001,6,33,23571
C4,1,C4-rules-001,6,34,23437
C4,1,C4-rules-001,6,35,23457
C4,1,C4-rules-001,6,36,23323
C4,1,C4-rules-001,6,37,25829
C4,1,C4-rules-001,6,38,23464
C4,1,C4-rules-001,6,39,23709
C4,1,C4-rules-001,6,40,23647
C4,1,C4-rules-001,6,41,23351
C4,1,C4-rules-001,6,42,23398
C4,1,C4-rules-001,6,43,23560
C4,1,C4-rules-001,6,44,23175
C4,1,C4-rules-001,6,45,23399
C4,1,C4-rules-001,6,46,23756
C4,1,C4-rules-001,6,47,25263
C4,1,C4-rules-001,6,48,25452
C4,1,C4-rules-001,6,49,25034
C4,1,C4-rules-001,6,50,25131
C4,1,C4-rules-001,6,51,26529
C4,1,C4-rules-001,6,52,23237
C4,1,C4-rules-001,6,53,23301
C4,1,C4-rules-001,6,54,23201
C4,1,C4-rules-001,6,55,23467
C4,1,C4-rules-001,6,56,23420
C4,1,C4-rules-001,6,57,25269
C4,1,C4-rules-001,6,58,23881
C4,1,C4-rules-001,6,59,23342
C4,1,C4-rules-001,6,60,23269
C4,1,C4-rules-001,6,61,23269
C4,1,C4-rules-001,6,62,23442
C4,1,C4-rules-001,6,63,23579
C4,1,C4-rules-001,6,64,23789
C4,1,C4-rules-001,6,65,23550
C4,1,C4-rules-001,6,66,23455
C4,1,C4-rules-001,6,67,23460
C4,1,C4-rules-001,6,68,29374
C4,1,C4-rules-001,6,69,23949
C4,1,C4-rules-001,6,70,23412
C4,1,C4-rules-001,6,71,23517
C4,1,C4-rules-001,6,72,23492
C4,1,C4-rules-001,6,73,23582
C4,1,C4-rules-001,6,74,23622
C4,1,C4-rules-001,6,75,23711
C4,1,C4-rules-001,6,76,23704
C4,1,C4-rules-001,6,77,27404
C4,1,C4-rules-001,6,78,25899
C4,1,C4-rules-001,6,79,23798
C4,1,C4-rules-001,6,80,25102
C4,1,C4-rules-001,6,81,25266
C4,1,C4-rules-001,6,82,25006
C4,1,C4-rules-001,6,83,25101
C4,1,C4-rules-001,6,84,25520
C4,1,C4-rules-001,6,85,23818
C4,1,C4-rules-001,6,86,23450
C4,1,C4-rules-001,6,87,23168
C4,1,C4-rules-001,6,88,23686
C4,1,C4-rules-001,6,89,23503
C4,1,C4-rules-001,6,90,23342
C4,1,C4-rules-001,6,91,23342
C4,1,C4-rules-001,6,92,23329
C4,1,C4-rules-001,6,93,23503
C4,1,C4-rules-001,6,94,23550
C4,1,C4-rules-001,6,95,23310
C4,1,C4-rules-001,6,96,23405
C4,1,C4-rules-001,6,97,23387
C4,1,C4-rules-001,6,98,23382
C4,1,C4-rules-001,6,99,25529
C4,1,C4-rules-001,6,100,23712
C4,1,C4-rules-001,7,1,26713
C4,1,C4-rules-001,7,2,23636
C4,1,C4-rules-001,7,3,23799
C4,1,C4-rules-001,7,4,23638
C4,1,C4-rules-001,7,5,23549
C4,1,C4-rules-001,7,6,23566
C4,1,C4-rules-001,7,7,23608
C4,1,C4-rules-001,7,8,23438
C4,1,C4-rules-001,7,9,24233
C4,1,C4-rules-001,7,10,23373
C4,1,C4-rules-001,7,11,23336
C4,1,C4-rules-001,7,12,23462
C4,1,C4-rules-001,7,13,23368
C4,1,C4-rules-001,7,14,23376
C4,1,C4-rules-001,7,15,23421
C4,1,C4-rules-001,7,16,23351
C4,1,C4-rules-001,7,17,23304
C4,1,C4-rules-001,7,18,23446
C4,1,C4-rules-001,7,19,25599
C4,1,C4-rules-001,7,20,23959
C4,1,C4-rules-001,7,21,23459
C4,1,C4-rules-001,7,22,23543
C4,1,C4-rules-001,7,23,23523
C4,1,C4-rules-001,7,24,23292
C4,1,C4-rules-001,7,25,23557
C4,1,C4-rules-001,7,26,23475
C4,1,C4-rules-001,7,27,23674
C4,1,C4-rules-001,7,28,23462
C4,1,C4-rules-001,7,29,23746
C4,1,C4-rules-001,7,30,24196
C4,1,C4-rules-001,7,31,23479
C4,1,C4-rules-001,7,32,23579
C4,1,C4-rules-001,7,33,23614
C4,1,C4-rules-001,7,34,23555
C4,1,C4-rules-001,7,35,23723
C4,1,C4-rules-001,7,36,23600
C4,1,C4-rules-001,7,37,23433
C4,1,C4-rules-001,7,38,23443
C4,1,C4-rules-001,7,39,23563
C4,1,C4-rules-001,7,40,26409
C4,1,C4-rules-001,7,41,23606
C4,1,C4-rules-001,7,42,23251
C4,1,C4-rules-001,7,43,23377
C4,1,C4-rules-001,7,44,23191
C4,1,C4-rules-001,7,45,23351
C4,1,C4-rules-001,7,46,23361
C4,1,C4-rules-001,7,47,23402
C4,1,C4-rules-001,7,48,23255
C4,1,C4-rules-001,7,49,23100
C4,1,C4-rules-001,7,50,23717
C4,1,C4-rules-001,7,51,23408
C4,1,C4-rules-001,7,52,23121
C4,1,C4-rules-001,7,53,23387
C4,1,C4-rules-001,7,54,23336
C4,1,C4-rules-001,7,55,23621
C4,1,C4-rules-001,7,56,23622
C4,1,C4-rules-001,7,57,23422
C4,1,C4-rules-001,7,58,23550
C4,1,C4-rules-001,7,59,23398
C4,1,C4-rules-001,7,60,23582
C4,1,C4-rules-001,7,61,26798
C4,1,C4-rules-001,7,62,23836
C4,1,C4-rules-001,7,63,23613
C4,1,C4-rules-001,7,64,23628
C4,1,C4-rules-001,7,65,23439
C4,1,C4-rules-001,7,66,23908
C4,1,C4-rules-001,7,67,23538
C4,1,C4-rules-001,7,68,23472
C4,1,C4-rules-001,7,69,23450
C4,1,C4-rules-001,7,70,23418
C4,1,C4-rules-001,7,71,24211
C4,1,C4-rules-001,7,72,23804
C4,1,C4-rules-001,7,73,23344
C4,1,C4-rules-001,7,74,23505
C4,1,C4-rules-001,7,75,23549
C4,1,C4-rules-001,7,76,23678
C4,1,C4-rules-001,7,77,23637
C4,1,C4-rules-001,7,78,23649
C4,1,C4-rules-001,7,79,23476
C4,1,C4-rules-001,7,80,23654
C4,1,C4-rules-001,7,81,25775
C4,1,C4-rules-001,7,82,23930
C4,1,C4-rules-001,7,83,23481
C4,1,C4-rules-001,7,84,24170
C4,1,C4-rules-001,7,85,23584
C4,1,C4-rules-001,7,86,23510
C4,1,C4-rules-001,7,87,23565
C4,1,C4-rules-001,7,88,23342
C4,1,C4-rules-001,7,89,23683
C4,1,C4-rules-001,7,90,23436
C4,1,C4-rules-001,7,91,23793
C4,1,C4-rules-001,7,92,24390
C4,1,C4-rules-001,7,93,23657
C4,1,C4-rules-001,7,94,23756
C4,1,C4-rules-001,7,95,23644
C4,1,C4-rules-001,7,96,23804
C4,1,C4-rules-001,7,97,23723
C4,1,C4-rules-001,7,98,23617
C4,1,C4-rules-001,7,99,23268
C4,1,C4-rules-001,7,100,23206
C4,1,C4-rules-001,8,1,25513
C4,1,C4-rules-001,8,2,25605
C4,1,C4-rules-001,8,3,23593
C4,1,C4-rules-001,8,4,23531
C4,1,C4-rules-001,8,5,23357
C4,1,C4-rules-001,8,6,23402
C4,1,C4-rules-001,8,7,23312
C4,1,C4-rules-001,8,8,23563
C4,1,C4-rules-001,8,9,23411
C4,1,C4-rules-001,8,10,23246
C4,1,C4-rules-001,8,11,23314
C4,1,C4-rules-001,8,12,23740
C4,1,C4-rules-001,8,13,23561
C4,1,C4-rules-001,8,14,23563
C4,1,C4-rules-001,8,15,23450
C4,1,C4-rules-001,8,16,23261
C4,1,C4-rules-001,8,17,23266
C4,1,C4-rules-001,8,18,23818
C4,1,C4-rules-001,8,19,23607
C4,1,C4-rules-001,8,20,23574
C4,1,C4-rules-001,8,21,23385
C4,1,C4-rules-001,8,22,25574
C4,1,C4-rules-001,8,23,23868
C4,1,C4-rules-001,8,24,23334
C4,1,C4-rules-001,8,25,23237
C4,1,C4-rules-001,8,26,23260
C4,1,C4-rules-001,8,27,23456
C4,1,C4-rules-001,8,28,23386
C4,1,C4-rules-001,8,29,23215
C4,1,C4-rules-001,8,30,23433
C4,1,C4-rules-001,8,31,23386
C4,1,C4-rules-001,8,32,23455
C4,1,C4-rules-001,8,33,33851
C4,1,C4-rules-001,8,34,24818
C4,1,C4-rules-001,8,35,25619
C4,1,C4-rules-001,8,36,25283
C4,1,C4-rules-001,8,37,25066
C4,1,C4-rules-001,8,38,25035
C4,1,C4-rules-001,8,39,24879
C4,1,C4-rules-001,8,40,23435
C4,1,C4-rules-001,8,41,23455
C4,1,C4-rules-001,8,42,23453
C4,1,C4-rules-001,8,43,25219
C4,1,C4-rules-001,8,44,23477
C4,1,C4-rules-001,8,45,23659
C4,1,C4-rules-001,8,46,23603
C4,1,C4-rules-001,8,47,23328
C4,1,C4-rules-001,8,48,23544
C4,1,C4-rules-001,8,49,23312
C4,1,C4-rules-001,8,50,23122
C4,1,C4-rules-001,8,51,23381
C4,1,C4-rules-001,8,52,23555
C4,1,C4-rules-001,8,53,23822
C4,1,C4-rules-001,8,54,23488
C4,1,C4-rules-001,8,55,23568
C4,1,C4-rules-001,8,56,23534
C4,1,C4-rules-001,8,57,23382
C4,1,C4-rules-001,8,58,23370
C4,1,C4-rules-001,8,59,23413
C4,1,C4-rules-001,8,60,23300
C4,1,C4-rules-001,8,61,23406
C4,1,C4-rules-001,8,62,23431
C4,1,C4-rules-001,8,63,23508
C4,1,C4-rules-001,8,64,26458
C4,1,C4-rules-001,8,65,23672
C4,1,C4-rules-001,8,66,23330
C4,1,C4-rules-001,8,67,23451
C4,1,C4-rules-001,8,68,23773
C4,1,C4-rules-001,8,69,23530
C4,1,C4-rules-001,8,70,23392
C4,1,C4-rules-001,8,71,23565
C4,1,C4-rules-001,8,72,23509
C4,1,C4-rules-001,8,73,23530
C4,1,C4-rules-001,8,74,23901
C4,1,C4-rules-001,8,75,23613
C4,1,C4-rules-001,8,76,23348
C4,1,C4-rules-001,8,77,23385
C4,1,C4-rules-001,8,78,23353
C4,1,C4-rules-001,8,79,23606
C4,1,C4-rules-001,8,80,23131
C4,1,C4-rules-001,8,81,23432
C4,1,C4-rules-001,8,82,23450
C4,1,C4-rules-001,8,83,23324
C4,1,C4-rules-001,8,84,25446
C4,1,C4-rules-001,8,85,23695
C4,1,C4-rules-001,8,86,23288
C4,1,C4-rules-001,8,87,23437
C4,1,C4-rules-001,8,88,23528
C4,1,C4-rules-001,8,89,23275
C4,1,C4-rules-001,8,90,23264
C4,1,C4-rules-001,8,91,23541
C4,1,C4-rules-001,8,92,23415
C4,1,C4-rules-001,8,93,23256
C4,1,C4-rules-001,8,94,23328
C4,1,C4-rules-001,8,95,24256
C4,1,C4-rules-001,8,96,23438
C4,1,C4-rules-001,8,97,23518
C4,1,C4-rules-001,8,98,23359
C4,1,C4-rules-001,8,99,23294
C4,1,C4-rules-001,8,100,23565
C1,250,C1-rules-250,1,1,743673
C1,250,C1-rules-250,1,2,741121
C1,250,C1-rules-250,1,3,747342
C1,250,C1-rules-250,1,4,741143
C1,250,C1-rules-250,1,5,742488
C1,250,C1-rules-250,1,6,750909
C1,250,C1-rules-250,1,7,755374
C1,250,C1-rules-250,1,8,760744
C1,250,C1-rules-250,1,9,1348840
C1,250,C1-rules-250,1,10,827541
C1,250,C1-rules-250,1,11,763530
C1,250,C1-rules-250,1,12,745764
C1,250,C1-rules-250,1,13,691335
C1,250,C1-rules-250,1,14,709173
C1,250,C1-rules-250,1,15,693243
C1,250,C1-rules-250,1,16,699315
C1,250,C1-rules-250,1,17,700385
C1,250,C1-rules-250,1,18,696775
C1,250,C1-rules-250,1,19,697038
C1,250,C1-rules-250,1,20,708852
C1,250,C1-rules-250,1,21,691410
C1,250,C1-rules-250,1,22,700095
C1,250,C1-rules-250,1,23,702864
C1,250,C1-rules-250,1,24,707910
C1,250,C1-rules-250,1,25,704046
C1,250,C1-rules-250,1,26,704664
C1,250,C1-rules-250,1,27,695217
C1,250,C1-rules-250,1,28,692843
C1,250,C1-rules-250,1,29,698826
C1,250,C1-rules-250,1,30,703136
C1,250,C1-rules-250,1,31,705749
C1,250,C1-rules-250,1,32,697698
C1,250,C1-rules-250,1,33,697472
C1,250,C1-rules-250,1,34,715128
C1,250,C1-rules-250,1,35,701498
C1,250,C1-rules-250,1,36,698745
C1,250,C1-rules-250,1,37,716691
C1,250,C1-rules-250,1,38,695296
C1,250,C1-rules-250,1,39,693273
C1,250,C1-rules-250,1,40,698968
C1,250,C1-rules-250,1,41,696152
C1,250,C1-rules-250,1,42,697264
C1,250,C1-rules-250,1,43,710052
C1,250,C1-rules-250,1,44,697216
C1,250,C1-rules-250,1,45,690128
C1,250,C1-rules-250,1,46,719985
C1,250,C1-rules-250,1,47,700564
C1,250,C1-rules-250,1,48,726222
C1,250,C1-rules-250,1,49,701968
C1,250,C1-rules-250,1,50,709728
C1,250,C1-rules-250,1,51,692396
C1,250,C1-rules-250,1,52,686631
C1,250,C1-rules-250,1,53,719456
C1,250,C1-rules-250,1,54,719159
C1,250,C1-rules-250,1,55,695626
C1,250,C1-rules-250,1,56,692163
C1,250,C1-rules-250,1,57,693025
C1,250,C1-rules-250,1,58,699269
C1,250,C1-rules-250,1,59,715601
C1,250,C1-rules-250,1,60,714055
C1,250,C1-rules-250,1,61,693653
C1,250,C1-rules-250,1,62,687653
C1,250,C1-rules-250,1,63,703634
C1,250,C1-rules-250,1,64,691489
C1,250,C1-rules-250,1,65,697076
C1,250,C1-rules-250,1,66,734637
C1,250,C1-rules-250,1,67,720638
C1,250,C1-rules-250,1,68,687035
C1,250,C1-rules-250,1,69,690843
C1,250,C1-rules-250,1,70,691541
C1,250,C1-rules-250,1,71,706252
C1,250,C1-rules-250,1,72,700380
C1,250,C1-rules-250,1,73,694361
C1,250,C1-rules-250,1,74,686147
C1,250,C1-rules-250,1,75,692244
C1,250,C1-rules-250,1,76,713302
C1,250,C1-rules-250,1,77,717871
C1,250,C1-rules-250,1,78,693699
C1,250,C1-rules-250,1,79,706559
C1,250,C1-rules-250,1,80,696578
C1,250,C1-rules-250,1,81,694550
C1,250,C1-rules-250,1,82,716369
C1,250,C1-rules-250,1,83,706394
C1,250,C1-rules-250,1,84,699900
C1,250,C1-rules-250,1,85,695693
C1,250,C1-rules-250,1,86,690739
C1,250,C1-rules-250,1,87,702762
C1,250,C1-rules-250,1,88,713019
C1,250,C1-rules-250,1,89,708356
C1,250,C1-rules-250,1,90,694020
C1,250,C1-rules-250,1,91,700082
C1,250,C1-rules-250,1,92,685134
C1,250,C1-rules-250,1,93,690885
C1,250,C1-rules-250,1,94,721714
C1,250,C1-rules-250,1,95,694337
C1,250,C1-rules-250,1,96,697502
C1,250,C1-rules-250,1,97,698413
C1,250,C1-rules-250,1,98,705971
C1,250,C1-rules-250,1,99,714711
C1,250,C1-rules-250,1,100,724712
C1,250,C1-rules-250,2,1,707876
C1,250,C1-rules-250,2,2,712745
C1,250,C1-rules-250,2,3,700396
C1,250,C1-rules-250,2,4,692109
C1,250,C1-rules-250,2,5,705560
C1,250,C1-rules-250,2,6,709648
C1,250,C1-rules-250,2,7,714478
C1,250,C1-rules-250,2,8,695173
C1,250,C1-rules-250,2,9,689676
C1,250,C1-rules-250,2,10,711086
C1,250,C1-rules-250,2,11,696720
C1,250,C1-rules-250,2,12,702972
C1,250,C1-rules-250,2,13,703156
C1,250,C1-rules-250,2,14,694915
C1,250,C1-rules-250,2,15,695154
C1,250,C1-rules-250,2,16,711984
C1,250,C1-rules-250,2,17,714404
C1,250,C1-rules-250,2,18,711598
C1,250,C1-rules-250,2,19,693363
C1,250,C1-rules-250,2,20,693412
C1,250,C1-rules-250,2,21,690097
C1,250,C1-rules-250,2,22,704462
C1,250,C1-rules-250,2,23,691631
C1,250,C1-rules-250,2,24,716787
C1,250,C1-rules-250,2,25,4686653
C1,250,C1-rules-250,2,26,803398
C1,250,C1-rules-250,2,27,725763
C1,250,C1-rules-250,2,28,692195
C1,250,C1-rules-250,2,29,690653
C1,250,C1-rules-250,2,30,691899
C1,250,C1-rules-250,2,31,690764
C1,250,C1-rules-250,2,32,687263
C1,250,C1-rules-250,2,33,706413
C1,250,C1-rules-250,2,34,694475
C1,250,C1-rules-250,2,35,695872
C1,250,C1-rules-250,2,36,700037
C1,250,C1-rules-250,2,37,705059
C1,250,C1-rules-250,2,38,694659
C1,250,C1-rules-250,2,39,717535
C1,250,C1-rules-250,2,40,680945
C1,250,C1-rules-250,2,41,700201
C1,250,C1-rules-250,2,42,697976
C1,250,C1-rules-250,2,43,709327
C1,250,C1-rules-250,2,44,678607
C1,250,C1-rules-250,2,45,711058
C1,250,C1-rules-250,2,46,7784330
C1,250,C1-rules-250,2,47,803712
C1,250,C1-rules-250,2,48,750722
C1,250,C1-rules-250,2,49,748103
C1,250,C1-rules-250,2,50,693299
C1,250,C1-rules-250,2,51,717631
C1,250,C1-rules-250,2,52,714864
C1,250,C1-rules-250,2,53,703203
C1,250,C1-rules-250,2,54,692045
C1,250,C1-rules-250,2,55,691907
C1,250,C1-rules-250,2,56,687515
C1,250,C1-rules-250,2,57,708514
C1,250,C1-rules-250,2,58,692533
C1,250,C1-rules-250,2,59,690405
C1,250,C1-rules-250,2,60,691419
C1,250,C1-rules-250,2,61,693646
C1,250,C1-rules-250,2,62,687349
C1,250,C1-rules-250,2,63,752495
C1,250,C1-rules-250,2,64,697349
C1,250,C1-rules-250,2,65,706225
C1,250,C1-rules-250,2,66,688386
C1,250,C1-rules-250,2,67,681581
C1,250,C1-rules-250,2,68,702344
C1,250,C1-rules-250,2,69,691815
C1,250,C1-rules-250,2,70,697467
C1,250,C1-rules-250,2,71,700862
C1,250,C1-rules-250,2,72,728956
C1,250,C1-rules-250,2,73,733586
C1,250,C1-rules-250,2,74,709221
C1,250,C1-rules-250,2,75,691728
C1,250,C1-rules-250,2,76,687067
C1,250,C1-rules-250,2,77,686267
C1,250,C1-rules-250,2,78,691961
C1,250,C1-rules-250,2,79,754462
C1,250,C1-rules-250,2,80,821483
C1,250,C1-rules-250,2,81,757236
C1,250,C1-rules-250,2,82,693805
C1,250,C1-rules-250,2,83,695699
C1,250,C1-rules-250,2,84,717284
C1,250,C1-rules-250,2,85,724647
C1,250,C1-rules-250,2,86,713389
C1,250,C1-rules-250,2,87,708504
C1,250,C1-rules-250,2,88,702282
C1,250,C1-rules-250,2,89,709648
C1,250,C1-rules-250,2,90,701865
C1,250,C1-rules-250,2,91,696112
C1,250,C1-rules-250,2,92,690833
C1,250,C1-rules-250,2,93,694296
C1,250,C1-rules-250,2,94,705045
C1,250,C1-rules-250,2,95,682104
C1,250,C1-rules-250,2,96,687213
C1,250,C1-rules-250,2,97,680833
C1,250,C1-rules-250,2,98,685203
C1,250,C1-rules-250,2,99,683395
C1,250,C1-rules-250,2,100,680723
C1,250,C1-rules-250,3,1,702920
C1,250,C1-rules-250,3,2,686145
C1,250,C1-rules-250,3,3,681858
C1,250,C1-rules-250,3,4,695661
C1,250,C1-rules-250,3,5,705905
C1,250,C1-rules-250,3,6,704804
C1,250,C1-rules-250,3,7,716607
C1,250,C1-rules-250,3,8,701525
C1,250,C1-rules-250,3,9,706089
C1,250,C1-rules-250,3,10,702120
C1,250,C1-rules-250,3,11,684263
C1,250,C1-rules-250,3,12,684965
C1,250,C1-rules-250,3,13,702617
C1,250,C1-rules-250,3,14,770844
C1,250,C1-rules-250,3,15,719050
C1,250,C1-rules-250,3,16,703157
C1,250,C1-rules-250,3,17,685490
C1,250,C1-rules-250,3,18,682941
C1,250,C1-rules-250,3,19,689376
C1,250,C1-rules-250,3,20,740282
C1,250,C1-rules-250,3,21,744716
C1,250,C1-rules-250,3,22,703838
C1,250,C1-rules-250,3,23,754640
C1,250,C1-rules-250,3,24,802593
C1,250,C1-rules-250,3,25,727471
C1,250,C1-rules-250,3,26,698442
C1,250,C1-rules-250,3,27,698832
C1,250,C1-rules-250,3,28,688758
C1,250,C1-rules-250,3,29,697242
C1,250,C1-rules-250,3,30,709100
C1,250,C1-rules-250,3,31,701780
C1,250,C1-rules-250,3,32,683730
C1,250,C1-rules-250,3,33,690642
C1,250,C1-rules-250,3,34,691509
C1,250,C1-rules-250,3,35,694968
C1,250,C1-rules-250,3,36,691683
C1,250,C1-rules-250,3,37,769242
C1,250,C1-rules-250,3,38,690882
C1,250,C1-rules-250,3,39,692125
C1,250,C1-rules-250,3,40,684637
C1,250,C1-rules-250,3,41,715021
C1,250,C1-rules-250,3,42,743154
C1,250,C1-rules-250,3,43,786834
C1,250,C1-rules-250,3,44,699578
C1,250,C1-rules-250,3,45,710310
C1,250,C1-rules-250,3,46,704701
C1,250,C1-rules-250,3,47,713870
C1,250,C1-rules-250,3,48,701572
C1,250,C1-rules-250,3,49,745792
C1,250,C1-rules-250,3,50,702007
C1,250,C1-rules-250,3,51,709354
C1,250,C1-rules-250,3,52,696837
C1,250,C1-rules-250,3,53,706077
C1,250,C1-rules-250,3,54,685039
C1,250,C1-rules-250,3,55,699741
C1,250,C1-rules-250,3,56,691406
C1,250,C1-rules-250,3,57,686608
C1,250,C1-rules-250,3,58,688016
C1,250,C1-rules-250,3,59,715369
C1,250,C1-rules-250,3,60,737728
C1,250,C1-rules-250,3,61,682121
C1,250,C1-rules-250,3,62,704192
C1,250,C1-rules-250,3,63,682339
C1,250,C1-rules-250,3,64,704406
C1,250,C1-rules-250,3,65,681602
C1,250,C1-rules-250,3,66,681547
C1,250,C1-rules-250,3,67,714002
C1,250,C1-rules-250,3,68,714733
C1,250,C1-rules-250,3,69,711876
C1,250,C1-rules-250,3,70,705695
C1,250,C1-rules-250,3,71,688940
C1,250,C1-rules-250,3,72,717100
C1,250,C1-rules-250,3,73,701678
C1,250,C1-rules-250,3,74,678378
C1,250,C1-rules-250,3,75,686937
C1,250,C1-rules-250,3,76,710778
C1,250,C1-rules-250,3,77,687728
C1,250,C1-rules-250,3,78,693523
C1,250,C1-rules-250,3,79,686915
C1,250,C1-rules-250,3,80,691938
C1,250,C1-rules-250,3,81,692636
C1,250,C1-rules-250,3,82,694227
C1,250,C1-rules-250,3,83,818441
C1,250,C1-rules-250,3,84,704805
C1,250,C1-rules-250,3,85,753210
C1,250,C1-rules-250,3,86,711423
C1,250,C1-rules-250,3,87,728437
C1,250,C1-rules-250,3,88,713117
C1,250,C1-rules-250,3,89,720366
C1,250,C1-rules-250,3,90,715231
C1,250,C1-rules-250,3,91,685657
C1,250,C1-rules-250,3,92,731997
C1,250,C1-rules-250,3,93,685229
C1,250,C1-rules-250,3,94,680829
C1,250,C1-rules-250,3,95,695584
C1,250,C1-rules-250,3,96,680456
C1,250,C1-rules-250,3,97,697358
C1,250,C1-rules-250,3,98,695135
C1,250,C1-rules-250,3,99,706901
C1,250,C1-rules-250,3,100,702977
C1,250,C1-rules-250,4,1,700891
C1,250,C1-rules-250,4,2,691633
C1,250,C1-rules-250,4,3,688756
C1,250,C1-rules-250,4,4,721061
C1,250,C1-rules-250,4,5,686283
C1,250,C1-rules-250,4,6,686423
C1,250,C1-rules-250,4,7,691144
C1,250,C1-rules-250,4,8,688451
C1,250,C1-rules-250,4,9,696043
C1,250,C1-rules-250,4,10,708068
C1,250,C1-rules-250,4,11,681729
C1,250,C1-rules-250,4,12,684038
C1,250,C1-rules-250,4,13,696543
C1,250,C1-rules-250,4,14,703468
C1,250,C1-rules-250,4,15,749499
C1,250,C1-rules-250,4,16,728707
C1,250,C1-rules-250,4,17,715496
C1,250,C1-rules-250,4,18,718639
C1,250,C1-rules-250,4,19,696335
C1,250,C1-rules-250,4,20,702349
C1,250,C1-rules-250,4,21,748964
C1,250,C1-rules-250,4,22,695517
C1,250,C1-rules-250,4,23,703603
C1,250,C1-rules-250,4,24,685406
C1,250,C1-rules-250,4,25,686985
C1,250,C1-rules-250,4,26,693863
C1,250,C1-rules-250,4,27,685412
C1,250,C1-rules-250,4,28,688797
C1,250,C1-rules-250,4,29,687907
C1,250,C1-rules-250,4,30,696126
C1,250,C1-rules-250,4,31,725874
C1,250,C1-rules-250,4,32,709623
C1,250,C1-rules-250,4,33,694648
C1,250,C1-rules-250,4,34,702349
C1,250,C1-rules-250,4,35,709307
C1,250,C1-rules-250,4,36,710042
C1,250,C1-rules-250,4,37,695317
C1,250,C1-rules-250,4,38,733877
C1,250,C1-rules-250,4,39,727431
C1,250,C1-rules-250,4,40,689115
C1,250,C1-rules-250,4,41,715567
C1,250,C1-rules-250,4,42,715620
C1,250,C1-rules-250,4,43,740045
C1,250,C1-rules-250,4,44,717757
C1,250,C1-rules-250,4,45,684333
C1,250,C1-rules-250,4,46,686143
C1,250,C1-rules-250,4,47,689307
C1,250,C1-rules-250,4,48,855745
C1,250,C1-rules-250,4,49,722784
C1,250,C1-rules-250,4,50,694895
C1,250,C1-rules-250,4,51,687949
C1,250,C1-rules-250,4,52,719080
C1,250,C1-rules-250,4,53,697620
C1,250,C1-rules-250,4,54,727452
C1,250,C1-rules-250,4,55,688913
C1,250,C1-rules-250,4,56,732224
C1,250,C1-rules-250,4,57,708062
C1,250,C1-rules-250,4,58,694697
C1,250,C1-rules-250,4,59,696149
C1,250,C1-rules-250,4,60,720419
C1,250,C1-rules-250,4,61,707299
C1,250,C1-rules-250,4,62,698967
C1,250,C1-rules-250,4,63,716135
C1,250,C1-rules-250,4,64,757959
C1,250,C1-rules-250,4,65,710284
C1,250,C1-rules-250,4,66,697619
C1,250,C1-rules-250,4,67,689005
C1,250,C1-rules-250,4,68,687609
C1,250,C1-rules-250,4,69,720783
C1,250,C1-rules-250,4,70,702616
C1,250,C1-rules-250,4,71,740216
C1,250,C1-rules-250,4,72,709690
C1,250,C1-rules-250,4,73,705220
C1,250,C1-rules-250,4,74,708398
C1,250,C1-rules-250,4,75,689656
C1,250,C1-rules-250,4,76,703567
C1,250,C1-rules-250,4,77,697630
C1,250,C1-rules-250,4,78,679235
C1,250,C1-rules-250,4,79,706249
C1,250,C1-rules-250,4,80,685105
C1,250,C1-rules-250,4,81,702211
C1,250,C1-rules-250,4,82,687194
C1,250,C1-rules-250,4,83,718326
C1,250,C1-rules-250,4,84,707922
C1,250,C1-rules-250,4,85,718151
C1,250,C1-rules-250,4,86,732197
C1,250,C1-rules-250,4,87,697622
C1,250,C1-rules-250,4,88,709809
C1,250,C1-rules-250,4,89,687267
C1,250,C1-rules-250,4,90,681438
C1,250,C1-rules-250,4,91,793610
C1,250,C1-rules-250,4,92,709727
C1,250,C1-rules-250,4,93,702139
C1,250,C1-rules-250,4,94,745670
C1,250,C1-rules-250,4,95,696661
C1,250,C1-rules-250,4,96,711558
C1,250,C1-rules-250,4,97,713358
C1,250,C1-rules-250,4,98,690531
C1,250,C1-rules-250,4,99,734104
C1,250,C1-rules-250,4,100,697854
C1,250,C1-rules-250,5,1,701969
C1,250,C1-rules-250,5,2,702897
C1,250,C1-rules-250,5,3,704307
C1,250,C1-rules-250,5,4,723944
C1,250,C1-rules-250,5,5,707839
C1,250,C1-rules-250,5,6,682215
C1,250,C1-rules-250,5,7,688064
C1,250,C1-rules-250,5,8,679164
C1,250,C1-rules-250,5,9,691888
C1,250,C1-rules-250,5,10,699591
C1,250,C1-rules-250,5,11,733179
C1,250,C1-rules-250,5,12,751910
C1,250,C1-rules-250,5,13,700498
C1,250,C1-rules-250,5,14,715899
C1,250,C1-rules-250,5,15,689095
C1,250,C1-rules-250,5,16,720188
C1,250,C1-rules-250,5,17,700332
C1,250,C1-rules-250,5,18,697734
C1,250,C1-rules-250,5,19,681126
C1,250,C1-rules-250,5,20,698904
C1,250,C1-rules-250,5,21,709008
C1,250,C1-rules-250,5,22,702868
C1,250,C1-rules-250,5,23,695326
C1,250,C1-rules-250,5,24,694488
C1,250,C1-rules-250,5,25,684213
C1,250,C1-rules-250,5,26,684125
C1,250,C1-rules-250,5,27,691760
C1,250,C1-rules-250,5,28,700617
C1,250,C1-rules-250,5,29,683418
C1,250,C1-rules-250,5,30,700857
C1,250,C1-rules-250,5,31,714365
C1,250,C1-rules-250,5,32,699501
C1,250,C1-rules-250,5,33,708434
C1,250,C1-rules-250,5,34,721517
C1,250,C1-rules-250,5,35,817595
C1,250,C1-rules-250,5,36,684743
C1,250,C1-rules-250,5,37,686325
C1,250,C1-rules-250,5,38,688190
C1,250,C1-rules-250,5,39,705282
C1,250,C1-rules-250,5,40,686701
C1,250,C1-rules-250,5,41,686847
C1,250,C1-rules-250,5,42,694109
C1,250,C1-rules-250,5,43,692286
C1,250,C1-rules-250,5,44,690048
C1,250,C1-rules-250,5,45,722733
C1,250,C1-rules-250,5,46,704585
C1,250,C1-rules-250,5,47,699088
C1,250,C1-rules-250,5,48,699836
C1,250,C1-rules-250,5,49,694529
C1,250,C1-rules-250,5,50,693206
C1,250,C1-rules-250,5,51,704378
C1,250,C1-rules-250,5,52,705590
C1,250,C1-rules-250,5,53,707365
C1,250,C1-rules-250,5,54,704878
C1,250,C1-rules-250,5,55,702766
C1,250,C1-rules-250,5,56,719819
C1,250,C1-rules-250,5,57,700091
C1,250,C1-rules-250,5,58,737560
C1,250,C1-rules-250,5,59,745965
C1,250,C1-rules-250,5,60,712722
C1,250,C1-rules-250,5,61,718465
C1,250,C1-rules-250,5,62,722545
C1,250,C1-rules-250,5,63,721610
C1,250,C1-rules-250,5,64,705732
C1,250,C1-rules-250,5,65,687955
C1,250,C1-rules-250,5,66,700706
C1,250,C1-rules-250,5,67,709271
C1,250,C1-rules-250,5,68,702349
C1,250,C1-rules-250,5,69,697874
C1,250,C1-rules-250,5,70,694597
C1,250,C1-rules-250,5,71,699539
C1,250,C1-rules-250,5,72,685529
C1,250,C1-rules-250,5,73,695015
C1,250,C1-rules-250,5,74,688792
C1,250,C1-rules-250,5,75,684680
C1,250,C1-rules-250,5,76,686705
C1,250,C1-rules-250,5,77,686182
C1,250,C1-rules-250,5,78,852261
C1,250,C1-rules-250,5,79,709880
C1,250,C1-rules-250,5,80,687768
C1,250,C1-rules-250,5,81,698777
C1,250,C1-rules-250,5,82,696303
C1,250,C1-rules-250,5,83,694707
C1,250,C1-rules-250,5,84,714210
C1,250,C1-rules-250,5,85,703721
C1,250,C1-rules-250,5,86,709574
C1,250,C1-rules-250,5,87,706804
C1,250,C1-rules-250,5,88,702766
C1,250,C1-rules-250,5,89,3534093
C1,250,C1-rules-250,5,90,783079
C1,250,C1-rules-250,5,91,732350
C1,250,C1-rules-250,5,92,712186
C1,250,C1-rules-250,5,93,686962
C1,250,C1-rules-250,5,94,683215
C1,250,C1-rules-250,5,95,688419
C1,250,C1-rules-250,5,96,695776
C1,250,C1-rules-250,5,97,709679
C1,250,C1-rules-250,5,98,702906
C1,250,C1-rules-250,5,99,682874
C1,250,C1-rules-250,5,100,679740
C1,250,C1-rules-250,6,1,712934
C1,250,C1-rules-250,6,2,739839
C1,250,C1-rules-250,6,3,746311
C1,250,C1-rules-250,6,4,686371
C1,250,C1-rules-250,6,5,702209
C1,250,C1-rules-250,6,6,686809
C1,250,C1-rules-250,6,7,685294
C1,250,C1-rules-250,6,8,696833
C1,250,C1-rules-250,6,9,688918
C1,250,C1-rules-250,6,10,679945
C1,250,C1-rules-250,6,11,710761
C1,250,C1-rules-250,6,12,677491
C1,250,C1-rules-250,6,13,684541
C1,250,C1-rules-250,6,14,703859
C1,250,C1-rules-250,6,15,692293
C1,250,C1-rules-250,6,16,701825
C1,250,C1-rules-250,6,17,805425
C1,250,C1-rules-250,6,18,682045
C1,250,C1-rules-250,6,19,694334
C1,250,C1-rules-250,6,20,707421
C1,250,C1-rules-250,6,21,702997
C1,250,C1-rules-250,6,22,699347
C1,250,C1-rules-250,6,23,706834
C1,250,C1-rules-250,6,24,701536
C1,250,C1-rules-250,6,25,724609
C1,250,C1-rules-250,6,26,712491
C1,250,C1-rules-250,6,27,702035
C1,250,C1-rules-250,6,28,718499
C1,250,C1-rules-250,6,29,695289
C1,250,C1-rules-250,6,30,690535
C1,250,C1-rules-250,6,31,694753
C1,250,C1-rules-250,6,32,704567
C1,250,C1-rules-250,6,33,690105
C1,250,C1-rules-250,6,34,682859
C1,250,C1-rules-250,6,35,684737
C1,250,C1-rules-250,6,36,720745
C1,250,C1-rules-250,6,37,726057
C1,250,C1-rules-250,6,38,702786
C1,250,C1-rules-250,6,39,706870
C1,250,C1-rules-250,6,40,686426
C1,250,C1-rules-250,6,41,684575
C1,250,C1-rules-250,6,42,717552
C1,250,C1-rules-250,6,43,713915
C1,250,C1-rules-250,6,44,701147
C1,250,C1-rules-250,6,45,705267
C1,250,C1-rules-250,6,46,699406
C1,250,C1-rules-250,6,47,702108
C1,250,C1-rules-250,6,48,702212
C1,250,C1-rules-250,6,49,705406
C1,250,C1-rules-250,6,50,749829
C1,250,C1-rules-250,6,51,704609
C1,250,C1-rules-250,6,52,700685
C1,250,C1-rules-250,6,53,684869
C1,250,C1-rules-250,6,54,734431
C1,250,C1-rules-250,6,55,701308
C1,250,C1-rules-250,6,56,699152
C1,250,C1-rules-250,6,57,696217
C1,250,C1-rules-250,6,58,707962
C1,250,C1-rules-250,6,59,716636
C1,250,C1-rules-250,6,60,760110
C1,250,C1-rules-250,6,61,722669
C1,250,C1-rules-250,6,62,691787
C1,250,C1-rules-250,6,63,715043
C1,250,C1-rules-250,6,64,715254
C1,250,C1-rules-250,6,65,709410
C1,250,C1-rules-250,6,66,704213
C1,250,C1-rules-250,6,67,718070
C1,250,C1-rules-250,6,68,717576
C1,250,C1-rules-250,6,69,685269
C1,250,C1-rules-250,6,70,753514
C1,250,C1-rules-250,6,71,707109
C1,250,C1-rules-250,6,72,688557
C1,250,C1-rules-250,6,73,686206
C1,250,C1-rules-250,6,74,689623
C1,250,C1-rules-250,6,75,691557
C1,250,C1-rules-250,6,76,702209
C1,250,C1-rules-250,6,77,694249
C1,250,C1-rules-250,6,78,678412
C1,250,C1-rules-250,6,79,690376
C1,250,C1-rules-250,6,80,685281
C1,250,C1-rules-250,6,81,689285
C1,250,C1-rules-250,6,82,742861
C1,250,C1-rules-250,6,83,705776
C1,250,C1-rules-250,6,84,700583
C1,250,C1-rules-250,6,85,715537
C1,250,C1-rules-250,6,86,714048
C1,250,C1-rules-250,6,87,705074
C1,250,C1-rules-250,6,88,708227
C1,250,C1-rules-250,6,89,722197
C1,250,C1-rules-250,6,90,707298
C1,250,C1-rules-250,6,91,713840
C1,250,C1-rules-250,6,92,715160
C1,250,C1-rules-250,6,93,780959
C1,250,C1-rules-250,6,94,720255
C1,250,C1-rules-250,6,95,696835
C1,250,C1-rules-250,6,96,690977
C1,250,C1-rules-250,6,97,756489
C1,250,C1-rules-250,6,98,704389
C1,250,C1-rules-250,6,99,723142
C1,250,C1-rules-250,6,100,679345
C1,250,C1-rules-250,7,1,713299
C1,250,C1-rules-250,7,2,689927
C1,250,C1-rules-250,7,3,775894
C1,250,C1-rules-250,7,4,783769
C1,250,C1-rules-250,7,5,691177
C1,250,C1-rules-250,7,6,685895
C1,250,C1-rules-250,7,7,702945
C1,250,C1-rules-250,7,8,704548
C1,250,C1-rules-250,7,9,699133
C1,250,C1-rules-250,7,10,724130
C1,250,C1-rules-250,7,11,706556
C1,250,C1-rules-250,7,12,702896
C1,250,C1-rules-250,7,13,706806
C1,250,C1-rules-250,7,14,692335
C1,250,C1-rules-250,7,15,696941
C1,250,C1-rules-250,7,16,689035
C1,250,C1-rules-250,7,17,688271
C1,250,C1-rules-250,7,18,690556
C1,250,C1-rules-250,7,19,692106
C1,250,C1-rules-250,7,20,684272
C1,250,C1-rules-250,7,21,704762
C1,250,C1-rules-250,7,22,689040
C1,250,C1-rules-250,7,23,685921
C1,250,C1-rules-250,7,24,688923
C1,250,C1-rules-250,7,25,712579
C1,250,C1-rules-250,7,26,708620
C1,250,C1-rules-250,7,27,720267
C1,250,C1-rules-250,7,28,682219
C1,250,C1-rules-250,7,29,700398
C1,250,C1-rules-250,7,30,681242
C1,250,C1-rules-250,7,31,685285
C1,250,C1-rules-250,7,32,687413
C1,250,C1-rules-250,7,33,720659
C1,250,C1-rules-250,7,34,689357
C1,250,C1-rules-250,7,35,690053
C1,250,C1-rules-250,7,36,681443
C1,250,C1-rules-250,7,37,695977
C1,250,C1-rules-250,7,38,698821
C1,250,C1-rules-250,7,39,684681
C1,250,C1-rules-250,7,40,693408
C1,250,C1-rules-250,7,41,714507
C1,250,C1-rules-250,7,42,701037
C1,250,C1-rules-250,7,43,703847
C1,250,C1-rules-250,7,44,733094
C1,250,C1-rules-250,7,45,762501
C1,250,C1-rules-250,7,46,700120
C1,250,C1-rules-250,7,47,802202
C1,250,C1-rules-250,7,48,681756
C1,250,C1-rules-250,7,49,713585
C1,250,C1-rules-250,7,50,707997
C1,250,C1-rules-250,7,51,687947
C1,250,C1-rules-250,7,52,698699
C1,250,C1-rules-250,7,53,694020
C1,250,C1-rules-250,7,54,703882
C1,250,C1-rules-250,7,55,717533
C1,250,C1-rules-250,7,56,710775
C1,250,C1-rules-250,7,57,698882
C1,250,C1-rules-250,7,58,685743
C1,250,C1-rules-250,7,59,687160
C1,250,C1-rules-250,7,60,685268
C1,250,C1-rules-250,7,61,697976
C1,250,C1-rules-250,7,62,688278
C1,250,C1-rules-250,7,63,689088
C1,250,C1-rules-250,7,64,683040
C1,250,C1-rules-250,7,65,704269
C1,250,C1-rules-250,7,66,718543
C1,250,C1-rules-250,7,67,710256
C1,250,C1-rules-250,7,68,687607
C1,250,C1-rules-250,7,69,687850
C1,250,C1-rules-250,7,70,688462
C1,250,C1-rules-250,7,71,693373
C1,250,C1-rules-250,7,72,702697
C1,250,C1-rules-250,7,73,690736
C1,250,C1-rules-250,7,74,692201
C1,250,C1-rules-250,7,75,707482
C1,250,C1-rules-250,7,76,706623
C1,250,C1-rules-250,7,77,702718
C1,250,C1-rules-250,7,78,705535
C1,250,C1-rules-250,7,79,700991
C1,250,C1-rules-250,7,80,723328
C1,250,C1-rules-250,7,81,715816
C1,250,C1-rules-250,7,82,685595
C1,250,C1-rules-250,7,83,705868
C1,250,C1-rules-250,7,84,706166
C1,250,C1-rules-250,7,85,694565
C1,250,C1-rules-250,7,86,718247
C1,250,C1-rules-250,7,87,703968
C1,250,C1-rules-250,7,88,685227
C1,250,C1-rules-250,7,89,698048
C1,250,C1-rules-250,7,90,703369
C1,250,C1-rules-250,7,91,681204
C1,250,C1-rules-250,7,92,703702
C1,250,C1-rules-250,7,93,733933
C1,250,C1-rules-250,7,94,705822
C1,250,C1-rules-250,7,95,705445
C1,250,C1-rules-250,7,96,695036
C1,250,C1-rules-250,7,97,701110
C1,250,C1-rules-250,7,98,708702
C1,250,C1-rules-250,7,99,702356
C1,250,C1-rules-250,7,100,698496
C1,250,C1-rules-250,8,1,714133
C1,250,C1-rules-250,8,2,699963
C1,250,C1-rules-250,8,3,686498
C1,250,C1-rules-250,8,4,686622
C1,250,C1-rules-250,8,5,683922
C1,250,C1-rules-250,8,6,695259
C1,250,C1-rules-250,8,7,717492
C1,250,C1-rules-250,8,8,777126
C1,250,C1-rules-250,8,9,705530
C1,250,C1-rules-250,8,10,712888
C1,250,C1-rules-250,8,11,700129
C1,250,C1-rules-250,8,12,694134
C1,250,C1-rules-250,8,13,710962
C1,250,C1-rules-250,8,14,700066
C1,250,C1-rules-250,8,15,696257
C1,250,C1-rules-250,8,16,695155
C1,250,C1-rules-250,8,17,707589
C1,250,C1-rules-250,8,18,727376
C1,250,C1-rules-250,8,19,714738
C1,250,C1-rules-250,8,20,697661
C1,250,C1-rules-250,8,21,705674
C1,250,C1-rules-250,8,22,699151
C1,250,C1-rules-250,8,23,699815
C1,250,C1-rules-250,8,24,702757
C1,250,C1-rules-250,8,25,704989
C1,250,C1-rules-250,8,26,684928
C1,250,C1-rules-250,8,27,702708
C1,250,C1-rules-250,8,28,717675
C1,250,C1-rules-250,8,29,719140
C1,250,C1-rules-250,8,30,691732
C1,250,C1-rules-250,8,31,706109
C1,250,C1-rules-250,8,32,719029
C1,250,C1-rules-250,8,33,702656
C1,250,C1-rules-250,8,34,703003
C1,250,C1-rules-250,8,35,710662
C1,250,C1-rules-250,8,36,687058
C1,250,C1-rules-250,8,37,707500
C1,250,C1-rules-250,8,38,703907
C1,250,C1-rules-250,8,39,712714
C1,250,C1-rules-250,8,40,747775
C1,250,C1-rules-250,8,41,731140
C1,250,C1-rules-250,8,42,694726
C1,250,C1-rules-250,8,43,686191
C1,250,C1-rules-250,8,44,692769
C1,250,C1-rules-250,8,45,712442
C1,250,C1-rules-250,8,46,697881
C1,250,C1-rules-250,8,47,681064
C1,250,C1-rules-250,8,48,695229
C1,250,C1-rules-250,8,49,700809
C1,250,C1-rules-250,8,50,693276
C1,250,C1-rules-250,8,51,705151
C1,250,C1-rules-250,8,52,698585
C1,250,C1-rules-250,8,53,683495
C1,250,C1-rules-250,8,54,691917
C1,250,C1-rules-250,8,55,684185
C1,250,C1-rules-250,8,56,680933
C1,250,C1-rules-250,8,57,691471
C1,250,C1-rules-250,8,58,682418
C1,250,C1-rules-250,8,59,687078
C1,250,C1-rules-250,8,60,708387
C1,250,C1-rules-250,8,61,683524
C1,250,C1-rules-250,8,62,683070
C1,250,C1-rules-250,8,63,706970
C1,250,C1-rules-250,8,64,676554
C1,250,C1-rules-250,8,65,684107
C1,250,C1-rules-250,8,66,692256
C1,250,C1-rules-250,8,67,686628
C1,250,C1-rules-250,8,68,695844
C1,250,C1-rules-250,8,69,730393
C1,250,C1-rules-250,8,70,691911
C1,250,C1-rules-250,8,71,717993
C1,250,C1-rules-250,8,72,807699
C1,250,C1-rules-250,8,73,765700
C1,250,C1-rules-250,8,74,710905
C1,250,C1-rules-250,8,75,702354
C1,250,C1-rules-250,8,76,689310
C1,250,C1-rules-250,8,77,688305
C1,250,C1-rules-250,8,78,692698
C1,250,C1-rules-250,8,79,720648
C1,250,C1-rules-250,8,80,729816
C1,250,C1-rules-250,8,81,700899
C1,250,C1-rules-250,8,82,698539
C1,250,C1-rules-250,8,83,687613
C1,250,C1-rules-250,8,84,684803
C1,250,C1-rules-250,8,85,692971
C1,250,C1-rules-250,8,86,699388
C1,250,C1-rules-250,8,87,699488
C1,250,C1-rules-250,8,88,705011
C1,250,C1-rules-250,8,89,736922
C1,250,C1-rules-250,8,90,708031
C1,250,C1-rules-250,8,91,710740
C1,250,C1-rules-250,8,92,699677
C1,250,C1-rules-250,8,93,704757
C1,250,C1-rules-250,8,94,703503
C1,250,C1-rules-250,8,95,719379
C1,250,C1-rules-250,8,96,710145
C1,250,C1-rules-250,8,97,706429
C1,250,C1-rules-250,8,98,680801
C1,250,C1-rules-250,8,99,678053
C1,250,C1-rules-250,8,100,684517
C5,1,C5-rules-001,1,1,27467
C5,1,C5-rules-001,1,2,27784
C5,1,C5-rules-001,1,3,27496
C5,1,C5-rules-001,1,4,29088
C5,1,C5-rules-001,1,5,27583
C5,1,C5-rules-001,1,6,27141
C5,1,C5-rules-001,1,7,26920
C5,1,C5-rules-001,1,8,26970
C5,1,C5-rules-001,1,9,26792
C5,1,C5-rules-001,1,10,27046
C5,1,C5-rules-001,1,11,26849
C5,1,C5-rules-001,1,12,27797
C5,1,C5-rules-001,1,13,27031
C5,1,C5-rules-001,1,14,27224
C5,1,C5-rules-001,1,15,26949
C5,1,C5-rules-001,1,16,26730
C5,1,C5-rules-001,1,17,26756
C5,1,C5-rules-001,1,18,26901
C5,1,C5-rules-001,1,19,26824
C5,1,C5-rules-001,1,20,29236
C5,1,C5-rules-001,1,21,27023
C5,1,C5-rules-001,1,22,26829
C5,1,C5-rules-001,1,23,27079
C5,1,C5-rules-001,1,24,26989
C5,1,C5-rules-001,1,25,27319
C5,1,C5-rules-001,1,26,26916
C5,1,C5-rules-001,1,27,26852
C5,1,C5-rules-001,1,28,27875
C5,1,C5-rules-001,1,29,27242
C5,1,C5-rules-001,1,30,26890
C5,1,C5-rules-001,1,31,26875
C5,1,C5-rules-001,1,32,26795
C5,1,C5-rules-001,1,33,26683
C5,1,C5-rules-001,1,34,26909
C5,1,C5-rules-001,1,35,27108
C5,1,C5-rules-001,1,36,28284
C5,1,C5-rules-001,1,37,27058
C5,1,C5-rules-001,1,38,26924
C5,1,C5-rules-001,1,39,27087
C5,1,C5-rules-001,1,40,26683
C5,1,C5-rules-001,1,41,26642
C5,1,C5-rules-001,1,42,27015
C5,1,C5-rules-001,1,43,26792
C5,1,C5-rules-001,1,44,28469
C5,1,C5-rules-001,1,45,29852
C5,1,C5-rules-001,1,46,26922
C5,1,C5-rules-001,1,47,27313
C5,1,C5-rules-001,1,48,27406
C5,1,C5-rules-001,1,49,29879
C5,1,C5-rules-001,1,50,29213
C5,1,C5-rules-001,1,51,29778
C5,1,C5-rules-001,1,52,30258
C5,1,C5-rules-001,1,53,27343
C5,1,C5-rules-001,1,54,27151
C5,1,C5-rules-001,1,55,29627
C5,1,C5-rules-001,1,56,29207
C5,1,C5-rules-001,1,57,30003
C5,1,C5-rules-001,1,58,27089
C5,1,C5-rules-001,1,59,27016
C5,1,C5-rules-001,1,60,27927
C5,1,C5-rules-001,1,61,27049
C5,1,C5-rules-001,1,62,27378
C5,1,C5-rules-001,1,63,27282
C5,1,C5-rules-001,1,64,28497
C5,1,C5-rules-001,1,65,29891
C5,1,C5-rules-001,1,66,27939
C5,1,C5-rules-001,1,67,29306
C5,1,C5-rules-001,1,68,30217
C5,1,C5-rules-001,1,69,29754
C5,1,C5-rules-001,1,70,28700
C5,1,C5-rules-001,1,71,28217
C5,1,C5-rules-001,1,72,27282
C5,1,C5-rules-001,1,73,30069
C5,1,C5-rules-001,1,74,27795
C5,1,C5-rules-001,1,75,29130
C5,1,C5-rules-001,1,76,27634
C5,1,C5-rules-001,1,77,27117
C5,1,C5-rules-001,1,78,27298
C5,1,C5-rules-001,1,79,26994
C5,1,C5-rules-001,1,80,27053
C5,1,C5-rules-001,1,81,27603
C5,1,C5-rules-001,1,82,26898
C5,1,C5-rules-001,1,83,26784
C5,1,C5-rules-001,1,84,28751
C5,1,C5-rules-001,1,85,27306
C5,1,C5-rules-001,1,86,27177
C5,1,C5-rules-001,1,87,27399
C5,1,C5-rules-001,1,88,27386
C5,1,C5-rules-001,1,89,26977
C5,1,C5-rules-001,1,90,26961
C5,1,C5-rules-001,1,91,27242
C5,1,C5-rules-001,1,92,28063
C5,1,C5-rules-001,1,93,26814
C5,1,C5-rules-001,1,94,27030
C5,1,C5-rules-001,1,95,26980
C5,1,C5-rules-001,1,96,27026
C5,1,C5-rules-001,1,97,27114
C5,1,C5-rules-001,1,98,27177
C5,1,C5-rules-001,1,99,26965
C5,1,C5-rules-001,1,100,32016
C5,1,C5-rules-001,2,1,39798
C5,1,C5-rules-001,2,2,29677
C5,1,C5-rules-001,2,3,29271
C5,1,C5-rules-001,2,4,27172
C5,1,C5-rules-001,2,5,27139
C5,1,C5-rules-001,2,6,27209
C5,1,C5-rules-001,2,7,27487
C5,1,C5-rules-001,2,8,27223
C5,1,C5-rules-001,2,9,27494
C5,1,C5-rules-001,2,10,27002
C5,1,C5-rules-001,2,11,27275
C5,1,C5-rules-001,2,12,27189
C5,1,C5-rules-001,2,13,27417
C5,1,C5-rules-001,2,14,27233
C5,1,C5-rules-001,2,15,27280
C5,1,C5-rules-001,2,16,27089
C5,1,C5-rules-001,2,17,30148
C5,1,C5-rules-001,2,18,27031
C5,1,C5-rules-001,2,19,27147
C5,1,C5-rules-001,2,20,27311
C5,1,C5-rules-001,2,21,27358
C5,1,C5-rules-001,2,22,27117
C5,1,C5-rules-001,2,23,27382
C5,1,C5-rules-001,2,24,27894
C5,1,C5-rules-001,2,25,27996
C5,1,C5-rules-001,2,26,27292
C5,1,C5-rules-001,2,27,27203
C5,1,C5-rules-001,2,28,27506
C5,1,C5-rules-001,2,29,27797
C5,1,C5-rules-001,2,30,27315
C5,1,C5-rules-001,2,31,27532
C5,1,C5-rules-001,2,32,27266
C5,1,C5-rules-001,2,33,29177
C5,1,C5-rules-001,2,34,27232
C5,1,C5-rules-001,2,35,27549
C5,1,C5-rules-001,2,36,27185
C5,1,C5-rules-001,2,37,27569
C5,1,C5-rules-001,2,38,27235
C5,1,C5-rules-001,2,39,27393
C5,1,C5-rules-001,2,40,27397
C5,1,C5-rules-001,2,41,28038
C5,1,C5-rules-001,2,42,27043
C5,1,C5-rules-001,2,43,27628
C5,1,C5-rules-001,2,44,27551
C5,1,C5-rules-001,2,45,27353
C5,1,C5-rules-001,2,46,27405
C5,1,C5-rules-001,2,47,27632
C5,1,C5-rules-001,2,48,27250
C5,1,C5-rules-001,2,49,29553
C5,1,C5-rules-001,2,50,27051
C5,1,C5-rules-001,2,51,28018
C5,1,C5-rules-001,2,52,27302
C5,1,C5-rules-001,2,53,27524
C5,1,C5-rules-001,2,54,27203
C5,1,C5-rules-001,2,55,27197
C5,1,C5-rules-001,2,56,27204
C5,1,C5-rules-001,2,57,28080
C5,1,C5-rules-001,2,58,27500
C5,1,C5-rules-001,2,59,27568
C5,1,C5-rules-001,2,60,27235
C5,1,C5-rules-001,2,61,27344
C5,1,C5-rules-001,2,62,27338
C5,1,C5-rules-001,2,63,27171
C5,1,C5-rules-001,2,64,27170
C5,1,C5-rules-001,2,65,29503
C5,1,C5-rules-001,2,66,28000
C5,1,C5-rules-001,2,67,27828
C5,1,C5-rules-001,2,68,27068
C5,1,C5-rules-001,2,69,27482
C5,1,C5-rules-001,2,70,27274
C5,1,C5-rules-001,2,71,27386
C5,1,C5-rules-001,2,72,27241
C5,1,C5-rules-001,2,73,28104
C5,1,C5-rules-001,2,74,27293
C5,1,C5-rules-001,2,75,27198
C5,1,C5-rules-001,2,76,27989
C5,1,C5-rules-001,2,77,27571
C5,1,C5-rules-001,2,78,27882
C5,1,C5-rules-001,2,79,27728
C5,1,C5-rules-001,2,80,27996
C5,1,C5-rules-001,2,81,29814
C5,1,C5-rules-001,2,82,27887
C5,1,C5-rules-001,2,83,28007
C5,1,C5-rules-001,2,84,27989
C5,1,C5-rules-001,2,85,27911
C5,1,C5-rules-001,2,86,27933
C5,1,C5-rules-001,2,87,27400
C5,1,C5-rules-001,2,88,27289
C5,1,C5-rules-001,2,89,28533
C5,1,C5-rules-001,2,90,27561
C5,1,C5-rules-001,2,91,27996
C5,1,C5-rules-001,2,92,27275
C5,1,C5-rules-001,2,93,27239
C5,1,C5-rules-001,2,94,27232
C5,1,C5-rules-001,2,95,27336
C5,1,C5-rules-001,2,96,27176
C5,1,C5-rules-001,2,97,29703
C5,1,C5-rules-001,2,98,27443
C5,1,C5-rules-001,2,99,27322
C5,1,C5-rules-001,2,100,27653
C5,1,C5-rules-001,3,1,32572
C5,1,C5-rules-001,3,2,27623
C5,1,C5-rules-001,3,3,27392
C5,1,C5-rules-001,3,4,27501
C5,1,C5-rules-001,3,5,28479
C5,1,C5-rules-001,3,6,28075
C5,1,C5-rules-001,3,7,27689
C5,1,C5-rules-001,3,8,27461
C5,1,C5-rules-001,3,9,27993
C5,1,C5-rules-001,3,10,27677
C5,1,C5-rules-001,3,11,27437
C5,1,C5-rules-001,3,12,27369
C5,1,C5-rules-001,3,13,29563
C5,1,C5-rules-001,3,14,28525
C5,1,C5-rules-001,3,15,28028
C5,1,C5-rules-001,3,16,28016
C5,1,C5-rules-001,3,17,27906
C5,1,C5-rules-001,3,18,27735
C5,1,C5-rules-001,3,19,27311
C5,1,C5-rules-001,3,20,27250
C5,1,C5-rules-001,3,21,27866
C5,1,C5-rules-001,3,22,27524
C5,1,C5-rules-001,3,23,27627
C5,1,C5-rules-001,3,24,27478
C5,1,C5-rules-001,3,25,27826
C5,1,C5-rules-001,3,26,27555
C5,1,C5-rules-001,3,27,27564
C5,1,C5-rules-001,3,28,27209
C5,1,C5-rules-001,3,29,28954
C5,1,C5-rules-001,3,30,27504
C5,1,C5-rules-001,3,31,27237
C5,1,C5-rules-001,3,32,27121
C5,1,C5-rules-001,3,33,29972
C5,1,C5-rules-001,3,34,27962
C5,1,C5-rules-001,3,35,28009
C5,1,C5-rules-001,3,36,27720
C5,1,C5-rules-001,3,37,27755
C5,1,C5-rules-001,3,38,27501
C5,1,C5-rules-001,3,39,26772
C5,1,C5-rules-001,3,40,26978
C5,1,C5-rules-001,3,41,26886
C5,1,C5-rules-001,3,42,26738
C5,1,C5-rules-001,3,43,27073
C5,1,C5-rules-001,3,44,26972
C5,1,C5-rules-001,3,45,27100
C5,1,C5-rules-001,3,46,28717
C5,1,C5-rules-001,3,47,27127
C5,1,C5-rules-001,3,48,27181
C5,1,C5-rules-001,3,49,27083
C5,1,C5-rules-001,3,50,27159
C5,1,C5-rules-001,3,51,27444
C5,1,C5-rules-001,3,52,27170
C5,1,C5-rules-001,3,53,27162
C5,1,C5-rules-001,3,54,28071
C5,1,C5-rules-001,3,55,27255
C5,1,C5-rules-001,3,56,27329
C5,1,C5-rules-001,3,57,27372
C5,1,C5-rules-001,3,58,27133
C5,1,C5-rules-001,3,59,27019
C5,1,C5-rules-001,3,60,27076
C5,1,C5-rules-001,3,61,27125
C5,1,C5-rules-001,3,62,28994
C5,1,C5-rules-001,3,63,27763
C5,1,C5-rules-001,3,64,26997
C5,1,C5-rules-001,3,65,26989
C5,1,C5-rules-001,3,66,27109
C5,1,C5-rules-001,3,67,27381
C5,1,C5-rules-001,3,68,27076
C5,1,C5-rules-001,3,69,27206
C5,1,C5-rules-001,3,70,28135
C5,1,C5-rules-001,3,71,27213
C5,1,C5-rules-001,3,72,26892
C5,1,C5-rules-001,3,73,26927
C5,1,C5-rules-001,3,74,27059
C5,1,C5-rules-001,3,75,26964
C5,1,C5-rules-001,3,76,27229
C5,1,C5-rules-001,3,77,27438
C5,1,C5-rules-001,3,78,29240
C5,1,C5-rules-001,3,79,26844
C5,1,C5-rules-001,3,80,26977
C5,1,C5-rules-001,3,81,27136
C5,1,C5-rules-001,3,82,26974
C5,1,C5-rules-001,3,83,26925
C5,1,C5-rules-001,3,84,26762
C5,1,C5-rules-001,3,85,27640
C5,1,C5-rules-001,3,86,27371
C5,1,C5-rules-001,3,87,26838
C5,1,C5-rules-001,3,88,26979
C5,1,C5-rules-001,3,89,26960
C5,1,C5-rules-001,3,90,27140
C5,1,C5-rules-001,3,91,26817
C5,1,C5-rules-001,3,92,26992
C5,1,C5-rules-001,3,93,26949
C5,1,C5-rules-001,3,94,29127
C5,1,C5-rules-001,3,95,27139
C5,1,C5-rules-001,3,96,27160
C5,1,C5-rules-001,3,97,26868
C5,1,C5-rules-001,3,98,26933
C5,1,C5-rules-001,3,99,26774
C5,1,C5-rules-001,3,100,27142
C5,1,C5-rules-001,4,1,32930
C5,1,C5-rules-001,4,2,27974
C5,1,C5-rules-001,4,3,27328
C5,1,C5-rules-001,4,4,27603
C5,1,C5-rules-001,4,5,27399
C5,1,C5-rules-001,4,6,27830
C5,1,C5-rules-001,4,7,27505
C5,1,C5-rules-001,4,8,27485
C5,1,C5-rules-001,4,9,27492
C5,1,C5-rules-001,4,10,29192
C5,1,C5-rules-001,4,11,27605
C5,1,C5-rules-001,4,12,27783
C5,1,C5-rules-001,4,13,27472
C5,1,C5-rules-001,4,14,27203
C5,1,C5-rules-001,4,15,27403
C5,1,C5-rules-001,4,16,27666
C5,1,C5-rules-001,4,17,27658
C5,1,C5-rules-001,4,18,28055
C5,1,C5-rules-001,4,19,27299
C5,1,C5-rules-001,4,20,27546
C5,1,C5-rules-001,4,21,27623
C5,1,C5-rules-001,4,22,26993
C5,1,C5-rules-001,4,23,27356
C5,1,C5-rules-001,4,24,27618
C5,1,C5-rules-001,4,25,27438
C5,1,C5-rules-001,4,26,30132
C5,1,C5-rules-001,4,27,27361
C5,1,C5-rules-001,4,28,27405
C5,1,C5-rules-001,4,29,27038
C5,1,C5-rules-001,4,30,27130
C5,1,C5-rules-001,4,31,26968
C5,1,C5-rules-001,4,32,27152
C5,1,C5-rules-001,4,33,27042
C5,1,C5-rules-001,4,34,27246
C5,1,C5-rules-001,4,35,27070
C5,1,C5-rules-001,4,36,27017
C5,1,C5-rules-001,4,37,26922
C5,1,C5-rules-001,4,38,26986
C5,1,C5-rules-001,4,39,26877
C5,1,C5-rules-001,4,40,27299
C5,1,C5-rules-001,4,41,27337
C5,1,C5-rules-001,4,42,30080
C5,1,C5-rules-001,4,43,27547
C5,1,C5-rules-001,4,44,27154
C5,1,C5-rules-001,4,45,26770
C5,1,C5-rules-001,4,46,27310
C5,1,C5-rules-001,4,47,26897
C5,1,C5-rules-001,4,48,27289
C5,1,C5-rules-001,4,49,27218
C5,1,C5-rules-001,4,50,27535
C5,1,C5-rules-001,4,51,27064
C5,1,C5-rules-001,4,52,27059
C5,1,C5-rules-001,4,53,27072
C5,1,C5-rules-001,4,54,26761
C5,1,C5-rules-001,4,55,26869
C5,1,C5-rules-001,4,56,26970
C5,1,C5-rules-001,4,57,27240
C5,1,C5-rules-001,4,58,29351
C5,1,C5-rules-001,4,59,27190
C5,1,C5-rules-001,4,60,27145
C5,1,C5-rules-001,4,61,26988
C5,1,C5-rules-001,4,62,27068
C5,1,C5-rules-001,4,63,27087
C5,1,C5-rules-001,4,64,27048
C5,1,C5-rules-001,4,65,26874
C5,1,C5-rules-001,4,66,26741
C5,1,C5-rules-001,4,67,27466
C5,1,C5-rules-001,4,68,26972
C5,1,C5-rules-001,4,69,26700
C5,1,C5-rules-001,4,70,30065
C5,1,C5-rules-001,4,71,27121
C5,1,C5-rules-001,4,72,27178
C5,1,C5-rules-001,4,73,26909
C5,1,C5-rules-001,4,74,27032
C5,1,C5-rules-001,4,75,28504
C5,1,C5-rules-001,4,76,27052
C5,1,C5-rules-001,4,77,26856
C5,1,C5-rules-001,4,78,27301
C5,1,C5-rules-001,4,79,26744
C5,1,C5-rules-001,4,80,26994
C5,1,C5-rules-001,4,81,26917
C5,1,C5-rules-001,4,82,27598
C5,1,C5-rules-001,4,83,27470
C5,1,C5-rules-001,4,84,26881
C5,1,C5-rules-001,4,85,27027
C5,1,C5-rules-001,4,86,27018
C5,1,C5-rules-001,4,87,27043
C5,1,C5-rules-001,4,88,26979
C5,1,C5-rules-001,4,89,27242
C5,1,C5-rules-001,4,90,26977
C5,1,C5-rules-001,4,91,28917
C5,1,C5-rules-001,4,92,27076
C5,1,C5-rules-001,4,93,26784
C5,1,C5-rules-001,4,94,26916
C5,1,C5-rules-001,4,95,26782
C5,1,C5-rules-001,4,96,26924
C5,1,C5-rules-001,4,97,26763
C5,1,C5-rules-001,4,98,26825
C5,1,C5-rules-001,4,99,27934
C5,1,C5-rules-001,4,100,27197
C5,1,C5-rules-001,5,1,29306
C5,1,C5-rules-001,5,2,27272
C5,1,C5-rules-001,5,3,27305
C5,1,C5-rules-001,5,4,27306
C5,1,C5-rules-001,5,5,26983
C5,1,C5-rules-001,5,6,27349
C5,1,C5-rules-001,5,7,28728
C5,1,C5-rules-001,5,8,26968
C5,1,C5-rules-001,5,9,27046
C5,1,C5-rules-001,5,10,27510
C5,1,C5-rules-001,5,11,27023
C5,1,C5-rules-001,5,12,26951
C5,1,C5-rules-001,5,13,27043
C5,1,C5-rules-001,5,14,27129
C5,1,C5-rules-001,5,15,27280
C5,1,C5-rules-001,5,16,26895
C5,1,C5-rules-001,5,17,27001
C5,1,C5-rules-001,5,18,27018
C5,1,C5-rules-001,5,19,27051
C5,1,C5-rules-001,5,20,26903
C5,1,C5-rules-001,5,21,27002
C5,1,C5-rules-001,5,22,27241
C5,1,C5-rules-001,5,23,29898
C5,1,C5-rules-001,5,24,26810
C5,1,C5-rules-001,5,25,27213
C5,1,C5-rules-001,5,26,27013
C5,1,C5-rules-001,5,27,27082
C5,1,C5-rules-001,5,28,27003
C5,1,C5-rules-001,5,29,27059
C5,1,C5-rules-001,5,30,27225
C5,1,C5-rules-001,5,31,27387
C5,1,C5-rules-001,5,32,26952
C5,1,C5-rules-001,5,33,27042
C5,1,C5-rules-001,5,34,27205
C5,1,C5-rules-001,5,35,27202
C5,1,C5-rules-001,5,36,27790
C5,1,C5-rules-001,5,37,27605
C5,1,C5-rules-001,5,38,27407
C5,1,C5-rules-001,5,39,29513
C5,1,C5-rules-001,5,40,27680
C5,1,C5-rules-001,5,41,27332
C5,1,C5-rules-001,5,42,27535
C5,1,C5-rules-001,5,43,27243
C5,1,C5-rules-001,5,44,27287
C5,1,C5-rules-001,5,45,28143
C5,1,C5-rules-001,5,46,27521
C5,1,C5-rules-001,5,47,27661
C5,1,C5-rules-001,5,48,27383
C5,1,C5-rules-001,5,49,27388
C5,1,C5-rules-001,5,50,27925
C5,1,C5-rules-001,5,51,27523
C5,1,C5-rules-001,5,52,27398
C5,1,C5-rules-001,5,53,27982
C5,1,C5-rules-001,5,54,27185
C5,1,C5-rules-001,5,55,29995
C5,1,C5-rules-001,5,56,27589
C5,1,C5-rules-001,5,57,27516
C5,1,C5-rules-001,5,58,27358
C5,1,C5-rules-001,5,59,27426
C5,1,C5-rules-001,5,60,27372
C5,1,C5-rules-001,5,61,27357
C5,1,C5-rules-001,5,62,27077
C5,1,C5-rules-001,5,63,28069
C5,1,C5-rules-001,5,64,27345
C5,1,C5-rules-001,5,65,27042
C5,1,C5-rules-001,5,66,27063
C5,1,C5-rules-001,5,67,26934
C5,1,C5-rules-001,5,68,27121
C5,1,C5-rules-001,5,69,26950
C5,1,C5-rules-001,5,70,26927
C5,1,C5-rules-001,5,71,28889
C5,1,C5-rules-001,5,72,27332
C5,1,C5-rules-001,5,73,27278
C5,1,C5-rules-001,5,74,27031
C5,1,C5-rules-001,5,75,26985
C5,1,C5-rules-001,5,76,27005
C5,1,C5-rules-001,5,77,27115
C5,1,C5-rules-001,5,78,27057
C5,1,C5-rules-001,5,79,27251
C5,1,C5-rules-001,5,80,26929
C5,1,C5-rules-001,5,81,27084
C5,1,C5-rules-001,5,82,27537
C5,1,C5-rules-001,5,83,27067
C5,1,C5-rules-001,5,84,27361
C5,1,C5-rules-001,5,85,26823
C5,1,C5-rules-001,5,86,27037
C5,1,C5-rules-001,5,87,28464
C5,1,C5-rules-001,5,88,27037
C5,1,C5-rules-001,5,89,27021
C5,1,C5-rules-001,5,90,26803
C5,1,C5-rules-001,5,91,27167
C5,1,C5-rules-001,5,92,27193
C5,1,C5-rules-001,5,93,26772
C5,1,C5-rules-001,5,94,26951
C5,1,C5-rules-001,5,95,27362
C5,1,C5-rules-001,5,96,27165
C5,1,C5-rules-001,5,97,27255
C5,1,C5-rules-001,5,98,26788
C5,1,C5-rules-001,5,99,26885
C5,1,C5-rules-001,5,100,26855
C5,1,C5-rules-001,6,1,30183
C5,1,C5-rules-001,6,2,26857
C5,1,C5-rules-001,6,3,29442
C5,1,C5-rules-001,6,4,27111
C5,1,C5-rules-001,6,5,26871
C5,1,C5-rules-001,6,6,27095
C5,1,C5-rules-001,6,7,30508
C5,1,C5-rules-001,6,8,26903
C5,1,C5-rules-001,6,9,27049
C5,1,C5-rules-001,6,10,26883
C5,1,C5-rules-001,6,11,27278
C5,1,C5-rules-001,6,12,27904
C5,1,C5-rules-001,6,13,26948
C5,1,C5-rules-001,6,14,26723
C5,1,C5-rules-001,6,15,26789
C5,1,C5-rules-001,6,16,27098
C5,1,C5-rules-001,6,17,26815
C5,1,C5-rules-001,6,18,26988
C5,1,C5-rules-001,6,19,26889
C5,1,C5-rules-001,6,20,29489
C5,1,C5-rules-001,6,21,27140
C5,1,C5-rules-001,6,22,27029
C5,1,C5-rules-001,6,23,27052
C5,1,C5-rules-001,6,24,26956
C5,1,C5-rules-001,6,25,27181
C5,1,C5-rules-001,6,26,26943
C5,1,C5-rules-001,6,27,26988
C5,1,C5-rules-001,6,28,27166
C5,1,C5-rules-001,6,29,27039
C5,1,C5-rules-001,6,30,27160
C5,1,C5-rules-001,6,31,27042
C5,1,C5-rules-001,6,32,26905
C5,1,C5-rules-001,6,33,26982
C5,1,C5-rules-001,6,34,27035
C5,1,C5-rules-001,6,35,26644
C5,1,C5-rules-001,6,36,28639
C5,1,C5-rules-001,6,37,26929
C5,1,C5-rules-001,6,38,26842
C5,1,C5-rules-001,6,39,27171
C5,1,C5-rules-001,6,40,26770
C5,1,C5-rules-001,6,41,26996
C5,1,C5-rules-001,6,42,26985
C5,1,C5-rules-001,6,43,26722
C5,1,C5-rules-001,6,44,27409
C5,1,C5-rules-001,6,45,26906
C5,1,C5-rules-001,6,46,27087
C5,1,C5-rules-001,6,47,27280
C5,1,C5-rules-001,6,48,27251
C5,1,C5-rules-001,6,49,27192
C5,1,C5-rules-001,6,50,27329
C5,1,C5-rules-001,6,51,27130
C5,1,C5-rules-001,6,52,29824
C5,1,C5-rules-001,6,53,27848
C5,1,C5-rules-001,6,54,27145
C5,1,C5-rules-001,6,55,26884
C5,1,C5-rules-001,6,56,27055
C5,1,C5-rules-001,6,57,26841
C5,1,C5-rules-001,6,58,27316
C5,1,C5-rules-001,6,59,26910
C5,1,C5-rules-001,6,60,27124
C5,1,C5-rules-001,6,61,26968
C5,1,C5-rules-001,6,62,27030
C5,1,C5-rules-001,6,63,27027
C5,1,C5-rules-001,6,64,26930
C5,1,C5-rules-001,6,65,26987
C5,1,C5-rules-001,6,66,26860
C5,1,C5-rules-001,6,67,27026
C5,1,C5-rules-001,6,68,34870
C5,1,C5-rules-001,6,69,27680
C5,1,C5-rules-001,6,70,27490
C5,1,C5-rules-001,6,71,27113
C5,1,C5-rules-001,6,72,27132
C5,1,C5-rules-001,6,73,27199
C5,1,C5-rules-001,6,74,27371
C5,1,C5-rules-001,6,75,27490
C5,1,C5-rules-001,6,76,27506
C5,1,C5-rules-001,6,77,27535
C5,1,C5-rules-001,6,78,27387
C5,1,C5-rules-001,6,79,27437
C5,1,C5-rules-001,6,80,27579
C5,1,C5-rules-001,6,81,27407
C5,1,C5-rules-001,6,82,27377
C5,1,C5-rules-001,6,83,27680
C5,1,C5-rules-001,6,84,29781
C5,1,C5-rules-001,6,85,27755
C5,1,C5-rules-001,6,86,27498
C5,1,C5-rules-001,6,87,27578
C5,1,C5-rules-001,6,88,27730
C5,1,C5-rules-001,6,89,27359
C5,1,C5-rules-001,6,90,27385
C5,1,C5-rules-001,6,91,27264
C5,1,C5-rules-001,6,92,27980
C5,1,C5-rules-001,6,93,27530
C5,1,C5-rules-001,6,94,27262
C5,1,C5-rules-001,6,95,27135
C5,1,C5-rules-001,6,96,27492
C5,1,C5-rules-001,6,97,27530
C5,1,C5-rules-001,6,98,27763
C5,1,C5-rules-001,6,99,27333
C5,1,C5-rules-001,6,100,28925
C5,1,C5-rules-001,7,1,30795
C5,1,C5-rules-001,7,2,27332
C5,1,C5-rules-001,7,3,26893
C5,1,C5-rules-001,7,4,27150
C5,1,C5-rules-001,7,5,27266
C5,1,C5-rules-001,7,6,27388
C5,1,C5-rules-001,7,7,27001
C5,1,C5-rules-001,7,8,27405
C5,1,C5-rules-001,7,9,27028
C5,1,C5-rules-001,7,10,27105
C5,1,C5-rules-001,7,11,27559
C5,1,C5-rules-001,7,12,27022
C5,1,C5-rules-001,7,13,27008
C5,1,C5-rules-001,7,14,27028
C5,1,C5-rules-001,7,15,27360
C5,1,C5-rules-001,7,16,29078
C5,1,C5-rules-001,7,17,27172
C5,1,C5-rules-001,7,18,27031
C5,1,C5-rules-001,7,19,27138
C5,1,C5-rules-001,7,20,27136
C5,1,C5-rules-001,7,21,27673
C5,1,C5-rules-001,7,22,27116
C5,1,C5-rules-001,7,23,27190
C5,1,C5-rules-001,7,24,27404
C5,1,C5-rules-001,7,25,26907
C5,1,C5-rules-001,7,26,27333
C5,1,C5-rules-001,7,27,26957
C5,1,C5-rules-001,7,28,27457
C5,1,C5-rules-001,7,29,27110
C5,1,C5-rules-001,7,30,27179
C5,1,C5-rules-001,7,31,27035
C5,1,C5-rules-001,7,32,28902
C5,1,C5-rules-001,7,33,27488
C5,1,C5-rules-001,7,34,27202
C5,1,C5-rules-001,7,35,27583
C5,1,C5-rules-001,7,36,30068
C5,1,C5-rules-001,7,37,32934
C5,1,C5-rules-001,7,38,29069
C5,1,C5-rules-001,7,39,29121
C5,1,C5-rules-001,7,40,29263
C5,1,C5-rules-001,7,41,29997
C5,1,C5-rules-001,7,42,32848
C5,1,C5-rules-001,7,43,27572
C5,1,C5-rules-001,7,44,27152
C5,1,C5-rules-001,7,45,27031
C5,1,C5-rules-001,7,46,27126
C5,1,C5-rules-001,7,47,27241
C5,1,C5-rules-001,7,48,26940
C5,1,C5-rules-001,7,49,39889
C5,1,C5-rules-001,7,50,27711
C5,1,C5-rules-001,7,51,30401
C5,1,C5-rules-001,7,52,27500
C5,1,C5-rules-001,7,53,26863
C5,1,C5-rules-001,7,54,26918
C5,1,C5-rules-001,7,55,26826
C5,1,C5-rules-001,7,56,27083
C5,1,C5-rules-001,7,57,27330
C5,1,C5-rules-001,7,58,26958
C5,1,C5-rules-001,7,59,27049
C5,1,C5-rules-001,7,60,26911
C5,1,C5-rules-001,7,61,26778
C5,1,C5-rules-001,7,62,26764
C5,1,C5-rules-001,7,63,27026
C5,1,C5-rules-001,7,64,27085
C5,1,C5-rules-001,7,65,28436
C5,1,C5-rules-001,7,66,26733
C5,1,C5-rules-001,7,67,26775
C5,1,C5-rules-001,7,68,28149
C5,1,C5-rules-001,7,69,26930
C5,1,C5-rules-001,7,70,26911
C5,1,C5-rules-001,7,71,33408
C5,1,C5-rules-001,7,72,30252
C5,1,C5-rules-001,7,73,30776
C5,1,C5-rules-001,7,74,27121
C5,1,C5-rules-001,7,75,27345
C5,1,C5-rules-001,7,76,26655
C5,1,C5-rules-001,7,77,27108
C5,1,C5-rules-001,7,78,26963
C5,1,C5-rules-001,7,79,27145
C5,1,C5-rules-001,7,80,26827
C5,1,C5-rules-001,7,81,29086
C5,1,C5-rules-001,7,82,27168
C5,1,C5-rules-001,7,83,26723
C5,1,C5-rules-001,7,84,26727
C5,1,C5-rules-001,7,85,26823
C5,1,C5-rules-001,7,86,26985
C5,1,C5-rules-001,7,87,26895
C5,1,C5-rules-001,7,88,26789
C5,1,C5-rules-001,7,89,27136
C5,1,C5-rules-001,7,90,26775
C5,1,C5-rules-001,7,91,26903
C5,1,C5-rules-001,7,92,26816
C5,1,C5-rules-001,7,93,27224
C5,1,C5-rules-001,7,94,26836
C5,1,C5-rules-001,7,95,26784
C5,1,C5-rules-001,7,96,26941
C5,1,C5-rules-001,7,97,28329
C5,1,C5-rules-001,7,98,27318
C5,1,C5-rules-001,7,99,27237
C5,1,C5-rules-001,7,100,27645
C5,1,C5-rules-001,8,1,30598
C5,1,C5-rules-001,8,2,27566
C5,1,C5-rules-001,8,3,27585
C5,1,C5-rules-001,8,4,27394
C5,1,C5-rules-001,8,5,27970
C5,1,C5-rules-001,8,6,27822
C5,1,C5-rules-001,8,7,27282
C5,1,C5-rules-001,8,8,27058
C5,1,C5-rules-001,8,9,26960
C5,1,C5-rules-001,8,10,26979
C5,1,C5-rules-001,8,11,26875
C5,1,C5-rules-001,8,12,27074
C5,1,C5-rules-001,8,13,28893
C5,1,C5-rules-001,8,14,27101
C5,1,C5-rules-001,8,15,27082
C5,1,C5-rules-001,8,16,26751
C5,1,C5-rules-001,8,17,26984
C5,1,C5-rules-001,8,18,26961
C5,1,C5-rules-001,8,19,27520
C5,1,C5-rules-001,8,20,27139
C5,1,C5-rules-001,8,21,27815
C5,1,C5-rules-001,8,22,27064
C5,1,C5-rules-001,8,23,27234
C5,1,C5-rules-001,8,24,27228
C5,1,C5-rules-001,8,25,27368
C5,1,C5-rules-001,8,26,27142
C5,1,C5-rules-001,8,27,27162
C5,1,C5-rules-001,8,28,26941
C5,1,C5-rules-001,8,29,28831
C5,1,C5-rules-001,8,30,27346
C5,1,C5-rules-001,8,31,26890
C5,1,C5-rules-001,8,32,26917
C5,1,C5-rules-001,8,33,26826
C5,1,C5-rules-001,8,34,26844
C5,1,C5-rules-001,8,35,26958
C5,1,C5-rules-001,8,36,26901
C5,1,C5-rules-001,8,37,27648
C5,1,C5-rules-001,8,38,27020
C5,1,C5-rules-001,8,39,27091
C5,1,C5-rules-001,8,40,26966
C5,1,C5-rules-001,8,41,27167
C5,1,C5-rules-001,8,42,26937
C5,1,C5-rules-001,8,43,26993
C5,1,C5-rules-001,8,44,26777
C5,1,C5-rules-001,8,45,29097
C5,1,C5-rules-001,8,46,27253
C5,1,C5-rules-001,8,47,27226
C5,1,C5-rules-001,8,48,26966
C5,1,C5-rules-001,8,49,26905
C5,1,C5-rules-001,8,50,27047
C5,1,C5-rules-001,8,51,27129
C5,1,C5-rules-001,8,52,27030
C5,1,C5-rules-001,8,53,27365
C5,1,C5-rules-001,8,54,26778
C5,1,C5-rules-001,8,55,26858
C5,1,C5-rules-001,8,56,26810
C5,1,C5-rules-001,8,57,26712
C5,1,C5-rules-001,8,58,27016
C5,1,C5-rules-001,8,59,26991
C5,1,C5-rules-001,8,60,26835
C5,1,C5-rules-001,8,61,29545
C5,1,C5-rules-001,8,62,27523
C5,1,C5-rules-001,8,63,27020
C5,1,C5-rules-001,8,64,27242
C5,1,C5-rules-001,8,65,27071
C5,1,C5-rules-001,8,66,27233
C5,1,C5-rules-001,8,67,26755
C5,1,C5-rules-001,8,68,26766
C5,1,C5-rules-001,8,69,26855
C5,1,C5-rules-001,8,70,27559
C5,1,C5-rules-001,8,71,26874
C5,1,C5-rules-001,8,72,26799
C5,1,C5-rules-001,8,73,27203
C5,1,C5-rules-001,8,74,26742
C5,1,C5-rules-001,8,75,26854
C5,1,C5-rules-001,8,76,27302
C5,1,C5-rules-001,8,77,27299
C5,1,C5-rules-001,8,78,30271
C5,1,C5-rules-001,8,79,33790
C5,1,C5-rules-001,8,80,26958
C5,1,C5-rules-001,8,81,26888
C5,1,C5-rules-001,8,82,27004
C5,1,C5-rules-001,8,83,27004
C5,1,C5-rules-001,8,84,26787
C5,1,C5-rules-001,8,85,27239
C5,1,C5-rules-001,8,86,27244
C5,1,C5-rules-001,8,87,26972
C5,1,C5-rules-001,8,88,26909
C5,1,C5-rules-001,8,89,27054
C5,1,C5-rules-001,8,90,27936
C5,1,C5-rules-001,8,91,26907
C5,1,C5-rules-001,8,92,27257
C5,1,C5-rules-001,8,93,27054
C5,1,C5-rules-001,8,94,29541
C5,1,C5-rules-001,8,95,26987
C5,1,C5-rules-001,8,96,27433
C5,1,C5-rules-001,8,97,27748
C5,1,C5-rules-001,8,98,27613
C5,1,C5-rules-001,8,99,27503
C5,1,C5-rules-001,8,100,27857
C2,500,C2-rules-500,1,1,1454627
C2,500,C2-rules-500,1,2,1444533
C2,500,C2-rules-500,1,3,1418375
C2,500,C2-rules-500,1,4,1437446
C2,500,C2-rules-500,1,5,1439367
C2,500,C2-rules-500,1,6,1422240
C2,500,C2-rules-500,1,7,1439278
C2,500,C2-rules-500,1,8,1432700
C2,500,C2-rules-500,1,9,1410877
C2,500,C2-rules-500,1,10,1419911
C2,500,C2-rules-500,1,11,1410334
C2,500,C2-rules-500,1,12,1428684
C2,500,C2-rules-500,1,13,1457316
C2,500,C2-rules-500,1,14,1402713
C2,500,C2-rules-500,1,15,1493005
C2,500,C2-rules-500,1,16,1438495
C2,500,C2-rules-500,1,17,1427803
C2,500,C2-rules-500,1,18,1455546
C2,500,C2-rules-500,1,19,1442519
C2,500,C2-rules-500,1,20,1423079
C2,500,C2-rules-500,1,21,1432351
C2,500,C2-rules-500,1,22,1402623
C2,500,C2-rules-500,1,23,1502359
C2,500,C2-rules-500,1,24,1429769
C2,500,C2-rules-500,1,25,1413928
C2,500,C2-rules-500,1,26,1445826
C2,500,C2-rules-500,1,27,1430059
C2,500,C2-rules-500,1,28,1419675
C2,500,C2-rules-500,1,29,1459991
C2,500,C2-rules-500,1,30,1424103
C2,500,C2-rules-500,1,31,1408303
C2,500,C2-rules-500,1,32,1442042
C2,500,C2-rules-500,1,33,1444424
C2,500,C2-rules-500,1,34,1469485
C2,500,C2-rules-500,1,35,1463888
C2,500,C2-rules-500,1,36,1442863
C2,500,C2-rules-500,1,37,1439629
C2,500,C2-rules-500,1,38,1499407
C2,500,C2-rules-500,1,39,1424881
C2,500,C2-rules-500,1,40,1461108
C2,500,C2-rules-500,1,41,1453811
C2,500,C2-rules-500,1,42,1420377
C2,500,C2-rules-500,1,43,1437721
C2,500,C2-rules-500,1,44,1419701
C2,500,C2-rules-500,1,45,1445420
C2,500,C2-rules-500,1,46,1433160
C2,500,C2-rules-500,1,47,1435298
C2,500,C2-rules-500,1,48,1431928
C2,500,C2-rules-500,1,49,1409484
C2,500,C2-rules-500,1,50,1416943
C2,500,C2-rules-500,1,51,1423233
C2,500,C2-rules-500,1,52,1429848
C2,500,C2-rules-500,1,53,1444522
C2,500,C2-rules-500,1,54,1441540
C2,500,C2-rules-500,1,55,1422729
C2,500,C2-rules-500,1,56,1432597
C2,500,C2-rules-500,1,57,1425486
C2,500,C2-rules-500,1,58,1420980
C2,500,C2-rules-500,1,59,1434322
C2,500,C2-rules-500,1,60,1444895
C2,500,C2-rules-500,1,61,1459743
C2,500,C2-rules-500,1,62,1450698
C2,500,C2-rules-500,1,63,1423554
C2,500,C2-rules-500,1,64,1418348
C2,500,C2-rules-500,1,65,1436647
C2,500,C2-rules-500,1,66,1433734
C2,500,C2-rules-500,1,67,1428021
C2,500,C2-rules-500,1,68,2964366
C2,500,C2-rules-500,1,69,1571456
C2,500,C2-rules-500,1,70,1503147
C2,500,C2-rules-500,1,71,1419618
C2,500,C2-rules-500,1,72,1440439
C2,500,C2-rules-500,1,73,1437240
C2,500,C2-rules-500,1,74,1430406
C2,500,C2-rules-500,1,75,1476899
C2,500,C2-rules-500,1,76,1444825
C2,500,C2-rules-500,1,77,1430563
C2,500,C2-rules-500,1,78,1438475
C2,500,C2-rules-500,1,79,1468017
C2,500,C2-rules-500,1,80,1416532
C2,500,C2-rules-500,1,81,1439238
C2,500,C2-rules-500,1,82,1423747
C2,500,C2-rules-500,1,83,1450934
C2,500,C2-rules-500,1,84,1488503
C2,500,C2-rules-500,1,85,1448100
C2,500,C2-rules-500,1,86,1481797
C2,500,C2-rules-500,1,87,1424302
C2,500,C2-rules-500,1,88,1457516
C2,500,C2-rules-500,1,89,1438086
C2,500,C2-rules-500,1,90,1408871
C2,500,C2-rules-500,1,91,1502016
C2,500,C2-rules-500,1,92,1444537
C2,500,C2-rules-500,1,93,1408153
C2,500,C2-rules-500,1,94,1429561
C2,500,C2-rules-500,1,95,1437108
C2,500,C2-rules-500,1,96,1428384
C2,500,C2-rules-500,1,97,1470528
C2,500,C2-rules-500,1,98,1431437
C2,500,C2-rules-500,1,99,1427217
C2,500,C2-rules-500,1,100,1447203
C2,500,C2-rules-500,2,1,1459270
C2,500,C2-rules-500,2,2,1427362
C2,500,C2-rules-500,2,3,1428300
C2,500,C2-rules-500,2,4,1471245
C2,500,C2-rules-500,2,5,1445239
C2,500,C2-rules-500,2,6,1422092
C2,500,C2-rules-500,2,7,1482950
C2,500,C2-rules-500,2,8,1447735
C2,500,C2-rules-500,2,9,1423131
C2,500,C2-rules-500,2,10,1429078
C2,500,C2-rules-500,2,11,1453715
C2,500,C2-rules-500,2,12,1446268
C2,500,C2-rules-500,2,13,1429396
C2,500,C2-rules-500,2,14,1450356
C2,500,C2-rules-500,2,15,1438416
C2,500,C2-rules-500,2,16,1427395
C2,500,C2-rules-500,2,17,1437017
C2,500,C2-rules-500,2,18,1409774
C2,500,C2-rules-500,2,19,1435710
C2,500,C2-rules-500,2,20,1428008
C2,500,C2-rules-500,2,21,1452792
C2,500,C2-rules-500,2,22,1467620
C2,500,C2-rules-500,2,23,1428351
C2,500,C2-rules-500,2,24,1424395
C2,500,C2-rules-500,2,25,1443830
C2,500,C2-rules-500,2,26,1440339
C2,500,C2-rules-500,2,27,1430457
C2,500,C2-rules-500,2,28,1442800
C2,500,C2-rules-500,2,29,1428091
C2,500,C2-rules-500,2,30,1474084
C2,500,C2-rules-500,2,31,1467213
C2,500,C2-rules-500,2,32,1442111
C2,500,C2-rules-500,2,33,1462150
C2,500,C2-rules-500,2,34,1421516
C2,500,C2-rules-500,2,35,1430701
C2,500,C2-rules-500,2,36,1431723
C2,500,C2-rules-500,2,37,1422992
C2,500,C2-rules-500,2,38,1430405
C2,500,C2-rules-500,2,39,1455597
C2,500,C2-rules-500,2,40,1461564
C2,500,C2-rules-500,2,41,1438741
C2,500,C2-rules-500,2,42,1424988
C2,500,C2-rules-500,2,43,1436171
C2,500,C2-rules-500,2,44,1421344
C2,500,C2-rules-500,2,45,1422745
C2,500,C2-rules-500,2,46,1436278
C2,500,C2-rules-500,2,47,1478858
C2,500,C2-rules-500,2,48,1449537
C2,500,C2-rules-500,2,49,1431385
C2,500,C2-rules-500,2,50,1484435
C2,500,C2-rules-500,2,51,1442186
C2,500,C2-rules-500,2,52,1439840
C2,500,C2-rules-500,2,53,1436166
C2,500,C2-rules-500,2,54,1520928
C2,500,C2-rules-500,2,55,1443557
C2,500,C2-rules-500,2,56,1460185
C2,500,C2-rules-500,2,57,1429669
C2,500,C2-rules-500,2,58,1415325
C2,500,C2-rules-500,2,59,1436680
C2,500,C2-rules-500,2,60,1420111
C2,500,C2-rules-500,2,61,1438043
C2,500,C2-rules-500,2,62,1471538
C2,500,C2-rules-500,2,63,1438068
C2,500,C2-rules-500,2,64,1439517
C2,500,C2-rules-500,2,65,1416233
C2,500,C2-rules-500,2,66,1427035
C2,500,C2-rules-500,2,67,1421807
C2,500,C2-rules-500,2,68,1446215
C2,500,C2-rules-500,2,69,1445718
C2,500,C2-rules-500,2,70,1465197
C2,500,C2-rules-500,2,71,1418828
C2,500,C2-rules-500,2,72,1435985
C2,500,C2-rules-500,2,73,1434488
C2,500,C2-rules-500,2,74,1482550
C2,500,C2-rules-500,2,75,1448368
C2,500,C2-rules-500,2,76,1439022
C2,500,C2-rules-500,2,77,1443984
C2,500,C2-rules-500,2,78,1479566
C2,500,C2-rules-500,2,79,1424997
C2,500,C2-rules-500,2,80,1457859
C2,500,C2-rules-500,2,81,1420582
C2,500,C2-rules-500,2,82,1439408
C2,500,C2-rules-500,2,83,1424366
C2,500,C2-rules-500,2,84,1409591
C2,500,C2-rules-500,2,85,1439667
C2,500,C2-rules-500,2,86,1423358
C2,500,C2-rules-500,2,87,1415861
C2,500,C2-rules-500,2,88,1435042
C2,500,C2-rules-500,2,89,1413649
C2,500,C2-rules-500,2,90,1420636
C2,500,C2-rules-500,2,91,1450222
C2,500,C2-rules-500,2,92,1431206
C2,500,C2-rules-500,2,93,1462638
C2,500,C2-rules-500,2,94,1431234
C2,500,C2-rules-500,2,95,1404984
C2,500,C2-rules-500,2,96,1420067
C2,500,C2-rules-500,2,97,1428044
C2,500,C2-rules-500,2,98,1427334
C2,500,C2-rules-500,2,99,1424300
C2,500,C2-rules-500,2,100,1475005
C2,500,C2-rules-500,3,1,1471140
C2,500,C2-rules-500,3,2,1456920
C2,500,C2-rules-500,3,3,1423817
C2,500,C2-rules-500,3,4,1426046
C2,500,C2-rules-500,3,5,1423047
C2,500,C2-rules-500,3,6,1419545
C2,500,C2-rules-500,3,7,1424775
C2,500,C2-rules-500,3,8,1463338
C2,500,C2-rules-500,3,9,1424543
C2,500,C2-rules-500,3,10,1431958
C2,500,C2-rules-500,3,11,1439516
C2,500,C2-rules-500,3,12,1448794
C2,500,C2-rules-500,3,13,1431999
C2,500,C2-rules-500,3,14,1427133
C2,500,C2-rules-500,3,15,1423867
C2,500,C2-rules-500,3,16,1458712
C2,500,C2-rules-500,3,17,1405929
C2,500,C2-rules-500,3,18,1420135
C2,500,C2-rules-500,3,19,1429054
C2,500,C2-rules-500,3,20,1452066
C2,500,C2-rules-500,3,21,1412028
C2,500,C2-rules-500,3,22,1433135
C2,500,C2-rules-500,3,23,1427472
C2,500,C2-rules-500,3,24,1483929
C2,500,C2-rules-500,3,25,1454936
C2,500,C2-rules-500,3,26,1446306
C2,500,C2-rules-500,3,27,1429568
C2,500,C2-rules-500,3,28,1420887
C2,500,C2-rules-500,3,29,1435559
C2,500,C2-rules-500,3,30,1424392
C2,500,C2-rules-500,3,31,1402266
C2,500,C2-rules-500,3,32,1466141
C2,500,C2-rules-500,3,33,1440625
C2,500,C2-rules-500,3,34,1435273
C2,500,C2-rules-500,3,35,1419939
C2,500,C2-rules-500,3,36,3098623
C2,500,C2-rules-500,3,37,1560540
C2,500,C2-rules-500,3,38,1471391
C2,500,C2-rules-500,3,39,1440417
C2,500,C2-rules-500,3,40,1464672
C2,500,C2-rules-500,3,41,1421836
C2,500,C2-rules-500,3,42,1457251
C2,500,C2-rules-500,3,43,1447562
C2,500,C2-rules-500,3,44,1448180
C2,500,C2-rules-500,3,45,1422456
C2,500,C2-rules-500,3,46,1468002
C2,500,C2-rules-500,3,47,1474878
C2,500,C2-rules-500,3,48,1440916
C2,500,C2-rules-500,3,49,1423587
C2,500,C2-rules-500,3,50,1420549
C2,500,C2-rules-500,3,51,1452437
C2,500,C2-rules-500,3,52,1418659
C2,500,C2-rules-500,3,53,1442829
C2,500,C2-rules-500,3,54,1464795
C2,500,C2-rules-500,3,55,1430518
C2,500,C2-rules-500,3,56,1413882
C2,500,C2-rules-500,3,57,1433498
C2,500,C2-rules-500,3,58,1414596
C2,500,C2-rules-500,3,59,1423416
C2,500,C2-rules-500,3,60,1444882
C2,500,C2-rules-500,3,61,1427528
C2,500,C2-rules-500,3,62,1417585
C2,500,C2-rules-500,3,63,1429634
C2,500,C2-rules-500,3,64,1443419
C2,500,C2-rules-500,3,65,1443857
C2,500,C2-rules-500,3,66,1430129
C2,500,C2-rules-500,3,67,1432132
C2,500,C2-rules-500,3,68,1442919
C2,500,C2-rules-500,3,69,1466503
C2,500,C2-rules-500,3,70,1624404
C2,500,C2-rules-500,3,71,1596030
C2,500,C2-rules-500,3,72,1609701
C2,500,C2-rules-500,3,73,1529026
C2,500,C2-rules-500,3,74,1536756
C2,500,C2-rules-500,3,75,1536145
C2,500,C2-rules-500,3,76,1525750
C2,500,C2-rules-500,3,77,1427968
C2,500,C2-rules-500,3,78,1444712
C2,500,C2-rules-500,3,79,1436725
C2,500,C2-rules-500,3,80,1431807
C2,500,C2-rules-500,3,81,1465065
C2,500,C2-rules-500,3,82,1421655
C2,500,C2-rules-500,3,83,1424542
C2,500,C2-rules-500,3,84,1439385
C2,500,C2-rules-500,3,85,1433990
C2,500,C2-rules-500,3,86,1463675
C2,500,C2-rules-500,3,87,1460941
C2,500,C2-rules-500,3,88,1424388
C2,500,C2-rules-500,3,89,1446206
C2,500,C2-rules-500,3,90,1426006
C2,500,C2-rules-500,3,91,1428860
C2,500,C2-rules-500,3,92,1539078
C2,500,C2-rules-500,3,93,1620673
C2,500,C2-rules-500,3,94,1533508
C2,500,C2-rules-500,3,95,1460325
C2,500,C2-rules-500,3,96,1416313
C2,500,C2-rules-500,3,97,1431305
C2,500,C2-rules-500,3,98,1428975
C2,500,C2-rules-500,3,99,1443755
C2,500,C2-rules-500,3,100,1470919
C2,500,C2-rules-500,4,1,1444615
C2,500,C2-rules-500,4,2,1430069
C2,500,C2-rules-500,4,3,1433254
C2,500,C2-rules-500,4,4,1424714
C2,500,C2-rules-500,4,5,1414015
C2,500,C2-rules-500,4,6,1426418
C2,500,C2-rules-500,4,7,1442567
C2,500,C2-rules-500,4,8,1442308
C2,500,C2-rules-500,4,9,1424595
C2,500,C2-rules-500,4,10,1432032
C2,500,C2-rules-500,4,11,1462661
C2,500,C2-rules-500,4,12,1473464
C2,500,C2-rules-500,4,13,1436866
C2,500,C2-rules-500,4,14,1425190
C2,500,C2-rules-500,4,15,1432477
C2,500,C2-rules-500,4,16,1418864
C2,500,C2-rules-500,4,17,1461338
C2,500,C2-rules-500,4,18,1442802
C2,500,C2-rules-500,4,19,1430041
C2,500,C2-rules-500,4,20,1452030
C2,500,C2-rules-500,4,21,1430174
C2,500,C2-rules-500,4,22,1437418
C2,500,C2-rules-500,4,23,1441947
C2,500,C2-rules-500,4,24,1413028
C2,500,C2-rules-500,4,25,1429674
C2,500,C2-rules-500,4,26,1421772
C2,500,C2-rules-500,4,27,1423553
C2,500,C2-rules-500,4,28,1444135
C2,500,C2-rules-500,4,29,1432097
C2,500,C2-rules-500,4,30,1428578
C2,500,C2-rules-500,4,31,1429357
C2,500,C2-rules-500,4,32,1451983
C2,500,C2-rules-500,4,33,1415774
C2,500,C2-rules-500,4,34,1428513
C2,500,C2-rules-500,4,35,1430877
C2,500,C2-rules-500,4,36,1437193
C2,500,C2-rules-500,4,37,1469664
C2,500,C2-rules-500,4,38,1415883
C2,500,C2-rules-500,4,39,1435048
C2,500,C2-rules-500,4,40,1425903
C2,500,C2-rules-500,4,41,1440946
C2,500,C2-rules-500,4,42,1424592
C2,500,C2-rules-500,4,43,1428057
C2,500,C2-rules-500,4,44,1419801
C2,500,C2-rules-500,4,45,1440866
C2,500,C2-rules-500,4,46,1464186
C2,500,C2-rules-500,4,47,1450153
C2,500,C2-rules-500,4,48,1404126
C2,500,C2-rules-500,4,49,1414527
C2,500,C2-rules-500,4,50,1429253
C2,500,C2-rules-500,4,51,1429721
C2,500,C2-rules-500,4,52,1415603
C2,500,C2-rules-500,4,53,1430495
C2,500,C2-rules-500,4,54,1433216
C2,500,C2-rules-500,4,55,1400268
C2,500,C2-rules-500,4,56,1425378
C2,500,C2-rules-500,4,57,1447168
C2,500,C2-rules-500,4,58,1432923
C2,500,C2-rules-500,4,59,1419321
C2,500,C2-rules-500,4,60,1421637
C2,500,C2-rules-500,4,61,1432573
C2,500,C2-rules-500,4,62,1443067
C2,500,C2-rules-500,4,63,1441313
C2,500,C2-rules-500,4,64,1444898
C2,500,C2-rules-500,4,65,1426785
C2,500,C2-rules-500,4,66,1428186
C2,500,C2-rules-500,4,67,1431373
C2,500,C2-rules-500,4,68,1446004
C2,500,C2-rules-500,4,69,1421024
C2,500,C2-rules-500,4,70,1424101
C2,500,C2-rules-500,4,71,1428213
C2,500,C2-rules-500,4,72,1420441
C2,500,C2-rules-500,4,73,1428039
C2,500,C2-rules-500,4,74,1428603
C2,500,C2-rules-500,4,75,1433991
C2,500,C2-rules-500,4,76,1451919
C2,500,C2-rules-500,4,77,1456046
C2,500,C2-rules-500,4,78,1459347
C2,500,C2-rules-500,4,79,1432101
C2,500,C2-rules-500,4,80,1425118
C2,500,C2-rules-500,4,81,1459668
C2,500,C2-rules-500,4,82,1423437
C2,500,C2-rules-500,4,83,1407598
C2,500,C2-rules-500,4,84,1425243
C2,500,C2-rules-500,4,85,1421920
C2,500,C2-rules-500,4,86,1442800
C2,500,C2-rules-500,4,87,1436146
C2,500,C2-rules-500,4,88,1437629
C2,500,C2-rules-500,4,89,1432143
C2,500,C2-rules-500,4,90,1410662
C2,500,C2-rules-500,4,91,1413261
C2,500,C2-rules-500,4,92,1437477
C2,500,C2-rules-500,4,93,1428328
C2,500,C2-rules-500,4,94,1418679
C2,500,C2-rules-500,4,95,1436952
C2,500,C2-rules-500,4,96,1411374
C2,500,C2-rules-500,4,97,1415067
C2,500,C2-rules-500,4,98,1433649
C2,500,C2-rules-500,4,99,1451968
C2,500,C2-rules-500,4,100,1446341
C2,500,C2-rules-500,5,1,1417421
C2,500,C2-rules-500,5,2,1414059
C2,500,C2-rules-500,5,3,1427020
C2,500,C2-rules-500,5,4,1439494
C2,500,C2-rules-500,5,5,1433765
C2,500,C2-rules-500,5,6,2903192
C2,500,C2-rules-500,5,7,1525165
C2,500,C2-rules-500,5,8,1466267
C2,500,C2-rules-500,5,9,1425540
C2,500,C2-rules-500,5,10,1437905
C2,500,C2-rules-500,5,11,1413759
C2,500,C2-rules-500,5,12,1412769
C2,500,C2-rules-500,5,13,1427281
C2,500,C2-rules-500,5,14,1408912
C2,500,C2-rules-500,5,15,1445165
C2,500,C2-rules-500,5,16,1442318
C2,500,C2-rules-500,5,17,1422480
C2,500,C2-rules-500,5,18,1417971
C2,500,C2-rules-500,5,19,1452503
C2,500,C2-rules-500,5,20,1435416
C2,500,C2-rules-500,5,21,1404244
C2,500,C2-rules-500,5,22,1420989
C2,500,C2-rules-500,5,23,1419638
C2,500,C2-rules-500,5,24,1423358
C2,500,C2-rules-500,5,25,1429772
C2,500,C2-rules-500,5,26,1403190
C2,500,C2-rules-500,5,27,1430712
C2,500,C2-rules-500,5,28,1422267
C2,500,C2-rules-500,5,29,1421345
C2,500,C2-rules-500,5,30,1423342
C2,500,C2-rules-500,5,31,1452730
C2,500,C2-rules-500,5,32,1418882
C2,500,C2-rules-500,5,33,1447369
C2,500,C2-rules-500,5,34,1435827
C2,500,C2-rules-500,5,35,1426719
C2,500,C2-rules-500,5,36,1429558
C2,500,C2-rules-500,5,37,1405079
C2,500,C2-rules-500,5,38,1428961
C2,500,C2-rules-500,5,39,1423407
C2,500,C2-rules-500,5,40,1445220
C2,500,C2-rules-500,5,41,1452867
C2,500,C2-rules-500,5,42,1427321
C2,500,C2-rules-500,5,43,1439383
C2,500,C2-rules-500,5,44,1431397
C2,500,C2-rules-500,5,45,1431598
C2,500,C2-rules-500,5,46,1435104
C2,500,C2-rules-500,5,47,1465035
C2,500,C2-rules-500,5,48,1465706
C2,500,C2-rules-500,5,49,1450734
C2,500,C2-rules-500,5,50,1443857
C2,500,C2-rules-500,5,51,1423501
C2,500,C2-rules-500,5,52,1448590
C2,500,C2-rules-500,5,53,1415942
C2,500,C2-rules-500,5,54,1419751
C2,500,C2-rules-500,5,55,1443461
C2,500,C2-rules-500,5,56,1451377
C2,500,C2-rules-500,5,57,1443534
C2,500,C2-rules-500,5,58,1433382
C2,500,C2-rules-500,5,59,1417527
C2,500,C2-rules-500,5,60,1416416
C2,500,C2-rules-500,5,61,1417279
C2,500,C2-rules-500,5,62,1426789
C2,500,C2-rules-500,5,63,1434041
C2,500,C2-rules-500,5,64,1400682
C2,500,C2-rules-500,5,65,1424862
C2,500,C2-rules-500,5,66,1438161
C2,500,C2-rules-500,5,67,1414002
C2,500,C2-rules-500,5,68,1446040
C2,500,C2-rules-500,5,69,1433804
C2,500,C2-rules-500,5,70,1405025
C2,500,C2-rules-500,5,71,1422331
C2,500,C2-rules-500,5,72,1494906
C2,500,C2-rules-500,5,73,1462321
C2,500,C2-rules-500,5,74,1446772
C2,500,C2-rules-500,5,75,1442868
C2,500,C2-rules-500,5,76,1439132
C2,500,C2-rules-500,5,77,1427343
C2,500,C2-rules-500,5,78,1436701
C2,500,C2-rules-500,5,79,1429183
C2,500,C2-rules-500,5,80,1448556
C2,500,C2-rules-500,5,81,1427310
C2,500,C2-rules-500,5,82,1427659
C2,500,C2-rules-500,5,83,1441965
C2,500,C2-rules-500,5,84,1411021
C2,500,C2-rules-500,5,85,1425886
C2,500,C2-rules-500,5,86,1443078
C2,500,C2-rules-500,5,87,1426575
C2,500,C2-rules-500,5,88,1437657
C2,500,C2-rules-500,5,89,1415932
C2,500,C2-rules-500,5,90,1415959
C2,500,C2-rules-500,5,91,1447937
C2,500,C2-rules-500,5,92,1415281
C2,500,C2-rules-500,5,93,1419349
C2,500,C2-rules-500,5,94,1422512
C2,500,C2-rules-500,5,95,1414443
C2,500,C2-rules-500,5,96,1430410
C2,500,C2-rules-500,5,97,1419494
C2,500,C2-rules-500,5,98,1423488
C2,500,C2-rules-500,5,99,1478880
C2,500,C2-rules-500,5,100,1441407
C2,500,C2-rules-500,6,1,1427493
C2,500,C2-rules-500,6,2,1417638
C2,500,C2-rules-500,6,3,1437874
C2,500,C2-rules-500,6,4,1414159
C2,500,C2-rules-500,6,5,1424788
C2,500,C2-rules-500,6,6,1427307
C2,500,C2-rules-500,6,7,1439944
C2,500,C2-rules-500,6,8,1441169
C2,500,C2-rules-500,6,9,1438321
C2,500,C2-rules-500,6,10,1469184
C2,500,C2-rules-500,6,11,1426804
C2,500,C2-rules-500,6,12,1410325
C2,500,C2-rules-500,6,13,1413938
C2,500,C2-rules-500,6,14,1438457
C2,500,C2-rules-500,6,15,1444411
C2,500,C2-rules-500,6,16,1427901
C2,500,C2-rules-500,6,17,1408704
C2,500,C2-rules-500,6,18,1424992
C2,500,C2-rules-500,6,19,1461572
C2,500,C2-rules-500,6,20,1411430
C2,500,C2-rules-500,6,21,1444886
C2,500,C2-rules-500,6,22,1464198
C2,500,C2-rules-500,6,23,1419428
C2,500,C2-rules-500,6,24,1436461
C2,500,C2-rules-500,6,25,1447835
C2,500,C2-rules-500,6,26,1430843
C2,500,C2-rules-500,6,27,1435986
C2,500,C2-rules-500,6,28,1427304
C2,500,C2-rules-500,6,29,1426703
C2,500,C2-rules-500,6,30,1437873
C2,500,C2-rules-500,6,31,1405993
C2,500,C2-rules-500,6,32,1421311
C2,500,C2-rules-500,6,33,1429810
C2,500,C2-rules-500,6,34,1426239
C2,500,C2-rules-500,6,35,1414041
C2,500,C2-rules-500,6,36,1447725
C2,500,C2-rules-500,6,37,1418593
C2,500,C2-rules-500,6,38,1466962
C2,500,C2-rules-500,6,39,1430685
C2,500,C2-rules-500,6,40,1427370
C2,500,C2-rules-500,6,41,1421146
C2,500,C2-rules-500,6,42,1431803
C2,500,C2-rules-500,6,43,1437328
C2,500,C2-rules-500,6,44,1433941
C2,500,C2-rules-500,6,45,1421651
C2,500,C2-rules-500,6,46,1430144
C2,500,C2-rules-500,6,47,1435280
C2,500,C2-rules-500,6,48,1411755
C2,500,C2-rules-500,6,49,1437516
C2,500,C2-rules-500,6,50,1413543
C2,500,C2-rules-500,6,51,1461127
C2,500,C2-rules-500,6,52,1425920
C2,500,C2-rules-500,6,53,1434826
C2,500,C2-rules-500,6,54,1441080
C2,500,C2-rules-500,6,55,1424122
C2,500,C2-rules-500,6,56,1448594
C2,500,C2-rules-500,6,57,1427388
C2,500,C2-rules-500,6,58,1425551
C2,500,C2-rules-500,6,59,1419527
C2,500,C2-rules-500,6,60,1435663
C2,500,C2-rules-500,6,61,1415378
C2,500,C2-rules-500,6,62,1411786
C2,500,C2-rules-500,6,63,1426905
C2,500,C2-rules-500,6,64,1447786
C2,500,C2-rules-500,6,65,1428102
C2,500,C2-rules-500,6,66,1408802
C2,500,C2-rules-500,6,67,1450389
C2,500,C2-rules-500,6,68,1413452
C2,500,C2-rules-500,6,69,1407958
C2,500,C2-rules-500,6,70,1437167
C2,500,C2-rules-500,6,71,1420747
C2,500,C2-rules-500,6,72,1425570
C2,500,C2-rules-500,6,73,1440525
C2,500,C2-rules-500,6,74,1443732
C2,500,C2-rules-500,6,75,1421957
C2,500,C2-rules-500,6,76,1414838
C2,500,C2-rules-500,6,77,3017209
C2,500,C2-rules-500,6,78,1557145
C2,500,C2-rules-500,6,79,1475853
C2,500,C2-rules-500,6,80,1455215
C2,500,C2-rules-500,6,81,1426044
C2,500,C2-rules-500,6,82,1448484
C2,500,C2-rules-500,6,83,1420432
C2,500,C2-rules-500,6,84,1453004
C2,500,C2-rules-500,6,85,1441772
C2,500,C2-rules-500,6,86,1435832
C2,500,C2-rules-500,6,87,1435020
C2,500,C2-rules-500,6,88,1437905
C2,500,C2-rules-500,6,89,1425576
C2,500,C2-rules-500,6,90,1456593
C2,500,C2-rules-500,6,91,1437746
C2,500,C2-rules-500,6,92,1420349
C2,500,C2-rules-500,6,93,1458239
C2,500,C2-rules-500,6,94,1427437
C2,500,C2-rules-500,6,95,1431468
C2,500,C2-rules-500,6,96,1416220
C2,500,C2-rules-500,6,97,1405438
C2,500,C2-rules-500,6,98,1413649
C2,500,C2-rules-500,6,99,1418036
C2,500,C2-rules-500,6,100,1427801
C2,500,C2-rules-500,7,1,1421096
C2,500,C2-rules-500,7,2,1433906
C2,500,C2-rules-500,7,3,1410631
C2,500,C2-rules-500,7,4,1432978
C2,500,C2-rules-500,7,5,1430386
C2,500,C2-rules-500,7,6,1459671
C2,500,C2-rules-500,7,7,1466114
C2,500,C2-rules-500,7,8,1412758
C2,500,C2-rules-500,7,9,1414089
C2,500,C2-rules-500,7,10,1431325
C2,500,C2-rules-500,7,11,1428492
C2,500,C2-rules-500,7,12,1432903
C2,500,C2-rules-500,7,13,1473837
C2,500,C2-rules-500,7,14,1430967
C2,500,C2-rules-500,7,15,1444808
C2,500,C2-rules-500,7,16,1401913
C2,500,C2-rules-500,7,17,1402516
C2,500,C2-rules-500,7,18,1450228
C2,500,C2-rules-500,7,19,1409862
C2,500,C2-rules-500,7,20,1458651
C2,500,C2-rules-500,7,21,1602574
C2,500,C2-rules-500,7,22,1469775
C2,500,C2-rules-500,7,23,1440302
C2,500,C2-rules-500,7,24,1434212
C2,500,C2-rules-500,7,25,1447192
C2,500,C2-rules-500,7,26,1406100
C2,500,C2-rules-500,7,27,1440372
C2,500,C2-rules-500,7,28,1457482
C2,500,C2-rules-500,7,29,1452759
C2,500,C2-rules-500,7,30,1413393
C2,500,C2-rules-500,7,31,1418900
C2,500,C2-rules-500,7,32,1433167
C2,500,C2-rules-500,7,33,1445787
C2,500,C2-rules-500,7,34,1426108
C2,500,C2-rules-500,7,35,1412776
C2,500,C2-rules-500,7,36,1429535
C2,500,C2-rules-500,7,37,1425702
C2,500,C2-rules-500,7,38,1432453
C2,500,C2-rules-500,7,39,1429530
C2,500,C2-rules-500,7,40,1444298
C2,500,C2-rules-500,7,41,1408536
C2,500,C2-rules-500,7,42,1460355
C2,500,C2-rules-500,7,43,1437406
C2,500,C2-rules-500,7,44,1419399
C2,500,C2-rules-500,7,45,1438167
C2,500,C2-rules-500,7,46,1422515
C2,500,C2-rules-500,7,47,1409091
C2,500,C2-rules-500,7,48,1417198
C2,500,C2-rules-500,7,49,1430950
C2,500,C2-rules-500,7,50,1420584
C2,500,C2-rules-500,7,51,1416024
C2,500,C2-rules-500,7,52,1436358
C2,500,C2-rules-500,7,53,1429770
C2,500,C2-rules-500,7,54,1468387
C2,500,C2-rules-500,7,55,1416511
C2,500,C2-rules-500,7,56,1410654
C2,500,C2-rules-500,7,57,1444417
C2,500,C2-rules-500,7,58,1432208
C2,500,C2-rules-500,7,59,1423101
C2,500,C2-rules-500,7,60,1458778
C2,500,C2-rules-500,7,61,1438558
C2,500,C2-rules-500,7,62,1425216
C2,500,C2-rules-500,7,63,1438626
C2,500,C2-rules-500,7,64,1419330
C2,500,C2-rules-500,7,65,1409813
C2,500,C2-rules-500,7,66,1430041
C2,500,C2-rules-500,7,67,1432950
C2,500,C2-rules-500,7,68,1433380
C2,500,C2-rules-500,7,69,1415565
C2,500,C2-rules-500,7,70,1414606
C2,500,C2-rules-500,7,71,1416825
C2,500,C2-rules-500,7,72,1408226
C2,500,C2-rules-500,7,73,1420627
C2,500,C2-rules-500,7,74,1419726
C2,500,C2-rules-500,7,75,1435263
C2,500,C2-rules-500,7,76,1405921
C2,500,C2-rules-500,7,77,1460583
C2,500,C2-rules-500,7,78,1433450
C2,500,C2-rules-500,7,79,1418460
C2,500,C2-rules-500,7,80,1439005
C2,500,C2-rules-500,7,81,1432944
C2,500,C2-rules-500,7,82,1445029
C2,500,C2-rules-500,7,83,1421614
C2,500,C2-rules-500,7,84,1412401
C2,500,C2-rules-500,7,85,1427810
C2,500,C2-rules-500,7,86,1431760
C2,500,C2-rules-500,7,87,1423770
C2,500,C2-rules-500,7,88,1432286
C2,500,C2-rules-500,7,89,1447623
C2,500,C2-rules-500,7,90,1423448
C2,500,C2-rules-500,7,91,1442032
C2,500,C2-rules-500,7,92,1444189
C2,500,C2-rules-500,7,93,1424067
C2,500,C2-rules-500,7,94,1420632
C2,500,C2-rules-500,7,95,1442894
C2,500,C2-rules-500,7,96,1441998
C2,500,C2-rules-500,7,97,1404711
C2,500,C2-rules-500,7,98,1400513
C2,500,C2-rules-500,7,99,1443422
C2,500,C2-rules-500,7,100,1467006
C2,500,C2-rules-500,8,1,1432720
C2,500,C2-rules-500,8,2,1453348
C2,500,C2-rules-500,8,3,1425692
C2,500,C2-rules-500,8,4,1408543
C2,500,C2-rules-500,8,5,1450013
C2,500,C2-rules-500,8,6,1399547
C2,500,C2-rules-500,8,7,1425124
C2,500,C2-rules-500,8,8,1405249
C2,500,C2-rules-500,8,9,1436401
C2,500,C2-rules-500,8,10,1441574
C2,500,C2-rules-500,8,11,1421844
C2,500,C2-rules-500,8,12,1417939
C2,500,C2-rules-500,8,13,1457414
C2,500,C2-rules-500,8,14,1430567
C2,500,C2-rules-500,8,15,1423960
C2,500,C2-rules-500,8,16,1438404
C2,500,C2-rules-500,8,17,1417056
C2,500,C2-rules-500,8,18,1425694
C2,500,C2-rules-500,8,19,1438690
C2,500,C2-rules-500,8,20,1453491
C2,500,C2-rules-500,8,21,1429573
C2,500,C2-rules-500,8,22,1404362
C2,500,C2-rules-500,8,23,1422628
C2,500,C2-rules-500,8,24,1453614
C2,500,C2-rules-500,8,25,1430733
C2,500,C2-rules-500,8,26,1399692
C2,500,C2-rules-500,8,27,1445978
C2,500,C2-rules-500,8,28,1440277
C2,500,C2-rules-500,8,29,1421096
C2,500,C2-rules-500,8,30,1482244
C2,500,C2-rules-500,8,31,1414132
C2,500,C2-rules-500,8,32,1420013
C2,500,C2-rules-500,8,33,1418858
C2,500,C2-rules-500,8,34,1435491
C2,500,C2-rules-500,8,35,1460913
C2,500,C2-rules-500,8,36,1417060
C2,500,C2-rules-500,8,37,1411666
C2,500,C2-rules-500,8,38,1441331
C2,500,C2-rules-500,8,39,1416917
C2,500,C2-rules-500,8,40,1429798
C2,500,C2-rules-500,8,41,1437639
C2,500,C2-rules-500,8,42,1420903
C2,500,C2-rules-500,8,43,1434715
C2,500,C2-rules-500,8,44,1423756
C2,500,C2-rules-500,8,45,1430462
C2,500,C2-rules-500,8,46,1438526
C2,500,C2-rules-500,8,47,1433664
C2,500,C2-rules-500,8,48,1464545
C2,500,C2-rules-500,8,49,2821084
C2,500,C2-rules-500,8,50,1510948
C2,500,C2-rules-500,8,51,1470360
C2,500,C2-rules-500,8,52,1438323
C2,500,C2-rules-500,8,53,1408503
C2,500,C2-rules-500,8,54,1441366
C2,500,C2-rules-500,8,55,1406180
C2,500,C2-rules-500,8,56,1437068
C2,500,C2-rules-500,8,57,1438332
C2,500,C2-rules-500,8,58,1420579
C2,500,C2-rules-500,8,59,1420931
C2,500,C2-rules-500,8,60,1410852
C2,500,C2-rules-500,8,61,1421330
C2,500,C2-rules-500,8,62,1454998
C2,500,C2-rules-500,8,63,1458509
C2,500,C2-rules-500,8,64,1449740
C2,500,C2-rules-500,8,65,1432596
C2,500,C2-rules-500,8,66,1444642
C2,500,C2-rules-500,8,67,1417183
C2,500,C2-rules-500,8,68,1433301
C2,500,C2-rules-500,8,69,1411497
C2,500,C2-rules-500,8,70,1443843
C2,500,C2-rules-500,8,71,1438844
C2,500,C2-rules-500,8,72,1426731
C2,500,C2-rules-500,8,73,1443735
C2,500,C2-rules-500,8,74,1410712
C2,500,C2-rules-500,8,75,1421833
C2,500,C2-rules-500,8,76,1420603
C2,500,C2-rules-500,8,77,1423268
C2,500,C2-rules-500,8,78,1424189
C2,500,C2-rules-500,8,79,1438403
C2,500,C2-rules-500,8,80,1432896
C2,500,C2-rules-500,8,81,1425722
C2,500,C2-rules-500,8,82,1464526
C2,500,C2-rules-500,8,83,1427810
C2,500,C2-rules-500,8,84,1447368
C2,500,C2-rules-500,8,85,1421142
C2,500,C2-rules-500,8,86,1429908
C2,500,C2-rules-500,8,87,1441820
C2,500,C2-rules-500,8,88,1428093
C2,500,C2-rules-500,8,89,1442415
C2,500,C2-rules-500,8,90,1448817
C2,500,C2-rules-500,8,91,1425761
C2,500,C2-rules-500,8,92,1448044
C2,500,C2-rules-500,8,93,1444324
C2,500,C2-rules-500,8,94,1439989
C2,500,C2-rules-500,8,95,1437255
C2,500,C2-rules-500,8,96,1436465
C2,500,C2-rules-500,8,97,1436999
C2,500,C2-rules-500,8,98,1436028
C2,500,C2-rules-500,8,99,1452441
C2,500,C2-rules-500,8,100,1433057
C3,100,C3-rules-100,1,1,350775
C3,100,C3-rules-100,1,2,350714
C3,100,C3-rules-100,1,3,352898
C3,100,C3-rules-100,1,4,349686
C3,100,C3-rules-100,1,5,354167
C3,100,C3-rules-100,1,6,350525
C3,100,C3-rules-100,1,7,353260
C3,100,C3-rules-100,1,8,356078
C3,100,C3-rules-100,1,9,352352
C3,100,C3-rules-100,1,10,347804
C3,100,C3-rules-100,1,11,356099
C3,100,C3-rules-100,1,12,352283
C3,100,C3-rules-100,1,13,352148
C3,100,C3-rules-100,1,14,349022
C3,100,C3-rules-100,1,15,352515
C3,100,C3-rules-100,1,16,352156
C3,100,C3-rules-100,1,17,351451
C3,100,C3-rules-100,1,18,351385
C3,100,C3-rules-100,1,19,362468
C3,100,C3-rules-100,1,20,350976
C3,100,C3-rules-100,1,21,353501
C3,100,C3-rules-100,1,22,354574
C3,100,C3-rules-100,1,23,359113
C3,100,C3-rules-100,1,24,358931
C3,100,C3-rules-100,1,25,355075
C3,100,C3-rules-100,1,26,353478
C3,100,C3-rules-100,1,27,351567
C3,100,C3-rules-100,1,28,359139
C3,100,C3-rules-100,1,29,350612
C3,100,C3-rules-100,1,30,350067
C3,100,C3-rules-100,1,31,351777
C3,100,C3-rules-100,1,32,354125
C3,100,C3-rules-100,1,33,389548
C3,100,C3-rules-100,1,34,356279
C3,100,C3-rules-100,1,35,366466
C3,100,C3-rules-100,1,36,352032
C3,100,C3-rules-100,1,37,351334
C3,100,C3-rules-100,1,38,354529
C3,100,C3-rules-100,1,39,353172
C3,100,C3-rules-100,1,40,350916
C3,100,C3-rules-100,1,41,350439
C3,100,C3-rules-100,1,42,359786
C3,100,C3-rules-100,1,43,352966
C3,100,C3-rules-100,1,44,361905
C3,100,C3-rules-100,1,45,355931
C3,100,C3-rules-100,1,46,355439
C3,100,C3-rules-100,1,47,356623
C3,100,C3-rules-100,1,48,356036
C3,100,C3-rules-100,1,49,353962
C3,100,C3-rules-100,1,50,349729
C3,100,C3-rules-100,1,51,351014
C3,100,C3-rules-100,1,52,353818
C3,100,C3-rules-100,1,53,361597
C3,100,C3-rules-100,1,54,355232
C3,100,C3-rules-100,1,55,356349
C3,100,C3-rules-100,1,56,355041
C3,100,C3-rules-100,1,57,351561
C3,100,C3-rules-100,1,58,351456
C3,100,C3-rules-100,1,59,350042
C3,100,C3-rules-100,1,60,351726
C3,100,C3-rules-100,1,61,354270
C3,100,C3-rules-100,1,62,358099
C3,100,C3-rules-100,1,63,351152
C3,100,C3-rules-100,1,64,351065
C3,100,C3-rules-100,1,65,355995
C3,100,C3-rules-100,1,66,352898
C3,100,C3-rules-100,1,67,363117
C3,100,C3-rules-100,1,68,359518
C3,100,C3-rules-100,1,69,351254
C3,100,C3-rules-100,1,70,359388
C3,100,C3-rules-100,1,71,350510
C3,100,C3-rules-100,1,72,383876
C3,100,C3-rules-100,1,73,353315
C3,100,C3-rules-100,1,74,351144
C3,100,C3-rules-100,1,75,349799
C3,100,C3-rules-100,1,76,350660
C3,100,C3-rules-100,1,77,353304
C3,100,C3-rules-100,1,78,355939
C3,100,C3-rules-100,1,79,354872
C3,100,C3-rules-100,1,80,349829
C3,100,C3-rules-100,1,81,351511
C3,100,C3-rules-100,1,82,350841
C3,100,C3-rules-100,1,83,353143
C3,100,C3-rules-100,1,84,355971
C3,100,C3-rules-100,1,85,355433
C3,100,C3-rules-100,1,86,364188
C3,100,C3-rules-100,1,87,354639
C3,100,C3-rules-100,1,88,354126
C3,100,C3-rules-100,1,89,352442
C3,100,C3-rules-100,1,90,348390
C3,100,C3-rules-100,1,91,351280
C3,100,C3-rules-100,1,92,351528
C3,100,C3-rules-100,1,93,352002
C3,100,C3-rules-100,1,94,359028
C3,100,C3-rules-100,1,95,350725
C3,100,C3-rules-100,1,96,349612
C3,100,C3-rules-100,1,97,350528
C3,100,C3-rules-100,1,98,348914
C3,100,C3-rules-100,1,99,351876
C3,100,C3-rules-100,1,100,352215
C3,100,C3-rules-100,2,1,353199
C3,100,C3-rules-100,2,2,354064
C3,100,C3-rules-100,2,3,382994
C3,100,C3-rules-100,2,4,387708
C3,100,C3-rules-100,2,5,357614
C3,100,C3-rules-100,2,6,359462
C3,100,C3-rules-100,2,7,362566
C3,100,C3-rules-100,2,8,355538
C3,100,C3-rules-100,2,9,354965
C3,100,C3-rules-100,2,10,354921
C3,100,C3-rules-100,2,11,353754
C3,100,C3-rules-100,2,12,356992
C3,100,C3-rules-100,2,13,349690
C3,100,C3-rules-100,2,14,352210
C3,100,C3-rules-100,2,15,350976
C3,100,C3-rules-100,2,16,353459
C3,100,C3-rules-100,2,17,351870
C3,100,C3-rules-100,2,18,354440
C3,100,C3-rules-100,2,19,354426
C3,100,C3-rules-100,2,20,350190
C3,100,C3-rules-100,2,21,352401
C3,100,C3-rules-100,2,22,355210
C3,100,C3-rules-100,2,23,350097
C3,100,C3-rules-100,2,24,350501
C3,100,C3-rules-100,2,25,360288
C3,100,C3-rules-100,2,26,352429
C3,100,C3-rules-100,2,27,352140
C3,100,C3-rules-100,2,28,354785
C3,100,C3-rules-100,2,29,351816
C3,100,C3-rules-100,2,30,350883
C3,100,C3-rules-100,2,31,348756
C3,100,C3-rules-100,2,32,349870
C3,100,C3-rules-100,2,33,347845
C3,100,C3-rules-100,2,34,354916
C3,100,C3-rules-100,2,35,351224
C3,100,C3-rules-100,2,36,347929
C3,100,C3-rules-100,2,37,350916
C3,100,C3-rules-100,2,38,351788
C3,100,C3-rules-100,2,39,350042
C3,100,C3-rules-100,2,40,353248
C3,100,C3-rules-100,2,41,360321
C3,100,C3-rules-100,2,42,351698
C3,100,C3-rules-100,2,43,349347
C3,100,C3-rules-100,2,44,352497
C3,100,C3-rules-100,2,45,353622
C3,100,C3-rules-100,2,46,352243
C3,100,C3-rules-100,2,47,355290
C3,100,C3-rules-100,2,48,352076
C3,100,C3-rules-100,2,49,353031
C3,100,C3-rules-100,2,50,349261
C3,100,C3-rules-100,2,51,356294
C3,100,C3-rules-100,2,52,350613
C3,100,C3-rules-100,2,53,350128
C3,100,C3-rules-100,2,54,351280
C3,100,C3-rules-100,2,55,353194
C3,100,C3-rules-100,2,56,357495
C3,100,C3-rules-100,2,57,354616
C3,100,C3-rules-100,2,58,354931
C3,100,C3-rules-100,2,59,355282
C3,100,C3-rules-100,2,60,355078
C3,100,C3-rules-100,2,61,356956
C3,100,C3-rules-100,2,62,354110
C3,100,C3-rules-100,2,63,352718
C3,100,C3-rules-100,2,64,354160
C3,100,C3-rules-100,2,65,355493
C3,100,C3-rules-100,2,66,357228
C3,100,C3-rules-100,2,67,376039
C3,100,C3-rules-100,2,68,363420
C3,100,C3-rules-100,2,69,350409
C3,100,C3-rules-100,2,70,350369
C3,100,C3-rules-100,2,71,349392
C3,100,C3-rules-100,2,72,347815
C3,100,C3-rules-100,2,73,347201
C3,100,C3-rules-100,2,74,381712
C3,100,C3-rules-100,2,75,365038
C3,100,C3-rules-100,2,76,350801
C3,100,C3-rules-100,2,77,353249
C3,100,C3-rules-100,2,78,352402
C3,100,C3-rules-100,2,79,368097
C3,100,C3-rules-100,2,80,353159
C3,100,C3-rules-100,2,81,355375
C3,100,C3-rules-100,2,82,352861
C3,100,C3-rules-100,2,83,357535
C3,100,C3-rules-100,2,84,359624
C3,100,C3-rules-100,2,85,357726
C3,100,C3-rules-100,2,86,357442
C3,100,C3-rules-100,2,87,352207
C3,100,C3-rules-100,2,88,356637
C3,100,C3-rules-100,2,89,357022
C3,100,C3-rules-100,2,90,353428
C3,100,C3-rules-100,2,91,350772
C3,100,C3-rules-100,2,92,350544
C3,100,C3-rules-100,2,93,349996
C3,100,C3-rules-100,2,94,349458
C3,100,C3-rules-100,2,95,355232
C3,100,C3-rules-100,2,96,349614
C3,100,C3-rules-100,2,97,349682
C3,100,C3-rules-100,2,98,353829
C3,100,C3-rules-100,2,99,353537
C3,100,C3-rules-100,2,100,352037
C3,100,C3-rules-100,3,1,360330
C3,100,C3-rules-100,3,2,361804
C3,100,C3-rules-100,3,3,354047
C3,100,C3-rules-100,3,4,352800
C3,100,C3-rules-100,3,5,354108
C3,100,C3-rules-100,3,6,356797
C3,100,C3-rules-100,3,7,353415
C3,100,C3-rules-100,3,8,359120
C3,100,C3-rules-100,3,9,352388
C3,100,C3-rules-100,3,10,351151
C3,100,C3-rules-100,3,11,352810
C3,100,C3-rules-100,3,12,360217
C3,100,C3-rules-100,3,13,360046
C3,100,C3-rules-100,3,14,353566
C3,100,C3-rules-100,3,15,350879
C3,100,C3-rules-100,3,16,354370
C3,100,C3-rules-100,3,17,351930
C3,100,C3-rules-100,3,18,350541
C3,100,C3-rules-100,3,19,352047
C3,100,C3-rules-100,3,20,353158
C3,100,C3-rules-100,3,21,353259
C3,100,C3-rules-100,3,22,359398
C3,100,C3-rules-100,3,23,363385
C3,100,C3-rules-100,3,24,352486
C3,100,C3-rules-100,3,25,404487
C3,100,C3-rules-100,3,26,2400334
C3,100,C3-rules-100,3,27,414280
C3,100,C3-rules-100,3,28,376504
C3,100,C3-rules-100,3,29,372416
C3,100,C3-rules-100,3,30,362028
C3,100,C3-rules-100,3,31,353069
C3,100,C3-rules-100,3,32,356832
C3,100,C3-rules-100,3,33,349762
C3,100,C3-rules-100,3,34,350336
C3,100,C3-rules-100,3,35,351495
C3,100,C3-rules-100,3,36,350042
C3,100,C3-rules-100,3,37,351916
C3,100,C3-rules-100,3,38,349027
C3,100,C3-rules-100,3,39,350304
C3,100,C3-rules-100,3,40,362538
C3,100,C3-rules-100,3,41,350993
C3,100,C3-rules-100,3,42,347738
C3,100,C3-rules-100,3,43,362455
C3,100,C3-rules-100,3,44,349339
C3,100,C3-rules-100,3,45,366625
C3,100,C3-rules-100,3,46,349363
C3,100,C3-rules-100,3,47,350891
C3,100,C3-rules-100,3,48,348738
C3,100,C3-rules-100,3,49,356977
C3,100,C3-rules-100,3,50,349746
C3,100,C3-rules-100,3,51,352210
C3,100,C3-rules-100,3,52,348339
C3,100,C3-rules-100,3,53,348551
C3,100,C3-rules-100,3,54,355854
C3,100,C3-rules-100,3,55,349682
C3,100,C3-rules-100,3,56,370425
C3,100,C3-rules-100,3,57,357822
C3,100,C3-rules-100,3,58,357199
C3,100,C3-rules-100,3,59,350361
C3,100,C3-rules-100,3,60,348472
C3,100,C3-rules-100,3,61,349418
C3,100,C3-rules-100,3,62,350579
C3,100,C3-rules-100,3,63,352140
C3,100,C3-rules-100,3,64,350549
C3,100,C3-rules-100,3,65,347602
C3,100,C3-rules-100,3,66,348583
C3,100,C3-rules-100,3,67,349231
C3,100,C3-rules-100,3,68,349682
C3,100,C3-rules-100,3,69,350462
C3,100,C3-rules-100,3,70,348256
C3,100,C3-rules-100,3,71,348753
C3,100,C3-rules-100,3,72,350753
C3,100,C3-rules-100,3,73,357230
C3,100,C3-rules-100,3,74,358783
C3,100,C3-rules-100,3,75,349392
C3,100,C3-rules-100,3,76,349452
C3,100,C3-rules-100,3,77,349583
C3,100,C3-rules-100,3,78,349219
C3,100,C3-rules-100,3,79,348687
C3,100,C3-rules-100,3,80,351528
C3,100,C3-rules-100,3,81,350261
C3,100,C3-rules-100,3,82,347144
C3,100,C3-rules-100,3,83,349126
C3,100,C3-rules-100,3,84,351133
C3,100,C3-rules-100,3,85,350742
C3,100,C3-rules-100,3,86,349082
C3,100,C3-rules-100,3,87,346230
C3,100,C3-rules-100,3,88,349304
C3,100,C3-rules-100,3,89,348923
C3,100,C3-rules-100,3,90,348870
C3,100,C3-rules-100,3,91,351421
C3,100,C3-rules-100,3,92,348085
C3,100,C3-rules-100,3,93,357131
C3,100,C3-rules-100,3,94,348567
C3,100,C3-rules-100,3,95,350461
C3,100,C3-rules-100,3,96,350299
C3,100,C3-rules-100,3,97,347021
C3,100,C3-rules-100,3,98,348336
C3,100,C3-rules-100,3,99,347880
C3,100,C3-rules-100,3,100,347345
C3,100,C3-rules-100,4,1,357545
C3,100,C3-rules-100,4,2,356050
C3,100,C3-rules-100,4,3,347532
C3,100,C3-rules-100,4,4,346703
C3,100,C3-rules-100,4,5,346046
C3,100,C3-rules-100,4,6,347558
C3,100,C3-rules-100,4,7,352077
C3,100,C3-rules-100,4,8,347457
C3,100,C3-rules-100,4,9,345940
C3,100,C3-rules-100,4,10,351464
C3,100,C3-rules-100,4,11,350554
C3,100,C3-rules-100,4,12,350085
C3,100,C3-rules-100,4,13,350539
C3,100,C3-rules-100,4,14,350054
C3,100,C3-rules-100,4,15,347972
C3,100,C3-rules-100,4,16,345929
C3,100,C3-rules-100,4,17,357239
C3,100,C3-rules-100,4,18,354426
C3,100,C3-rules-100,4,19,360549
C3,100,C3-rules-100,4,20,348962
C3,100,C3-rules-100,4,21,348298
C3,100,C3-rules-100,4,22,349710
C3,100,C3-rules-100,4,23,348513
C3,100,C3-rules-100,4,24,350493
C3,100,C3-rules-100,4,25,350987
C3,100,C3-rules-100,4,26,361086
C3,100,C3-rules-100,4,27,350776
C3,100,C3-rules-100,4,28,350638
C3,100,C3-rules-100,4,29,351082
C3,100,C3-rules-100,4,30,359995
C3,100,C3-rules-100,4,31,347199
C3,100,C3-rules-100,4,32,349595
C3,100,C3-rules-100,4,33,347579
C3,100,C3-rules-100,4,34,354719
C3,100,C3-rules-100,4,35,348365
C3,100,C3-rules-100,4,36,347850
C3,100,C3-rules-100,4,37,351707
C3,100,C3-rules-100,4,38,349823
C3,100,C3-rules-100,4,39,358618
C3,100,C3-rules-100,4,40,361730
C3,100,C3-rules-100,4,41,364913
C3,100,C3-rules-100,4,42,349052
C3,100,C3-rules-100,4,43,359421
C3,100,C3-rules-100,4,44,349061
C3,100,C3-rules-100,4,45,349976
C3,100,C3-rules-100,4,46,347926
C3,100,C3-rules-100,4,47,348726
C3,100,C3-rules-100,4,48,344172
C3,100,C3-rules-100,4,49,348086
C3,100,C3-rules-100,4,50,356888
C3,100,C3-rules-100,4,51,349474
C3,100,C3-rules-100,4,52,379186
C3,100,C3-rules-100,4,53,365914
C3,100,C3-rules-100,4,54,361235
C3,100,C3-rules-100,4,55,354489
C3,100,C3-rules-100,4,56,348442
C3,100,C3-rules-100,4,57,352306
C3,100,C3-rules-100,4,58,349149
C3,100,C3-rules-100,4,59,349825
C3,100,C3-rules-100,4,60,351555
C3,100,C3-rules-100,4,61,348810
C3,100,C3-rules-100,4,62,350840
C3,100,C3-rules-100,4,63,352420
C3,100,C3-rules-100,4,64,351447
C3,100,C3-rules-100,4,65,347228
C3,100,C3-rules-100,4,66,349706
C3,100,C3-rules-100,4,67,351167
C3,100,C3-rules-100,4,68,347354
C3,100,C3-rules-100,4,69,348397
C3,100,C3-rules-100,4,70,353535
C3,100,C3-rules-100,4,71,352593
C3,100,C3-rules-100,4,72,346398
C3,100,C3-rules-100,4,73,346941
C3,100,C3-rules-100,4,74,348262
C3,100,C3-rules-100,4,75,351597
C3,100,C3-rules-100,4,76,347681
C3,100,C3-rules-100,4,77,348643
C3,100,C3-rules-100,4,78,348200
C3,100,C3-rules-100,4,79,348633
C3,100,C3-rules-100,4,80,346028
C3,100,C3-rules-100,4,81,349109
C3,100,C3-rules-100,4,82,350875
C3,100,C3-rules-100,4,83,359475
C3,100,C3-rules-100,4,84,358966
C3,100,C3-rules-100,4,85,360719
C3,100,C3-rules-100,4,86,347414
C3,100,C3-rules-100,4,87,359084
C3,100,C3-rules-100,4,88,347490
C3,100,C3-rules-100,4,89,353303
C3,100,C3-rules-100,4,90,351604
C3,100,C3-rules-100,4,91,352584
C3,100,C3-rules-100,4,92,349478
C3,100,C3-rules-100,4,93,352494
C3,100,C3-rules-100,4,94,347806
C3,100,C3-rules-100,4,95,356957
C3,100,C3-rules-100,4,96,362203
C3,100,C3-rules-100,4,97,351163
C3,100,C3-rules-100,4,98,359910
C3,100,C3-rules-100,4,99,348075
C3,100,C3-rules-100,4,100,345928
C3,100,C3-rules-100,5,1,348902
C3,100,C3-rules-100,5,2,348303
C3,100,C3-rules-100,5,3,346335
C3,100,C3-rules-100,5,4,346324
C3,100,C3-rules-100,5,5,344837
C3,100,C3-rules-100,5,6,348645
C3,100,C3-rules-100,5,7,355807
C3,100,C3-rules-100,5,8,359395
C3,100,C3-rules-100,5,9,354339
C3,100,C3-rules-100,5,10,348163
C3,100,C3-rules-100,5,11,350931
C3,100,C3-rules-100,5,12,348791
C3,100,C3-rules-100,5,13,349488
C3,100,C3-rules-100,5,14,352852
C3,100,C3-rules-100,5,15,354581
C3,100,C3-rules-100,5,16,351683
C3,100,C3-rules-100,5,17,350179
C3,100,C3-rules-100,5,18,350285
C3,100,C3-rules-100,5,19,350320
C3,100,C3-rules-100,5,20,358930
C3,100,C3-rules-100,5,21,357637
C3,100,C3-rules-100,5,22,354149
C3,100,C3-rules-100,5,23,352910
C3,100,C3-rules-100,5,24,349011
C3,100,C3-rules-100,5,25,351811
C3,100,C3-rules-100,5,26,349815
C3,100,C3-rules-100,5,27,351964
C3,100,C3-rules-100,5,28,350037
C3,100,C3-rules-100,5,29,356594
C3,100,C3-rules-100,5,30,354337
C3,100,C3-rules-100,5,31,354097
C3,100,C3-rules-100,5,32,361518
C3,100,C3-rules-100,5,33,347330
C3,100,C3-rules-100,5,34,348319
C3,100,C3-rules-100,5,35,354391
C3,100,C3-rules-100,5,36,349495
C3,100,C3-rules-100,5,37,346309
C3,100,C3-rules-100,5,38,345782
C3,100,C3-rules-100,5,39,345660
C3,100,C3-rules-100,5,40,346405
C3,100,C3-rules-100,5,41,348414
C3,100,C3-rules-100,5,42,347444
C3,100,C3-rules-100,5,43,360814
C3,100,C3-rules-100,5,44,349828
C3,100,C3-rules-100,5,45,355586
C3,100,C3-rules-100,5,46,352060
C3,100,C3-rules-100,5,47,367422
C3,100,C3-rules-100,5,48,358807
C3,100,C3-rules-100,5,49,355528
C3,100,C3-rules-100,5,50,353387
C3,100,C3-rules-100,5,51,350296
C3,100,C3-rules-100,5,52,350138
C3,100,C3-rules-100,5,53,350109
C3,100,C3-rules-100,5,54,359813
C3,100,C3-rules-100,5,55,350330
C3,100,C3-rules-100,5,56,350278
C3,100,C3-rules-100,5,57,348329
C3,100,C3-rules-100,5,58,347525
C3,100,C3-rules-100,5,59,349101
C3,100,C3-rules-100,5,60,345495
C3,100,C3-rules-100,5,61,344451
C3,100,C3-rules-100,5,62,348986
C3,100,C3-rules-100,5,63,345287
C3,100,C3-rules-100,5,64,347150
C3,100,C3-rules-100,5,65,348599
C3,100,C3-rules-100,5,66,358415
C3,100,C3-rules-100,5,67,352855
C3,100,C3-rules-100,5,68,350217
C3,100,C3-rules-100,5,69,350629
C3,100,C3-rules-100,5,70,351466
C3,100,C3-rules-100,5,71,353581
C3,100,C3-rules-100,5,72,352455
C3,100,C3-rules-100,5,73,355584
C3,100,C3-rules-100,5,74,350398
C3,100,C3-rules-100,5,75,350871
C3,100,C3-rules-100,5,76,351906
C3,100,C3-rules-100,5,77,351942
C3,100,C3-rules-100,5,78,350506
C3,100,C3-rules-100,5,79,354235
C3,100,C3-rules-100,5,80,348587
C3,100,C3-rules-100,5,81,346614
C3,100,C3-rules-100,5,82,349810
C3,100,C3-rules-100,5,83,348027
C3,100,C3-rules-100,5,84,355656
C3,100,C3-rules-100,5,85,347236
C3,100,C3-rules-100,5,86,347838
C3,100,C3-rules-100,5,87,349476
C3,100,C3-rules-100,5,88,355859
C3,100,C3-rules-100,5,89,352378
C3,100,C3-rules-100,5,90,350072
C3,100,C3-rules-100,5,91,351385
C3,100,C3-rules-100,5,92,359956
C3,100,C3-rules-100,5,93,351826
C3,100,C3-rules-100,5,94,349528
C3,100,C3-rules-100,5,95,346622
C3,100,C3-rules-100,5,96,345304
C3,100,C3-rules-100,5,97,348776
C3,100,C3-rules-100,5,98,346022
C3,100,C3-rules-100,5,99,356601
C3,100,C3-rules-100,5,100,354706
C3,100,C3-rules-100,6,1,355719
C3,100,C3-rules-100,6,2,347125
C3,100,C3-rules-100,6,3,347218
C3,100,C3-rules-100,6,4,351478
C3,100,C3-rules-100,6,5,352381
C3,100,C3-rules-100,6,6,352520
C3,100,C3-rules-100,6,7,352693
C3,100,C3-rules-100,6,8,350428
C3,100,C3-rules-100,6,9,361341
C3,100,C3-rules-100,6,10,361885
C3,100,C3-rules-100,6,11,351148
C3,100,C3-rules-100,6,12,351114
C3,100,C3-rules-100,6,13,349471
C3,100,C3-rules-100,6,14,348318
C3,100,C3-rules-100,6,15,350297
C3,100,C3-rules-100,6,16,348202
C3,100,C3-rules-100,6,17,347381
C3,100,C3-rules-100,6,18,346291
C3,100,C3-rules-100,6,19,349852
C3,100,C3-rules-100,6,20,346612
C3,100,C3-rules-100,6,21,348583
C3,100,C3-rules-100,6,22,350773
C3,100,C3-rules-100,6,23,357957
C3,100,C3-rules-100,6,24,350666
C3,100,C3-rules-100,6,25,348771
C3,100,C3-rules-100,6,26,348828
C3,100,C3-rules-100,6,27,357133
C3,100,C3-rules-100,6,28,348191
C3,100,C3-rules-100,6,29,346115
C3,100,C3-rules-100,6,30,347023
C3,100,C3-rules-100,6,31,351234
C3,100,C3-rules-100,6,32,362043
C3,100,C3-rules-100,6,33,351063
C3,100,C3-rules-100,6,34,350043
C3,100,C3-rules-100,6,35,348890
C3,100,C3-rules-100,6,36,348337
C3,100,C3-rules-100,6,37,349013
C3,100,C3-rules-100,6,38,345478
C3,100,C3-rules-100,6,39,348009
C3,100,C3-rules-100,6,40,347004
C3,100,C3-rules-100,6,41,351742
C3,100,C3-rules-100,6,42,347993
C3,100,C3-rules-100,6,43,370479
C3,100,C3-rules-100,6,44,358219
C3,100,C3-rules-100,6,45,358344
C3,100,C3-rules-100,6,46,355394
C3,100,C3-rules-100,6,47,346473
C3,100,C3-rules-100,6,48,347832
C3,100,C3-rules-100,6,49,347842
C3,100,C3-rules-100,6,50,348472
C3,100,C3-rules-100,6,51,346667
C3,100,C3-rules-100,6,52,347469
C3,100,C3-rules-100,6,53,346722
C3,100,C3-rules-100,6,54,346253
C3,100,C3-rules-100,6,55,351537
C3,100,C3-rules-100,6,56,352338
C3,100,C3-rules-100,6,57,349245
C3,100,C3-rules-100,6,58,350590
C3,100,C3-rules-100,6,59,357526
C3,100,C3-rules-100,6,60,361386
C3,100,C3-rules-100,6,61,349955
C3,100,C3-rules-100,6,62,348234
C3,100,C3-rules-100,6,63,349159
C3,100,C3-rules-100,6,64,350967
C3,100,C3-rules-100,6,65,348217
C3,100,C3-rules-100,6,66,347797
C3,100,C3-rules-100,6,67,351694
C3,100,C3-rules-100,6,68,351084
C3,100,C3-rules-100,6,69,356768
C3,100,C3-rules-100,6,70,348694
C3,100,C3-rules-100,6,71,348899
C3,100,C3-rules-100,6,72,349858
C3,100,C3-rules-100,6,73,362923
C3,100,C3-rules-100,6,74,353285
C3,100,C3-rules-100,6,75,352992
C3,100,C3-rules-100,6,76,351108
C3,100,C3-rules-100,6,77,354192
C3,100,C3-rules-100,6,78,357270
C3,100,C3-rules-100,6,79,358677
C3,100,C3-rules-100,6,80,350684
C3,100,C3-rules-100,6,81,353067
C3,100,C3-rules-100,6,82,350558
C3,100,C3-rules-100,6,83,349026
C3,100,C3-rules-100,6,84,350864
C3,100,C3-rules-100,6,85,352208
C3,100,C3-rules-100,6,86,349382
C3,100,C3-rules-100,6,87,349875
C3,100,C3-rules-100,6,88,362656
C3,100,C3-rules-100,6,89,350800
C3,100,C3-rules-100,6,90,353053
C3,100,C3-rules-100,6,91,348631
C3,100,C3-rules-100,6,92,348987
C3,100,C3-rules-100,6,93,350987
C3,100,C3-rules-100,6,94,348701
C3,100,C3-rules-100,6,95,349239
C3,100,C3-rules-100,6,96,349667
C3,100,C3-rules-100,6,97,354728
C3,100,C3-rules-100,6,98,358259
C3,100,C3-rules-100,6,99,351865
C3,100,C3-rules-100,6,100,352387
C3,100,C3-rules-100,7,1,355431
C3,100,C3-rules-100,7,2,348074
C3,100,C3-rules-100,7,3,345600
C3,100,C3-rules-100,7,4,347424
C3,100,C3-rules-100,7,5,349490
C3,100,C3-rules-100,7,6,349400
C3,100,C3-rules-100,7,7,349943
C3,100,C3-rules-100,7,8,350724
C3,100,C3-rules-100,7,9,361247
C3,100,C3-rules-100,7,10,350867
C3,100,C3-rules-100,7,11,349935
C3,100,C3-rules-100,7,12,353367
C3,100,C3-rules-100,7,13,347749
C3,100,C3-rules-100,7,14,347353
C3,100,C3-rules-100,7,15,349240
C3,100,C3-rules-100,7,16,348149
C3,100,C3-rules-100,7,17,353491
C3,100,C3-rules-100,7,18,346080
C3,100,C3-rules-100,7,19,348552
C3,100,C3-rules-100,7,20,346129
C3,100,C3-rules-100,7,21,349065
C3,100,C3-rules-100,7,22,345950
C3,100,C3-rules-100,7,23,348694
C3,100,C3-rules-100,7,24,353121
C3,100,C3-rules-100,7,25,358653
C3,100,C3-rules-100,7,26,353393
C3,100,C3-rules-100,7,27,347476
C3,100,C3-rules-100,7,28,348212
C3,100,C3-rules-100,7,29,347456
C3,100,C3-rules-100,7,30,347946
C3,100,C3-rules-100,7,31,348480
C3,100,C3-rules-100,7,32,350300
C3,100,C3-rules-100,7,33,350822
C3,100,C3-rules-100,7,34,350613
C3,100,C3-rules-100,7,35,358832
C3,100,C3-rules-100,7,36,349388
C3,100,C3-rules-100,7,37,352436
C3,100,C3-rules-100,7,38,362602
C3,100,C3-rules-100,7,39,376022
C3,100,C3-rules-100,7,40,359329
C3,100,C3-rules-100,7,41,349155
C3,100,C3-rules-100,7,42,346617
C3,100,C3-rules-100,7,43,349761
C3,100,C3-rules-100,7,44,345229
C3,100,C3-rules-100,7,45,348347
C3,100,C3-rules-100,7,46,352212
C3,100,C3-rules-100,7,47,345281
C3,100,C3-rules-100,7,48,347765
C3,100,C3-rules-100,7,49,350018
C3,100,C3-rules-100,7,50,351235
C3,100,C3-rules-100,7,51,350450
C3,100,C3-rules-100,7,52,350046
C3,100,C3-rules-100,7,53,348843
C3,100,C3-rules-100,7,54,350219
C3,100,C3-rules-100,7,55,353063
C3,100,C3-rules-100,7,56,348976
C3,100,C3-rules-100,7,57,346534
C3,100,C3-rules-100,7,58,349524
C3,100,C3-rules-100,7,59,346491
C3,100,C3-rules-100,7,60,347862
C3,100,C3-rules-100,7,61,344491
C3,100,C3-rules-100,7,62,347571
C3,100,C3-rules-100,7,63,346685
C3,100,C3-rules-100,7,64,350224
C3,100,C3-rules-100,7,65,346389
C3,100,C3-rules-100,7,66,347105
C3,100,C3-rules-100,7,67,351193
C3,100,C3-rules-100,7,68,344085
C3,100,C3-rules-100,7,69,357221
C3,100,C3-rules-100,7,70,365992
C3,100,C3-rules-100,7,71,363321
C3,100,C3-rules-100,7,72,355615
C3,100,C3-rules-100,7,73,349646
C3,100,C3-rules-100,7,74,351824
C3,100,C3-rules-100,7,75,347618
C3,100,C3-rules-100,7,76,350932
C3,100,C3-rules-100,7,77,353334
C3,100,C3-rules-100,7,78,350458
C3,100,C3-rules-100,7,79,348965
C3,100,C3-rules-100,7,80,356606
C3,100,C3-rules-100,7,81,352114
C3,100,C3-rules-100,7,82,349722
C3,100,C3-rules-100,7,83,348793
C3,100,C3-rules-100,7,84,353040
C3,100,C3-rules-100,7,85,349626
C3,100,C3-rules-100,7,86,358337
C3,100,C3-rules-100,7,87,350797
C3,100,C3-rules-100,7,88,349416
C3,100,C3-rules-100,7,89,349406
C3,100,C3-rules-100,7,90,352641
C3,100,C3-rules-100,7,91,349686
C3,100,C3-rules-100,7,92,348329
C3,100,C3-rules-100,7,93,348900
C3,100,C3-rules-100,7,94,356704
C3,100,C3-rules-100,7,95,347948
C3,100,C3-rules-100,7,96,351115
C3,100,C3-rules-100,7,97,350496
C3,100,C3-rules-100,7,98,347170
C3,100,C3-rules-100,7,99,348521
C3,100,C3-rules-100,7,100,347364
C3,100,C3-rules-100,8,1,352295
C3,100,C3-rules-100,8,2,350019
C3,100,C3-rules-100,8,3,354955
C3,100,C3-rules-100,8,4,348466
C3,100,C3-rules-100,8,5,346993
C3,100,C3-rules-100,8,6,353323
C3,100,C3-rules-100,8,7,349706
C3,100,C3-rules-100,8,8,345913
C3,100,C3-rules-100,8,9,349580
C3,100,C3-rules-100,8,10,347201
C3,100,C3-rules-100,8,11,350812
C3,100,C3-rules-100,8,12,350521
C3,100,C3-rules-100,8,13,350453
C3,100,C3-rules-100,8,14,358453
C3,100,C3-rules-100,8,15,360129
C3,100,C3-rules-100,8,16,355345
C3,100,C3-rules-100,8,17,353920
C3,100,C3-rules-100,8,18,350647
C3,100,C3-rules-100,8,19,350191
C3,100,C3-rules-100,8,20,348295
C3,100,C3-rules-100,8,21,348258
C3,100,C3-rules-100,8,22,349129
C3,100,C3-rules-100,8,23,352882
C3,100,C3-rules-100,8,24,349985
C3,100,C3-rules-100,8,25,360947
C3,100,C3-rules-100,8,26,357168
C3,100,C3-rules-100,8,27,348176
C3,100,C3-rules-100,8,28,347225
C3,100,C3-rules-100,8,29,347602
C3,100,C3-rules-100,8,30,349013
C3,100,C3-rules-100,8,31,349863
C3,100,C3-rules-100,8,32,354347
C3,100,C3-rules-100,8,33,353523
C3,100,C3-rules-100,8,34,351066
C3,100,C3-rules-100,8,35,380883
C3,100,C3-rules-100,8,36,348328
C3,100,C3-rules-100,8,37,353318
C3,100,C3-rules-100,8,38,348835
C3,100,C3-rules-100,8,39,352770
C3,100,C3-rules-100,8,40,352837
C3,100,C3-rules-100,8,41,352977
C3,100,C3-rules-100,8,42,351146
C3,100,C3-rules-100,8,43,348142
C3,100,C3-rules-100,8,44,352573
C3,100,C3-rules-100,8,45,363212
C3,100,C3-rules-100,8,46,348577
C3,100,C3-rules-100,8,47,346251
C3,100,C3-rules-100,8,48,359660
C3,100,C3-rules-100,8,49,345705
C3,100,C3-rules-100,8,50,349007
C3,100,C3-rules-100,8,51,351456
C3,100,C3-rules-100,8,52,351445
C3,100,C3-rules-100,8,53,349250
C3,100,C3-rules-100,8,54,349450
C3,100,C3-rules-100,8,55,347035
C3,100,C3-rules-100,8,56,347241
C3,100,C3-rules-100,8,57,352282
C3,100,C3-rules-100,8,58,347130
C3,100,C3-rules-100,8,59,351312
C3,100,C3-rules-100,8,60,348221
C3,100,C3-rules-100,8,61,348274
C3,100,C3-rules-100,8,62,349493
C3,100,C3-rules-100,8,63,347691
C3,100,C3-rules-100,8,64,348589
C3,100,C3-rules-100,8,65,349160
C3,100,C3-rules-100,8,66,359220
C3,100,C3-rules-100,8,67,367530
C3,100,C3-rules-100,8,68,348631
C3,100,C3-rules-100,8,69,351341
C3,100,C3-rules-100,8,70,348926
C3,100,C3-rules-100,8,71,354380
C3,100,C3-rules-100,8,72,346716
C3,100,C3-rules-100,8,73,350623
C3,100,C3-rules-100,8,74,347666
C3,100,C3-rules-100,8,75,347322
C3,100,C3-rules-100,8,76,353736
C3,100,C3-rules-100,8,77,350272
C3,100,C3-rules-100,8,78,349554
C3,100,C3-rules-100,8,79,349640
C3,100,C3-rules-100,8,80,360378
C3,100,C3-rules-100,8,81,357317
C3,100,C3-rules-100,8,82,353292
C3,100,C3-rules-100,8,83,347569
C3,100,C3-rules-100,8,84,346921
C3,100,C3-rules-100,8,85,346850
C3,100,C3-rules-100,8,86,348253
C3,100,C3-rules-100,8,87,348370
C3,100,C3-rules-100,8,88,345310
C3,100,C3-rules-100,8,89,345708
C3,100,C3-rules-100,8,90,345956
C3,100,C3-rules-100,8,91,354572
C3,100,C3-rules-100,8,92,347793
C3,100,C3-rules-100,8,93,351156
C3,100,C3-rules-100,8,94,347536
C3,100,C3-rules-100,8,95,347478
C3,100,C3-rules-100,8,96,348604
C3,100,C3-rules-100,8,97,347879
C3,100,C3-rules-100,8,98,346639
C3,100,C3-rules-100,8,99,350332
C3,100,C3-rules-100,8,100,347239
C1,50,C1-rules-050,1,1,149457
C1,50,C1-rules-050,1,2,164100
C1,50,C1-rules-050,1,3,152833
C1,50,C1-rules-050,1,4,151049
C1,50,C1-rules-050,1,5,148119
C1,50,C1-rules-050,1,6,147139
C1,50,C1-rules-050,1,7,150203
C1,50,C1-rules-050,1,8,148831
C1,50,C1-rules-050,1,9,148945
C1,50,C1-rules-050,1,10,148275
C1,50,C1-rules-050,1,11,149954
C1,50,C1-rules-050,1,12,151047
C1,50,C1-rules-050,1,13,149014
C1,50,C1-rules-050,1,14,149117
C1,50,C1-rules-050,1,15,151400
C1,50,C1-rules-050,1,16,149039
C1,50,C1-rules-050,1,17,151204
C1,50,C1-rules-050,1,18,149139
C1,50,C1-rules-050,1,19,150165
C1,50,C1-rules-050,1,20,151070
C1,50,C1-rules-050,1,21,149966
C1,50,C1-rules-050,1,22,150905
C1,50,C1-rules-050,1,23,148504
C1,50,C1-rules-050,1,24,148707
C1,50,C1-rules-050,1,25,151867
C1,50,C1-rules-050,1,26,149980
C1,50,C1-rules-050,1,27,150188
C1,50,C1-rules-050,1,28,158570
C1,50,C1-rules-050,1,29,156398
C1,50,C1-rules-050,1,30,153400
C1,50,C1-rules-050,1,31,150865
C1,50,C1-rules-050,1,32,151105
C1,50,C1-rules-050,1,33,153514
C1,50,C1-rules-050,1,34,147331
C1,50,C1-rules-050,1,35,150068
C1,50,C1-rules-050,1,36,147842
C1,50,C1-rules-050,1,37,149320
C1,50,C1-rules-050,1,38,149231
C1,50,C1-rules-050,1,39,149166
C1,50,C1-rules-050,1,40,148113
C1,50,C1-rules-050,1,41,150850
C1,50,C1-rules-050,1,42,149385
C1,50,C1-rules-050,1,43,150674
C1,50,C1-rules-050,1,44,149135
C1,50,C1-rules-050,1,45,148598
C1,50,C1-rules-050,1,46,150996
C1,50,C1-rules-050,1,47,149088
C1,50,C1-rules-050,1,48,151051
C1,50,C1-rules-050,1,49,149778
C1,50,C1-rules-050,1,50,148865
C1,50,C1-rules-050,1,51,151318
C1,50,C1-rules-050,1,52,148861
C1,50,C1-rules-050,1,53,153700
C1,50,C1-rules-050,1,54,155814
C1,50,C1-rules-050,1,55,158437
C1,50,C1-rules-050,1,56,154871
C1,50,C1-rules-050,1,57,148533
C1,50,C1-rules-050,1,58,154716
C1,50,C1-rules-050,1,59,157024
C1,50,C1-rules-050,1,60,153126
C1,50,C1-rules-050,1,61,149621
C1,50,C1-rules-050,1,62,147295
C1,50,C1-rules-050,1,63,147799
C1,50,C1-rules-050,1,64,148903
C1,50,C1-rules-050,1,65,149484
C1,50,C1-rules-050,1,66,150591
C1,50,C1-rules-050,1,67,147271
C1,50,C1-rules-050,1,68,146985
C1,50,C1-rules-050,1,69,147775
C1,50,C1-rules-050,1,70,147729
C1,50,C1-rules-050,1,71,147415
C1,50,C1-rules-050,1,72,149874
C1,50,C1-rules-050,1,73,148249
C1,50,C1-rules-050,1,74,148617
C1,50,C1-rules-050,1,75,147375
C1,50,C1-rules-050,1,76,147224
C1,50,C1-rules-050,1,77,150871
C1,50,C1-rules-050,1,78,146823
C1,50,C1-rules-050,1,79,150303
C1,50,C1-rules-050,1,80,147603
C1,50,C1-rules-050,1,81,159295
C1,50,C1-rules-050,1,82,151543
C1,50,C1-rules-050,1,83,147939
C1,50,C1-rules-050,1,84,147859
C1,50,C1-rules-050,1,85,154297
C1,50,C1-rules-050,1,86,148750
C1,50,C1-rules-050,1,87,150578
C1,50,C1-rules-050,1,88,147894
C1,50,C1-rules-050,1,89,148461
C1,50,C1-rules-050,1,90,149876
C1,50,C1-rules-050,1,91,148149
C1,50,C1-rules-050,1,92,149247
C1,50,C1-rules-050,1,93,146953
C1,50,C1-rules-050,1,94,148205
C1,50,C1-rules-050,1,95,150777
C1,50,C1-rules-050,1,96,149434
C1,50,C1-rules-050,1,97,147086
C1,50,C1-rules-050,1,98,154048
C1,50,C1-rules-050,1,99,150904
C1,50,C1-rules-050,1,100,149995
C1,50,C1-rules-050,2,1,160260
C1,50,C1-rules-050,2,2,146729
C1,50,C1-rules-050,2,3,150345
C1,50,C1-rules-050,2,4,148318
C1,50,C1-rules-050,2,5,150525
C1,50,C1-rules-050,2,6,148383
C1,50,C1-rules-050,2,7,159644
C1,50,C1-rules-050,2,8,150309
C1,50,C1-rules-050,2,9,151198
C1,50,C1-rules-050,2,10,151844
C1,50,C1-rules-050,2,11,151687
C1,50,C1-rules-050,2,12,150048
C1,50,C1-rules-050,2,13,149853
C1,50,C1-rules-050,2,14,148937
C1,50,C1-rules-050,2,15,147641
C1,50,C1-rules-050,2,16,151292
C1,50,C1-rules-050,2,17,148955
C1,50,C1-rules-050,2,18,153551
C1,50,C1-rules-050,2,19,151582
C1,50,C1-rules-050,2,20,149373
C1,50,C1-rules-050,2,21,150837
C1,50,C1-rules-050,2,22,149532
C1,50,C1-rules-050,2,23,149327
C1,50,C1-rules-050,2,24,147268
C1,50,C1-rules-050,2,25,148223
C1,50,C1-rules-050,2,26,150739
C1,50,C1-rules-050,2,27,148803
C1,50,C1-rules-050,2,28,149041
C1,50,C1-rules-050,2,29,150489
C1,50,C1-rules-050,2,30,149988
C1,50,C1-rules-050,2,31,149722
C1,50,C1-rules-050,2,32,147176
C1,50,C1-rules-050,2,33,155924
C1,50,C1-rules-050,2,34,153636
C1,50,C1-rules-050,2,35,148085
C1,50,C1-rules-050,2,36,149187
C1,50,C1-rules-050,2,37,146411
C1,50,C1-rules-050,2,38,146949
C1,50,C1-rules-050,2,39,148661
C1,50,C1-rules-050,2,40,147661
C1,50,C1-rules-050,2,41,147746
C1,50,C1-rules-050,2,42,149392
C1,50,C1-rules-050,2,43,147265
C1,50,C1-rules-050,2,44,149052
C1,50,C1-rules-050,2,45,147505
C1,50,C1-rules-050,2,46,147055
C1,50,C1-rules-050,2,47,149455
C1,50,C1-rules-050,2,48,149048
C1,50,C1-rules-050,2,49,150167
C1,50,C1-rules-050,2,50,150051
C1,50,C1-rules-050,2,51,150027
C1,50,C1-rules-050,2,52,151443
C1,50,C1-rules-050,2,53,150220
C1,50,C1-rules-050,2,54,146978
C1,50,C1-rules-050,2,55,149644
C1,50,C1-rules-050,2,56,148746
C1,50,C1-rules-050,2,57,149013
C1,50,C1-rules-050,2,58,147953
C1,50,C1-rules-050,2,59,148446
C1,50,C1-rules-050,2,60,160034
C1,50,C1-rules-050,2,61,148814
C1,50,C1-rules-050,2,62,150011
C1,50,C1-rules-050,2,63,148364
C1,50,C1-rules-050,2,64,147596
C1,50,C1-rules-050,2,65,149037
C1,50,C1-rules-050,2,66,146835
C1,50,C1-rules-050,2,67,147212
C1,50,C1-rules-050,2,68,149875
C1,50,C1-rules-050,2,69,146926
C1,50,C1-rules-050,2,70,150075
C1,50,C1-rules-050,2,71,146746
C1,50,C1-rules-050,2,72,157672
C1,50,C1-rules-050,2,73,149232
C1,50,C1-rules-050,2,74,147386
C1,50,C1-rules-050,2,75,152996
C1,50,C1-rules-050,2,76,151102
C1,50,C1-rules-050,2,77,152812
C1,50,C1-rules-050,2,78,152964
C1,50,C1-rules-050,2,79,148514
C1,50,C1-rules-050,2,80,150641
C1,50,C1-rules-050,2,81,148091
C1,50,C1-rules-050,2,82,147765
C1,50,C1-rules-050,2,83,149613
C1,50,C1-rules-050,2,84,147034
C1,50,C1-rules-050,2,85,146827
C1,50,C1-rules-050,2,86,159306
C1,50,C1-rules-050,2,87,152592
C1,50,C1-rules-050,2,88,150219
C1,50,C1-rules-050,2,89,149000
C1,50,C1-rules-050,2,90,148844
C1,50,C1-rules-050,2,91,150653
C1,50,C1-rules-050,2,92,148396
C1,50,C1-rules-050,2,93,149114
C1,50,C1-rules-050,2,94,147360
C1,50,C1-rules-050,2,95,148797
C1,50,C1-rules-050,2,96,150083
C1,50,C1-rules-050,2,97,148901
C1,50,C1-rules-050,2,98,147630
C1,50,C1-rules-050,2,99,150253
C1,50,C1-rules-050,2,100,147513
C1,50,C1-rules-050,3,1,153755
C1,50,C1-rules-050,3,2,148166
C1,50,C1-rules-050,3,3,147710
C1,50,C1-rules-050,3,4,150841
C1,50,C1-rules-050,3,5,149085
C1,50,C1-rules-050,3,6,149437
C1,50,C1-rules-050,3,7,149256
C1,50,C1-rules-050,3,8,162233
C1,50,C1-rules-050,3,9,158254
C1,50,C1-rules-050,3,10,148281
C1,50,C1-rules-050,3,11,147611
C1,50,C1-rules-050,3,12,161016
C1,50,C1-rules-050,3,13,151541
C1,50,C1-rules-050,3,14,163432
C1,50,C1-rules-050,3,15,149604
C1,50,C1-rules-050,3,16,149641
C1,50,C1-rules-050,3,17,152043
C1,50,C1-rules-050,3,18,150389
C1,50,C1-rules-050,3,19,148674
C1,50,C1-rules-050,3,20,147314
C1,50,C1-rules-050,3,21,147730
C1,50,C1-rules-050,3,22,150027
C1,50,C1-rules-050,3,23,147268
C1,50,C1-rules-050,3,24,147117
C1,50,C1-rules-050,3,25,147400
C1,50,C1-rules-050,3,26,146791
C1,50,C1-rules-050,3,27,148232
C1,50,C1-rules-050,3,28,148136
C1,50,C1-rules-050,3,29,148219
C1,50,C1-rules-050,3,30,149327
C1,50,C1-rules-050,3,31,146507
C1,50,C1-rules-050,3,32,148096
C1,50,C1-rules-050,3,33,146473
C1,50,C1-rules-050,3,34,147939
C1,50,C1-rules-050,3,35,149590
C1,50,C1-rules-050,3,36,147685
C1,50,C1-rules-050,3,37,149184
C1,50,C1-rules-050,3,38,151329
C1,50,C1-rules-050,3,39,155692
C1,50,C1-rules-050,3,40,148546
C1,50,C1-rules-050,3,41,147061
C1,50,C1-rules-050,3,42,147153
C1,50,C1-rules-050,3,43,150279
C1,50,C1-rules-050,3,44,147934
C1,50,C1-rules-050,3,45,149693
C1,50,C1-rules-050,3,46,150056
C1,50,C1-rules-050,3,47,149185
C1,50,C1-rules-050,3,48,149129
C1,50,C1-rules-050,3,49,147566
C1,50,C1-rules-050,3,50,149551
C1,50,C1-rules-050,3,51,146836
C1,50,C1-rules-050,3,52,147023
C1,50,C1-rules-050,3,53,149205
C1,50,C1-rules-050,3,54,147564
C1,50,C1-rules-050,3,55,146276
C1,50,C1-rules-050,3,56,148174
C1,50,C1-rules-050,3,57,147769
C1,50,C1-rules-050,3,58,150210
C1,50,C1-rules-050,3,59,148439
C1,50,C1-rules-050,3,60,147374
C1,50,C1-rules-050,3,61,150123
C1,50,C1-rules-050,3,62,148079
C1,50,C1-rules-050,3,63,148782
C1,50,C1-rules-050,3,64,147610
C1,50,C1-rules-050,3,65,158940
C1,50,C1-rules-050,3,66,151274
C1,50,C1-rules-050,3,67,149673
C1,50,C1-rules-050,3,68,146137
C1,50,C1-rules-050,3,69,148192
C1,50,C1-rules-050,3,70,146938
C1,50,C1-rules-050,3,71,148517
C1,50,C1-rules-050,3,72,149644
C1,50,C1-rules-050,3,73,147878
C1,50,C1-rules-050,3,74,149734
C1,50,C1-rules-050,3,75,147043
C1,50,C1-rules-050,3,76,148699
C1,50,C1-rules-050,3,77,147508
C1,50,C1-rules-050,3,78,146536
C1,50,C1-rules-050,3,79,148833
C1,50,C1-rules-050,3,80,147510
C1,50,C1-rules-050,3,81,146603
C1,50,C1-rules-050,3,82,149649
C1,50,C1-rules-050,3,83,146978
C1,50,C1-rules-050,3,84,150161
C1,50,C1-rules-050,3,85,158187
C1,50,C1-rules-050,3,86,148390
C1,50,C1-rules-050,3,87,149866
C1,50,C1-rules-050,3,88,147596
C1,50,C1-rules-050,3,89,148852
C1,50,C1-rules-050,3,90,146626
C1,50,C1-rules-050,3,91,155416
C1,50,C1-rules-050,3,92,150669
C1,50,C1-rules-050,3,93,147895
C1,50,C1-rules-050,3,94,151694
C1,50,C1-rules-050,3,95,146480
C1,50,C1-rules-050,3,96,148596
C1,50,C1-rules-050,3,97,149401
C1,50,C1-rules-050,3,98,148922
C1,50,C1-rules-050,3,99,148640
C1,50,C1-rules-050,3,100,151433
C1,50,C1-rules-050,4,1,157800
C1,50,C1-rules-050,4,2,150963
C1,50,C1-rules-050,4,3,148617
C1,50,C1-rules-050,4,4,149687
C1,50,C1-rules-050,4,5,150341
C1,50,C1-rules-050,4,6,149770
C1,50,C1-rules-050,4,7,151776
C1,50,C1-rules-050,4,8,146791
C1,50,C1-rules-050,4,9,148613
C1,50,C1-rules-050,4,10,149607
C1,50,C1-rules-050,4,11,148874
C1,50,C1-rules-050,4,12,147974
C1,50,C1-rules-050,4,13,151667
C1,50,C1-rules-050,4,14,147556
C1,50,C1-rules-050,4,15,150788
C1,50,C1-rules-050,4,16,148511
C1,50,C1-rules-050,4,17,159621
C1,50,C1-rules-050,4,18,152261
C1,50,C1-rules-050,4,19,148488
C1,50,C1-rules-050,4,20,150123
C1,50,C1-rules-050,4,21,148095
C1,50,C1-rules-050,4,22,148071
C1,50,C1-rules-050,4,23,149680
C1,50,C1-rules-050,4,24,150632
C1,50,C1-rules-050,4,25,151071
C1,50,C1-rules-050,4,26,149616
C1,50,C1-rules-050,4,27,147693
C1,50,C1-rules-050,4,28,149183
C1,50,C1-rules-050,4,29,149111
C1,50,C1-rules-050,4,30,148440
C1,50,C1-rules-050,4,31,149770
C1,50,C1-rules-050,4,32,148153
C1,50,C1-rules-050,4,33,149680
C1,50,C1-rules-050,4,34,148645
C1,50,C1-rules-050,4,35,149008
C1,50,C1-rules-050,4,36,149279
C1,50,C1-rules-050,4,37,149498
C1,50,C1-rules-050,4,38,146933
C1,50,C1-rules-050,4,39,147629
C1,50,C1-rules-050,4,40,147844
C1,50,C1-rules-050,4,41,149699
C1,50,C1-rules-050,4,42,148794
C1,50,C1-rules-050,4,43,148915
C1,50,C1-rules-050,4,44,153032
C1,50,C1-rules-050,4,45,148791
C1,50,C1-rules-050,4,46,150491
C1,50,C1-rules-050,4,47,148471
C1,50,C1-rules-050,4,48,148914
C1,50,C1-rules-050,4,49,149982
C1,50,C1-rules-050,4,50,147448
C1,50,C1-rules-050,4,51,147931
C1,50,C1-rules-050,4,52,146537
C1,50,C1-rules-050,4,53,149002
C1,50,C1-rules-050,4,54,150045
C1,50,C1-rules-050,4,55,149627
C1,50,C1-rules-050,4,56,147314
C1,50,C1-rules-050,4,57,150841
C1,50,C1-rules-050,4,58,147284
C1,50,C1-rules-050,4,59,149021
C1,50,C1-rules-050,4,60,148289
C1,50,C1-rules-050,4,61,149422
C1,50,C1-rules-050,4,62,148707
C1,50,C1-rules-050,4,63,146799
C1,50,C1-rules-050,4,64,148784
C1,50,C1-rules-050,4,65,148289
C1,50,C1-rules-050,4,66,150864
C1,50,C1-rules-050,4,67,152442
C1,50,C1-rules-050,4,68,151851
C1,50,C1-rules-050,4,69,147758
C1,50,C1-rules-050,4,70,164577
C1,50,C1-rules-050,4,71,149048
C1,50,C1-rules-050,4,72,150065
C1,50,C1-rules-050,4,73,149670
C1,50,C1-rules-050,4,74,148755
C1,50,C1-rules-050,4,75,151318
C1,50,C1-rules-050,4,76,149354
C1,50,C1-rules-050,4,77,149236
C1,50,C1-rules-050,4,78,149678
C1,50,C1-rules-050,4,79,151063
C1,50,C1-rules-050,4,80,150583
C1,50,C1-rules-050,4,81,147012
C1,50,C1-rules-050,4,82,148282
C1,50,C1-rules-050,4,83,149718
C1,50,C1-rules-050,4,84,147928
C1,50,C1-rules-050,4,85,153558
C1,50,C1-rules-050,4,86,155905
C1,50,C1-rules-050,4,87,148908
C1,50,C1-rules-050,4,88,151761
C1,50,C1-rules-050,4,89,148716
C1,50,C1-rules-050,4,90,152068
C1,50,C1-rules-050,4,91,150261
C1,50,C1-rules-050,4,92,147935
C1,50,C1-rules-050,4,93,149173
C1,50,C1-rules-050,4,94,148581
C1,50,C1-rules-050,4,95,147623
C1,50,C1-rules-050,4,96,150416
C1,50,C1-rules-050,4,97,150619
C1,50,C1-rules-050,4,98,149581
C1,50,C1-rules-050,4,99,149715
C1,50,C1-rules-050,4,100,150209
C1,50,C1-rules-050,5,1,156174
C1,50,C1-rules-050,5,2,148906
C1,50,C1-rules-050,5,3,150865
C1,50,C1-rules-050,5,4,149828
C1,50,C1-rules-050,5,5,150193
C1,50,C1-rules-050,5,6,152044
C1,50,C1-rules-050,5,7,150504
C1,50,C1-rules-050,5,8,151962
C1,50,C1-rules-050,5,9,151381
C1,50,C1-rules-050,5,10,149188
C1,50,C1-rules-050,5,11,149420
C1,50,C1-rules-050,5,12,151871
C1,50,C1-rules-050,5,13,147872
C1,50,C1-rules-050,5,14,150644
C1,50,C1-rules-050,5,15,151171
C1,50,C1-rules-050,5,16,149651
C1,50,C1-rules-050,5,17,149342
C1,50,C1-rules-050,5,18,148282
C1,50,C1-rules-050,5,19,150418
C1,50,C1-rules-050,5,20,149011
C1,50,C1-rules-050,5,21,150983
C1,50,C1-rules-050,5,22,148194
C1,50,C1-rules-050,5,23,150518
C1,50,C1-rules-050,5,24,151639
C1,50,C1-rules-050,5,25,150132
C1,50,C1-rules-050,5,26,150823
C1,50,C1-rules-050,5,27,149395
C1,50,C1-rules-050,5,28,150490
C1,50,C1-rules-050,5,29,148178
C1,50,C1-rules-050,5,30,149459
C1,50,C1-rules-050,5,31,158532
C1,50,C1-rules-050,5,32,159593
C1,50,C1-rules-050,5,33,147961
C1,50,C1-rules-050,5,34,149244
C1,50,C1-rules-050,5,35,146622
C1,50,C1-rules-050,5,36,147278
C1,50,C1-rules-050,5,37,161158
C1,50,C1-rules-050,5,38,146779
C1,50,C1-rules-050,5,39,146863
C1,50,C1-rules-050,5,40,148745
C1,50,C1-rules-050,5,41,147498
C1,50,C1-rules-050,5,42,148022
C1,50,C1-rules-050,5,43,148175
C1,50,C1-rules-050,5,44,148099
C1,50,C1-rules-050,5,45,151173
C1,50,C1-rules-050,5,46,147915
C1,50,C1-rules-050,5,47,148990
C1,50,C1-rules-050,5,48,145430
C1,50,C1-rules-050,5,49,151375
C1,50,C1-rules-050,5,50,156274
C1,50,C1-rules-050,5,51,148873
C1,50,C1-rules-050,5,52,146105
C1,50,C1-rules-050,5,53,149142
C1,50,C1-rules-050,5,54,146912
C1,50,C1-rules-050,5,55,148775
C1,50,C1-rules-050,5,56,148122
C1,50,C1-rules-050,5,57,146754
C1,50,C1-rules-050,5,58,150126
C1,50,C1-rules-050,5,59,147189
C1,50,C1-rules-050,5,60,149369
C1,50,C1-rules-050,5,61,147353
C1,50,C1-rules-050,5,62,146888
C1,50,C1-rules-050,5,63,149050
C1,50,C1-rules-050,5,64,148715
C1,50,C1-rules-050,5,65,154504
C1,50,C1-rules-050,5,66,150588
C1,50,C1-rules-050,5,67,150643
C1,50,C1-rules-050,5,68,150279
C1,50,C1-rules-050,5,69,147947
C1,50,C1-rules-050,5,70,146345
C1,50,C1-rules-050,5,71,148681
C1,50,C1-rules-050,5,72,149606
C1,50,C1-rules-050,5,73,150416
C1,50,C1-rules-050,5,74,147161
C1,50,C1-rules-050,5,75,148816
C1,50,C1-rules-050,5,76,151141
C1,50,C1-rules-050,5,77,148911
C1,50,C1-rules-050,5,78,150078
C1,50,C1-rules-050,5,79,146812
C1,50,C1-rules-050,5,80,146909
C1,50,C1-rules-050,5,81,148653
C1,50,C1-rules-050,5,82,147516
C1,50,C1-rules-050,5,83,147588
C1,50,C1-rules-050,5,84,152197
C1,50,C1-rules-050,5,85,147551
C1,50,C1-rules-050,5,86,148553
C1,50,C1-rules-050,5,87,147003
C1,50,C1-rules-050,5,88,146913
C1,50,C1-rules-050,5,89,148369
C1,50,C1-rules-050,5,90,146631
C1,50,C1-rules-050,5,91,148200
C1,50,C1-rules-050,5,92,145533
C1,50,C1-rules-050,5,93,147245
C1,50,C1-rules-050,5,94,147556
C1,50,C1-rules-050,5,95,147388
C1,50,C1-rules-050,5,96,147625
C1,50,C1-rules-050,5,97,148881
C1,50,C1-rules-050,5,98,148697
C1,50,C1-rules-050,5,99,150880
C1,50,C1-rules-050,5,100,147290
C1,50,C1-rules-050,6,1,151080
C1,50,C1-rules-050,6,2,152012
C1,50,C1-rules-050,6,3,148885
C1,50,C1-rules-050,6,4,150400
C1,50,C1-rules-050,6,5,148546
C1,50,C1-rules-050,6,6,147671
C1,50,C1-rules-050,6,7,148755
C1,50,C1-rules-050,6,8,148887
C1,50,C1-rules-050,6,9,149883
C1,50,C1-rules-050,6,10,147037
C1,50,C1-rules-050,6,11,147562
C1,50,C1-rules-050,6,12,149510
C1,50,C1-rules-050,6,13,148729
C1,50,C1-rules-050,6,14,147690
C1,50,C1-rules-050,6,15,149045
C1,50,C1-rules-050,6,16,149668
C1,50,C1-rules-050,6,17,151489
C1,50,C1-rules-050,6,18,146961
C1,50,C1-rules-050,6,19,146520
C1,50,C1-rules-050,6,20,149381
C1,50,C1-rules-050,6,21,146794
C1,50,C1-rules-050,6,22,148951
C1,50,C1-rules-050,6,23,147889
C1,50,C1-rules-050,6,24,149776
C1,50,C1-rules-050,6,25,149881
C1,50,C1-rules-050,6,26,149524
C1,50,C1-rules-050,6,27,147698
C1,50,C1-rules-050,6,28,149983
C1,50,C1-rules-050,6,29,151066
C1,50,C1-rules-050,6,30,150615
C1,50,C1-rules-050,6,31,149098
C1,50,C1-rules-050,6,32,152688
C1,50,C1-rules-050,6,33,150221
C1,50,C1-rules-050,6,34,148663
C1,50,C1-rules-050,6,35,149714
C1,50,C1-rules-050,6,36,147018
C1,50,C1-rules-050,6,37,149313
C1,50,C1-rules-050,6,38,149886
C1,50,C1-rules-050,6,39,148142
C1,50,C1-rules-050,6,40,146226
C1,50,C1-rules-050,6,41,149963
C1,50,C1-rules-050,6,42,148602
C1,50,C1-rules-050,6,43,150362
C1,50,C1-rules-050,6,44,148082
C1,50,C1-rules-050,6,45,147374
C1,50,C1-rules-050,6,46,148996
C1,50,C1-rules-050,6,47,147107
C1,50,C1-rules-050,6,48,148938
C1,50,C1-rules-050,6,49,147791
C1,50,C1-rules-050,6,50,147814
C1,50,C1-rules-050,6,51,150722
C1,50,C1-rules-050,6,52,156154
C1,50,C1-rules-050,6,53,148183
C1,50,C1-rules-050,6,54,149439
C1,50,C1-rules-050,6,55,158225
C1,50,C1-rules-050,6,56,154244
C1,50,C1-rules-050,6,57,148912
C1,50,C1-rules-050,6,58,149934
C1,50,C1-rules-050,6,59,153294
C1,50,C1-rules-050,6,60,148305
C1,50,C1-rules-050,6,61,149331
C1,50,C1-rules-050,6,62,148897
C1,50,C1-rules-050,6,63,149246
C1,50,C1-rules-050,6,64,149881
C1,50,C1-rules-050,6,65,148279
C1,50,C1-rules-050,6,66,147848
C1,50,C1-rules-050,6,67,151684
C1,50,C1-rules-050,6,68,149681
C1,50,C1-rules-050,6,69,150476
C1,50,C1-rules-050,6,70,150084
C1,50,C1-rules-050,6,71,149588
C1,50,C1-rules-050,6,72,150132
C1,50,C1-rules-050,6,73,149511
C1,50,C1-rules-050,6,74,149178
C1,50,C1-rules-050,6,75,148416
C1,50,C1-rules-050,6,76,148733
C1,50,C1-rules-050,6,77,150497
C1,50,C1-rules-050,6,78,148506
C1,50,C1-rules-050,6,79,149531
C1,50,C1-rules-050,6,80,147370
C1,50,C1-rules-050,6,81,151501
C1,50,C1-rules-050,6,82,149852
C1,50,C1-rules-050,6,83,148768
C1,50,C1-rules-050,6,84,150062
C1,50,C1-rules-050,6,85,150593
C1,50,C1-rules-050,6,86,147750
C1,50,C1-rules-050,6,87,149633
C1,50,C1-rules-050,6,88,146467
C1,50,C1-rules-050,6,89,147166
C1,50,C1-rules-050,6,90,148616
C1,50,C1-rules-050,6,91,147628
C1,50,C1-rules-050,6,92,150663
C1,50,C1-rules-050,6,93,147218
C1,50,C1-rules-050,6,94,146727
C1,50,C1-rules-050,6,95,148131
C1,50,C1-rules-050,6,96,147708
C1,50,C1-rules-050,6,97,146999
C1,50,C1-rules-050,6,98,149468
C1,50,C1-rules-050,6,99,147916
C1,50,C1-rules-050,6,100,149297
C1,50,C1-rules-050,7,1,155871
C1,50,C1-rules-050,7,2,150024
C1,50,C1-rules-050,7,3,152557
C1,50,C1-rules-050,7,4,148761
C1,50,C1-rules-050,7,5,148978
C1,50,C1-rules-050,7,6,148754
C1,50,C1-rules-050,7,7,146836
C1,50,C1-rules-050,7,8,154047
C1,50,C1-rules-050,7,9,148859
C1,50,C1-rules-050,7,10,149912
C1,50,C1-rules-050,7,11,150189
C1,50,C1-rules-050,7,12,147109
C1,50,C1-rules-050,7,13,148831
C1,50,C1-rules-050,7,14,156242
C1,50,C1-rules-050,7,15,147121
C1,50,C1-rules-050,7,16,148879
C1,50,C1-rules-050,7,17,148935
C1,50,C1-rules-050,7,18,151968
C1,50,C1-rules-050,7,19,149213
C1,50,C1-rules-050,7,20,147065
C1,50,C1-rules-050,7,21,149954
C1,50,C1-rules-050,7,22,146875
C1,50,C1-rules-050,7,23,148532
C1,50,C1-rules-050,7,24,148597
C1,50,C1-rules-050,7,25,148024
C1,50,C1-rules-050,7,26,149582
C1,50,C1-rules-050,7,27,147604
C1,50,C1-rules-050,7,28,148492
C1,50,C1-rules-050,7,29,150093
C1,50,C1-rules-050,7,30,148142
C1,50,C1-rules-050,7,31,148483
C1,50,C1-rules-050,7,32,147929
C1,50,C1-rules-050,7,33,148685
C1,50,C1-rules-050,7,34,152206
C1,50,C1-rules-050,7,35,148352
C1,50,C1-rules-050,7,36,149204
C1,50,C1-rules-050,7,37,146746
C1,50,C1-rules-050,7,38,147551
C1,50,C1-rules-050,7,39,150497
C1,50,C1-rules-050,7,40,150455
C1,50,C1-rules-050,7,41,149386
C1,50,C1-rules-050,7,42,150696
C1,50,C1-rules-050,7,43,148799
C1,50,C1-rules-050,7,44,152102
C1,50,C1-rules-050,7,45,152689
C1,50,C1-rules-050,7,46,149710
C1,50,C1-rules-050,7,47,152163
C1,50,C1-rules-050,7,48,161746
C1,50,C1-rules-050,7,49,155685
C1,50,C1-rules-050,7,50,148031
C1,50,C1-rules-050,7,51,146979
C1,50,C1-rules-050,7,52,149132
C1,50,C1-rules-050,7,53,147540
C1,50,C1-rules-050,7,54,147788
C1,50,C1-rules-050,7,55,149830
C1,50,C1-rules-050,7,56,148240
C1,50,C1-rules-050,7,57,149747
C1,50,C1-rules-050,7,58,149565
C1,50,C1-rules-050,7,59,150212
C1,50,C1-rules-050,7,60,155553
C1,50,C1-rules-050,7,61,149618
C1,50,C1-rules-050,7,62,149181
C1,50,C1-rules-050,7,63,147299
C1,50,C1-rules-050,7,64,148299
C1,50,C1-rules-050,7,65,149201
C1,50,C1-rules-050,7,66,148859
C1,50,C1-rules-050,7,67,148146
C1,50,C1-rules-050,7,68,150188
C1,50,C1-rules-050,7,69,147082
C1,50,C1-rules-050,7,70,149372
C1,50,C1-rules-050,7,71,147856
C1,50,C1-rules-050,7,72,147359
C1,50,C1-rules-050,7,73,150102
C1,50,C1-rules-050,7,74,150068
C1,50,C1-rules-050,7,75,150952
C1,50,C1-rules-050,7,76,148334
C1,50,C1-rules-050,7,77,149756
C1,50,C1-rules-050,7,78,150349
C1,50,C1-rules-050,7,79,149674
C1,50,C1-rules-050,7,80,148405
C1,50,C1-rules-050,7,81,149112
C1,50,C1-rules-050,7,82,147895
C1,50,C1-rules-050,7,83,148645
C1,50,C1-rules-050,7,84,147780
C1,50,C1-rules-050,7,85,146588
C1,50,C1-rules-050,7,86,149115
C1,50,C1-rules-050,7,87,149791
C1,50,C1-rules-050,7,88,150722
C1,50,C1-rules-050,7,89,148374
C1,50,C1-rules-050,7,90,147687
C1,50,C1-rules-050,7,91,150648
C1,50,C1-rules-050,7,92,148533
C1,50,C1-rules-050,7,93,149224
C1,50,C1-rules-050,7,94,147505
C1,50,C1-rules-050,7,95,147401
C1,50,C1-rules-050,7,96,150272
C1,50,C1-rules-050,7,97,148518
C1,50,C1-rules-050,7,98,148381
C1,50,C1-rules-050,7,99,150017
C1,50,C1-rules-050,7,100,148426
C1,50,C1-rules-050,8,1,153462
C1,50,C1-rules-050,8,2,149113
C1,50,C1-rules-050,8,3,150821
C1,50,C1-rules-050,8,4,153576
C1,50,C1-rules-050,8,5,152744
C1,50,C1-rules-050,8,6,151244
C1,50,C1-rules-050,8,7,147409
C1,50,C1-rules-050,8,8,147640
C1,50,C1-rules-050,8,9,151293
C1,50,C1-rules-050,8,10,149684
C1,50,C1-rules-050,8,11,148220
C1,50,C1-rules-050,8,12,149314
C1,50,C1-rules-050,8,13,153048
C1,50,C1-rules-050,8,14,156645
C1,50,C1-rules-050,8,15,147799
C1,50,C1-rules-050,8,16,146231
C1,50,C1-rules-050,8,17,151579
C1,50,C1-rules-050,8,18,148597
C1,50,C1-rules-050,8,19,149599
C1,50,C1-rules-050,8,20,152233
C1,50,C1-rules-050,8,21,150369
C1,50,C1-rules-050,8,22,156472
C1,50,C1-rules-050,8,23,155978
C1,50,C1-rules-050,8,24,152129
C1,50,C1-rules-050,8,25,150114
C1,50,C1-rules-050,8,26,147473
C1,50,C1-rules-050,8,27,151435
C1,50,C1-rules-050,8,28,149768
C1,50,C1-rules-050,8,29,148277
C1,50,C1-rules-050,8,30,150360
C1,50,C1-rules-050,8,31,148811
C1,50,C1-rules-050,8,32,149252
C1,50,C1-rules-050,8,33,150050
C1,50,C1-rules-050,8,34,148391
C1,50,C1-rules-050,8,35,149272
C1,50,C1-rules-050,8,36,147880
C1,50,C1-rules-050,8,37,147554
C1,50,C1-rules-050,8,38,148365
C1,50,C1-rules-050,8,39,151772
C1,50,C1-rules-050,8,40,148968
C1,50,C1-rules-050,8,41,147600
C1,50,C1-rules-050,8,42,145617
C1,50,C1-rules-050,8,43,151629
C1,50,C1-rules-050,8,44,148158
C1,50,C1-rules-050,8,45,147867
C1,50,C1-rules-050,8,46,147082
C1,50,C1-rules-050,8,47,145724
C1,50,C1-rules-050,8,48,149861
C1,50,C1-rules-050,8,49,148425
C1,50,C1-rules-050,8,50,148976
C1,50,C1-rules-050,8,51,146840
C1,50,C1-rules-050,8,52,147155
C1,50,C1-rules-050,8,53,150180
C1,50,C1-rules-050,8,54,149462
C1,50,C1-rules-050,8,55,146570
C1,50,C1-rules-050,8,56,151742
C1,50,C1-rules-050,8,57,148712
C1,50,C1-rules-050,8,58,150370
C1,50,C1-rules-050,8,59,147207
C1,50,C1-rules-050,8,60,151237
C1,50,C1-rules-050,8,61,150773
C1,50,C1-rules-050,8,62,149453
C1,50,C1-rules-050,8,63,149497
C1,50,C1-rules-050,8,64,148189
C1,50,C1-rules-050,8,65,147576
C1,50,C1-rules-050,8,66,152557
C1,50,C1-rules-050,8,67,147628
C1,50,C1-rules-050,8,68,146689
C1,50,C1-rules-050,8,69,150043
C1,50,C1-rules-050,8,70,147892
C1,50,C1-rules-050,8,71,149824
C1,50,C1-rules-050,8,72,147342
C1,50,C1-rules-050,8,73,146792
C1,50,C1-rules-050,8,74,149789
C1,50,C1-rules-050,8,75,148453
C1,50,C1-rules-050,8,76,149310
C1,50,C1-rules-050,8,77,148264
C1,50,C1-rules-050,8,78,146749
C1,50,C1-rules-050,8,79,148117
C1,50,C1-rules-050,8,80,146789
C1,50,C1-rules-050,8,81,146620
C1,50,C1-rules-050,8,82,148213
C1,50,C1-rules-050,8,83,148242
C1,50,C1-rules-050,8,84,151884
C1,50,C1-rules-050,8,85,147934
C1,50,C1-rules-050,8,86,148915
C1,50,C1-rules-050,8,87,151663
C1,50,C1-rules-050,8,88,147776
C1,50,C1-rules-050,8,89,150849
C1,50,C1-rules-050,8,90,148395
C1,50,C1-rules-050,8,91,147741
C1,50,C1-rules-050,8,92,149015
C1,50,C1-rules-050,8,93,151374
C1,50,C1-rules-050,8,94,147425
C1,50,C1-rules-050,8,95,149552
C1,50,C1-rules-050,8,96,152389
C1,50,C1-rules-050,8,97,150484
C1,50,C1-rules-050,8,98,147673
C1,50,C1-rules-050,8,99,159421
C1,50,C1-rules-050,8,100,151803
C5,100,C5-rules-100,1,1,522164
C5,100,C5-rules-100,1,2,527008
C5,100,C5-rules-100,1,3,523568
C5,100,C5-rules-100,1,4,525065
C5,100,C5-rules-100,1,5,529420
C5,100,C5-rules-100,1,6,521277
C5,100,C5-rules-100,1,7,531320
C5,100,C5-rules-100,1,8,543106
C5,100,C5-rules-100,1,9,528864
C5,100,C5-rules-100,1,10,527163
C5,100,C5-rules-100,1,11,525276
C5,100,C5-rules-100,1,12,525797
C5,100,C5-rules-100,1,13,533708
C5,100,C5-rules-100,1,14,518819
C5,100,C5-rules-100,1,15,540599
C5,100,C5-rules-100,1,16,526502
C5,100,C5-rules-100,1,17,525639
C5,100,C5-rules-100,1,18,524378
C5,100,C5-rules-100,1,19,523495
C5,100,C5-rules-100,1,20,526370
C5,100,C5-rules-100,1,21,520884
C5,100,C5-rules-100,1,22,533139
C5,100,C5-rules-100,1,23,529920
C5,100,C5-rules-100,1,24,524031
C5,100,C5-rules-100,1,25,522502
C5,100,C5-rules-100,1,26,523261
C5,100,C5-rules-100,1,27,526488
C5,100,C5-rules-100,1,28,521567
C5,100,C5-rules-100,1,29,519631
C5,100,C5-rules-100,1,30,538014
C5,100,C5-rules-100,1,31,525286
C5,100,C5-rules-100,1,32,528890
C5,100,C5-rules-100,1,33,523935
C5,100,C5-rules-100,1,34,524695
C5,100,C5-rules-100,1,35,523857
C5,100,C5-rules-100,1,36,520824
C5,100,C5-rules-100,1,37,523618
C5,100,C5-rules-100,1,38,550265
C5,100,C5-rules-100,1,39,552566
C5,100,C5-rules-100,1,40,540634
C5,100,C5-rules-100,1,41,527190
C5,100,C5-rules-100,1,42,525183
C5,100,C5-rules-100,1,43,526547
C5,100,C5-rules-100,1,44,532184
C5,100,C5-rules-100,1,45,539446
C5,100,C5-rules-100,1,46,528031
C5,100,C5-rules-100,1,47,529959
C5,100,C5-rules-100,1,48,528771
C5,100,C5-rules-100,1,49,527593
C5,100,C5-rules-100,1,50,522863
C5,100,C5-rules-100,1,51,529723
C5,100,C5-rules-100,1,52,529595
C5,100,C5-rules-100,1,53,530964
C5,100,C5-rules-100,1,54,522136
C5,100,C5-rules-100,1,55,521695
C5,100,C5-rules-100,1,56,525528
C5,100,C5-rules-100,1,57,526120
C5,100,C5-rules-100,1,58,531470
C5,100,C5-rules-100,1,59,526696
C5,100,C5-rules-100,1,60,568225
C5,100,C5-rules-100,1,61,527901
C5,100,C5-rules-100,1,62,527113
C5,100,C5-rules-100,1,63,521993
C5,100,C5-rules-100,1,64,523290
C5,100,C5-rules-100,1,65,527496
C5,100,C5-rules-100,1,66,529752
C5,100,C5-rules-100,1,67,532635
C5,100,C5-rules-100,1,68,535213
C5,100,C5-rules-100,1,69,527992
C5,100,C5-rules-100,1,70,546837
C5,100,C5-rules-100,1,71,527931
C5,100,C5-rules-100,1,72,525942
C5,100,C5-rules-100,1,73,527122
C5,100,C5-rules-100,1,74,524249
C5,100,C5-rules-100,1,75,534814
C5,100,C5-rules-100,1,76,530953
C5,100,C5-rules-100,1,77,529338
C5,100,C5-rules-100,1,78,538944
C5,100,C5-rules-100,1,79,529835
C5,100,C5-rules-100,1,80,534764
C5,100,C5-rules-100,1,81,526393
C5,100,C5-rules-100,1,82,520952
C5,100,C5-rules-100,1,83,544923
C5,100,C5-rules-100,1,84,525911
C5,100,C5-rules-100,1,85,522568
C5,100,C5-rules-100,1,86,522689
C5,100,C5-rules-100,1,87,522470
C5,100,C5-rules-100,1,88,518755
C5,100,C5-rules-100,1,89,520285
C5,100,C5-rules-100,1,90,521801
C5,100,C5-rules-100,1,91,545838
C5,100,C5-rules-100,1,92,521918
C5,100,C5-rules-100,1,93,525729
C5,100,C5-rules-100,1,94,526112
C5,100,C5-rules-100,1,95,521049
C5,100,C5-rules-100,1,96,519617
C5,100,C5-rules-100,1,97,523469
C5,100,C5-rules-100,1,98,534574
C5,100,C5-rules-100,1,99,524397
C5,100,C5-rules-100,1,100,537422
C5,100,C5-rules-100,2,1,543459
C5,100,C5-rules-100,2,2,520791
C5,100,C5-rules-100,2,3,528643
C5,100,C5-rules-100,2,4,521003
C5,100,C5-rules-100,2,5,529068
C5,100,C5-rules-100,2,6,524423
C5,100,C5-rules-100,2,7,524500
C5,100,C5-rules-100,2,8,522502
C5,100,C5-rules-100,2,9,525498
C5,100,C5-rules-100,2,10,522502
C5,100,C5-rules-100,2,11,524441
C5,100,C5-rules-100,2,12,526139
C5,100,C5-rules-100,2,13,536722
C5,100,C5-rules-100,2,14,536536
C5,100,C5-rules-100,2,15,524140
C5,100,C5-rules-100,2,16,525858
C5,100,C5-rules-100,2,17,527054
C5,100,C5-rules-100,2,18,532175
C5,100,C5-rules-100,2,19,531382
C5,100,C5-rules-100,2,20,524276
C5,100,C5-rules-100,2,21,520629
C5,100,C5-rules-100,2,22,520409
C5,100,C5-rules-100,2,23,543205
C5,100,C5-rules-100,2,24,553817
C5,100,C5-rules-100,2,25,545467
C5,100,C5-rules-100,2,26,524353
C5,100,C5-rules-100,2,27,522266
C5,100,C5-rules-100,2,28,524455
C5,100,C5-rules-100,2,29,523588
C5,100,C5-rules-100,2,30,524177
C5,100,C5-rules-100,2,31,521024
C5,100,C5-rules-100,2,32,528142
C5,100,C5-rules-100,2,33,525364
C5,100,C5-rules-100,2,34,525139
C5,100,C5-rules-100,2,35,528671
C5,100,C5-rules-100,2,36,524037
C5,100,C5-rules-100,2,37,532264
C5,100,C5-rules-100,2,38,527443
C5,100,C5-rules-100,2,39,524342
C5,100,C5-rules-100,2,40,523515
C5,100,C5-rules-100,2,41,525798
C5,100,C5-rules-100,2,42,523679
C5,100,C5-rules-100,2,43,527362
C5,100,C5-rules-100,2,44,530687
C5,100,C5-rules-100,2,45,530734
C5,100,C5-rules-100,2,46,542186
C5,100,C5-rules-100,2,47,528673
C5,100,C5-rules-100,2,48,525612
C5,100,C5-rules-100,2,49,528724
C5,100,C5-rules-100,2,50,535233
C5,100,C5-rules-100,2,51,526839
C5,100,C5-rules-100,2,52,523743
C5,100,C5-rules-100,2,53,526711
C5,100,C5-rules-100,2,54,523461
C5,100,C5-rules-100,2,55,523885
C5,100,C5-rules-100,2,56,526940
C5,100,C5-rules-100,2,57,544376
C5,100,C5-rules-100,2,58,529224
C5,100,C5-rules-100,2,59,521313
C5,100,C5-rules-100,2,60,525376
C5,100,C5-rules-100,2,61,527660
C5,100,C5-rules-100,2,62,524916
C5,100,C5-rules-100,2,63,523032
C5,100,C5-rules-100,2,64,525391
C5,100,C5-rules-100,2,65,520244
C5,100,C5-rules-100,2,66,522403
C5,100,C5-rules-100,2,67,530467
C5,100,C5-rules-100,2,68,525487
C5,100,C5-rules-100,2,69,530640
C5,100,C5-rules-100,2,70,528293
C5,100,C5-rules-100,2,71,528876
C5,100,C5-rules-100,2,72,529433
C5,100,C5-rules-100,2,73,523705
C5,100,C5-rules-100,2,74,537592
C5,100,C5-rules-100,2,75,530322
C5,100,C5-rules-100,2,76,530709
C5,100,C5-rules-100,2,77,528054
C5,100,C5-rules-100,2,78,529133
C5,100,C5-rules-100,2,79,528755
C5,100,C5-rules-100,2,80,528342
C5,100,C5-rules-100,2,81,544939
C5,100,C5-rules-100,2,82,523899
C5,100,C5-rules-100,2,83,522001
C5,100,C5-rules-100,2,84,521109
C5,100,C5-rules-100,2,85,522216
C5,100,C5-rules-100,2,86,519222
C5,100,C5-rules-100,2,87,532216
C5,100,C5-rules-100,2,88,574367
C5,100,C5-rules-100,2,89,541891
C5,100,C5-rules-100,2,90,525481
C5,100,C5-rules-100,2,91,532035
C5,100,C5-rules-100,2,92,531247
C5,100,C5-rules-100,2,93,530642
C5,100,C5-rules-100,2,94,531032
C5,100,C5-rules-100,2,95,544915
C5,100,C5-rules-100,2,96,538228
C5,100,C5-rules-100,2,97,526388
C5,100,C5-rules-100,2,98,523848
C5,100,C5-rules-100,2,99,521237
C5,100,C5-rules-100,2,100,522951
C5,100,C5-rules-100,3,1,526946
C5,100,C5-rules-100,3,2,538439
C5,100,C5-rules-100,3,3,531550
C5,100,C5-rules-100,3,4,517701
C5,100,C5-rules-100,3,5,523612
C5,100,C5-rules-100,3,6,521999
C5,100,C5-rules-100,3,7,527172
C5,100,C5-rules-100,3,8,522529
C5,100,C5-rules-100,3,9,537480
C5,100,C5-rules-100,3,10,541864
C5,100,C5-rules-100,3,11,533755
C5,100,C5-rules-100,3,12,540171
C5,100,C5-rules-100,3,13,554426
C5,100,C5-rules-100,3,14,521386
C5,100,C5-rules-100,3,15,523307
C5,100,C5-rules-100,3,16,526932
C5,100,C5-rules-100,3,17,523066
C5,100,C5-rules-100,3,18,533012
C5,100,C5-rules-100,3,19,520815
C5,100,C5-rules-100,3,20,525361
C5,100,C5-rules-100,3,21,531626
C5,100,C5-rules-100,3,22,520424
C5,100,C5-rules-100,3,23,521355
C5,100,C5-rules-100,3,24,527843
C5,100,C5-rules-100,3,25,526412
C5,100,C5-rules-100,3,26,542553
C5,100,C5-rules-100,3,27,523153
C5,100,C5-rules-100,3,28,523144
C5,100,C5-rules-100,3,29,4697595
C5,100,C5-rules-100,3,30,623884
C5,100,C5-rules-100,3,31,572391
C5,100,C5-rules-100,3,32,541445
C5,100,C5-rules-100,3,33,536646
C5,100,C5-rules-100,3,34,532714
C5,100,C5-rules-100,3,35,527356
C5,100,C5-rules-100,3,36,529295
C5,100,C5-rules-100,3,37,527795
C5,100,C5-rules-100,3,38,531421
C5,100,C5-rules-100,3,39,528197
C5,100,C5-rules-100,3,40,540815
C5,100,C5-rules-100,3,41,530684
C5,100,C5-rules-100,3,42,529412
C5,100,C5-rules-100,3,43,535314
C5,100,C5-rules-100,3,44,554710
C5,100,C5-rules-100,3,45,535219
C5,100,C5-rules-100,3,46,571813
C5,100,C5-rules-100,3,47,539200
C5,100,C5-rules-100,3,48,538578
C5,100,C5-rules-100,3,49,521636
C5,100,C5-rules-100,3,50,527614
C5,100,C5-rules-100,3,51,521349
C5,100,C5-rules-100,3,52,524512
C5,100,C5-rules-100,3,53,528784
C5,100,C5-rules-100,3,54,533381
C5,100,C5-rules-100,3,55,544070
C5,100,C5-rules-100,3,56,535985
C5,100,C5-rules-100,3,57,521314
C5,100,C5-rules-100,3,58,526070
C5,100,C5-rules-100,3,59,526460
C5,100,C5-rules-100,3,60,523169
C5,100,C5-rules-100,3,61,528814
C5,100,C5-rules-100,3,62,536610
C5,100,C5-rules-100,3,63,536245
C5,100,C5-rules-100,3,64,563259
C5,100,C5-rules-100,3,65,522053
C5,100,C5-rules-100,3,66,539226
C5,100,C5-rules-100,3,67,525335
C5,100,C5-rules-100,3,68,525771
C5,100,C5-rules-100,3,69,520489
C5,100,C5-rules-100,3,70,538437
C5,100,C5-rules-100,3,71,520865
C5,100,C5-rules-100,3,72,520105
C5,100,C5-rules-100,3,73,521672
C5,100,C5-rules-100,3,74,523879
C5,100,C5-rules-100,3,75,525524
C5,100,C5-rules-100,3,76,540227
C5,100,C5-rules-100,3,77,526896
C5,100,C5-rules-100,3,78,520830
C5,100,C5-rules-100,3,79,520978
C5,100,C5-rules-100,3,80,521723
C5,100,C5-rules-100,3,81,521600
C5,100,C5-rules-100,3,82,543316
C5,100,C5-rules-100,3,83,535404
C5,100,C5-rules-100,3,84,522176
C5,100,C5-rules-100,3,85,526297
C5,100,C5-rules-100,3,86,524074
C5,100,C5-rules-100,3,87,522795
C5,100,C5-rules-100,3,88,520083
C5,100,C5-rules-100,3,89,525349
C5,100,C5-rules-100,3,90,530839
C5,100,C5-rules-100,3,91,521834
C5,100,C5-rules-100,3,92,522771
C5,100,C5-rules-100,3,93,527070
C5,100,C5-rules-100,3,94,522830
C5,100,C5-rules-100,3,95,533638
C5,100,C5-rules-100,3,96,524092
C5,100,C5-rules-100,3,97,524882
C5,100,C5-rules-100,3,98,536965
C5,100,C5-rules-100,3,99,525138
C5,100,C5-rules-100,3,100,524006
C5,100,C5-rules-100,4,1,529637
C5,100,C5-rules-100,4,2,525465
C5,100,C5-rules-100,4,3,529777
C5,100,C5-rules-100,4,4,564559
C5,100,C5-rules-100,4,5,524229
C5,100,C5-rules-100,4,6,538293
C5,100,C5-rules-100,4,7,562884
C5,100,C5-rules-100,4,8,534977
C5,100,C5-rules-100,4,9,531869
C5,100,C5-rules-100,4,10,521116
C5,100,C5-rules-100,4,11,524492
C5,100,C5-rules-100,4,12,521772
C5,100,C5-rules-100,4,13,520312
C5,100,C5-rules-100,4,14,523878
C5,100,C5-rules-100,4,15,528593
C5,100,C5-rules-100,4,16,526428
C5,100,C5-rules-100,4,17,526109
C5,100,C5-rules-100,4,18,522506
C5,100,C5-rules-100,4,19,528091
C5,100,C5-rules-100,4,20,527695
C5,100,C5-rules-100,4,21,529106
C5,100,C5-rules-100,4,22,524808
C5,100,C5-rules-100,4,23,551933
C5,100,C5-rules-100,4,24,531501
C5,100,C5-rules-100,4,25,522270
C5,100,C5-rules-100,4,26,521363
C5,100,C5-rules-100,4,27,523605
C5,100,C5-rules-100,4,28,522177
C5,100,C5-rules-100,4,29,524130
C5,100,C5-rules-100,4,30,553426
C5,100,C5-rules-100,4,31,526868
C5,100,C5-rules-100,4,32,527936
C5,100,C5-rules-100,4,33,521607
C5,100,C5-rules-100,4,34,522811
C5,100,C5-rules-100,4,35,522841
C5,100,C5-rules-100,4,36,526126
C5,100,C5-rules-100,4,37,534217
C5,100,C5-rules-100,4,38,526188
C5,100,C5-rules-100,4,39,524019
C5,100,C5-rules-100,4,40,521146
C5,100,C5-rules-100,4,41,522542
C5,100,C5-rules-100,4,42,530859
C5,100,C5-rules-100,4,43,529088
C5,100,C5-rules-100,4,44,527180
C5,100,C5-rules-100,4,45,529609
C5,100,C5-rules-100,4,46,525002
C5,100,C5-rules-100,4,47,524921
C5,100,C5-rules-100,4,48,530423
C5,100,C5-rules-100,4,49,531362
C5,100,C5-rules-100,4,50,524644
C5,100,C5-rules-100,4,51,523816
C5,100,C5-rules-100,4,52,522181
C5,100,C5-rules-100,4,53,529879
C5,100,C5-rules-100,4,54,523919
C5,100,C5-rules-100,4,55,523935
C5,100,C5-rules-100,4,56,521372
C5,100,C5-rules-100,4,57,523359
C5,100,C5-rules-100,4,58,521462
C5,100,C5-rules-100,4,59,544913
C5,100,C5-rules-100,4,60,524846
C5,100,C5-rules-100,4,61,523160
C5,100,C5-rules-100,4,62,521972
C5,100,C5-rules-100,4,63,518871
C5,100,C5-rules-100,4,64,529617
C5,100,C5-rules-100,4,65,524726
C5,100,C5-rules-100,4,66,526644
C5,100,C5-rules-100,4,67,524627
C5,100,C5-rules-100,4,68,529628
C5,100,C5-rules-100,4,69,531830
C5,100,C5-rules-100,4,70,536462
C5,100,C5-rules-100,4,71,557505
C5,100,C5-rules-100,4,72,523459
C5,100,C5-rules-100,4,73,526461
C5,100,C5-rules-100,4,74,524368
C5,100,C5-rules-100,4,75,534813
C5,100,C5-rules-100,4,76,527524
C5,100,C5-rules-100,4,77,530705
C5,100,C5-rules-100,4,78,522793
C5,100,C5-rules-100,4,79,545229
C5,100,C5-rules-100,4,80,535096
C5,100,C5-rules-100,4,81,522355
C5,100,C5-rules-100,4,82,526612
C5,100,C5-rules-100,4,83,550394
C5,100,C5-rules-100,4,84,521650
C5,100,C5-rules-100,4,85,521294
C5,100,C5-rules-100,4,86,521484
C5,100,C5-rules-100,4,87,522967
C5,100,C5-rules-100,4,88,527958
C5,100,C5-rules-100,4,89,537655
C5,100,C5-rules-100,4,90,537966
C5,100,C5-rules-100,4,91,524845
C5,100,C5-rules-100,4,92,527085
C5,100,C5-rules-100,4,93,524800
C5,100,C5-rules-100,4,94,527759
C5,100,C5-rules-100,4,95,526748
C5,100,C5-rules-100,4,96,523529
C5,100,C5-rules-100,4,97,523351
C5,100,C5-rules-100,4,98,529293
C5,100,C5-rules-100,4,99,523994
C5,100,C5-rules-100,4,100,546628
C5,100,C5-rules-100,5,1,523177
C5,100,C5-rules-100,5,2,521154
C5,100,C5-rules-100,5,3,528939
C5,100,C5-rules-100,5,4,527492
C5,100,C5-rules-100,5,5,528760
C5,100,C5-rules-100,5,6,524319
C5,100,C5-rules-100,5,7,537794
C5,100,C5-rules-100,5,8,524844
C5,100,C5-rules-100,5,9,520488
C5,100,C5-rules-100,5,10,523277
C5,100,C5-rules-100,5,11,532169
C5,100,C5-rules-100,5,12,534077
C5,100,C5-rules-100,5,13,538905
C5,100,C5-rules-100,5,14,518517
C5,100,C5-rules-100,5,15,520653
C5,100,C5-rules-100,5,16,520694
C5,100,C5-rules-100,5,17,518154
C5,100,C5-rules-100,5,18,541021
C5,100,C5-rules-100,5,19,521327
C5,100,C5-rules-100,5,20,525514
C5,100,C5-rules-100,5,21,539726
C5,100,C5-rules-100,5,22,521495
C5,100,C5-rules-100,5,23,519468
C5,100,C5-rules-100,5,24,519271
C5,100,C5-rules-100,5,25,516579
C5,100,C5-rules-100,5,26,527743
C5,100,C5-rules-100,5,27,526521
C5,100,C5-rules-100,5,28,537977
C5,100,C5-rules-100,5,29,521927
C5,100,C5-rules-100,5,30,524362
C5,100,C5-rules-100,5,31,525483
C5,100,C5-rules-100,5,32,522770
C5,100,C5-rules-100,5,33,527929
C5,100,C5-rules-100,5,34,544839
C5,100,C5-rules-100,5,35,536343
C5,100,C5-rules-100,5,36,558587
C5,100,C5-rules-100,5,37,540706
C5,100,C5-rules-100,5,38,527595
C5,100,C5-rules-100,5,39,521239
C5,100,C5-rules-100,5,40,518701
C5,100,C5-rules-100,5,41,521029
C5,100,C5-rules-100,5,42,523686
C5,100,C5-rules-100,5,43,556166
C5,100,C5-rules-100,5,44,525858
C5,100,C5-rules-100,5,45,529395
C5,100,C5-rules-100,5,46,520558
C5,100,C5-rules-100,5,47,521671
C5,100,C5-rules-100,5,48,530399
C5,100,C5-rules-100,5,49,524107
C5,100,C5-rules-100,5,50,532999
C5,100,C5-rules-100,5,51,538693
C5,100,C5-rules-100,5,52,519640
C5,100,C5-rules-100,5,53,524003
C5,100,C5-rules-100,5,54,524776
C5,100,C5-rules-100,5,55,519699
C5,100,C5-rules-100,5,56,521400
C5,100,C5-rules-100,5,57,522852
C5,100,C5-rules-100,5,58,532893
C5,100,C5-rules-100,5,59,538342
C5,100,C5-rules-100,5,60,521682
C5,100,C5-rules-100,5,61,524415
C5,100,C5-rules-100,5,62,522736
C5,100,C5-rules-100,5,63,525696
C5,100,C5-rules-100,5,64,526475
C5,100,C5-rules-100,5,65,532591
C5,100,C5-rules-100,5,66,526026
C5,100,C5-rules-100,5,67,539370
C5,100,C5-rules-100,5,68,524949
C5,100,C5-rules-100,5,69,526027
C5,100,C5-rules-100,5,70,521172
C5,100,C5-rules-100,5,71,535236
C5,100,C5-rules-100,5,72,522029
C5,100,C5-rules-100,5,73,533700
C5,100,C5-rules-100,5,74,529806
C5,100,C5-rules-100,5,75,547467
C5,100,C5-rules-100,5,76,525507
C5,100,C5-rules-100,5,77,524941
C5,100,C5-rules-100,5,78,519685
C5,100,C5-rules-100,5,79,524187
C5,100,C5-rules-100,5,80,520657
C5,100,C5-rules-100,5,81,523492
C5,100,C5-rules-100,5,82,519808
C5,100,C5-rules-100,5,83,524098
C5,100,C5-rules-100,5,84,527571
C5,100,C5-rules-100,5,85,517775
C5,100,C5-rules-100,5,86,527007
C5,100,C5-rules-100,5,87,524007
C5,100,C5-rules-100,5,88,525264
C5,100,C5-rules-100,5,89,535634
C5,100,C5-rules-100,5,90,524585
C5,100,C5-rules-100,5,91,523318
C5,100,C5-rules-100,5,92,522932
C5,100,C5-rules-100,5,93,521397
C5,100,C5-rules-100,5,94,521920
C5,100,C5-rules-100,5,95,520850
C5,100,C5-rules-100,5,96,526492
C5,100,C5-rules-100,5,97,518085
C5,100,C5-rules-100,5,98,538917
C5,100,C5-rules-100,5,99,558559
C5,100,C5-rules-100,5,100,528191
C5,100,C5-rules-100,6,1,524321
C5,100,C5-rules-100,6,2,527052
C5,100,C5-rules-100,6,3,534935
C5,100,C5-rules-100,6,4,525485
C5,100,C5-rules-100,6,5,525195
C5,100,C5-rules-100,6,6,526667
C5,100,C5-rules-100,6,7,524148
C5,100,C5-rules-100,6,8,547216
C5,100,C5-rules-100,6,9,528524
C5,100,C5-rules-100,6,10,525029
C5,100,C5-rules-100,6,11,529900
C5,100,C5-rules-100,6,12,523207
C5,100,C5-rules-100,6,13,522286
C5,100,C5-rules-100,6,14,522646
C5,100,C5-rules-100,6,15,527760
C5,100,C5-rules-100,6,16,523187
C5,100,C5-rules-100,6,17,520726
C5,100,C5-rules-100,6,18,525587
C5,100,C5-rules-100,6,19,531198
C5,100,C5-rules-100,6,20,523693
C5,100,C5-rules-100,6,21,525538
C5,100,C5-rules-100,6,22,525217
C5,100,C5-rules-100,6,23,523145
C5,100,C5-rules-100,6,24,525482
C5,100,C5-rules-100,6,25,527231
C5,100,C5-rules-100,6,26,533612
C5,100,C5-rules-100,6,27,523015
C5,100,C5-rules-100,6,28,518815
C5,100,C5-rules-100,6,29,522923
C5,100,C5-rules-100,6,30,524108
C5,100,C5-rules-100,6,31,522302
C5,100,C5-rules-100,6,32,535670
C5,100,C5-rules-100,6,33,529440
C5,100,C5-rules-100,6,34,528285
C5,100,C5-rules-100,6,35,526157
C5,100,C5-rules-100,6,36,520873
C5,100,C5-rules-100,6,37,523272
C5,100,C5-rules-100,6,38,532443
C5,100,C5-rules-100,6,39,529433
C5,100,C5-rules-100,6,40,522304
C5,100,C5-rules-100,6,41,528705
C5,100,C5-rules-100,6,42,533955
C5,100,C5-rules-100,6,43,526235
C5,100,C5-rules-100,6,44,542703
C5,100,C5-rules-100,6,45,524277
C5,100,C5-rules-100,6,46,520063
C5,100,C5-rules-100,6,47,524286
C5,100,C5-rules-100,6,48,525217
C5,100,C5-rules-100,6,49,526317
C5,100,C5-rules-100,6,50,526380
C5,100,C5-rules-100,6,51,522864
C5,100,C5-rules-100,6,52,521233
C5,100,C5-rules-100,6,53,540480
C5,100,C5-rules-100,6,54,531634
C5,100,C5-rules-100,6,55,524154
C5,100,C5-rules-100,6,56,529041
C5,100,C5-rules-100,6,57,521870
C5,100,C5-rules-100,6,58,523070
C5,100,C5-rules-100,6,59,521451
C5,100,C5-rules-100,6,60,523008
C5,100,C5-rules-100,6,61,532506
C5,100,C5-rules-100,6,62,561108
C5,100,C5-rules-100,6,63,554764
C5,100,C5-rules-100,6,64,542808
C5,100,C5-rules-100,6,65,520111
C5,100,C5-rules-100,6,66,520196
C5,100,C5-rules-100,6,67,524161
C5,100,C5-rules-100,6,68,523306
C5,100,C5-rules-100,6,69,520771
C5,100,C5-rules-100,6,70,519732
C5,100,C5-rules-100,6,71,529911
C5,100,C5-rules-100,6,72,540443
C5,100,C5-rules-100,6,73,526018
C5,100,C5-rules-100,6,74,529390
C5,100,C5-rules-100,6,75,531762
C5,100,C5-rules-100,6,76,521112
C5,100,C5-rules-100,6,77,4720577
C5,100,C5-rules-100,6,78,605710
C5,100,C5-rules-100,6,79,557182
C5,100,C5-rules-100,6,80,540831
C5,100,C5-rules-100,6,81,535686
C5,100,C5-rules-100,6,82,537176
C5,100,C5-rules-100,6,83,532183
C5,100,C5-rules-100,6,84,533066
C5,100,C5-rules-100,6,85,529417
C5,100,C5-rules-100,6,86,529141
C5,100,C5-rules-100,6,87,523902
C5,100,C5-rules-100,6,88,524800
C5,100,C5-rules-100,6,89,525371
C5,100,C5-rules-100,6,90,542172
C5,100,C5-rules-100,6,91,538915
C5,100,C5-rules-100,6,92,517290
C5,100,C5-rules-100,6,93,531517
C5,100,C5-rules-100,6,94,530077
C5,100,C5-rules-100,6,95,525974
C5,100,C5-rules-100,6,96,521104
C5,100,C5-rules-100,6,97,562995
C5,100,C5-rules-100,6,98,544670
C5,100,C5-rules-100,6,99,533370
C5,100,C5-rules-100,6,100,522701
C5,100,C5-rules-100,7,1,541433
C5,100,C5-rules-100,7,2,526499
C5,100,C5-rules-100,7,3,524495
C5,100,C5-rules-100,7,4,521914
C5,100,C5-rules-100,7,5,524006
C5,100,C5-rules-100,7,6,535369
C5,100,C5-rules-100,7,7,517837
C5,100,C5-rules-100,7,8,536107
C5,100,C5-rules-100,7,9,532906
C5,100,C5-rules-100,7,10,530432
C5,100,C5-rules-100,7,11,523639
C5,100,C5-rules-100,7,12,528279
C5,100,C5-rules-100,7,13,525426
C5,100,C5-rules-100,7,14,529186
C5,100,C5-rules-100,7,15,527257
C5,100,C5-rules-100,7,16,568969
C5,100,C5-rules-100,7,17,525676
C5,100,C5-rules-100,7,18,544696
C5,100,C5-rules-100,7,19,526648
C5,100,C5-rules-100,7,20,530581
C5,100,C5-rules-100,7,21,521466
C5,100,C5-rules-100,7,22,524808
C5,100,C5-rules-100,7,23,550057
C5,100,C5-rules-100,7,24,533322
C5,100,C5-rules-100,7,25,527168
C5,100,C5-rules-100,7,26,541657
C5,100,C5-rules-100,7,27,523040
C5,100,C5-rules-100,7,28,530504
C5,100,C5-rules-100,7,29,522306
C5,100,C5-rules-100,7,30,520293
C5,100,C5-rules-100,7,31,551617
C5,100,C5-rules-100,7,32,526833
C5,100,C5-rules-100,7,33,525086
C5,100,C5-rules-100,7,34,521541
C5,100,C5-rules-100,7,35,549930
C5,100,C5-rules-100,7,36,530288
C5,100,C5-rules-100,7,37,519366
C5,100,C5-rules-100,7,38,534915
C5,100,C5-rules-100,7,39,562227
C5,100,C5-rules-100,7,40,549547
C5,100,C5-rules-100,7,41,555422
C5,100,C5-rules-100,7,42,560105
C5,100,C5-rules-100,7,43,563272
C5,100,C5-rules-100,7,44,573248
C5,100,C5-rules-100,7,45,569654
C5,100,C5-rules-100,7,46,565477
C5,100,C5-rules-100,7,47,564538
C5,100,C5-rules-100,7,48,561525
C5,100,C5-rules-100,7,49,562495
C5,100,C5-rules-100,7,50,570626
C5,100,C5-rules-100,7,51,569895
C5,100,C5-rules-100,7,52,575295
C5,100,C5-rules-100,7,53,570505
C5,100,C5-rules-100,7,54,573176
C5,100,C5-rules-100,7,55,568306
C5,100,C5-rules-100,7,56,567778
C5,100,C5-rules-100,7,57,568025
C5,100,C5-rules-100,7,58,564844
C5,100,C5-rules-100,7,59,570815
C5,100,C5-rules-100,7,60,563372
C5,100,C5-rules-100,7,61,556302
C5,100,C5-rules-100,7,62,564816
C5,100,C5-rules-100,7,63,562339
C5,100,C5-rules-100,7,64,561633
C5,100,C5-rules-100,7,65,557607
C5,100,C5-rules-100,7,66,575235
C5,100,C5-rules-100,7,67,559493
C5,100,C5-rules-100,7,68,556355
C5,100,C5-rules-100,7,69,559380
C5,100,C5-rules-100,7,70,558625
C5,100,C5-rules-100,7,71,560169
C5,100,C5-rules-100,7,72,554522
C5,100,C5-rules-100,7,73,574594
C5,100,C5-rules-100,7,74,567717
C5,100,C5-rules-100,7,75,562795
C5,100,C5-rules-100,7,76,566261
C5,100,C5-rules-100,7,77,567704
C5,100,C5-rules-100,7,78,559730
C5,100,C5-rules-100,7,79,561611
C5,100,C5-rules-100,7,80,558301
C5,100,C5-rules-100,7,81,565757
C5,100,C5-rules-100,7,82,540127
C5,100,C5-rules-100,7,83,523587
C5,100,C5-rules-100,7,84,536913
C5,100,C5-rules-100,7,85,534500
C5,100,C5-rules-100,7,86,531004
C5,100,C5-rules-100,7,87,525481
C5,100,C5-rules-100,7,88,545463
C5,100,C5-rules-100,7,89,546552
C5,100,C5-rules-100,7,90,527915
C5,100,C5-rules-100,7,91,521390
C5,100,C5-rules-100,7,92,523598
C5,100,C5-rules-100,7,93,532085
C5,100,C5-rules-100,7,94,527564
C5,100,C5-rules-100,7,95,546056
C5,100,C5-rules-100,7,96,539850
C5,100,C5-rules-100,7,97,524185
C5,100,C5-rules-100,7,98,522622
C5,100,C5-rules-100,7,99,531450
C5,100,C5-rules-100,7,100,523024
C5,100,C5-rules-100,8,1,526647
C5,100,C5-rules-100,8,2,527443
C5,100,C5-rules-100,8,3,544800
C5,100,C5-rules-100,8,4,522282
C5,100,C5-rules-100,8,5,525693
C5,100,C5-rules-100,8,6,530510
C5,100,C5-rules-100,8,7,524402
C5,100,C5-rules-100,8,8,522116
C5,100,C5-rules-100,8,9,523407
C5,100,C5-rules-100,8,10,535778
C5,100,C5-rules-100,8,11,538227
C5,100,C5-rules-100,8,12,525547
C5,100,C5-rules-100,8,13,580509
C5,100,C5-rules-100,8,14,541848
C5,100,C5-rules-100,8,15,576450
C5,100,C5-rules-100,8,16,571575
C5,100,C5-rules-100,8,17,570131
C5,100,C5-rules-100,8,18,619351
C5,100,C5-rules-100,8,19,589061
C5,100,C5-rules-100,8,20,564638
C5,100,C5-rules-100,8,21,560971
C5,100,C5-rules-100,8,22,564691
C5,100,C5-rules-100,8,23,558697
C5,100,C5-rules-100,8,24,574177
C5,100,C5-rules-100,8,25,560861
C5,100,C5-rules-100,8,26,561189
C5,100,C5-rules-100,8,27,557720
C5,100,C5-rules-100,8,28,561688
C5,100,C5-rules-100,8,29,558360
C5,100,C5-rules-100,8,30,558113
C5,100,C5-rules-100,8,31,558613
C5,100,C5-rules-100,8,32,574946
C5,100,C5-rules-100,8,33,560945
C5,100,C5-rules-100,8,34,559419
C5,100,C5-rules-100,8,35,557792
C5,100,C5-rules-100,8,36,560561
C5,100,C5-rules-100,8,37,569062
C5,100,C5-rules-100,8,38,562749
C5,100,C5-rules-100,8,39,589684
C5,100,C5-rules-100,8,40,541289
C5,100,C5-rules-100,8,41,529026
C5,100,C5-rules-100,8,42,529277
C5,100,C5-rules-100,8,43,537277
C5,100,C5-rules-100,8,44,528257
C5,100,C5-rules-100,8,45,543315
C5,100,C5-rules-100,8,46,562355
C5,100,C5-rules-100,8,47,528364
C5,100,C5-rules-100,8,48,527414
C5,100,C5-rules-100,8,49,523732
C5,100,C5-rules-100,8,50,528240
C5,100,C5-rules-100,8,51,528091
C5,100,C5-rules-100,8,52,533195
C5,100,C5-rules-100,8,53,544249
C5,100,C5-rules-100,8,54,542620
C5,100,C5-rules-100,8,55,526515
C5,100,C5-rules-100,8,56,531053
C5,100,C5-rules-100,8,57,524121
C5,100,C5-rules-100,8,58,527649
C5,100,C5-rules-100,8,59,526523
C5,100,C5-rules-100,8,60,524478
C5,100,C5-rules-100,8,61,543875
C5,100,C5-rules-100,8,62,525831
C5,100,C5-rules-100,8,63,523232
C5,100,C5-rules-100,8,64,529883
C5,100,C5-rules-100,8,65,535486
C5,100,C5-rules-100,8,66,542852
C5,100,C5-rules-100,8,67,553836
C5,100,C5-rules-100,8,68,587318
C5,100,C5-rules-100,8,69,537867
C5,100,C5-rules-100,8,70,526047
C5,100,C5-rules-100,8,71,526145
C5,100,C5-rules-100,8,72,528936
C5,100,C5-rules-100,8,73,526401
C5,100,C5-rules-100,8,74,522446
C5,100,C5-rules-100,8,75,521822
C5,100,C5-rules-100,8,76,543556
C5,100,C5-rules-100,8,77,525965
C5,100,C5-rules-100,8,78,521609
C5,100,C5-rules-100,8,79,526486
C5,100,C5-rules-100,8,80,523981
C5,100,C5-rules-100,8,81,519345
C5,100,C5-rules-100,8,82,523587
C5,100,C5-rules-100,8,83,547693
C5,100,C5-rules-100,8,84,527887
C5,100,C5-rules-100,8,85,528498
C5,100,C5-rules-100,8,86,522661
C5,100,C5-rules-100,8,87,522629
C5,100,C5-rules-100,8,88,524797
C5,100,C5-rules-100,8,89,522383
C5,100,C5-rules-100,8,90,526587
C5,100,C5-rules-100,8,91,539892
C5,100,C5-rules-100,8,92,527120
C5,100,C5-rules-100,8,93,530665
C5,100,C5-rules-100,8,94,531318
C5,100,C5-rules-100,8,95,528376
C5,100,C5-rules-100,8,96,528560
C5,100,C5-rules-100,8,97,548136
C5,100,C5-rules-100,8,98,531444
C5,100,C5-rules-100,8,99,541549
C5,100,C5-rules-100,8,100,567211
C3,500,C3-rules-500,1,1,1739245
C3,500,C3-rules-500,1,2,1721678
C3,500,C3-rules-500,1,3,1802991
C3,500,C3-rules-500,1,4,1770348
C3,500,C3-rules-500,1,5,1754658
C3,500,C3-rules-500,1,6,1699477
C3,500,C3-rules-500,1,7,1720423
C3,500,C3-rules-500,1,8,1755023
C3,500,C3-rules-500,1,9,1733940
C3,500,C3-rules-500,1,10,1722746
C3,500,C3-rules-500,1,11,1734010
C3,500,C3-rules-500,1,12,1726412
C3,500,C3-rules-500,1,13,1722578
C3,500,C3-rules-500,1,14,1742265
C3,500,C3-rules-500,1,15,1720940
C3,500,C3-rules-500,1,16,1736268
C3,500,C3-rules-500,1,17,1719741
C3,500,C3-rules-500,1,18,1704003
C3,500,C3-rules-500,1,19,1721639
C3,500,C3-rules-500,1,20,1726669
C3,500,C3-rules-500,1,21,1732250
C3,500,C3-rules-500,1,22,1770508
C3,500,C3-rules-500,1,23,1781955
C3,500,C3-rules-500,1,24,1729932
C3,500,C3-rules-500,1,25,1727094
C3,500,C3-rules-500,1,26,1727779
C3,500,C3-rules-500,1,27,1717676
C3,500,C3-rules-500,1,28,1737362
C3,500,C3-rules-500,1,29,1750199
C3,500,C3-rules-500,1,30,1722798
C3,500,C3-rules-500,1,31,1743935
C3,500,C3-rules-500,1,32,1711458
C3,500,C3-rules-500,1,33,1694630
C3,500,C3-rules-500,1,34,1711973
C3,500,C3-rules-500,1,35,1698824
C3,500,C3-rules-500,1,36,1711823
C3,500,C3-rules-500,1,37,1725360
C3,500,C3-rules-500,1,38,1694622
C3,500,C3-rules-500,1,39,1743789
C3,500,C3-rules-500,1,40,1710343
C3,500,C3-rules-500,1,41,1698646
C3,500,C3-rules-500,1,42,1775155
C3,500,C3-rules-500,1,43,1728018
C3,500,C3-rules-500,1,44,1742725
C3,500,C3-rules-500,1,45,1712629
C3,500,C3-rules-500,1,46,1735274
C3,500,C3-rules-500,1,47,1695437
C3,500,C3-rules-500,1,48,1725043
C3,500,C3-rules-500,1,49,1724630
C3,500,C3-rules-500,1,50,1710523
C3,500,C3-rules-500,1,51,1741777
C3,500,C3-rules-500,1,52,1701246
C3,500,C3-rules-500,1,53,1714011
C3,500,C3-rules-500,1,54,1715520
C3,500,C3-rules-500,1,55,1697428
C3,500,C3-rules-500,1,56,1734066
C3,500,C3-rules-500,1,57,1738691
C3,500,C3-rules-500,1,58,1733276
C3,500,C3-rules-500,1,59,1694629
C3,500,C3-rules-500,1,60,1740242
C3,500,C3-rules-500,1,61,1718625
C3,500,C3-rules-500,1,62,1767463
C3,500,C3-rules-500,1,63,1734676
C3,500,C3-rules-500,1,64,1699490
C3,500,C3-rules-500,1,65,1716759
C3,500,C3-rules-500,1,66,1725653
C3,500,C3-rules-500,1,67,1719356
C3,500,C3-rules-500,1,68,1693021
C3,500,C3-rules-500,1,69,1705045
C3,500,C3-rules-500,1,70,1737965
C3,500,C3-rules-500,1,71,1709015
C3,500,C3-rules-500,1,72,1729355
C3,500,C3-rules-500,1,73,1726584
C3,500,C3-rules-500,1,74,1728025
C3,500,C3-rules-500,1,75,1695162
C3,500,C3-rules-500,1,76,1713725
C3,500,C3-rules-500,1,77,1715640
C3,500,C3-rules-500,1,78,1696217
C3,500,C3-rules-500,1,79,1705974
C3,500,C3-rules-500,1,80,1733257
C3,500,C3-rules-500,1,81,1756598
C3,500,C3-rules-500,1,82,1731263
C3,500,C3-rules-500,1,83,1737329
C3,500,C3-rules-500,1,84,1722422
C3,500,C3-rules-500,1,85,1701584
C3,500,C3-rules-500,1,86,1744408
C3,500,C3-rules-500,1,87,1722525
C3,500,C3-rules-500,1,88,1721157
C3,500,C3-rules-500,1,89,1741150
C3,500,C3-rules-500,1,90,1725121
C3,500,C3-rules-500,1,91,3846077
C3,500,C3-rules-500,1,92,1953508
C3,500,C3-rules-500,1,93,1779594
C3,500,C3-rules-500,1,94,1818637
C3,500,C3-rules-500,1,95,1739106
C3,500,C3-rules-500,1,96,1742461
C3,500,C3-rules-500,1,97,1715808
C3,500,C3-rules-500,1,98,1744363
C3,500,C3-rules-500,1,99,1785915
C3,500,C3-rules-500,1,100,1844274
C3,500,C3-rules-500,2,1,1772174
C3,500,C3-rules-500,2,2,1757874
C3,500,C3-rules-500,2,3,1739520
C3,500,C3-rules-500,2,4,1758996
C3,500,C3-rules-500,2,5,1742352
C3,500,C3-rules-500,2,6,1732212
C3,500,C3-rules-500,2,7,1753807
C3,500,C3-rules-500,2,8,1713640
C3,500,C3-rules-500,2,9,1745150
C3,500,C3-rules-500,2,10,1774033
C3,500,C3-rules-500,2,11,1700339
C3,500,C3-rules-500,2,12,1793366
C3,500,C3-rules-500,2,13,1737731
C3,500,C3-rules-500,2,14,1735798
C3,500,C3-rules-500,2,15,1723907
C3,500,C3-rules-500,2,16,1724798
C3,500,C3-rules-500,2,17,1722500
C3,500,C3-rules-500,2,18,1794443
C3,500,C3-rules-500,2,19,1741167
C3,500,C3-rules-500,2,20,1727974
C3,500,C3-rules-500,2,21,1723022
C3,500,C3-rules-500,2,22,1729027
C3,500,C3-rules-500,2,23,1722870
C3,500,C3-rules-500,2,24,1720619
C3,500,C3-rules-500,2,25,1732905
C3,500,C3-rules-500,2,26,1726208
C3,500,C3-rules-500,2,27,1708074
C3,500,C3-rules-500,2,28,1725319
C3,500,C3-rules-500,2,29,1694864
C3,500,C3-rules-500,2,30,1754688
C3,500,C3-rules-500,2,31,1707857
C3,500,C3-rules-500,2,32,1738158
C3,500,C3-rules-500,2,33,1734866
C3,500,C3-rules-500,2,34,1722743
C3,500,C3-rules-500,2,35,1720289
C3,500,C3-rules-500,2,36,1725043
C3,500,C3-rules-500,2,37,1778142
C3,500,C3-rules-500,2,38,1749810
C3,500,C3-rules-500,2,39,1728982
C3,500,C3-rules-500,2,40,1739427
C3,500,C3-rules-500,2,41,1732302
C3,500,C3-rules-500,2,42,1730440
C3,500,C3-rules-500,2,43,1700980
C3,500,C3-rules-500,2,44,1792375
C3,500,C3-rules-500,2,45,1725131
C3,500,C3-rules-500,2,46,1720360
C3,500,C3-rules-500,2,47,1759893
C3,500,C3-rules-500,2,48,1720603
C3,500,C3-rules-500,2,49,1737860
C3,500,C3-rules-500,2,50,1714415
C3,500,C3-rules-500,2,51,1742540
C3,500,C3-rules-500,2,52,1737334
C3,500,C3-rules-500,2,53,1730208
C3,500,C3-rules-500,2,54,1742696
C3,500,C3-rules-500,2,55,1725413
C3,500,C3-rules-500,2,56,1794508
C3,500,C3-rules-500,2,57,1729256
C3,500,C3-rules-500,2,58,1742682
C3,500,C3-rules-500,2,59,1734733
C3,500,C3-rules-500,2,60,1717933
C3,500,C3-rules-500,2,61,1713399
C3,500,C3-rules-500,2,62,1699987
C3,500,C3-rules-500,2,63,1709118
C3,500,C3-rules-500,2,64,1731182
C3,500,C3-rules-500,2,65,1725299
C3,500,C3-rules-500,2,66,1701286
C3,500,C3-rules-500,2,67,1745770
C3,500,C3-rules-500,2,68,1726867
C3,500,C3-rules-500,2,69,1747583
C3,500,C3-rules-500,2,70,1738244
C3,500,C3-rules-500,2,71,1727553
C3,500,C3-rules-500,2,72,1735514
C3,500,C3-rules-500,2,73,1722595
C3,500,C3-rules-500,2,74,1736984
C3,500,C3-rules-500,2,75,1719433
C3,500,C3-rules-500,2,76,1769188
C3,500,C3-rules-500,2,77,1725450
C3,500,C3-rules-500,2,78,1707934
C3,500,C3-rules-500,2,79,1731594
C3,500,C3-rules-500,2,80,1697691
C3,500,C3-rules-500,2,81,1716374
C3,500,C3-rules-500,2,82,1713362
C3,500,C3-rules-500,2,83,1726297
C3,500,C3-rules-500,2,84,1712521
C3,500,C3-rules-500,2,85,1731207
C3,500,C3-rules-500,2,86,1732447
C3,500,C3-rules-500,2,87,1722447
C3,500,C3-rules-500,2,88,1734285
C3,500,C3-rules-500,2,89,1712564
C3,500,C3-rules-500,2,90,1728464
C3,500,C3-rules-500,2,91,1719171
C3,500,C3-rules-500,2,92,1737264
C3,500,C3-rules-500,2,93,1714690
C3,500,C3-rules-500,2,94,1705995
C3,500,C3-rules-500,2,95,1760210
C3,500,C3-rules-500,2,96,1745177
C3,500,C3-rules-500,2,97,1736742
C3,500,C3-rules-500,2,98,1719071
C3,500,C3-rules-500,2,99,1762656
C3,500,C3-rules-500,2,100,1730949
C3,500,C3-rules-500,3,1,1707558
C3,500,C3-rules-500,3,2,1770015
C3,500,C3-rules-500,3,3,1726622
C3,500,C3-rules-500,3,4,1732861
C3,500,C3-rules-500,3,5,1772492
C3,500,C3-rules-500,3,6,1736492
C3,500,C3-rules-500,3,7,1740695
C3,500,C3-rules-500,3,8,1712975
C3,500,C3-rules-500,3,9,1735426
C3,500,C3-rules-500,3,10,1719714
C3,500,C3-rules-500,3,11,1732018
C3,500,C3-rules-500,3,12,1721133
C3,500,C3-rules-500,3,13,1731964
C3,500,C3-rules-500,3,14,1718098
C3,500,C3-rules-500,3,15,1738958
C3,500,C3-rules-500,3,16,1736396
C3,500,C3-rules-500,3,17,1721351
C3,500,C3-rules-500,3,18,1755692
C3,500,C3-rules-500,3,19,1703380
C3,500,C3-rules-500,3,20,1726074
C3,500,C3-rules-500,3,21,1712135
C3,500,C3-rules-500,3,22,3673720
C3,500,C3-rules-500,3,23,1861763
C3,500,C3-rules-500,3,24,1761299
C3,500,C3-rules-500,3,25,1729314
C3,500,C3-rules-500,3,26,1722484
C3,500,C3-rules-500,3,27,1727295
C3,500,C3-rules-500,3,28,1734818
C3,500,C3-rules-500,3,29,1689292
C3,500,C3-rules-500,3,30,1716074
C3,500,C3-rules-500,3,31,1721707
C3,500,C3-rules-500,3,32,1730340
C3,500,C3-rules-500,3,33,1768197
C3,500,C3-rules-500,3,34,1699582
C3,500,C3-rules-500,3,35,1738357
C3,500,C3-rules-500,3,36,1689248
C3,500,C3-rules-500,3,37,1704052
C3,500,C3-rules-500,3,38,1713613
C3,500,C3-rules-500,3,39,1683987
C3,500,C3-rules-500,3,40,1719357
C3,500,C3-rules-500,3,41,1696437
C3,500,C3-rules-500,3,42,1704681
C3,500,C3-rules-500,3,43,1742700
C3,500,C3-rules-500,3,44,1728720
C3,500,C3-rules-500,3,45,1733063
C3,500,C3-rules-500,3,46,1714213
C3,500,C3-rules-500,3,47,1734095
C3,500,C3-rules-500,3,48,1717216
C3,500,C3-rules-500,3,49,1716173
C3,500,C3-rules-500,3,50,1725832
C3,500,C3-rules-500,3,51,1708487
C3,500,C3-rules-500,3,52,1716079
C3,500,C3-rules-500,3,53,1760558
C3,500,C3-rules-500,3,54,1717587
C3,500,C3-rules-500,3,55,1740561
C3,500,C3-rules-500,3,56,1722204
C3,500,C3-rules-500,3,57,1692403
C3,500,C3-rules-500,3,58,1719771
C3,500,C3-rules-500,3,59,1734091
C3,500,C3-rules-500,3,60,1717798
C3,500,C3-rules-500,3,61,1738184
C3,500,C3-rules-500,3,62,1728461
C3,500,C3-rules-500,3,63,1730562
C3,500,C3-rules-500,3,64,1705610
C3,500,C3-rules-500,3,65,1715340
C3,500,C3-rules-500,3,66,1728790
C3,500,C3-rules-500,3,67,1716571
C3,500,C3-rules-500,3,68,1723770
C3,500,C3-rules-500,3,69,1724787
C3,500,C3-rules-500,3,70,1726632
C3,500,C3-rules-500,3,71,1742487
C3,500,C3-rules-500,3,72,1754237
C3,500,C3-rules-500,3,73,1749201
C3,500,C3-rules-500,3,74,1705497
C3,500,C3-rules-500,3,75,1716647
C3,500,C3-rules-500,3,76,1727739
C3,500,C3-rules-500,3,77,1731310
C3,500,C3-rules-500,3,78,1694408
C3,500,C3-rules-500,3,79,1720358
C3,500,C3-rules-500,3,80,1704672
C3,500,C3-rules-500,3,81,1704330
C3,500,C3-rules-500,3,82,1739818
C3,500,C3-rules-500,3,83,1702063
C3,500,C3-rules-500,3,84,1756725
C3,500,C3-rules-500,3,85,1742503
C3,500,C3-rules-500,3,86,1741112
C3,500,C3-rules-500,3,87,1709064
C3,500,C3-rules-500,3,88,1722301
C3,500,C3-rules-500,3,89,1729994
C3,500,C3-rules-500,3,90,1709521
C3,500,C3-rules-500,3,91,1730357
C3,500,C3-rules-500,3,92,1746685
C3,500,C3-rules-500,3,93,1725876
C3,500,C3-rules-500,3,94,1700432
C3,500,C3-rules-500,3,95,1702614
C3,500,C3-rules-500,3,96,1712720
C3,500,C3-rules-500,3,97,1697625
C3,500,C3-rules-500,3,98,1744963
C3,500,C3-rules-500,3,99,1721050
C3,500,C3-rules-500,3,100,1726222
C3,500,C3-rules-500,4,1,1741328
C3,500,C3-rules-500,4,2,1718763
C3,500,C3-rules-500,4,3,1738327
C3,500,C3-rules-500,4,4,1726264
C3,500,C3-rules-500,4,5,1714598
C3,500,C3-rules-500,4,6,1708033
C3,500,C3-rules-500,4,7,1711520
C3,500,C3-rules-500,4,8,1712909
C3,500,C3-rules-500,4,9,1718496
C3,500,C3-rules-500,4,10,1721501
C3,500,C3-rules-500,4,11,1711637
C3,500,C3-rules-500,4,12,1774652
C3,500,C3-rules-500,4,13,1688678
C3,500,C3-rules-500,4,14,1717349
C3,500,C3-rules-500,4,15,1680883
C3,500,C3-rules-500,4,16,1714308
C3,500,C3-rules-500,4,17,1731832
C3,500,C3-rules-500,4,18,1724206
C3,500,C3-rules-500,4,19,1717220
C3,500,C3-rules-500,4,20,1712326
C3,500,C3-rules-500,4,21,1694557
C3,500,C3-rules-500,4,22,1697841
C3,500,C3-rules-500,4,23,1734705
C3,500,C3-rules-500,4,24,1708216
C3,500,C3-rules-500,4,25,1691902
C3,500,C3-rules-500,4,26,1704304
C3,500,C3-rules-500,4,27,1708494
C3,500,C3-rules-500,4,28,1720361
C3,500,C3-rules-500,4,29,1706218
C3,500,C3-rules-500,4,30,1705978
C3,500,C3-rules-500,4,31,1731279
C3,500,C3-rules-500,4,32,1778472
C3,500,C3-rules-500,4,33,1716245
C3,500,C3-rules-500,4,34,1689469
C3,500,C3-rules-500,4,35,1734015
C3,500,C3-rules-500,4,36,1714178
C3,500,C3-rules-500,4,37,1739928
C3,500,C3-rules-500,4,38,1703276
C3,500,C3-rules-500,4,39,1730709
C3,500,C3-rules-500,4,40,1745525
C3,500,C3-rules-500,4,41,1715775
C3,500,C3-rules-500,4,42,1719592
C3,500,C3-rules-500,4,43,1737681
C3,500,C3-rules-500,4,44,1729022
C3,500,C3-rules-500,4,45,1689557
C3,500,C3-rules-500,4,46,1718008
C3,500,C3-rules-500,4,47,1735038
C3,500,C3-rules-500,4,48,1708937
C3,500,C3-rules-500,4,49,1740940
C3,500,C3-rules-500,4,50,1710429
C3,500,C3-rules-500,4,51,1766014
C3,500,C3-rules-500,4,52,1714080
C3,500,C3-rules-500,4,53,3813532
C3,500,C3-rules-500,4,54,2088034
C3,500,C3-rules-500,4,55,1832510
C3,500,C3-rules-500,4,56,1785106
C3,500,C3-rules-500,4,57,1775676
C3,500,C3-rules-500,4,58,1782784
C3,500,C3-rules-500,4,59,1777250
C3,500,C3-rules-500,4,60,1736842
C3,500,C3-rules-500,4,61,1750741
C3,500,C3-rules-500,4,62,1713474
C3,500,C3-rules-500,4,63,1739180
C3,500,C3-rules-500,4,64,1710546
C3,500,C3-rules-500,4,65,1711290
C3,500,C3-rules-500,4,66,1746422
C3,500,C3-rules-500,4,67,1704928
C3,500,C3-rules-500,4,68,1725416
C3,500,C3-rules-500,4,69,1771338
C3,500,C3-rules-500,4,70,1745565
C3,500,C3-rules-500,4,71,1737587
C3,500,C3-rules-500,4,72,1726978
C3,500,C3-rules-500,4,73,1709200
C3,500,C3-rules-500,4,74,1751956
C3,500,C3-rules-500,4,75,1783774
C3,500,C3-rules-500,4,76,1727141
C3,500,C3-rules-500,4,77,1725931
C3,500,C3-rules-500,4,78,1699582
C3,500,C3-rules-500,4,79,1713126
C3,500,C3-rules-500,4,80,1700638
C3,500,C3-rules-500,4,81,1726034
C3,500,C3-rules-500,4,82,1705478
C3,500,C3-rules-500,4,83,1706353
C3,500,C3-rules-500,4,84,1733364
C3,500,C3-rules-500,4,85,1729986
C3,500,C3-rules-500,4,86,1750219
C3,500,C3-rules-500,4,87,1702403
C3,500,C3-rules-500,4,88,1778799
C3,500,C3-rules-500,4,89,1741871
C3,500,C3-rules-500,4,90,1708594
C3,500,C3-rules-500,4,91,1715157
C3,500,C3-rules-500,4,92,1864814
C3,500,C3-rules-500,4,93,1714814
C3,500,C3-rules-500,4,94,1731320
C3,500,C3-rules-500,4,95,1731782
C3,500,C3-rules-500,4,96,1721498
C3,500,C3-rules-500,4,97,1736191
C3,500,C3-rules-500,4,98,1743692
C3,500,C3-rules-500,4,99,1710165
C3,500,C3-rules-500,4,100,1768450
C3,500,C3-rules-500,5,1,1729200
C3,500,C3-rules-500,5,2,1745001
C3,500,C3-rules-500,5,3,1753867
C3,500,C3-rules-500,5,4,1728104
C3,500,C3-rules-500,5,5,1729581
C3,500,C3-rules-500,5,6,1715731
C3,500,C3-rules-500,5,7,1724697
C3,500,C3-rules-500,5,8,1762130
C3,500,C3-rules-500,5,9,1750808
C3,500,C3-rules-500,5,10,1721025
C3,500,C3-rules-500,5,11,1705573
C3,500,C3-rules-500,5,12,1741988
C3,500,C3-rules-500,5,13,1740640
C3,500,C3-rules-500,5,14,1717796
C3,500,C3-rules-500,5,15,1725709
C3,500,C3-rules-500,5,16,1758216
C3,500,C3-rules-500,5,17,1740086
C3,500,C3-rules-500,5,18,1732819
C3,500,C3-rules-500,5,19,1741712
C3,500,C3-rules-500,5,20,1720124
C3,500,C3-rules-500,5,21,1739938
C3,500,C3-rules-500,5,22,1725104
C3,500,C3-rules-500,5,23,1715286
C3,500,C3-rules-500,5,24,1714516
C3,500,C3-rules-500,5,25,1704807
C3,500,C3-rules-500,5,26,1715604
C3,500,C3-rules-500,5,27,1748422
C3,500,C3-rules-500,5,28,1729591
C3,500,C3-rules-500,5,29,1746625
C3,500,C3-rules-500,5,30,1751104
C3,500,C3-rules-500,5,31,1731125
C3,500,C3-rules-500,5,32,1744449
C3,500,C3-rules-500,5,33,1811407
C3,500,C3-rules-500,5,34,1775222
C3,500,C3-rules-500,5,35,1752861
C3,500,C3-rules-500,5,36,1768116
C3,500,C3-rules-500,5,37,1739725
C3,500,C3-rules-500,5,38,1719805
C3,500,C3-rules-500,5,39,1759542
C3,500,C3-rules-500,5,40,1723266
C3,500,C3-rules-500,5,41,1730457
C3,500,C3-rules-500,5,42,1725092
C3,500,C3-rules-500,5,43,1767444
C3,500,C3-rules-500,5,44,1736502
C3,500,C3-rules-500,5,45,1715789
C3,500,C3-rules-500,5,46,1769236
C3,500,C3-rules-500,5,47,1789080
C3,500,C3-rules-500,5,48,1708636
C3,500,C3-rules-500,5,49,1733455
C3,500,C3-rules-500,5,50,1740737
C3,500,C3-rules-500,5,51,1732326
C3,500,C3-rules-500,5,52,1705950
C3,500,C3-rules-500,5,53,1718597
C3,500,C3-rules-500,5,54,1736842
C3,500,C3-rules-500,5,55,1766578
C3,500,C3-rules-500,5,56,1715244
C3,500,C3-rules-500,5,57,1730945
C3,500,C3-rules-500,5,58,1728717
C3,500,C3-rules-500,5,59,1745640
C3,500,C3-rules-500,5,60,1772624
C3,500,C3-rules-500,5,61,1719250
C3,500,C3-rules-500,5,62,1822812
C3,500,C3-rules-500,5,63,1747644
C3,500,C3-rules-500,5,64,1729910
C3,500,C3-rules-500,5,65,1720762
C3,500,C3-rules-500,5,66,1741974
C3,500,C3-rules-500,5,67,1796416
C3,500,C3-rules-500,5,68,1729667
C3,500,C3-rules-500,5,69,1721247
C3,500,C3-rules-500,5,70,1709515
C3,500,C3-rules-500,5,71,1768885
C3,500,C3-rules-500,5,72,1776277
C3,500,C3-rules-500,5,73,1766360
C3,500,C3-rules-500,5,74,1730153
C3,500,C3-rules-500,5,75,1712649
C3,500,C3-rules-500,5,76,1757179
C3,500,C3-rules-500,5,77,1756773
C3,500,C3-rules-500,5,78,1759439
C3,500,C3-rules-500,5,79,1742391
C3,500,C3-rules-500,5,80,1727776
C3,500,C3-rules-500,5,81,1753189
C3,500,C3-rules-500,5,82,1724505
C3,500,C3-rules-500,5,83,1738311
C3,500,C3-rules-500,5,84,1720032
C3,500,C3-rules-500,5,85,4400812
C3,500,C3-rules-500,5,86,1838834
C3,500,C3-rules-500,5,87,1821016
C3,500,C3-rules-500,5,88,1795420
C3,500,C3-rules-500,5,89,1791262
C3,500,C3-rules-500,5,90,1820366
C3,500,C3-rules-500,5,91,1854360
C3,500,C3-rules-500,5,92,1761595
C3,500,C3-rules-500,5,93,1731647
C3,500,C3-rules-500,5,94,1711930
C3,500,C3-rules-500,5,95,1742637
C3,500,C3-rules-500,5,96,1763009
C3,500,C3-rules-500,5,97,1743525
C3,500,C3-rules-500,5,98,1722362
C3,500,C3-rules-500,5,99,1777647
C3,500,C3-rules-500,5,100,1740339
C3,500,C3-rules-500,6,1,1721637
C3,500,C3-rules-500,6,2,1729406
C3,500,C3-rules-500,6,3,1795877
C3,500,C3-rules-500,6,4,1753221
C3,500,C3-rules-500,6,5,1743960
C3,500,C3-rules-500,6,6,1716716
C3,500,C3-rules-500,6,7,1735936
C3,500,C3-rules-500,6,8,1711815
C3,500,C3-rules-500,6,9,1717130
C3,500,C3-rules-500,6,10,1712058
C3,500,C3-rules-500,6,11,1730537
C3,500,C3-rules-500,6,12,1816136
C3,500,C3-rules-500,6,13,1771450
C3,500,C3-rules-500,6,14,1743111
C3,500,C3-rules-500,6,15,1838242
C3,500,C3-rules-500,6,16,1780508
C3,500,C3-rules-500,6,17,1779131
C3,500,C3-rules-500,6,18,1823358
C3,500,C3-rules-500,6,19,1748817
C3,500,C3-rules-500,6,20,1795257
C3,500,C3-rules-500,6,21,1725136
C3,500,C3-rules-500,6,22,1799400
C3,500,C3-rules-500,6,23,1717034
C3,500,C3-rules-500,6,24,1734925
C3,500,C3-rules-500,6,25,1722723
C3,500,C3-rules-500,6,26,1713269
C3,500,C3-rules-500,6,27,1832300
C3,500,C3-rules-500,6,28,1786885
C3,500,C3-rules-500,6,29,1736202
C3,500,C3-rules-500,6,30,1754224
C3,500,C3-rules-500,6,31,1737064
C3,500,C3-rules-500,6,32,1725800
C3,500,C3-rules-500,6,33,1736685
C3,500,C3-rules-500,6,34,1777109
C3,500,C3-rules-500,6,35,1704431
C3,500,C3-rules-500,6,36,1761004
C3,500,C3-rules-500,6,37,1739468
C3,500,C3-rules-500,6,38,1710273
C3,500,C3-rules-500,6,39,1722534
C3,500,C3-rules-500,6,40,1714960
C3,500,C3-rules-500,6,41,1774492
C3,500,C3-rules-500,6,42,1778349
C3,500,C3-rules-500,6,43,1729756
C3,500,C3-rules-500,6,44,1762857
C3,500,C3-rules-500,6,45,1749572
C3,500,C3-rules-500,6,46,1692432
C3,500,C3-rules-500,6,47,1784125
C3,500,C3-rules-500,6,48,1774117
C3,500,C3-rules-500,6,49,1769585
C3,500,C3-rules-500,6,50,1823802
C3,500,C3-rules-500,6,51,1716365
C3,500,C3-rules-500,6,52,1773592
C3,500,C3-rules-500,6,53,1769137
C3,500,C3-rules-500,6,54,1802752
C3,500,C3-rules-500,6,55,1752801
C3,500,C3-rules-500,6,56,1728991
C3,500,C3-rules-500,6,57,1727141
C3,500,C3-rules-500,6,58,1736188
C3,500,C3-rules-500,6,59,1740896
C3,500,C3-rules-500,6,60,1748962
C3,500,C3-rules-500,6,61,1807605
C3,500,C3-rules-500,6,62,1790786
C3,500,C3-rules-500,6,63,1762015
C3,500,C3-rules-500,6,64,1729370
C3,500,C3-rules-500,6,65,1727719
C3,500,C3-rules-500,6,66,1761101
C3,500,C3-rules-500,6,67,1758531
C3,500,C3-rules-500,6,68,1744068
C3,500,C3-rules-500,6,69,1757174
C3,500,C3-rules-500,6,70,1734404
C3,500,C3-rules-500,6,71,1725401
C3,500,C3-rules-500,6,72,1718160
C3,500,C3-rules-500,6,73,1729078
C3,500,C3-rules-500,6,74,1736637
C3,500,C3-rules-500,6,75,1735974
C3,500,C3-rules-500,6,76,1774166
C3,500,C3-rules-500,6,77,1776467
C3,500,C3-rules-500,6,78,1733308
C3,500,C3-rules-500,6,79,1779680
C3,500,C3-rules-500,6,80,1782996
C3,500,C3-rules-500,6,81,1779727
C3,500,C3-rules-500,6,82,1746404
C3,500,C3-rules-500,6,83,1743956
C3,500,C3-rules-500,6,84,1722490
C3,500,C3-rules-500,6,85,1722831
C3,500,C3-rules-500,6,86,1722865
C3,500,C3-rules-500,6,87,1733790
C3,500,C3-rules-500,6,88,1716910
C3,500,C3-rules-500,6,89,1728953
C3,500,C3-rules-500,6,90,1746121
C3,500,C3-rules-500,6,91,1762619
C3,500,C3-rules-500,6,92,1718482
C3,500,C3-rules-500,6,93,1753375
C3,500,C3-rules-500,6,94,1734151
C3,500,C3-rules-500,6,95,1723734
C3,500,C3-rules-500,6,96,1714215
C3,500,C3-rules-500,6,97,1733420
C3,500,C3-rules-500,6,98,1786593
C3,500,C3-rules-500,6,99,1786388
C3,500,C3-rules-500,6,100,1741545
C3,500,C3-rules-500,7,1,1738827
C3,500,C3-rules-500,7,2,1713931
C3,500,C3-rules-500,7,3,1719420
C3,500,C3-rules-500,7,4,1760919
C3,500,C3-rules-500,7,5,1800595
C3,500,C3-rules-500,7,6,1769208
C3,500,C3-rules-500,7,7,1733998
C3,500,C3-rules-500,7,8,1725254
C3,500,C3-rules-500,7,9,1747608
C3,500,C3-rules-500,7,10,1743362
C3,500,C3-rules-500,7,11,1711748
C3,500,C3-rules-500,7,12,1715582
C3,500,C3-rules-500,7,13,1741046
C3,500,C3-rules-500,7,14,1732203
C3,500,C3-rules-500,7,15,1712385
C3,500,C3-rules-500,7,16,1731115
C3,500,C3-rules-500,7,17,3571830
C3,500,C3-rules-500,7,18,1821234
C3,500,C3-rules-500,7,19,1772833
C3,500,C3-rules-500,7,20,1723393
C3,500,C3-rules-500,7,21,1757591
C3,500,C3-rules-500,7,22,1721549
C3,500,C3-rules-500,7,23,1726484
C3,500,C3-rules-500,7,24,1755619
C3,500,C3-rules-500,7,25,1741350
C3,500,C3-rules-500,7,26,1757363
C3,500,C3-rules-500,7,27,1737065
C3,500,C3-rules-500,7,28,1741431
C3,500,C3-rules-500,7,29,1762602
C3,500,C3-rules-500,7,30,1735925
C3,500,C3-rules-500,7,31,1736741
C3,500,C3-rules-500,7,32,1741112
C3,500,C3-rules-500,7,33,1746771
C3,500,C3-rules-500,7,34,1721964
C3,500,C3-rules-500,7,35,1760673
C3,500,C3-rules-500,7,36,1751853
C3,500,C3-rules-500,7,37,1763387
C3,500,C3-rules-500,7,38,1765716
C3,500,C3-rules-500,7,39,1728916
C3,500,C3-rules-500,7,40,1734175
C3,500,C3-rules-500,7,41,1734634
C3,500,C3-rules-500,7,42,1712543
C3,500,C3-rules-500,7,43,1711094
C3,500,C3-rules-500,7,44,1814041
C3,500,C3-rules-500,7,45,1761628
C3,500,C3-rules-500,7,46,1716133
C3,500,C3-rules-500,7,47,1730994
C3,500,C3-rules-500,7,48,1752709
C3,500,C3-rules-500,7,49,1765162
C3,500,C3-rules-500,7,50,1746831
C3,500,C3-rules-500,7,51,1741831
C3,500,C3-rules-500,7,52,1754152
C3,500,C3-rules-500,7,53,1713580
C3,500,C3-rules-500,7,54,1746978
C3,500,C3-rules-500,7,55,1736312
C3,500,C3-rules-500,7,56,1797854
C3,500,C3-rules-500,7,57,1738731
C3,500,C3-rules-500,7,58,1719577
C3,500,C3-rules-500,7,59,1741740
C3,500,C3-rules-500,7,60,1760926
C3,500,C3-rules-500,7,61,1751713
C3,500,C3-rules-500,7,62,1755298
C3,500,C3-rules-500,7,63,1767745
C3,500,C3-rules-500,7,64,1736212
C3,500,C3-rules-500,7,65,1739651
C3,500,C3-rules-500,7,66,1739374
C3,500,C3-rules-500,7,67,1723753
C3,500,C3-rules-500,7,68,1706801
C3,500,C3-rules-500,7,69,1764500
C3,500,C3-rules-500,7,70,1747001
C3,500,C3-rules-500,7,71,1741623
C3,500,C3-rules-500,7,72,1698289
C3,500,C3-rules-500,7,73,1722215
C3,500,C3-rules-500,7,74,1748071
C3,500,C3-rules-500,7,75,1788698
C3,500,C3-rules-500,7,76,1707602
C3,500,C3-rules-500,7,77,1749348
C3,500,C3-rules-500,7,78,1734640
C3,500,C3-rules-500,7,79,1793989
C3,500,C3-rules-500,7,80,1731478
C3,500,C3-rules-500,7,81,1764163
C3,500,C3-rules-500,7,82,1719695
C3,500,C3-rules-500,7,83,1743565
C3,500,C3-rules-500,7,84,1717433
C3,500,C3-rules-500,7,85,1724929
C3,500,C3-rules-500,7,86,1724749
C3,500,C3-rules-500,7,87,1777267
C3,500,C3-rules-500,7,88,1738555
C3,500,C3-rules-500,7,89,1756743
C3,500,C3-rules-500,7,90,1736300
C3,500,C3-rules-500,7,91,1696782
C3,500,C3-rules-500,7,92,1746376
C3,500,C3-rules-500,7,93,1722849
C3,500,C3-rules-500,7,94,1734470
C3,500,C3-rules-500,7,95,1792886
C3,500,C3-rules-500,7,96,1777612
C3,500,C3-rules-500,7,97,1714759
C3,500,C3-rules-500,7,98,1726539
C3,500,C3-rules-500,7,99,1720431
C3,500,C3-rules-500,7,100,1700157
C3,500,C3-rules-500,8,1,1747563
C3,500,C3-rules-500,8,2,1714427
C3,500,C3-rules-500,8,3,1712296
C3,500,C3-rules-500,8,4,1742641
C3,500,C3-rules-500,8,5,1705590
C3,500,C3-rules-500,8,6,1762997
C3,500,C3-rules-500,8,7,1794054
C3,500,C3-rules-500,8,8,1700244
C3,500,C3-rules-500,8,9,1729628
C3,500,C3-rules-500,8,10,1713084
C3,500,C3-rules-500,8,11,1712361
C3,500,C3-rules-500,8,12,1777864
C3,500,C3-rules-500,8,13,1766113
C3,500,C3-rules-500,8,14,1778575
C3,500,C3-rules-500,8,15,1711008
C3,500,C3-rules-500,8,16,1734488
C3,500,C3-rules-500,8,17,1710545
C3,500,C3-rules-500,8,18,1777162
C3,500,C3-rules-500,8,19,1714011
C3,500,C3-rules-500,8,20,1761216
C3,500,C3-rules-500,8,21,1803600
C3,500,C3-rules-500,8,22,1810271
C3,500,C3-rules-500,8,23,1706804
C3,500,C3-rules-500,8,24,1711476
C3,500,C3-rules-500,8,25,1695238
C3,500,C3-rules-500,8,26,1734383
C3,500,C3-rules-500,8,27,1739011
C3,500,C3-rules-500,8,28,1726918
C3,500,C3-rules-500,8,29,1770021
C3,500,C3-rules-500,8,30,1710157
C3,500,C3-rules-500,8,31,1721718
C3,500,C3-rules-500,8,32,1699330
C3,500,C3-rules-500,8,33,1769182
C3,500,C3-rules-500,8,34,1762201
C3,500,C3-rules-500,8,35,1733388
C3,500,C3-rules-500,8,36,1713991
C3,500,C3-rules-500,8,37,1771823
C3,500,C3-rules-500,8,38,1745636
C3,500,C3-rules-500,8,39,1717090
C3,500,C3-rules-500,8,40,1722030
C3,500,C3-rules-500,8,41,1763334
C3,500,C3-rules-500,8,42,1709455
C3,500,C3-rules-500,8,43,1737696
C3,500,C3-rules-500,8,44,1735311
C3,500,C3-rules-500,8,45,1742577
C3,500,C3-rules-500,8,46,1744301
C3,500,C3-rules-500,8,47,1724780
C3,500,C3-rules-500,8,48,1706471
C3,500,C3-rules-500,8,49,5585804
C3,500,C3-rules-500,8,50,1888866
C3,500,C3-rules-500,8,51,1759708
C3,500,C3-rules-500,8,52,1752776
C3,500,C3-rules-500,8,53,1722843
C3,500,C3-rules-500,8,54,1766313
C3,500,C3-rules-500,8,55,1730819
C3,500,C3-rules-500,8,56,1734490
C3,500,C3-rules-500,8,57,1750161
C3,500,C3-rules-500,8,58,1733239
C3,500,C3-rules-500,8,59,1747921
C3,500,C3-rules-500,8,60,1727919
C3,500,C3-rules-500,8,61,1710130
C3,500,C3-rules-500,8,62,1745482
C3,500,C3-rules-500,8,63,1733284
C3,500,C3-rules-500,8,64,1730245
C3,500,C3-rules-500,8,65,1736985
C3,500,C3-rules-500,8,66,1744446
C3,500,C3-rules-500,8,67,1725223
C3,500,C3-rules-500,8,68,1713751
C3,500,C3-rules-500,8,69,1831539
C3,500,C3-rules-500,8,70,1757819
C3,500,C3-rules-500,8,71,1762735
C3,500,C3-rules-500,8,72,1728932
C3,500,C3-rules-500,8,73,1763620
C3,500,C3-rules-500,8,74,1731400
C3,500,C3-rules-500,8,75,1737871
C3,500,C3-rules-500,8,76,1772710
C3,500,C3-rules-500,8,77,1750026
C3,500,C3-rules-500,8,78,1726940
C3,500,C3-rules-500,8,79,1706810
C3,500,C3-rules-500,8,80,1779979
C3,500,C3-rules-500,8,81,1759730
C3,500,C3-rules-500,8,82,1773116
C3,500,C3-rules-500,8,83,1726164
C3,500,C3-rules-500,8,84,1723795
C3,500,C3-rules-500,8,85,1717182
C3,500,C3-rules-500,8,86,1728396
C3,500,C3-rules-500,8,87,1725448
C3,500,C3-rules-500,8,88,1762523
C3,500,C3-rules-500,8,89,1824574
C3,500,C3-rules-500,8,90,1722384
C3,500,C3-rules-500,8,91,1750214
C3,500,C3-rules-500,8,92,1747388
C3,500,C3-rules-500,8,93,1743955
C3,500,C3-rules-500,8,94,1726873
C3,500,C3-rules-500,8,95,1727262
C3,500,C3-rules-500,8,96,1765738
C3,500,C3-rules-500,8,97,1737473
C3,500,C3-rules-500,8,98,1812370
C3,500,C3-rules-500,8,99,1752997
C3,500,C3-rules-500,8,100,1800157
C1,100,C1-rules-100,1,1,288219
C1,100,C1-rules-100,1,2,283941
C1,100,C1-rules-100,1,3,288510
C1,100,C1-rules-100,1,4,286021
C1,100,C1-rules-100,1,5,288836
C1,100,C1-rules-100,1,6,287017
C1,100,C1-rules-100,1,7,289350
C1,100,C1-rules-100,1,8,296938
C1,100,C1-rules-100,1,9,283617
C1,100,C1-rules-100,1,10,295354
C1,100,C1-rules-100,1,11,299862
C1,100,C1-rules-100,1,12,285723
C1,100,C1-rules-100,1,13,285401
C1,100,C1-rules-100,1,14,297730
C1,100,C1-rules-100,1,15,287578
C1,100,C1-rules-100,1,16,284520
C1,100,C1-rules-100,1,17,286782
C1,100,C1-rules-100,1,18,283959
C1,100,C1-rules-100,1,19,289729
C1,100,C1-rules-100,1,20,289259
C1,100,C1-rules-100,1,21,287618
C1,100,C1-rules-100,1,22,282083
C1,100,C1-rules-100,1,23,287295
C1,100,C1-rules-100,1,24,293055
C1,100,C1-rules-100,1,25,288188
C1,100,C1-rules-100,1,26,289067
C1,100,C1-rules-100,1,27,299789
C1,100,C1-rules-100,1,28,287256
C1,100,C1-rules-100,1,29,288362
C1,100,C1-rules-100,1,30,282963
C1,100,C1-rules-100,1,31,287041
C1,100,C1-rules-100,1,32,285443
C1,100,C1-rules-100,1,33,284937
C1,100,C1-rules-100,1,34,282713
C1,100,C1-rules-100,1,35,288187
C1,100,C1-rules-100,1,36,284973
C1,100,C1-rules-100,1,37,288357
C1,100,C1-rules-100,1,38,294476
C1,100,C1-rules-100,1,39,297836
C1,100,C1-rules-100,1,40,291403
C1,100,C1-rules-100,1,41,292018
C1,100,C1-rules-100,1,42,283012
C1,100,C1-rules-100,1,43,286511
C1,100,C1-rules-100,1,44,283355
C1,100,C1-rules-100,1,45,288484
C1,100,C1-rules-100,1,46,294277
C1,100,C1-rules-100,1,47,288089
C1,100,C1-rules-100,1,48,285333
C1,100,C1-rules-100,1,49,289914
C1,100,C1-rules-100,1,50,288487
C1,100,C1-rules-100,1,51,288325
C1,100,C1-rules-100,1,52,297968
C1,100,C1-rules-100,1,53,285868
C1,100,C1-rules-100,1,54,283051
C1,100,C1-rules-100,1,55,297344
C1,100,C1-rules-100,1,56,288686
C1,100,C1-rules-100,1,57,285087
C1,100,C1-rules-100,1,58,284113
C1,100,C1-rules-100,1,59,286649
C1,100,C1-rules-100,1,60,287663
C1,100,C1-rules-100,1,61,285915
C1,100,C1-rules-100,1,62,287173
C1,100,C1-rules-100,1,63,287769
C1,100,C1-rules-100,1,64,285978
C1,100,C1-rules-100,1,65,286915
C1,100,C1-rules-100,1,66,293655
C1,100,C1-rules-100,1,67,286735
C1,100,C1-rules-100,1,68,290355
C1,100,C1-rules-100,1,69,285760
C1,100,C1-rules-100,1,70,284495
C1,100,C1-rules-100,1,71,284944
C1,100,C1-rules-100,1,72,283251
C1,100,C1-rules-100,1,73,284377
C1,100,C1-rules-100,1,74,283464
C1,100,C1-rules-100,1,75,285376
C1,100,C1-rules-100,1,76,285743
C1,100,C1-rules-100,1,77,286121
C1,100,C1-rules-100,1,78,282861
C1,100,C1-rules-100,1,79,287294
C1,100,C1-rules-100,1,80,283732
C1,100,C1-rules-100,1,81,284464
C1,100,C1-rules-100,1,82,283522
C1,100,C1-rules-100,1,83,294024
C1,100,C1-rules-100,1,84,288337
C1,100,C1-rules-100,1,85,286378
C1,100,C1-rules-100,1,86,284296
C1,100,C1-rules-100,1,87,286082
C1,100,C1-rules-100,1,88,285693
C1,100,C1-rules-100,1,89,284262
C1,100,C1-rules-100,1,90,282229
C1,100,C1-rules-100,1,91,289057
C1,100,C1-rules-100,1,92,290319
C1,100,C1-rules-100,1,93,290201
C1,100,C1-rules-100,1,94,290056
C1,100,C1-rules-100,1,95,284464
C1,100,C1-rules-100,1,96,285742
C1,100,C1-rules-100,1,97,289329
C1,100,C1-rules-100,1,98,286625
C1,100,C1-rules-100,1,99,285940
C1,100,C1-rules-100,1,100,285583
C1,100,C1-rules-100,2,1,290995
C1,100,C1-rules-100,2,2,286093
C1,100,C1-rules-100,2,3,284726
C1,100,C1-rules-100,2,4,285891
C1,100,C1-rules-100,2,5,284793
C1,100,C1-rules-100,2,6,287222
C1,100,C1-rules-100,2,7,297136
C1,100,C1-rules-100,2,8,286988
C1,100,C1-rules-100,2,9,287038
C1,100,C1-rules-100,2,10,286036
C1,100,C1-rules-100,2,11,284513
C1,100,C1-rules-100,2,12,285490
C1,100,C1-rules-100,2,13,285401
C1,100,C1-rules-100,2,14,284521
C1,100,C1-rules-100,2,15,292256
C1,100,C1-rules-100,2,16,284561
C1,100,C1-rules-100,2,17,287631
C1,100,C1-rules-100,2,18,286881
C1,100,C1-rules-100,2,19,283845
C1,100,C1-rules-100,2,20,286963
C1,100,C1-rules-100,2,21,296427
C1,100,C1-rules-100,2,22,283245
C1,100,C1-rules-100,2,23,282077
C1,100,C1-rules-100,2,24,285849
C1,100,C1-rules-100,2,25,286542
C1,100,C1-rules-100,2,26,283590
C1,100,C1-rules-100,2,27,299806
C1,100,C1-rules-100,2,28,290852
C1,100,C1-rules-100,2,29,290272
C1,100,C1-rules-100,2,30,291657
C1,100,C1-rules-100,2,31,284581
C1,100,C1-rules-100,2,32,286936
C1,100,C1-rules-100,2,33,285053
C1,100,C1-rules-100,2,34,285261
C1,100,C1-rules-100,2,35,287909
C1,100,C1-rules-100,2,36,287595
C1,100,C1-rules-100,2,37,285311
C1,100,C1-rules-100,2,38,284494
C1,100,C1-rules-100,2,39,284494
C1,100,C1-rules-100,2,40,285636
C1,100,C1-rules-100,2,41,284698
C1,100,C1-rules-100,2,42,285110
C1,100,C1-rules-100,2,43,283085
C1,100,C1-rules-100,2,44,287133
C1,100,C1-rules-100,2,45,287337
C1,100,C1-rules-100,2,46,292164
C1,100,C1-rules-100,2,47,289515
C1,100,C1-rules-100,2,48,289179
C1,100,C1-rules-100,2,49,284967
C1,100,C1-rules-100,2,50,285376
C1,100,C1-rules-100,2,51,284089
C1,100,C1-rules-100,2,52,285695
C1,100,C1-rules-100,2,53,286201
C1,100,C1-rules-100,2,54,286751
C1,100,C1-rules-100,2,55,282884
C1,100,C1-rules-100,2,56,287510
C1,100,C1-rules-100,2,57,285363
C1,100,C1-rules-100,2,58,289562
C1,100,C1-rules-100,2,59,283174
C1,100,C1-rules-100,2,60,285560
C1,100,C1-rules-100,2,61,283753
C1,100,C1-rules-100,2,62,290888
C1,100,C1-rules-100,2,63,287819
C1,100,C1-rules-100,2,64,285517
C1,100,C1-rules-100,2,65,291444
C1,100,C1-rules-100,2,66,296116
C1,100,C1-rules-100,2,67,286382
C1,100,C1-rules-100,2,68,291956
C1,100,C1-rules-100,2,69,288782
C1,100,C1-rules-100,2,70,293083
C1,100,C1-rules-100,2,71,289923
C1,100,C1-rules-100,2,72,293354
C1,100,C1-rules-100,2,73,286065
C1,100,C1-rules-100,2,74,286092
C1,100,C1-rules-100,2,75,284846
C1,100,C1-rules-100,2,76,297471
C1,100,C1-rules-100,2,77,285815
C1,100,C1-rules-100,2,78,284589
C1,100,C1-rules-100,2,79,284309
C1,100,C1-rules-100,2,80,284780
C1,100,C1-rules-100,2,81,284765
C1,100,C1-rules-100,2,82,284715
C1,100,C1-rules-100,2,83,281648
C1,100,C1-rules-100,2,84,290612
C1,100,C1-rules-100,2,85,285592
C1,100,C1-rules-100,2,86,284233
C1,100,C1-rules-100,2,87,282516
C1,100,C1-rules-100,2,88,284555
C1,100,C1-rules-100,2,89,286421
C1,100,C1-rules-100,2,90,296871
C1,100,C1-rules-100,2,91,286158
C1,100,C1-rules-100,2,92,287746
C1,100,C1-rules-100,2,93,286610
C1,100,C1-rules-100,2,94,287037
C1,100,C1-rules-100,2,95,287885
C1,100,C1-rules-100,2,96,287150
C1,100,C1-rules-100,2,97,292856
C1,100,C1-rules-100,2,98,287052
C1,100,C1-rules-100,2,99,285169
C1,100,C1-rules-100,2,100,288363
C1,100,C1-rules-100,3,1,293143
C1,100,C1-rules-100,3,2,292603
C1,100,C1-rules-100,3,3,284343
C1,100,C1-rules-100,3,4,290913
C1,100,C1-rules-100,3,5,289693
C1,100,C1-rules-100,3,6,285966
C1,100,C1-rules-100,3,7,282997
C1,100,C1-rules-100,3,8,285791
C1,100,C1-rules-100,3,9,287252
C1,100,C1-rules-100,3,10,285834
C1,100,C1-rules-100,3,11,287216
C1,100,C1-rules-100,3,12,293320
C1,100,C1-rules-100,3,13,286769
C1,100,C1-rules-100,3,14,284674
C1,100,C1-rules-100,3,15,287276
C1,100,C1-rules-100,3,16,282200
C1,100,C1-rules-100,3,17,294695
C1,100,C1-rules-100,3,18,295042
C1,100,C1-rules-100,3,19,284855
C1,100,C1-rules-100,3,20,285188
C1,100,C1-rules-100,3,21,287736
C1,100,C1-rules-100,3,22,289018
C1,100,C1-rules-100,3,23,291856
C1,100,C1-rules-100,3,24,287912
C1,100,C1-rules-100,3,25,293854
C1,100,C1-rules-100,3,26,295915
C1,100,C1-rules-100,3,27,289780
C1,100,C1-rules-100,3,28,287996
C1,100,C1-rules-100,3,29,290257
C1,100,C1-rules-100,3,30,286568
C1,100,C1-rules-100,3,31,293935
C1,100,C1-rules-100,3,32,287727
C1,100,C1-rules-100,3,33,287095
C1,100,C1-rules-100,3,34,283404
C1,100,C1-rules-100,3,35,284896
C1,100,C1-rules-100,3,36,284370
C1,100,C1-rules-100,3,37,287263
C1,100,C1-rules-100,3,38,288143
C1,100,C1-rules-100,3,39,284277
C1,100,C1-rules-100,3,40,282528
C1,100,C1-rules-100,3,41,289798
C1,100,C1-rules-100,3,42,293766
C1,100,C1-rules-100,3,43,287662
C1,100,C1-rules-100,3,44,298925
C1,100,C1-rules-100,3,45,303062
C1,100,C1-rules-100,3,46,289153
C1,100,C1-rules-100,3,47,289646
C1,100,C1-rules-100,3,48,287446
C1,100,C1-rules-100,3,49,300662
C1,100,C1-rules-100,3,50,287394
C1,100,C1-rules-100,3,51,294806
C1,100,C1-rules-100,3,52,283406
C1,100,C1-rules-100,3,53,285205
C1,100,C1-rules-100,3,54,286292
C1,100,C1-rules-100,3,55,284521
C1,100,C1-rules-100,3,56,282481
C1,100,C1-rules-100,3,57,285095
C1,100,C1-rules-100,3,58,284859
C1,100,C1-rules-100,3,59,297725
C1,100,C1-rules-100,3,60,283825
C1,100,C1-rules-100,3,61,284670
C1,100,C1-rules-100,3,62,283353
C1,100,C1-rules-100,3,63,284640
C1,100,C1-rules-100,3,64,285967
C1,100,C1-rules-100,3,65,290329
C1,100,C1-rules-100,3,66,284827
C1,100,C1-rules-100,3,67,294496
C1,100,C1-rules-100,3,68,283464
C1,100,C1-rules-100,3,69,286984
C1,100,C1-rules-100,3,70,282938
C1,100,C1-rules-100,3,71,287079
C1,100,C1-rules-100,3,72,285121
C1,100,C1-rules-100,3,73,298598
C1,100,C1-rules-100,3,74,287238
C1,100,C1-rules-100,3,75,287696
C1,100,C1-rules-100,3,76,285383
C1,100,C1-rules-100,3,77,288309
C1,100,C1-rules-100,3,78,293713
C1,100,C1-rules-100,3,79,288729
C1,100,C1-rules-100,3,80,285216
C1,100,C1-rules-100,3,81,286722
C1,100,C1-rules-100,3,82,285963
C1,100,C1-rules-100,3,83,283723
C1,100,C1-rules-100,3,84,284747
C1,100,C1-rules-100,3,85,287722
C1,100,C1-rules-100,3,86,291363
C1,100,C1-rules-100,3,87,293220
C1,100,C1-rules-100,3,88,286751
C1,100,C1-rules-100,3,89,293137
C1,100,C1-rules-100,3,90,289318
C1,100,C1-rules-100,3,91,286596
C1,100,C1-rules-100,3,92,284969
C1,100,C1-rules-100,3,93,289732
C1,100,C1-rules-100,3,94,292227
C1,100,C1-rules-100,3,95,294787
C1,100,C1-rules-100,3,96,283962
C1,100,C1-rules-100,3,97,287261
C1,100,C1-rules-100,3,98,287209
C1,100,C1-rules-100,3,99,289249
C1,100,C1-rules-100,3,100,295722
C1,100,C1-rules-100,4,1,289366
C1,100,C1-rules-100,4,2,285264
C1,100,C1-rules-100,4,3,285977
C1,100,C1-rules-100,4,4,282146
C1,100,C1-rules-100,4,5,284529
C1,100,C1-rules-100,4,6,285705
C1,100,C1-rules-100,4,7,286481
C1,100,C1-rules-100,4,8,288547
C1,100,C1-rules-100,4,9,290007
C1,100,C1-rules-100,4,10,285392
C1,100,C1-rules-100,4,11,286158
C1,100,C1-rules-100,4,12,283524
C1,100,C1-rules-100,4,13,287327
C1,100,C1-rules-100,4,14,288021
C1,100,C1-rules-100,4,15,284162
C1,100,C1-rules-100,4,16,283958
C1,100,C1-rules-100,4,17,286210
C1,100,C1-rules-100,4,18,285812
C1,100,C1-rules-100,4,19,283450
C1,100,C1-rules-100,4,20,286444
C1,100,C1-rules-100,4,21,285473
C1,100,C1-rules-100,4,22,284995
C1,100,C1-rules-100,4,23,284544
C1,100,C1-rules-100,4,24,285018
C1,100,C1-rules-100,4,25,285157
C1,100,C1-rules-100,4,26,284736
C1,100,C1-rules-100,4,27,285047
C1,100,C1-rules-100,4,28,297063
C1,100,C1-rules-100,4,29,293244
C1,100,C1-rules-100,4,30,288967
C1,100,C1-rules-100,4,31,286364
C1,100,C1-rules-100,4,32,287571
C1,100,C1-rules-100,4,33,283238
C1,100,C1-rules-100,4,34,289609
C1,100,C1-rules-100,4,35,1601806
C1,100,C1-rules-100,4,36,381566
C1,100,C1-rules-100,4,37,306830
C1,100,C1-rules-100,4,38,298998
C1,100,C1-rules-100,4,39,289152
C1,100,C1-rules-100,4,40,291440
C1,100,C1-rules-100,4,41,285651
C1,100,C1-rules-100,4,42,289481
C1,100,C1-rules-100,4,43,294125
C1,100,C1-rules-100,4,44,286692
C1,100,C1-rules-100,4,45,284808
C1,100,C1-rules-100,4,46,295062
C1,100,C1-rules-100,4,47,290191
C1,100,C1-rules-100,4,48,289957
C1,100,C1-rules-100,4,49,285842
C1,100,C1-rules-100,4,50,294759
C1,100,C1-rules-100,4,51,285161
C1,100,C1-rules-100,4,52,281838
C1,100,C1-rules-100,4,53,281684
C1,100,C1-rules-100,4,54,288716
C1,100,C1-rules-100,4,55,284902
C1,100,C1-rules-100,4,56,299189
C1,100,C1-rules-100,4,57,282925
C1,100,C1-rules-100,4,58,282342
C1,100,C1-rules-100,4,59,282553
C1,100,C1-rules-100,4,60,283629
C1,100,C1-rules-100,4,61,284885
C1,100,C1-rules-100,4,62,288911
C1,100,C1-rules-100,4,63,285407
C1,100,C1-rules-100,4,64,297264
C1,100,C1-rules-100,4,65,298032
C1,100,C1-rules-100,4,66,283850
C1,100,C1-rules-100,4,67,284925
C1,100,C1-rules-100,4,68,286940
C1,100,C1-rules-100,4,69,282646
C1,100,C1-rules-100,4,70,289131
C1,100,C1-rules-100,4,71,288941
C1,100,C1-rules-100,4,72,285299
C1,100,C1-rules-100,4,73,282097
C1,100,C1-rules-100,4,74,285180
C1,100,C1-rules-100,4,75,288607
C1,100,C1-rules-100,4,76,288426
C1,100,C1-rules-100,4,77,282954
C1,100,C1-rules-100,4,78,297218
C1,100,C1-rules-100,4,79,284846
C1,100,C1-rules-100,4,80,294662
C1,100,C1-rules-100,4,81,283993
C1,100,C1-rules-100,4,82,284443
C1,100,C1-rules-100,4,83,287284
C1,100,C1-rules-100,4,84,283306
C1,100,C1-rules-100,4,85,284406
C1,100,C1-rules-100,4,86,296042
C1,100,C1-rules-100,4,87,286216
C1,100,C1-rules-100,4,88,284247
C1,100,C1-rules-100,4,89,283154
C1,100,C1-rules-100,4,90,283951
C1,100,C1-rules-100,4,91,287837
C1,100,C1-rules-100,4,92,294818
C1,100,C1-rules-100,4,93,281092
C1,100,C1-rules-100,4,94,286576
C1,100,C1-rules-100,4,95,283129
C1,100,C1-rules-100,4,96,293375
C1,100,C1-rules-100,4,97,284832
C1,100,C1-rules-100,4,98,283874
C1,100,C1-rules-100,4,99,282421
C1,100,C1-rules-100,4,100,282513
C1,100,C1-rules-100,5,1,286952
C1,100,C1-rules-100,5,2,287617
C1,100,C1-rules-100,5,3,283912
C1,100,C1-rules-100,5,4,284957
C1,100,C1-rules-100,5,5,289458
C1,100,C1-rules-100,5,6,292034
C1,100,C1-rules-100,5,7,287868
C1,100,C1-rules-100,5,8,285960
C1,100,C1-rules-100,5,9,285540
C1,100,C1-rules-100,5,10,288168
C1,100,C1-rules-100,5,11,286373
C1,100,C1-rules-100,5,12,288178
C1,100,C1-rules-100,5,13,285955
C1,100,C1-rules-100,5,14,285893
C1,100,C1-rules-100,5,15,285052
C1,100,C1-rules-100,5,16,285461
C1,100,C1-rules-100,5,17,289006
C1,100,C1-rules-100,5,18,286983
C1,100,C1-rules-100,5,19,293253
C1,100,C1-rules-100,5,20,286151
C1,100,C1-rules-100,5,21,282522
C1,100,C1-rules-100,5,22,288879
C1,100,C1-rules-100,5,23,292892
C1,100,C1-rules-100,5,24,284216
C1,100,C1-rules-100,5,25,281543
C1,100,C1-rules-100,5,26,284248
C1,100,C1-rules-100,5,27,281457
C1,100,C1-rules-100,5,28,284282
C1,100,C1-rules-100,5,29,281923
C1,100,C1-rules-100,5,30,283466
C1,100,C1-rules-100,5,31,283252
C1,100,C1-rules-100,5,32,289469
C1,100,C1-rules-100,5,33,290327
C1,100,C1-rules-100,5,34,282261
C1,100,C1-rules-100,5,35,285014
C1,100,C1-rules-100,5,36,295867
C1,100,C1-rules-100,5,37,281523
C1,100,C1-rules-100,5,38,285523
C1,100,C1-rules-100,5,39,283568
C1,100,C1-rules-100,5,40,283282
C1,100,C1-rules-100,5,41,283791
C1,100,C1-rules-100,5,42,280606
C1,100,C1-rules-100,5,43,284724
C1,100,C1-rules-100,5,44,282810
C1,100,C1-rules-100,5,45,283026
C1,100,C1-rules-100,5,46,280805
C1,100,C1-rules-100,5,47,290352
C1,100,C1-rules-100,5,48,290389
C1,100,C1-rules-100,5,49,291708
C1,100,C1-rules-100,5,50,286551
C1,100,C1-rules-100,5,51,286634
C1,100,C1-rules-100,5,52,287256
C1,100,C1-rules-100,5,53,284838
C1,100,C1-rules-100,5,54,284434
C1,100,C1-rules-100,5,55,288160
C1,100,C1-rules-100,5,56,287008
C1,100,C1-rules-100,5,57,285508
C1,100,C1-rules-100,5,58,290979
C1,100,C1-rules-100,5,59,286708
C1,100,C1-rules-100,5,60,288554
C1,100,C1-rules-100,5,61,297329
C1,100,C1-rules-100,5,62,282108
C1,100,C1-rules-100,5,63,286368
C1,100,C1-rules-100,5,64,285558
C1,100,C1-rules-100,5,65,287494
C1,100,C1-rules-100,5,66,281845
C1,100,C1-rules-100,5,67,284263
C1,100,C1-rules-100,5,68,282295
C1,100,C1-rules-100,5,69,288968
C1,100,C1-rules-100,5,70,284123
C1,100,C1-rules-100,5,71,289501
C1,100,C1-rules-100,5,72,284003
C1,100,C1-rules-100,5,73,301152
C1,100,C1-rules-100,5,74,303980
C1,100,C1-rules-100,5,75,307984
C1,100,C1-rules-100,5,76,288942
C1,100,C1-rules-100,5,77,288929
C1,100,C1-rules-100,5,78,283319
C1,100,C1-rules-100,5,79,284989
C1,100,C1-rules-100,5,80,281779
C1,100,C1-rules-100,5,81,288086
C1,100,C1-rules-100,5,82,287767
C1,100,C1-rules-100,5,83,289258
C1,100,C1-rules-100,5,84,285928
C1,100,C1-rules-100,5,85,290493
C1,100,C1-rules-100,5,86,287265
C1,100,C1-rules-100,5,87,286630
C1,100,C1-rules-100,5,88,295093
C1,100,C1-rules-100,5,89,287398
C1,100,C1-rules-100,5,90,282168
C1,100,C1-rules-100,5,91,284767
C1,100,C1-rules-100,5,92,283884
C1,100,C1-rules-100,5,93,286785
C1,100,C1-rules-100,5,94,281732
C1,100,C1-rules-100,5,95,290809
C1,100,C1-rules-100,5,96,291022
C1,100,C1-rules-100,5,97,287043
C1,100,C1-rules-100,5,98,281619
C1,100,C1-rules-100,5,99,287710
C1,100,C1-rules-100,5,100,285984
C1,100,C1-rules-100,6,1,290802
C1,100,C1-rules-100,6,2,294204
C1,100,C1-rules-100,6,3,285382
C1,100,C1-rules-100,6,4,283868
C1,100,C1-rules-100,6,5,283846
C1,100,C1-rules-100,6,6,283181
C1,100,C1-rules-100,6,7,286770
C1,100,C1-rules-100,6,8,285583
C1,100,C1-rules-100,6,9,288622
C1,100,C1-rules-100,6,10,289059
C1,100,C1-rules-100,6,11,288682
C1,100,C1-rules-100,6,12,285762
C1,100,C1-rules-100,6,13,284388
C1,100,C1-rules-100,6,14,284690
C1,100,C1-rules-100,6,15,287074
C1,100,C1-rules-100,6,16,288968
C1,100,C1-rules-100,6,17,287250
C1,100,C1-rules-100,6,18,284105
C1,100,C1-rules-100,6,19,285594
C1,100,C1-rules-100,6,20,293438
C1,100,C1-rules-100,6,21,283132
C1,100,C1-rules-100,6,22,281453
C1,100,C1-rules-100,6,23,283890
C1,100,C1-rules-100,6,24,286249
C1,100,C1-rules-100,6,25,284757
C1,100,C1-rules-100,6,26,284066
C1,100,C1-rules-100,6,27,285063
C1,100,C1-rules-100,6,28,287312
C1,100,C1-rules-100,6,29,283643
C1,100,C1-rules-100,6,30,297297
C1,100,C1-rules-100,6,31,287502
C1,100,C1-rules-100,6,32,284425
C1,100,C1-rules-100,6,33,285344
C1,100,C1-rules-100,6,34,282018
C1,100,C1-rules-100,6,35,284325
C1,100,C1-rules-100,6,36,284893
C1,100,C1-rules-100,6,37,284864
C1,100,C1-rules-100,6,38,281330
C1,100,C1-rules-100,6,39,283819
C1,100,C1-rules-100,6,40,290365
C1,100,C1-rules-100,6,41,286387
C1,100,C1-rules-100,6,42,283968
C1,100,C1-rules-100,6,43,286633
C1,100,C1-rules-100,6,44,294836
C1,100,C1-rules-100,6,45,291374
C1,100,C1-rules-100,6,46,283544
C1,100,C1-rules-100,6,47,285919
C1,100,C1-rules-100,6,48,284767
C1,100,C1-rules-100,6,49,286171
C1,100,C1-rules-100,6,50,282464
C1,100,C1-rules-100,6,51,285236
C1,100,C1-rules-100,6,52,286128
C1,100,C1-rules-100,6,53,290305
C1,100,C1-rules-100,6,54,281226
C1,100,C1-rules-100,6,55,288401
C1,100,C1-rules-100,6,56,290889
C1,100,C1-rules-100,6,57,287937
C1,100,C1-rules-100,6,58,285904
C1,100,C1-rules-100,6,59,279550
C1,100,C1-rules-100,6,60,284179
C1,100,C1-rules-100,6,61,281599
C1,100,C1-rules-100,6,62,285963
C1,100,C1-rules-100,6,63,283606
C1,100,C1-rules-100,6,64,285343
C1,100,C1-rules-100,6,65,283533
C1,100,C1-rules-100,6,66,283935
C1,100,C1-rules-100,6,67,282779
C1,100,C1-rules-100,6,68,286060
C1,100,C1-rules-100,6,69,284352
C1,100,C1-rules-100,6,70,284742
C1,100,C1-rules-100,6,71,285697
C1,100,C1-rules-100,6,72,288356
C1,100,C1-rules-100,6,73,283038
C1,100,C1-rules-100,6,74,283474
C1,100,C1-rules-100,6,75,283562
C1,100,C1-rules-100,6,76,282054
C1,100,C1-rules-100,6,77,283797
C1,100,C1-rules-100,6,78,284744
C1,100,C1-rules-100,6,79,282969
C1,100,C1-rules-100,6,80,283710
C1,100,C1-rules-100,6,81,285405
C1,100,C1-rules-100,6,82,285664
C1,100,C1-rules-100,6,83,288388
C1,100,C1-rules-100,6,84,287460
C1,100,C1-rules-100,6,85,288322
C1,100,C1-rules-100,6,86,303401
C1,100,C1-rules-100,6,87,287214
C1,100,C1-rules-100,6,88,294031
C1,100,C1-rules-100,6,89,291128
C1,100,C1-rules-100,6,90,286599
C1,100,C1-rules-100,6,91,284747
C1,100,C1-rules-100,6,92,286311
C1,100,C1-rules-100,6,93,282300
C1,100,C1-rules-100,6,94,295055
C1,100,C1-rules-100,6,95,280101
C1,100,C1-rules-100,6,96,283145
C1,100,C1-rules-100,6,97,284304
C1,100,C1-rules-100,6,98,282925
C1,100,C1-rules-100,6,99,288357
C1,100,C1-rules-100,6,100,287820
C1,100,C1-rules-100,7,1,296985
C1,100,C1-rules-100,7,2,286596
C1,100,C1-rules-100,7,3,280651
C1,100,C1-rules-100,7,4,305927
C1,100,C1-rules-100,7,5,293463
C1,100,C1-rules-100,7,6,298452
C1,100,C1-rules-100,7,7,290608
C1,100,C1-rules-100,7,8,289183
C1,100,C1-rules-100,7,9,286126
C1,100,C1-rules-100,7,10,303476
C1,100,C1-rules-100,7,11,286911
C1,100,C1-rules-100,7,12,285333
C1,100,C1-rules-100,7,13,297606
C1,100,C1-rules-100,7,14,285747
C1,100,C1-rules-100,7,15,282165
C1,100,C1-rules-100,7,16,284386
C1,100,C1-rules-100,7,17,285067
C1,100,C1-rules-100,7,18,284895
C1,100,C1-rules-100,7,19,282850
C1,100,C1-rules-100,7,20,284567
C1,100,C1-rules-100,7,21,282379
C1,100,C1-rules-100,7,22,283582
C1,100,C1-rules-100,7,23,281175
C1,100,C1-rules-100,7,24,284510
C1,100,C1-rules-100,7,25,284497
C1,100,C1-rules-100,7,26,284102
C1,100,C1-rules-100,7,27,292391
C1,100,C1-rules-100,7,28,288619
C1,100,C1-rules-100,7,29,286958
C1,100,C1-rules-100,7,30,283862
C1,100,C1-rules-100,7,31,278677
C1,100,C1-rules-100,7,32,291525
C1,100,C1-rules-100,7,33,288975
C1,100,C1-rules-100,7,34,286366
C1,100,C1-rules-100,7,35,282259
C1,100,C1-rules-100,7,36,284732
C1,100,C1-rules-100,7,37,284232
C1,100,C1-rules-100,7,38,283417
C1,100,C1-rules-100,7,39,280988
C1,100,C1-rules-100,7,40,286776
C1,100,C1-rules-100,7,41,298051
C1,100,C1-rules-100,7,42,285089
C1,100,C1-rules-100,7,43,280527
C1,100,C1-rules-100,7,44,283733
C1,100,C1-rules-100,7,45,285021
C1,100,C1-rules-100,7,46,286289
C1,100,C1-rules-100,7,47,283596
C1,100,C1-rules-100,7,48,288389
C1,100,C1-rules-100,7,49,284353
C1,100,C1-rules-100,7,50,286086
C1,100,C1-rules-100,7,51,280563
C1,100,C1-rules-100,7,52,284004
C1,100,C1-rules-100,7,53,281300
C1,100,C1-rules-100,7,54,286934
C1,100,C1-rules-100,7,55,282045
C1,100,C1-rules-100,7,56,284297
C1,100,C1-rules-100,7,57,282354
C1,100,C1-rules-100,7,58,283215
C1,100,C1-rules-100,7,59,279521
C1,100,C1-rules-100,7,60,281797
C1,100,C1-rules-100,7,61,283926
C1,100,C1-rules-100,7,62,288384
C1,100,C1-rules-100,7,63,280627
C1,100,C1-rules-100,7,64,282385
C1,100,C1-rules-100,7,65,282064
C1,100,C1-rules-100,7,66,281175
C1,100,C1-rules-100,7,67,282454
C1,100,C1-rules-100,7,68,284112
C1,100,C1-rules-100,7,69,288371
C1,100,C1-rules-100,7,70,283022
C1,100,C1-rules-100,7,71,286004
C1,100,C1-rules-100,7,72,281221
C1,100,C1-rules-100,7,73,286171
C1,100,C1-rules-100,7,74,285192
C1,100,C1-rules-100,7,75,284668
C1,100,C1-rules-100,7,76,294219
C1,100,C1-rules-100,7,77,285488
C1,100,C1-rules-100,7,78,284567
C1,100,C1-rules-100,7,79,290799
C1,100,C1-rules-100,7,80,287424
C1,100,C1-rules-100,7,81,288902
C1,100,C1-rules-100,7,82,288934
C1,100,C1-rules-100,7,83,293585
C1,100,C1-rules-100,7,84,288988
C1,100,C1-rules-100,7,85,288275
C1,100,C1-rules-100,7,86,286600
C1,100,C1-rules-100,7,87,284884
C1,100,C1-rules-100,7,88,282144
C1,100,C1-rules-100,7,89,286543
C1,100,C1-rules-100,7,90,283613
C1,100,C1-rules-100,7,91,286930
C1,100,C1-rules-100,7,92,291130
C1,100,C1-rules-100,7,93,286467
C1,100,C1-rules-100,7,94,284553
C1,100,C1-rules-100,7,95,285130
C1,100,C1-rules-100,7,96,295850
C1,100,C1-rules-100,7,97,293921
C1,100,C1-rules-100,7,98,289095
C1,100,C1-rules-100,7,99,286744
C1,100,C1-rules-100,7,100,282095
C1,100,C1-rules-100,8,1,291018
C1,100,C1-rules-100,8,2,287569
C1,100,C1-rules-100,8,3,287032
C1,100,C1-rules-100,8,4,282891
C1,100,C1-rules-100,8,5,287087
C1,100,C1-rules-100,8,6,292186
C1,100,C1-rules-100,8,7,289654
C1,100,C1-rules-100,8,8,286226
C1,100,C1-rules-100,8,9,284199
C1,100,C1-rules-100,8,10,305211
C1,100,C1-rules-100,8,11,283189
C1,100,C1-rules-100,8,12,280254
C1,100,C1-rules-100,8,13,292198
C1,100,C1-rules-100,8,14,283206
C1,100,C1-rules-100,8,15,283329
C1,100,C1-rules-100,8,16,279558
C1,100,C1-rules-100,8,17,286914
C1,100,C1-rules-100,8,18,284031
C1,100,C1-rules-100,8,19,285542
C1,100,C1-rules-100,8,20,299886
C1,100,C1-rules-100,8,21,284911
C1,100,C1-rules-100,8,22,294615
C1,100,C1-rules-100,8,23,299631
C1,100,C1-rules-100,8,24,294397
C1,100,C1-rules-100,8,25,294711
C1,100,C1-rules-100,8,26,303020
C1,100,C1-rules-100,8,27,283667
C1,100,C1-rules-100,8,28,282553
C1,100,C1-rules-100,8,29,285202
C1,100,C1-rules-100,8,30,285541
C1,100,C1-rules-100,8,31,283742
C1,100,C1-rules-100,8,32,289788
C1,100,C1-rules-100,8,33,285399
C1,100,C1-rules-100,8,34,284123
C1,100,C1-rules-100,8,35,282918
C1,100,C1-rules-100,8,36,280537
C1,100,C1-rules-100,8,37,289264
C1,100,C1-rules-100,8,38,283129
C1,100,C1-rules-100,8,39,281947
C1,100,C1-rules-100,8,40,281664
C1,100,C1-rules-100,8,41,282408
C1,100,C1-rules-100,8,42,286224
C1,100,C1-rules-100,8,43,286988
C1,100,C1-rules-100,8,44,280698
C1,100,C1-rules-100,8,45,283110
C1,100,C1-rules-100,8,46,282247
C1,100,C1-rules-100,8,47,289189
C1,100,C1-rules-100,8,48,282601
C1,100,C1-rules-100,8,49,283516
C1,100,C1-rules-100,8,50,281803
C1,100,C1-rules-100,8,51,286383
C1,100,C1-rules-100,8,52,282225
C1,100,C1-rules-100,8,53,286613
C1,100,C1-rules-100,8,54,284307
C1,100,C1-rules-100,8,55,282788
C1,100,C1-rules-100,8,56,281483
C1,100,C1-rules-100,8,57,282853
C1,100,C1-rules-100,8,58,283061
C1,100,C1-rules-100,8,59,284021
C1,100,C1-rules-100,8,60,281312
C1,100,C1-rules-100,8,61,285165
C1,100,C1-rules-100,8,62,289053
C1,100,C1-rules-100,8,63,283006
C1,100,C1-rules-100,8,64,280698
C1,100,C1-rules-100,8,65,286450
C1,100,C1-rules-100,8,66,283836
C1,100,C1-rules-100,8,67,283484
C1,100,C1-rules-100,8,68,283428
C1,100,C1-rules-100,8,69,281628
C1,100,C1-rules-100,8,70,292076
C1,100,C1-rules-100,8,71,288802
C1,100,C1-rules-100,8,72,284427
C1,100,C1-rules-100,8,73,287288
C1,100,C1-rules-100,8,74,292221
C1,100,C1-rules-100,8,75,283115
C1,100,C1-rules-100,8,76,282621
C1,100,C1-rules-100,8,77,283640
C1,100,C1-rules-100,8,78,283721
C1,100,C1-rules-100,8,79,286273
C1,100,C1-rules-100,8,80,281679
C1,100,C1-rules-100,8,81,285225
C1,100,C1-rules-100,8,82,288114
C1,100,C1-rules-100,8,83,288899
C1,100,C1-rules-100,8,84,282837
C1,100,C1-rules-100,8,85,285034
C1,100,C1-rules-100,8,86,286368
C1,100,C1-rules-100,8,87,285794
C1,100,C1-rules-100,8,88,283317
C1,100,C1-rules-100,8,89,290038
C1,100,C1-rules-100,8,90,291756
C1,100,C1-rules-100,8,91,286795
C1,100,C1-rules-100,8,92,285713
C1,100,C1-rules-100,8,93,284528
C1,100,C1-rules-100,8,94,287205
C1,100,C1-rules-100,8,95,288503
C1,100,C1-rules-100,8,96,281582
C1,100,C1-rules-100,8,97,280178
C1,100,C1-rules-100,8,98,284444
C1,100,C1-rules-100,8,99,285185
C1,100,C1-rules-100,8,100,284348
C6,50,C6-rules-050,1,1,313741
C6,50,C6-rules-050,1,2,315479
C6,50,C6-rules-050,1,3,312337
C6,50,C6-rules-050,1,4,311234
C6,50,C6-rules-050,1,5,314793
C6,50,C6-rules-050,1,6,320530
C6,50,C6-rules-050,1,7,314752
C6,50,C6-rules-050,1,8,313211
C6,50,C6-rules-050,1,9,326531
C6,50,C6-rules-050,1,10,314473
C6,50,C6-rules-050,1,11,312841
C6,50,C6-rules-050,1,12,316029
C6,50,C6-rules-050,1,13,315944
C6,50,C6-rules-050,1,14,315339
C6,50,C6-rules-050,1,15,319082
C6,50,C6-rules-050,1,16,314090
C6,50,C6-rules-050,1,17,316048
C6,50,C6-rules-050,1,18,315065
C6,50,C6-rules-050,1,19,314441
C6,50,C6-rules-050,1,20,312926
C6,50,C6-rules-050,1,21,311207
C6,50,C6-rules-050,1,22,327484
C6,50,C6-rules-050,1,23,314674
C6,50,C6-rules-050,1,24,315769
C6,50,C6-rules-050,1,25,317250
C6,50,C6-rules-050,1,26,318222
C6,50,C6-rules-050,1,27,320778
C6,50,C6-rules-050,1,28,329215
C6,50,C6-rules-050,1,29,313622
C6,50,C6-rules-050,1,30,312875
C6,50,C6-rules-050,1,31,316192
C6,50,C6-rules-050,1,32,315720
C6,50,C6-rules-050,1,33,315786
C6,50,C6-rules-050,1,34,326419
C6,50,C6-rules-050,1,35,314856
C6,50,C6-rules-050,1,36,317734
C6,50,C6-rules-050,1,37,313860
C6,50,C6-rules-050,1,38,313539
C6,50,C6-rules-050,1,39,312412
C6,50,C6-rules-050,1,40,312897
C6,50,C6-rules-050,1,41,314408
C6,50,C6-rules-050,1,42,313647
C6,50,C6-rules-050,1,43,317466
C6,50,C6-rules-050,1,44,318932
C6,50,C6-rules-050,1,45,317904
C6,50,C6-rules-050,1,46,312559
C6,50,C6-rules-050,1,47,325961
C6,50,C6-rules-050,1,48,317108
C6,50,C6-rules-050,1,49,316537
C6,50,C6-rules-050,1,50,314536
C6,50,C6-rules-050,1,51,319346
C6,50,C6-rules-050,1,52,317099
C6,50,C6-rules-050,1,53,324765
C6,50,C6-rules-050,1,54,313690
C6,50,C6-rules-050,1,55,314805
C6,50,C6-rules-050,1,56,319848
C6,50,C6-rules-050,1,57,315681
C6,50,C6-rules-050,1,58,314940
C6,50,C6-rules-050,1,59,329782
C6,50,C6-rules-050,1,60,316547
C6,50,C6-rules-050,1,61,317074
C6,50,C6-rules-050,1,62,320441
C6,50,C6-rules-050,1,63,313005
C6,50,C6-rules-050,1,64,316227
C6,50,C6-rules-050,1,65,323139
C6,50,C6-rules-050,1,66,314229
C6,50,C6-rules-050,1,67,335800
C6,50,C6-rules-050,1,68,323817
C6,50,C6-rules-050,1,69,318469
C6,50,C6-rules-050,1,70,327705
C6,50,C6-rules-050,1,71,323727
C6,50,C6-rules-050,1,72,333440
C6,50,C6-rules-050,1,73,314324
C6,50,C6-rules-050,1,74,313684
C6,50,C6-rules-050,1,75,317924
C6,50,C6-rules-050,1,76,315364
C6,50,C6-rules-050,1,77,314572
C6,50,C6-rules-050,1,78,319552
C6,50,C6-rules-050,1,79,312915
C6,50,C6-rules-050,1,80,311507
C6,50,C6-rules-050,1,81,313550
C6,50,C6-rules-050,1,82,312020
C6,50,C6-rules-050,1,83,313220
C6,50,C6-rules-050,1,84,323093
C6,50,C6-rules-050,1,85,315334
C6,50,C6-rules-050,1,86,314825
C6,50,C6-rules-050,1,87,321408
C6,50,C6-rules-050,1,88,314329
C6,50,C6-rules-050,1,89,324964
C6,50,C6-rules-050,1,90,314827
C6,50,C6-rules-050,1,91,312445
C6,50,C6-rules-050,1,92,313122
C6,50,C6-rules-050,1,93,315779
C6,50,C6-rules-050,1,94,316060
C6,50,C6-rules-050,1,95,314499
C6,50,C6-rules-050,1,96,312845
C6,50,C6-rules-050,1,97,322994
C6,50,C6-rules-050,1,98,313843
C6,50,C6-rules-050,1,99,313906
C6,50,C6-rules-050,1,100,315122
C6,50,C6-rules-050,2,1,315827
C6,50,C6-rules-050,2,2,315884
C6,50,C6-rules-050,2,3,319202
C6,50,C6-rules-050,2,4,326502
C6,50,C6-rules-050,2,5,324229
C6,50,C6-rules-050,2,6,316950
C6,50,C6-rules-050,2,7,316978
C6,50,C6-rules-050,2,8,317211
C6,50,C6-rules-050,2,9,319446
C6,50,C6-rules-050,2,10,312575
C6,50,C6-rules-050,2,11,311868
C6,50,C6-rules-050,2,12,316953
C6,50,C6-rules-050,2,13,312795
C6,50,C6-rules-050,2,14,312994
C6,50,C6-rules-050,2,15,323225
C6,50,C6-rules-050,2,16,316169
C6,50,C6-rules-050,2,17,312839
C6,50,C6-rules-050,2,18,311224
C6,50,C6-rules-050,2,19,315008
C6,50,C6-rules-050,2,20,314573
C6,50,C6-rules-050,2,21,317459
C6,50,C6-rules-050,2,22,329445
C6,50,C6-rules-050,2,23,313128
C6,50,C6-rules-050,2,24,312077
C6,50,C6-rules-050,2,25,314683
C6,50,C6-rules-050,2,26,315671
C6,50,C6-rules-050,2,27,313541
C6,50,C6-rules-050,2,28,316330
C6,50,C6-rules-050,2,29,317743
C6,50,C6-rules-050,2,30,315048
C6,50,C6-rules-050,2,31,314803
C6,50,C6-rules-050,2,32,317503
C6,50,C6-rules-050,2,33,326701
C6,50,C6-rules-050,2,34,330695
C6,50,C6-rules-050,2,35,317353
C6,50,C6-rules-050,2,36,313559
C6,50,C6-rules-050,2,37,314515
C6,50,C6-rules-050,2,38,317409
C6,50,C6-rules-050,2,39,312331
C6,50,C6-rules-050,2,40,311680
C6,50,C6-rules-050,2,41,310402
C6,50,C6-rules-050,2,42,311920
C6,50,C6-rules-050,2,43,311371
C6,50,C6-rules-050,2,44,316286
C6,50,C6-rules-050,2,45,314218
C6,50,C6-rules-050,2,46,340619
C6,50,C6-rules-050,2,47,327086
C6,50,C6-rules-050,2,48,326648
C6,50,C6-rules-050,2,49,314379
C6,50,C6-rules-050,2,50,313619
C6,50,C6-rules-050,2,51,314440
C6,50,C6-rules-050,2,52,315425
C6,50,C6-rules-050,2,53,316479
C6,50,C6-rules-050,2,54,315722
C6,50,C6-rules-050,2,55,314587
C6,50,C6-rules-050,2,56,312429
C6,50,C6-rules-050,2,57,317526
C6,50,C6-rules-050,2,58,316567
C6,50,C6-rules-050,2,59,326122
C6,50,C6-rules-050,2,60,315817
C6,50,C6-rules-050,2,61,319137
C6,50,C6-rules-050,2,62,316978
C6,50,C6-rules-050,2,63,315622
C6,50,C6-rules-050,2,64,312526
C6,50,C6-rules-050,2,65,310560
C6,50,C6-rules-050,2,66,313058
C6,50,C6-rules-050,2,67,313182
C6,50,C6-rules-050,2,68,319877
C6,50,C6-rules-050,2,69,316290
C6,50,C6-rules-050,2,70,314659
C6,50,C6-rules-050,2,71,311329
C6,50,C6-rules-050,2,72,325618
C6,50,C6-rules-050,2,73,314335
C6,50,C6-rules-050,2,74,319872
C6,50,C6-rules-050,2,75,313133
C6,50,C6-rules-050,2,76,340647
C6,50,C6-rules-050,2,77,313795
C6,50,C6-rules-050,2,78,316099
C6,50,C6-rules-050,2,79,316416
C6,50,C6-rules-050,2,80,314688
C6,50,C6-rules-050,2,81,316566
C6,50,C6-rules-050,2,82,312999
C6,50,C6-rules-050,2,83,312731
C6,50,C6-rules-050,2,84,319024
C6,50,C6-rules-050,2,85,314923
C6,50,C6-rules-050,2,86,321540
C6,50,C6-rules-050,2,87,313995
C6,50,C6-rules-050,2,88,313728
C6,50,C6-rules-050,2,89,317569
C6,50,C6-rules-050,2,90,315742
C6,50,C6-rules-050,2,91,314867
C6,50,C6-rules-050,2,92,316460
C6,50,C6-rules-050,2,93,315906
C6,50,C6-rules-050,2,94,315251
C6,50,C6-rules-050,2,95,315559
C6,50,C6-rules-050,2,96,314017
C6,50,C6-rules-050,2,97,334774
C6,50,C6-rules-050,2,98,317227
C6,50,C6-rules-050,2,99,317526
C6,50,C6-rules-050,2,100,320272
C6,50,C6-rules-050,3,1,329199
C6,50,C6-rules-050,3,2,315317
C6,50,C6-rules-050,3,3,316617
C6,50,C6-rules-050,3,4,318850
C6,50,C6-rules-050,3,5,317263
C6,50,C6-rules-050,3,6,321678
C6,50,C6-rules-050,3,7,9278344
C6,50,C6-rules-050,3,8,463876
C6,50,C6-rules-050,3,9,358529
C6,50,C6-rules-050,3,10,334435
C6,50,C6-rules-050,3,11,328496
C6,50,C6-rules-050,3,12,333296
C6,50,C6-rules-050,3,13,331068
C6,50,C6-rules-050,3,14,319268
C6,50,C6-rules-050,3,15,317896
C6,50,C6-rules-050,3,16,312426
C6,50,C6-rules-050,3,17,313318
C6,50,C6-rules-050,3,18,334210
C6,50,C6-rules-050,3,19,333237
C6,50,C6-rules-050,3,20,317252
C6,50,C6-rules-050,3,21,316380
C6,50,C6-rules-050,3,22,316813
C6,50,C6-rules-050,3,23,315572
C6,50,C6-rules-050,3,24,325339
C6,50,C6-rules-050,3,25,315943
C6,50,C6-rules-050,3,26,318629
C6,50,C6-rules-050,3,27,318098
C6,50,C6-rules-050,3,28,317854
C6,50,C6-rules-050,3,29,315355
C6,50,C6-rules-050,3,30,322711
C6,50,C6-rules-050,3,31,326997
C6,50,C6-rules-050,3,32,319155
C6,50,C6-rules-050,3,33,325317
C6,50,C6-rules-050,3,34,315736
C6,50,C6-rules-050,3,35,315320
C6,50,C6-rules-050,3,36,316297
C6,50,C6-rules-050,3,37,317867
C6,50,C6-rules-050,3,38,316328
C6,50,C6-rules-050,3,39,323881
C6,50,C6-rules-050,3,40,330008
C6,50,C6-rules-050,3,41,332854
C6,50,C6-rules-050,3,42,322038
C6,50,C6-rules-050,3,43,320076
C6,50,C6-rules-050,3,44,314243
C6,50,C6-rules-050,3,45,318586
C6,50,C6-rules-050,3,46,313915
C6,50,C6-rules-050,3,47,315712
C6,50,C6-rules-050,3,48,314722
C6,50,C6-rules-050,3,49,318183
C6,50,C6-rules-050,3,50,315934
C6,50,C6-rules-050,3,51,328718
C6,50,C6-rules-050,3,52,313659
C6,50,C6-rules-050,3,53,325521
C6,50,C6-rules-050,3,54,335414
C6,50,C6-rules-050,3,55,338416
C6,50,C6-rules-050,3,56,315021
C6,50,C6-rules-050,3,57,312811
C6,50,C6-rules-050,3,58,318328
C6,50,C6-rules-050,3,59,314043
C6,50,C6-rules-050,3,60,311477
C6,50,C6-rules-050,3,61,315533
C6,50,C6-rules-050,3,62,316449
C6,50,C6-rules-050,3,63,313930
C6,50,C6-rules-050,3,64,321266
C6,50,C6-rules-050,3,65,314086
C6,50,C6-rules-050,3,66,315754
C6,50,C6-rules-050,3,67,320716
C6,50,C6-rules-050,3,68,315179
C6,50,C6-rules-050,3,69,310149
C6,50,C6-rules-050,3,70,310957
C6,50,C6-rules-050,3,71,317524
C6,50,C6-rules-050,3,72,314713
C6,50,C6-rules-050,3,73,320588
C6,50,C6-rules-050,3,74,331769
C6,50,C6-rules-050,3,75,318767
C6,50,C6-rules-050,3,76,312480
C6,50,C6-rules-050,3,77,318674
C6,50,C6-rules-050,3,78,311584
C6,50,C6-rules-050,3,79,314146
C6,50,C6-rules-050,3,80,320624
C6,50,C6-rules-050,3,81,317395
C6,50,C6-rules-050,3,82,318135
C6,50,C6-rules-050,3,83,316814
C6,50,C6-rules-050,3,84,313961
C6,50,C6-rules-050,3,85,313887
C6,50,C6-rules-050,3,86,314617
C6,50,C6-rules-050,3,87,318173
C6,50,C6-rules-050,3,88,317789
C6,50,C6-rules-050,3,89,315720
C6,50,C6-rules-050,3,90,317914
C6,50,C6-rules-050,3,91,312562
C6,50,C6-rules-050,3,92,314155
C6,50,C6-rules-050,3,93,313269
C6,50,C6-rules-050,3,94,315005
C6,50,C6-rules-050,3,95,325690
C6,50,C6-rules-050,3,96,319560
C6,50,C6-rules-050,3,97,314123
C6,50,C6-rules-050,3,98,317811
C6,50,C6-rules-050,3,99,315410
C6,50,C6-rules-050,3,100,321000
C6,50,C6-rules-050,4,1,314917
C6,50,C6-rules-050,4,2,313296
C6,50,C6-rules-050,4,3,313900
C6,50,C6-rules-050,4,4,312340
C6,50,C6-rules-050,4,5,340002
C6,50,C6-rules-050,4,6,312758
C6,50,C6-rules-050,4,7,310311
C6,50,C6-rules-050,4,8,312974
C6,50,C6-rules-050,4,9,319340
C6,50,C6-rules-050,4,10,311587
C6,50,C6-rules-050,4,11,309531
C6,50,C6-rules-050,4,12,312012
C6,50,C6-rules-050,4,13,312836
C6,50,C6-rules-050,4,14,311100
C6,50,C6-rules-050,4,15,311411
C6,50,C6-rules-050,4,16,325101
C6,50,C6-rules-050,4,17,329753
C6,50,C6-rules-050,4,18,309458
C6,50,C6-rules-050,4,19,310758
C6,50,C6-rules-050,4,20,311821
C6,50,C6-rules-050,4,21,310044
C6,50,C6-rules-050,4,22,317022
C6,50,C6-rules-050,4,23,312020
C6,50,C6-rules-050,4,24,311789
C6,50,C6-rules-050,4,25,312445
C6,50,C6-rules-050,4,26,313977
C6,50,C6-rules-050,4,27,312708
C6,50,C6-rules-050,4,28,314542
C6,50,C6-rules-050,4,29,314354
C6,50,C6-rules-050,4,30,328708
C6,50,C6-rules-050,4,31,312359
C6,50,C6-rules-050,4,32,311459
C6,50,C6-rules-050,4,33,311008
C6,50,C6-rules-050,4,34,322624
C6,50,C6-rules-050,4,35,321110
C6,50,C6-rules-050,4,36,324259
C6,50,C6-rules-050,4,37,311832
C6,50,C6-rules-050,4,38,312149
C6,50,C6-rules-050,4,39,320737
C6,50,C6-rules-050,4,40,315572
C6,50,C6-rules-050,4,41,318749
C6,50,C6-rules-050,4,42,311326
C6,50,C6-rules-050,4,43,319930
C6,50,C6-rules-050,4,44,311628
C6,50,C6-rules-050,4,45,312459
C6,50,C6-rules-050,4,46,319699
C6,50,C6-rules-050,4,47,311969
C6,50,C6-rules-050,4,48,318431
C6,50,C6-rules-050,4,49,312667
C6,50,C6-rules-050,4,50,315081
C6,50,C6-rules-050,4,51,324971
C6,50,C6-rules-050,4,52,324715
C6,50,C6-rules-050,4,53,325954
C6,50,C6-rules-050,4,54,318835
C6,50,C6-rules-050,4,55,324367
C6,50,C6-rules-050,4,56,315364
C6,50,C6-rules-050,4,57,311758
C6,50,C6-rules-050,4,58,316062
C6,50,C6-rules-050,4,59,319176
C6,50,C6-rules-050,4,60,335981
C6,50,C6-rules-050,4,61,325392
C6,50,C6-rules-050,4,62,313133
C6,50,C6-rules-050,4,63,315392
C6,50,C6-rules-050,4,64,312213
C6,50,C6-rules-050,4,65,313081
C6,50,C6-rules-050,4,66,311849
C6,50,C6-rules-050,4,67,317086
C6,50,C6-rules-050,4,68,325883
C6,50,C6-rules-050,4,69,311676
C6,50,C6-rules-050,4,70,312666
C6,50,C6-rules-050,4,71,320078
C6,50,C6-rules-050,4,72,309623
C6,50,C6-rules-050,4,73,319256
C6,50,C6-rules-050,4,74,318317
C6,50,C6-rules-050,4,75,316699
C6,50,C6-rules-050,4,76,315506
C6,50,C6-rules-050,4,77,314766
C6,50,C6-rules-050,4,78,316004
C6,50,C6-rules-050,4,79,312177
C6,50,C6-rules-050,4,80,323500
C6,50,C6-rules-050,4,81,320474
C6,50,C6-rules-050,4,82,312064
C6,50,C6-rules-050,4,83,309345
C6,50,C6-rules-050,4,84,311479
C6,50,C6-rules-050,4,85,312443
C6,50,C6-rules-050,4,86,312494
C6,50,C6-rules-050,4,87,314470
C6,50,C6-rules-050,4,88,309131
C6,50,C6-rules-050,4,89,311768
C6,50,C6-rules-050,4,90,311513
C6,50,C6-rules-050,4,91,311362
C6,50,C6-rules-050,4,92,310914
C6,50,C6-rules-050,4,93,331905
C6,50,C6-rules-050,4,94,314981
C6,50,C6-rules-050,4,95,312602
C6,50,C6-rules-050,4,96,310136
C6,50,C6-rules-050,4,97,313725
C6,50,C6-rules-050,4,98,315868
C6,50,C6-rules-050,4,99,316792
C6,50,C6-rules-050,4,100,318527
C6,50,C6-rules-050,5,1,317142
C6,50,C6-rules-050,5,2,313916
C6,50,C6-rules-050,5,3,314407
C6,50,C6-rules-050,5,4,311160
C6,50,C6-rules-050,5,5,323988
C6,50,C6-rules-050,5,6,317440
C6,50,C6-rules-050,5,7,312541
C6,50,C6-rules-050,5,8,313146
C6,50,C6-rules-050,5,9,314092
C6,50,C6-rules-050,5,10,315240
C6,50,C6-rules-050,5,11,317070
C6,50,C6-rules-050,5,12,316706
C6,50,C6-rules-050,5,13,314876
C6,50,C6-rules-050,5,14,318294
C6,50,C6-rules-050,5,15,315609
C6,50,C6-rules-050,5,16,313590
C6,50,C6-rules-050,5,17,315433
C6,50,C6-rules-050,5,18,319088
C6,50,C6-rules-050,5,19,325982
C6,50,C6-rules-050,5,20,316738
C6,50,C6-rules-050,5,21,315437
C6,50,C6-rules-050,5,22,314660
C6,50,C6-rules-050,5,23,312464
C6,50,C6-rules-050,5,24,312782
C6,50,C6-rules-050,5,25,322362
C6,50,C6-rules-050,5,26,312401
C6,50,C6-rules-050,5,27,313059
C6,50,C6-rules-050,5,28,319000
C6,50,C6-rules-050,5,29,314229
C6,50,C6-rules-050,5,30,318470
C6,50,C6-rules-050,5,31,313665
C6,50,C6-rules-050,5,32,320272
C6,50,C6-rules-050,5,33,319308
C6,50,C6-rules-050,5,34,315293
C6,50,C6-rules-050,5,35,311224
C6,50,C6-rules-050,5,36,326632
C6,50,C6-rules-050,5,37,311020
C6,50,C6-rules-050,5,38,316030
C6,50,C6-rules-050,5,39,311998
C6,50,C6-rules-050,5,40,312489
C6,50,C6-rules-050,5,41,328868
C6,50,C6-rules-050,5,42,320384
C6,50,C6-rules-050,5,43,317305
C6,50,C6-rules-050,5,44,315787
C6,50,C6-rules-050,5,45,313898
C6,50,C6-rules-050,5,46,313991
C6,50,C6-rules-050,5,47,311331
C6,50,C6-rules-050,5,48,311987
C6,50,C6-rules-050,5,49,315417
C6,50,C6-rules-050,5,50,311172
C6,50,C6-rules-050,5,51,315483
C6,50,C6-rules-050,5,52,314151
C6,50,C6-rules-050,5,53,314485
C6,50,C6-rules-050,5,54,313719
C6,50,C6-rules-050,5,55,309667
C6,50,C6-rules-050,5,56,314020
C6,50,C6-rules-050,5,57,309094
C6,50,C6-rules-050,5,58,323739
C6,50,C6-rules-050,5,59,311014
C6,50,C6-rules-050,5,60,312217
C6,50,C6-rules-050,5,61,311065
C6,50,C6-rules-050,5,62,310068
C6,50,C6-rules-050,5,63,312079
C6,50,C6-rules-050,5,64,323510
C6,50,C6-rules-050,5,65,324200
C6,50,C6-rules-050,5,66,346337
C6,50,C6-rules-050,5,67,313686
C6,50,C6-rules-050,5,68,316519
C6,50,C6-rules-050,5,69,321031
C6,50,C6-rules-050,5,70,312213
C6,50,C6-rules-050,5,71,319506
C6,50,C6-rules-050,5,72,322466
C6,50,C6-rules-050,5,73,313438
C6,50,C6-rules-050,5,74,315417
C6,50,C6-rules-050,5,75,312756
C6,50,C6-rules-050,5,76,315328
C6,50,C6-rules-050,5,77,313707
C6,50,C6-rules-050,5,78,313411
C6,50,C6-rules-050,5,79,311597
C6,50,C6-rules-050,5,80,312143
C6,50,C6-rules-050,5,81,314761
C6,50,C6-rules-050,5,82,310419
C6,50,C6-rules-050,5,83,310030
C6,50,C6-rules-050,5,84,315592
C6,50,C6-rules-050,5,85,310301
C6,50,C6-rules-050,5,86,321385
C6,50,C6-rules-050,5,87,312682
C6,50,C6-rules-050,5,88,310859
C6,50,C6-rules-050,5,89,313331
C6,50,C6-rules-050,5,90,314474
C6,50,C6-rules-050,5,91,310756
C6,50,C6-rules-050,5,92,311853
C6,50,C6-rules-050,5,93,318350
C6,50,C6-rules-050,5,94,312418
C6,50,C6-rules-050,5,95,312153
C6,50,C6-rules-050,5,96,312057
C6,50,C6-rules-050,5,97,314935
C6,50,C6-rules-050,5,98,309643
C6,50,C6-rules-050,5,99,348139
C6,50,C6-rules-050,5,100,326681
C6,50,C6-rules-050,6,1,333355
C6,50,C6-rules-050,6,2,318428
C6,50,C6-rules-050,6,3,317094
C6,50,C6-rules-050,6,4,312108
C6,50,C6-rules-050,6,5,313850
C6,50,C6-rules-050,6,6,331608
C6,50,C6-rules-050,6,7,319776
C6,50,C6-rules-050,6,8,319384
C6,50,C6-rules-050,6,9,320560
C6,50,C6-rules-050,6,10,320156
C6,50,C6-rules-050,6,11,338471
C6,50,C6-rules-050,6,12,346350
C6,50,C6-rules-050,6,13,312465
C6,50,C6-rules-050,6,14,316387
C6,50,C6-rules-050,6,15,329840
C6,50,C6-rules-050,6,16,315164
C6,50,C6-rules-050,6,17,319450
C6,50,C6-rules-050,6,18,318524
C6,50,C6-rules-050,6,19,310361
C6,50,C6-rules-050,6,20,311365
C6,50,C6-rules-050,6,21,313587
C6,50,C6-rules-050,6,22,317992
C6,50,C6-rules-050,6,23,318923
C6,50,C6-rules-050,6,24,311465
C6,50,C6-rules-050,6,25,311089
C6,50,C6-rules-050,6,26,310451
C6,50,C6-rules-050,6,27,311968
C6,50,C6-rules-050,6,28,319223
C6,50,C6-rules-050,6,29,313925
C6,50,C6-rules-050,6,30,312519
C6,50,C6-rules-050,6,31,334205
C6,50,C6-rules-050,6,32,328027
C6,50,C6-rules-050,6,33,322137
C6,50,C6-rules-050,6,34,313311
C6,50,C6-rules-050,6,35,317810
C6,50,C6-rules-050,6,36,315185
C6,50,C6-rules-050,6,37,312985
C6,50,C6-rules-050,6,38,315069
C6,50,C6-rules-050,6,39,315013
C6,50,C6-rules-050,6,40,315933
C6,50,C6-rules-050,6,41,316526
C6,50,C6-rules-050,6,42,313353
C6,50,C6-rules-050,6,43,316889
C6,50,C6-rules-050,6,44,312841
C6,50,C6-rules-050,6,45,310429
C6,50,C6-rules-050,6,46,310509
C6,50,C6-rules-050,6,47,313399
C6,50,C6-rules-050,6,48,320355
C6,50,C6-rules-050,6,49,311280
C6,50,C6-rules-050,6,50,309210
C6,50,C6-rules-050,6,51,310461
C6,50,C6-rules-050,6,52,312007
C6,50,C6-rules-050,6,53,316262
C6,50,C6-rules-050,6,54,329791
C6,50,C6-rules-050,6,55,313234
C6,50,C6-rules-050,6,56,319834
C6,50,C6-rules-050,6,57,314369
C6,50,C6-rules-050,6,58,311680
C6,50,C6-rules-050,6,59,311860
C6,50,C6-rules-050,6,60,312296
C6,50,C6-rules-050,6,61,319370
C6,50,C6-rules-050,6,62,312630
C6,50,C6-rules-050,6,63,309858
C6,50,C6-rules-050,6,64,312090
C6,50,C6-rules-050,6,65,325443
C6,50,C6-rules-050,6,66,315884
C6,50,C6-rules-050,6,67,326764
C6,50,C6-rules-050,6,68,337481
C6,50,C6-rules-050,6,69,321045
C6,50,C6-rules-050,6,70,330089
C6,50,C6-rules-050,6,71,335674
C6,50,C6-rules-050,6,72,312938
C6,50,C6-rules-050,6,73,318693
C6,50,C6-rules-050,6,74,315084
C6,50,C6-rules-050,6,75,311742
C6,50,C6-rules-050,6,76,313558
C6,50,C6-rules-050,6,77,312238
C6,50,C6-rules-050,6,78,311093
C6,50,C6-rules-050,6,79,312705
C6,50,C6-rules-050,6,80,317189
C6,50,C6-rules-050,6,81,317819
C6,50,C6-rules-050,6,82,313227
C6,50,C6-rules-050,6,83,313982
C6,50,C6-rules-050,6,84,313620
C6,50,C6-rules-050,6,85,310888
C6,50,C6-rules-050,6,86,318133
C6,50,C6-rules-050,6,87,317815
C6,50,C6-rules-050,6,88,311826
C6,50,C6-rules-050,6,89,310551
C6,50,C6-rules-050,6,90,311219
C6,50,C6-rules-050,6,91,327840
C6,50,C6-rules-050,6,92,308524
C6,50,C6-rules-050,6,93,319673
C6,50,C6-rules-050,6,94,316664
C6,50,C6-rules-050,6,95,319616
C6,50,C6-rules-050,6,96,314094
C6,50,C6-rules-050,6,97,313277
C6,50,C6-rules-050,6,98,316784
C6,50,C6-rules-050,6,99,317692
C6,50,C6-rules-050,6,100,313646
C6,50,C6-rules-050,7,1,315471
C6,50,C6-rules-050,7,2,313862
C6,50,C6-rules-050,7,3,313076
C6,50,C6-rules-050,7,4,311940
C6,50,C6-rules-050,7,5,313507
C6,50,C6-rules-050,7,6,323643
C6,50,C6-rules-050,7,7,311642
C6,50,C6-rules-050,7,8,313552
C6,50,C6-rules-050,7,9,313592
C6,50,C6-rules-050,7,10,310732
C6,50,C6-rules-050,7,11,317344
C6,50,C6-rules-050,7,12,332627
C6,50,C6-rules-050,7,13,310741
C6,50,C6-rules-050,7,14,312338
C6,50,C6-rules-050,7,15,309817
C6,50,C6-rules-050,7,16,309534
C6,50,C6-rules-050,7,17,312705
C6,50,C6-rules-050,7,18,327830
C6,50,C6-rules-050,7,19,314539
C6,50,C6-rules-050,7,20,308242
C6,50,C6-rules-050,7,21,312251
C6,50,C6-rules-050,7,22,309852
C6,50,C6-rules-050,7,23,311701
C6,50,C6-rules-050,7,24,310230
C6,50,C6-rules-050,7,25,319445
C6,50,C6-rules-050,7,26,313930
C6,50,C6-rules-050,7,27,310241
C6,50,C6-rules-050,7,28,322716
C6,50,C6-rules-050,7,29,332263
C6,50,C6-rules-050,7,30,324349
C6,50,C6-rules-050,7,31,317987
C6,50,C6-rules-050,7,32,312736
C6,50,C6-rules-050,7,33,311547
C6,50,C6-rules-050,7,34,313584
C6,50,C6-rules-050,7,35,313036
C6,50,C6-rules-050,7,36,312636
C6,50,C6-rules-050,7,37,313435
C6,50,C6-rules-050,7,38,318171
C6,50,C6-rules-050,7,39,312103
C6,50,C6-rules-050,7,40,310512
C6,50,C6-rules-050,7,41,312246
C6,50,C6-rules-050,7,42,311462
C6,50,C6-rules-050,7,43,308573
C6,50,C6-rules-050,7,44,319766
C6,50,C6-rules-050,7,45,310484
C6,50,C6-rules-050,7,46,310695
C6,50,C6-rules-050,7,47,311286
C6,50,C6-rules-050,7,48,316871
C6,50,C6-rules-050,7,49,319582
C6,50,C6-rules-050,7,50,310199
C6,50,C6-rules-050,7,51,317489
C6,50,C6-rules-050,7,52,314065
C6,50,C6-rules-050,7,53,328617
C6,50,C6-rules-050,7,54,313013
C6,50,C6-rules-050,7,55,312875
C6,50,C6-rules-050,7,56,319198
C6,50,C6-rules-050,7,57,316531
C6,50,C6-rules-050,7,58,313622
C6,50,C6-rules-050,7,59,312009
C6,50,C6-rules-050,7,60,311027
C6,50,C6-rules-050,7,61,312354
C6,50,C6-rules-050,7,62,313959
C6,50,C6-rules-050,7,63,316512
C6,50,C6-rules-050,7,64,328827
C6,50,C6-rules-050,7,65,312507
C6,50,C6-rules-050,7,66,320153
C6,50,C6-rules-050,7,67,316771
C6,50,C6-rules-050,7,68,315066
C6,50,C6-rules-050,7,69,318359
C6,50,C6-rules-050,7,70,339444
C6,50,C6-rules-050,7,71,314606
C6,50,C6-rules-050,7,72,356670
C6,50,C6-rules-050,7,73,311658
C6,50,C6-rules-050,7,74,310799
C6,50,C6-rules-050,7,75,312225
C6,50,C6-rules-050,7,76,313586
C6,50,C6-rules-050,7,77,318410
C6,50,C6-rules-050,7,78,313347
C6,50,C6-rules-050,7,79,313076
C6,50,C6-rules-050,7,80,315161
C6,50,C6-rules-050,7,81,318802
C6,50,C6-rules-050,7,82,307257
C6,50,C6-rules-050,7,83,317177
C6,50,C6-rules-050,7,84,311192
C6,50,C6-rules-050,7,85,313204
C6,50,C6-rules-050,7,86,310910
C6,50,C6-rules-050,7,87,324356
C6,50,C6-rules-050,7,88,311782
C6,50,C6-rules-050,7,89,309559
C6,50,C6-rules-050,7,90,315844
C6,50,C6-rules-050,7,91,311201
C6,50,C6-rules-050,7,92,313408
C6,50,C6-rules-050,7,93,312276
C6,50,C6-rules-050,7,94,319452
C6,50,C6-rules-050,7,95,312802
C6,50,C6-rules-050,7,96,321668
C6,50,C6-rules-050,7,97,312718
C6,50,C6-rules-050,7,98,309872
C6,50,C6-rules-050,7,99,312860
C6,50,C6-rules-050,7,100,320336
C6,50,C6-rules-050,8,1,315769
C6,50,C6-rules-050,8,2,313775
C6,50,C6-rules-050,8,3,313711
C6,50,C6-rules-050,8,4,308890
C6,50,C6-rules-050,8,5,313281
C6,50,C6-rules-050,8,6,317553
C6,50,C6-rules-050,8,7,311718
C6,50,C6-rules-050,8,8,311125
C6,50,C6-rules-050,8,9,317413
C6,50,C6-rules-050,8,10,324844
C6,50,C6-rules-050,8,11,323970
C6,50,C6-rules-050,8,12,312400
C6,50,C6-rules-050,8,13,308950
C6,50,C6-rules-050,8,14,312188
C6,50,C6-rules-050,8,15,309887
C6,50,C6-rules-050,8,16,315494
C6,50,C6-rules-050,8,17,311973
C6,50,C6-rules-050,8,18,309175
C6,50,C6-rules-050,8,19,316308
C6,50,C6-rules-050,8,20,311372
C6,50,C6-rules-050,8,21,310065
C6,50,C6-rules-050,8,22,317674
C6,50,C6-rules-050,8,23,312049
C6,50,C6-rules-050,8,24,309849
C6,50,C6-rules-050,8,25,320994
C6,50,C6-rules-050,8,26,311248
C6,50,C6-rules-050,8,27,310165
C6,50,C6-rules-050,8,28,312560
C6,50,C6-rules-050,8,29,314166
C6,50,C6-rules-050,8,30,309258
C6,50,C6-rules-050,8,31,310198
C6,50,C6-rules-050,8,32,315530
C6,50,C6-rules-050,8,33,309522
C6,50,C6-rules-050,8,34,309888
C6,50,C6-rules-050,8,35,316499
C6,50,C6-rules-050,8,36,320555
C6,50,C6-rules-050,8,37,8645326
C6,50,C6-rules-050,8,38,455658
C6,50,C6-rules-050,8,39,364660
C6,50,C6-rules-050,8,40,331589
C6,50,C6-rules-050,8,41,326638
C6,50,C6-rules-050,8,42,324382
C6,50,C6-rules-050,8,43,340912
C6,50,C6-rules-050,8,44,323599
C6,50,C6-rules-050,8,45,324887
C6,50,C6-rules-050,8,46,322162
C6,50,C6-rules-050,8,47,328039
C6,50,C6-rules-050,8,48,329999
C6,50,C6-rules-050,8,49,338470
C6,50,C6-rules-050,8,50,330915
C6,50,C6-rules-050,8,51,332419
C6,50,C6-rules-050,8,52,317062
C6,50,C6-rules-050,8,53,317578
C6,50,C6-rules-050,8,54,317719
C6,50,C6-rules-050,8,55,335054
C6,50,C6-rules-050,8,56,321169
C6,50,C6-rules-050,8,57,316086
C6,50,C6-rules-050,8,58,316149
C6,50,C6-rules-050,8,59,315940
C6,50,C6-rules-050,8,60,318471
C6,50,C6-rules-050,8,61,319422
C6,50,C6-rules-050,8,62,322147
C6,50,C6-rules-050,8,63,315687
C6,50,C6-rules-050,8,64,315319
C6,50,C6-rules-050,8,65,313009
C6,50,C6-rules-050,8,66,315733
C6,50,C6-rules-050,8,67,322976
C6,50,C6-rules-050,8,68,321298
C6,50,C6-rules-050,8,69,314375
C6,50,C6-rules-050,8,70,311720
C6,50,C6-rules-050,8,71,315455
C6,50,C6-rules-050,8,72,311099
C6,50,C6-rules-050,8,73,314195
C6,50,C6-rules-050,8,74,312983
C6,50,C6-rules-050,8,75,328603
C6,50,C6-rules-050,8,76,314431
C6,50,C6-rules-050,8,77,314605
C6,50,C6-rules-050,8,78,317870
C6,50,C6-rules-050,8,79,316331
C6,50,C6-rules-050,8,80,321341
C6,50,C6-rules-050,8,81,318694
C6,50,C6-rules-050,8,82,315457
C6,50,C6-rules-050,8,83,313218
C6,50,C6-rules-050,8,84,368726
C6,50,C6-rules-050,8,85,335001
C6,50,C6-rules-050,8,86,333188
C6,50,C6-rules-050,8,87,324688
C6,50,C6-rules-050,8,88,329163
C6,50,C6-rules-050,8,89,311336
C6,50,C6-rules-050,8,90,310755
C6,50,C6-rules-050,8,91,313704
C6,50,C6-rules-050,8,92,318577
C6,50,C6-rules-050,8,93,312789
C6,50,C6-rules-050,8,94,317288
C6,50,C6-rules-050,8,95,310352
C6,50,C6-rules-050,8,96,321305
C6,50,C6-rules-050,8,97,325143
C6,50,C6-rules-050,8,98,310870
C6,50,C6-rules-050,8,99,312351
C6,50,C6-rules-050,8,100,331060
C2,10,C2-rules-010,1,1,46976
C2,10,C2-rules-010,1,2,46765
C2,10,C2-rules-010,1,3,46149
C2,10,C2-rules-010,1,4,47074
C2,10,C2-rules-010,1,5,46818
C2,10,C2-rules-010,1,6,46393
C2,10,C2-rules-010,1,7,46524
C2,10,C2-rules-010,1,8,46543
C2,10,C2-rules-010,1,9,46914
C2,10,C2-rules-010,1,10,46387
C2,10,C2-rules-010,1,11,46377
C2,10,C2-rules-010,1,12,46332
C2,10,C2-rules-010,1,13,46347
C2,10,C2-rules-010,1,14,47670
C2,10,C2-rules-010,1,15,46961
C2,10,C2-rules-010,1,16,46913
C2,10,C2-rules-010,1,17,46198
C2,10,C2-rules-010,1,18,46368
C2,10,C2-rules-010,1,19,46657
C2,10,C2-rules-010,1,20,46118
C2,10,C2-rules-010,1,21,46965
C2,10,C2-rules-010,1,22,46869
C2,10,C2-rules-010,1,23,47080
C2,10,C2-rules-010,1,24,46804
C2,10,C2-rules-010,1,25,45855
C2,10,C2-rules-010,1,26,45949
C2,10,C2-rules-010,1,27,46230
C2,10,C2-rules-010,1,28,47349
C2,10,C2-rules-010,1,29,46367
C2,10,C2-rules-010,1,30,46287
C2,10,C2-rules-010,1,31,46484
C2,10,C2-rules-010,1,32,51106
C2,10,C2-rules-010,1,33,82556
C2,10,C2-rules-010,1,34,49942
C2,10,C2-rules-010,1,35,46080
C2,10,C2-rules-010,1,36,46375
C2,10,C2-rules-010,1,37,46896
C2,10,C2-rules-010,1,38,46237
C2,10,C2-rules-010,1,39,46486
C2,10,C2-rules-010,1,40,46748
C2,10,C2-rules-010,1,41,46882
C2,10,C2-rules-010,1,42,50478
C2,10,C2-rules-010,1,43,47334
C2,10,C2-rules-010,1,44,46648
C2,10,C2-rules-010,1,45,46511
C2,10,C2-rules-010,1,46,46352
C2,10,C2-rules-010,1,47,298264
C2,10,C2-rules-010,1,48,76147
C2,10,C2-rules-010,1,49,47811
C2,10,C2-rules-010,1,50,46530
C2,10,C2-rules-010,1,51,46397
C2,10,C2-rules-010,1,52,49617
C2,10,C2-rules-010,1,53,47194
C2,10,C2-rules-010,1,54,46867
C2,10,C2-rules-010,1,55,46673
C2,10,C2-rules-010,1,56,47548
C2,10,C2-rules-010,1,57,47794
C2,10,C2-rules-010,1,58,46824
C2,10,C2-rules-010,1,59,49478
C2,10,C2-rules-010,1,60,47500
C2,10,C2-rules-010,1,61,47119
C2,10,C2-rules-010,1,62,47071
C2,10,C2-rules-010,1,63,47303
C2,10,C2-rules-010,1,64,48281
C2,10,C2-rules-010,1,65,46813
C2,10,C2-rules-010,1,66,46356
C2,10,C2-rules-010,1,67,46464
C2,10,C2-rules-010,1,68,47522
C2,10,C2-rules-010,1,69,47019
C2,10,C2-rules-010,1,70,46609
C2,10,C2-rules-010,1,71,47158
C2,10,C2-rules-010,1,72,46723
C2,10,C2-rules-010,1,73,47310
C2,10,C2-rules-010,1,74,67335
C2,10,C2-rules-010,1,75,47485
C2,10,C2-rules-010,1,76,46546
C2,10,C2-rules-010,1,77,48136
C2,10,C2-rules-010,1,78,47151
C2,10,C2-rules-010,1,79,46787
C2,10,C2-rules-010,1,80,46923
C2,10,C2-rules-010,1,81,46239
C2,10,C2-rules-010,1,82,47310
C2,10,C2-rules-010,1,83,46126
C2,10,C2-rules-010,1,84,47187
C2,10,C2-rules-010,1,85,45598
C2,10,C2-rules-010,1,86,46013
C2,10,C2-rules-010,1,87,50842
C2,10,C2-rules-010,1,88,46191
C2,10,C2-rules-010,1,89,46418
C2,10,C2-rules-010,1,90,46194
C2,10,C2-rules-010,1,91,48062
C2,10,C2-rules-010,1,92,46252
C2,10,C2-rules-010,1,93,46265
C2,10,C2-rules-010,1,94,47219
C2,10,C2-rules-010,1,95,46286
C2,10,C2-rules-010,1,96,47059
C2,10,C2-rules-010,1,97,46706
C2,10,C2-rules-010,1,98,45900
C2,10,C2-rules-010,1,99,46261
C2,10,C2-rules-010,1,100,46210
C2,10,C2-rules-010,2,1,51892
C2,10,C2-rules-010,2,2,46350
C2,10,C2-rules-010,2,3,46603
C2,10,C2-rules-010,2,4,46667
C2,10,C2-rules-010,2,5,46629
C2,10,C2-rules-010,2,6,78619
C2,10,C2-rules-010,2,7,55895
C2,10,C2-rules-010,2,8,46258
C2,10,C2-rules-010,2,9,46308
C2,10,C2-rules-010,2,10,46202
C2,10,C2-rules-010,2,11,46904
C2,10,C2-rules-010,2,12,46073
C2,10,C2-rules-010,2,13,49908
C2,10,C2-rules-010,2,14,52627
C2,10,C2-rules-010,2,15,46083
C2,10,C2-rules-010,2,16,50728
C2,10,C2-rules-010,2,17,46401
C2,10,C2-rules-010,2,18,46852
C2,10,C2-rules-010,2,19,46169
C2,10,C2-rules-010,2,20,46035
C2,10,C2-rules-010,2,21,46638
C2,10,C2-rules-010,2,22,45952
C2,10,C2-rules-010,2,23,46251
C2,10,C2-rules-010,2,24,45676
C2,10,C2-rules-010,2,25,45966
C2,10,C2-rules-010,2,26,48763
C2,10,C2-rules-010,2,27,46635
C2,10,C2-rules-010,2,28,46366
C2,10,C2-rules-010,2,29,46489
C2,10,C2-rules-010,2,30,46358
C2,10,C2-rules-010,2,31,47107
C2,10,C2-rules-010,2,32,45907
C2,10,C2-rules-010,2,33,45779
C2,10,C2-rules-010,2,34,45997
C2,10,C2-rules-010,2,35,47831
C2,10,C2-rules-010,2,36,46300
C2,10,C2-rules-010,2,37,46544
C2,10,C2-rules-010,2,38,45765
C2,10,C2-rules-010,2,39,46193
C2,10,C2-rules-010,2,40,46368
C2,10,C2-rules-010,2,41,46259
C2,10,C2-rules-010,2,42,46619
C2,10,C2-rules-010,2,43,46090
C2,10,C2-rules-010,2,44,46167
C2,10,C2-rules-010,2,45,48490
C2,10,C2-rules-010,2,46,46075
C2,10,C2-rules-010,2,47,46198
C2,10,C2-rules-010,2,48,46004
C2,10,C2-rules-010,2,49,46610
C2,10,C2-rules-010,2,50,46561
C2,10,C2-rules-010,2,51,46243
C2,10,C2-rules-010,2,52,46366
C2,10,C2-rules-010,2,53,46017
C2,10,C2-rules-010,2,54,52698
C2,10,C2-rules-010,2,55,48666
C2,10,C2-rules-010,2,56,46604
C2,10,C2-rules-010,2,57,46183
C2,10,C2-rules-010,2,58,45850
C2,10,C2-rules-010,2,59,45977
C2,10,C2-rules-010,2,60,46277
C2,10,C2-rules-010,2,61,46503
C2,10,C2-rules-010,2,62,45834
C2,10,C2-rules-010,2,63,45723
C2,10,C2-rules-010,2,64,45415
C2,10,C2-rules-010,2,65,48238
C2,10,C2-rules-010,2,66,46149
C2,10,C2-rules-010,2,67,46039
C2,10,C2-rules-010,2,68,46176
C2,10,C2-rules-010,2,69,46090
C2,10,C2-rules-010,2,70,46242
C2,10,C2-rules-010,2,71,46125
C2,10,C2-rules-010,2,72,46130
C2,10,C2-rules-010,2,73,46096
C2,10,C2-rules-010,2,74,45671
C2,10,C2-rules-010,2,75,48681
C2,10,C2-rules-010,2,76,46229
C2,10,C2-rules-010,2,77,45971
C2,10,C2-rules-010,2,78,45727
C2,10,C2-rules-010,2,79,45663
C2,10,C2-rules-010,2,80,46530
C2,10,C2-rules-010,2,81,46137
C2,10,C2-rules-010,2,82,46312
C2,10,C2-rules-010,2,83,45964
C2,10,C2-rules-010,2,84,46179
C2,10,C2-rules-010,2,85,48788
C2,10,C2-rules-010,2,86,46519
C2,10,C2-rules-010,2,87,45894
C2,10,C2-rules-010,2,88,45719
C2,10,C2-rules-010,2,89,45886
C2,10,C2-rules-010,2,90,46222
C2,10,C2-rules-010,2,91,45896
C2,10,C2-rules-010,2,92,46104
C2,10,C2-rules-010,2,93,45572
C2,10,C2-rules-010,2,94,45986
C2,10,C2-rules-010,2,95,48343
C2,10,C2-rules-010,2,96,46532
C2,10,C2-rules-010,2,97,46121
C2,10,C2-rules-010,2,98,45915
C2,10,C2-rules-010,2,99,45789
C2,10,C2-rules-010,2,100,46654
C2,10,C2-rules-010,3,1,49466
C2,10,C2-rules-010,3,2,46417
C2,10,C2-rules-010,3,3,46908
C2,10,C2-rules-010,3,4,46670
C2,10,C2-rules-010,3,5,49176
C2,10,C2-rules-010,3,6,46649
C2,10,C2-rules-010,3,7,46437
C2,10,C2-rules-010,3,8,45852
C2,10,C2-rules-010,3,9,46037
C2,10,C2-rules-010,3,10,46700
C2,10,C2-rules-010,3,11,46484
C2,10,C2-rules-010,3,12,46139
C2,10,C2-rules-010,3,13,46201
C2,10,C2-rules-010,3,14,48261
C2,10,C2-rules-010,3,15,46878
C2,10,C2-rules-010,3,16,46369
C2,10,C2-rules-010,3,17,46261
C2,10,C2-rules-010,3,18,46074
C2,10,C2-rules-010,3,19,46590
C2,10,C2-rules-010,3,20,46525
C2,10,C2-rules-010,3,21,46388
C2,10,C2-rules-010,3,22,46374
C2,10,C2-rules-010,3,23,46537
C2,10,C2-rules-010,3,24,47463
C2,10,C2-rules-010,3,25,46293
C2,10,C2-rules-010,3,26,45962
C2,10,C2-rules-010,3,27,45949
C2,10,C2-rules-010,3,28,46631
C2,10,C2-rules-010,3,29,46691
C2,10,C2-rules-010,3,30,46055
C2,10,C2-rules-010,3,31,45837
C2,10,C2-rules-010,3,32,45903
C2,10,C2-rules-010,3,33,45936
C2,10,C2-rules-010,3,34,48677
C2,10,C2-rules-010,3,35,46183
C2,10,C2-rules-010,3,36,66812
C2,10,C2-rules-010,3,37,49669
C2,10,C2-rules-010,3,38,46639
C2,10,C2-rules-010,3,39,45006
C2,10,C2-rules-010,3,40,43409
C2,10,C2-rules-010,3,41,43132
C2,10,C2-rules-010,3,42,43155
C2,10,C2-rules-010,3,43,42719
C2,10,C2-rules-010,3,44,49564
C2,10,C2-rules-010,3,45,49376
C2,10,C2-rules-010,3,46,50391
C2,10,C2-rules-010,3,47,48949
C2,10,C2-rules-010,3,48,49714
C2,10,C2-rules-010,3,49,49600
C2,10,C2-rules-010,3,50,49787
C2,10,C2-rules-010,3,51,49574
C2,10,C2-rules-010,3,52,49301
C2,10,C2-rules-010,3,53,59179
C2,10,C2-rules-010,3,54,52157
C2,10,C2-rules-010,3,55,49412
C2,10,C2-rules-010,3,56,43505
C2,10,C2-rules-010,3,57,43040
C2,10,C2-rules-010,3,58,43257
C2,10,C2-rules-010,3,59,43582
C2,10,C2-rules-010,3,60,43442
C2,10,C2-rules-010,3,61,43105
C2,10,C2-rules-010,3,62,43305
C2,10,C2-rules-010,3,63,42925
C2,10,C2-rules-010,3,64,46011
C2,10,C2-rules-010,3,65,43692
C2,10,C2-rules-010,3,66,43460
C2,10,C2-rules-010,3,67,43377
C2,10,C2-rules-010,3,68,43287
C2,10,C2-rules-010,3,69,43590
C2,10,C2-rules-010,3,70,43659
C2,10,C2-rules-010,3,71,43007
C2,10,C2-rules-010,3,72,43182
C2,10,C2-rules-010,3,73,43673
C2,10,C2-rules-010,3,74,45904
C2,10,C2-rules-010,3,75,44364
C2,10,C2-rules-010,3,76,43358
C2,10,C2-rules-010,3,77,43438
C2,10,C2-rules-010,3,78,43000
C2,10,C2-rules-010,3,79,43701
C2,10,C2-rules-010,3,80,44174
C2,10,C2-rules-010,3,81,43312
C2,10,C2-rules-010,3,82,43702
C2,10,C2-rules-010,3,83,43093
C2,10,C2-rules-010,3,84,44862
C2,10,C2-rules-010,3,85,43535
C2,10,C2-rules-010,3,86,43333
C2,10,C2-rules-010,3,87,43344
C2,10,C2-rules-010,3,88,43570
C2,10,C2-rules-010,3,89,44662
C2,10,C2-rules-010,3,90,43365
C2,10,C2-rules-010,3,91,42974
C2,10,C2-rules-010,3,92,42613
C2,10,C2-rules-010,3,93,43088
C2,10,C2-rules-010,3,94,46127
C2,10,C2-rules-010,3,95,43529
C2,10,C2-rules-010,3,96,43935
C2,10,C2-rules-010,3,97,43643
C2,10,C2-rules-010,3,98,43828
C2,10,C2-rules-010,3,99,43777
C2,10,C2-rules-010,3,100,43223
C2,10,C2-rules-010,4,1,45455
C2,10,C2-rules-010,4,2,43850
C2,10,C2-rules-010,4,3,46110
C2,10,C2-rules-010,4,4,43949
C2,10,C2-rules-010,4,5,43335
C2,10,C2-rules-010,4,6,43133
C2,10,C2-rules-010,4,7,42922
C2,10,C2-rules-010,4,8,43730
C2,10,C2-rules-010,4,9,43196
C2,10,C2-rules-010,4,10,43181
C2,10,C2-rules-010,4,11,43307
C2,10,C2-rules-010,4,12,43547
C2,10,C2-rules-010,4,13,45347
C2,10,C2-rules-010,4,14,43133
C2,10,C2-rules-010,4,15,43956
C2,10,C2-rules-010,4,16,43365
C2,10,C2-rules-010,4,17,42822
C2,10,C2-rules-010,4,18,43572
C2,10,C2-rules-010,4,19,43733
C2,10,C2-rules-010,4,20,43364
C2,10,C2-rules-010,4,21,53309
C2,10,C2-rules-010,4,22,51769
C2,10,C2-rules-010,4,23,55364
C2,10,C2-rules-010,4,24,46250
C2,10,C2-rules-010,4,25,42797
C2,10,C2-rules-010,4,26,42945
C2,10,C2-rules-010,4,27,42885
C2,10,C2-rules-010,4,28,43439
C2,10,C2-rules-010,4,29,42824
C2,10,C2-rules-010,4,30,42933
C2,10,C2-rules-010,4,31,42588
C2,10,C2-rules-010,4,32,42712
C2,10,C2-rules-010,4,33,44995
C2,10,C2-rules-010,4,34,43065
C2,10,C2-rules-010,4,35,43041
C2,10,C2-rules-010,4,36,43305
C2,10,C2-rules-010,4,37,42701
C2,10,C2-rules-010,4,38,44159
C2,10,C2-rules-010,4,39,43081
C2,10,C2-rules-010,4,40,42996
C2,10,C2-rules-010,4,41,43056
C2,10,C2-rules-010,4,42,42971
C2,10,C2-rules-010,4,43,46326
C2,10,C2-rules-010,4,44,43306
C2,10,C2-rules-010,4,45,43190
C2,10,C2-rules-010,4,46,43110
C2,10,C2-rules-010,4,47,42902
C2,10,C2-rules-010,4,48,43751
C2,10,C2-rules-010,4,49,42881
C2,10,C2-rules-010,4,50,42507
C2,10,C2-rules-010,4,51,43035
C2,10,C2-rules-010,4,52,43335
C2,10,C2-rules-010,4,53,45410
C2,10,C2-rules-010,4,54,43542
C2,10,C2-rules-010,4,55,42853
C2,10,C2-rules-010,4,56,42879
C2,10,C2-rules-010,4,57,43234
C2,10,C2-rules-010,4,58,43386
C2,10,C2-rules-010,4,59,43257
C2,10,C2-rules-010,4,60,43105
C2,10,C2-rules-010,4,61,42839
C2,10,C2-rules-010,4,62,43495
C2,10,C2-rules-010,4,63,44528
C2,10,C2-rules-010,4,64,43133
C2,10,C2-rules-010,4,65,43294
C2,10,C2-rules-010,4,66,42731
C2,10,C2-rules-010,4,67,43159
C2,10,C2-rules-010,4,68,43912
C2,10,C2-rules-010,4,69,42577
C2,10,C2-rules-010,4,70,42674
C2,10,C2-rules-010,4,71,42721
C2,10,C2-rules-010,4,72,42825
C2,10,C2-rules-010,4,73,45389
C2,10,C2-rules-010,4,74,43055
C2,10,C2-rules-010,4,75,43387
C2,10,C2-rules-010,4,76,42911
C2,10,C2-rules-010,4,77,43126
C2,10,C2-rules-010,4,78,42924
C2,10,C2-rules-010,4,79,43105
C2,10,C2-rules-010,4,80,42970
C2,10,C2-rules-010,4,81,42856
C2,10,C2-rules-010,4,82,44528
C2,10,C2-rules-010,4,83,43304
C2,10,C2-rules-010,4,84,43302
C2,10,C2-rules-010,4,85,43015
C2,10,C2-rules-010,4,86,42970
C2,10,C2-rules-010,4,87,43288
C2,10,C2-rules-010,4,88,43188
C2,10,C2-rules-010,4,89,43321
C2,10,C2-rules-010,4,90,43199
C2,10,C2-rules-010,4,91,43112
C2,10,C2-rules-010,4,92,45038
C2,10,C2-rules-010,4,93,43255
C2,10,C2-rules-010,4,94,43306
C2,10,C2-rules-010,4,95,42840
C2,10,C2-rules-010,4,96,43546
C2,10,C2-rules-010,4,97,44037
C2,10,C2-rules-010,4,98,43349
C2,10,C2-rules-010,4,99,43644
C2,10,C2-rules-010,4,100,43305
C2,10,C2-rules-010,5,1,45699
C2,10,C2-rules-010,5,2,45463
C2,10,C2-rules-010,5,3,43444
C2,10,C2-rules-010,5,4,43396
C2,10,C2-rules-010,5,5,43611
C2,10,C2-rules-010,5,6,43437
C2,10,C2-rules-010,5,7,44169
C2,10,C2-rules-010,5,8,43509
C2,10,C2-rules-010,5,9,47582
C2,10,C2-rules-010,5,10,46317
C2,10,C2-rules-010,5,11,46365
C2,10,C2-rules-010,5,12,47755
C2,10,C2-rules-010,5,13,44004
C2,10,C2-rules-010,5,14,43623
C2,10,C2-rules-010,5,15,43763
C2,10,C2-rules-010,5,16,43334
C2,10,C2-rules-010,5,17,43685
C2,10,C2-rules-010,5,18,43713
C2,10,C2-rules-010,5,19,43609
C2,10,C2-rules-010,5,20,43821
C2,10,C2-rules-010,5,21,43802
C2,10,C2-rules-010,5,22,45410
C2,10,C2-rules-010,5,23,43052
C2,10,C2-rules-010,5,24,43332
C2,10,C2-rules-010,5,25,43325
C2,10,C2-rules-010,5,26,43323
C2,10,C2-rules-010,5,27,43787
C2,10,C2-rules-010,5,28,43610
C2,10,C2-rules-010,5,29,43534
C2,10,C2-rules-010,5,30,43541
C2,10,C2-rules-010,5,31,43835
C2,10,C2-rules-010,5,32,45654
C2,10,C2-rules-010,5,33,43737
C2,10,C2-rules-010,5,34,43819
C2,10,C2-rules-010,5,35,43817
C2,10,C2-rules-010,5,36,43387
C2,10,C2-rules-010,5,37,44417
C2,10,C2-rules-010,5,38,43452
C2,10,C2-rules-010,5,39,43980
C2,10,C2-rules-010,5,40,44081
C2,10,C2-rules-010,5,41,43578
C2,10,C2-rules-010,5,42,45578
C2,10,C2-rules-010,5,43,43759
C2,10,C2-rules-010,5,44,43383
C2,10,C2-rules-010,5,45,43256
C2,10,C2-rules-010,5,46,43632
C2,10,C2-rules-010,5,47,43573
C2,10,C2-rules-010,5,48,43633
C2,10,C2-rules-010,5,49,43351
C2,10,C2-rules-010,5,50,43456
C2,10,C2-rules-010,5,51,43096
C2,10,C2-rules-010,5,52,46055
C2,10,C2-rules-010,5,53,43925
C2,10,C2-rules-010,5,54,43443
C2,10,C2-rules-010,5,55,43434
C2,10,C2-rules-010,5,56,43804
C2,10,C2-rules-010,5,57,43629
C2,10,C2-rules-010,5,58,43367
C2,10,C2-rules-010,5,59,43585
C2,10,C2-rules-010,5,60,43562
C2,10,C2-rules-010,5,61,45443
C2,10,C2-rules-010,5,62,43220
C2,10,C2-rules-010,5,63,44219
C2,10,C2-rules-010,5,64,42945
C2,10,C2-rules-010,5,65,43203
C2,10,C2-rules-010,5,66,43609
C2,10,C2-rules-010,5,67,43356
C2,10,C2-rules-010,5,68,43769
C2,10,C2-rules-010,5,69,43122
C2,10,C2-rules-010,5,70,43079
C2,10,C2-rules-010,5,71,45888
C2,10,C2-rules-010,5,72,43639
C2,10,C2-rules-010,5,73,43601
C2,10,C2-rules-010,5,74,43389
C2,10,C2-rules-010,5,75,43254
C2,10,C2-rules-010,5,76,43715
C2,10,C2-rules-010,5,77,43534
C2,10,C2-rules-010,5,78,43530
C2,10,C2-rules-010,5,79,43553
C2,10,C2-rules-010,5,80,43525
C2,10,C2-rules-010,5,81,45550
C2,10,C2-rules-010,5,82,43991
C2,10,C2-rules-010,5,83,43399
C2,10,C2-rules-010,5,84,43591
C2,10,C2-rules-010,5,85,43410
C2,10,C2-rules-010,5,86,44458
C2,10,C2-rules-010,5,87,43395
C2,10,C2-rules-010,5,88,43443
C2,10,C2-rules-010,5,89,43390
C2,10,C2-rules-010,5,90,42984
C2,10,C2-rules-010,5,91,45945
C2,10,C2-rules-010,5,92,43383
C2,10,C2-rules-010,5,93,43010
C2,10,C2-rules-010,5,94,43565
C2,10,C2-rules-010,5,95,43535
C2,10,C2-rules-010,5,96,43760
C2,10,C2-rules-010,5,97,54589
C2,10,C2-rules-010,5,98,43191
C2,10,C2-rules-010,5,99,42898
C2,10,C2-rules-010,5,100,43649
C2,10,C2-rules-010,6,1,47719
C2,10,C2-rules-010,6,2,43351
C2,10,C2-rules-010,6,3,42784
C2,10,C2-rules-010,6,4,43276
C2,10,C2-rules-010,6,5,43284
C2,10,C2-rules-010,6,6,43766
C2,10,C2-rules-010,6,7,42697
C2,10,C2-rules-010,6,8,43926
C2,10,C2-rules-010,6,9,42986
C2,10,C2-rules-010,6,10,43001
C2,10,C2-rules-010,6,11,45980
C2,10,C2-rules-010,6,12,43544
C2,10,C2-rules-010,6,13,43112
C2,10,C2-rules-010,6,14,43066
C2,10,C2-rules-010,6,15,42970
C2,10,C2-rules-010,6,16,50276
C2,10,C2-rules-010,6,17,57079
C2,10,C2-rules-010,6,18,44105
C2,10,C2-rules-010,6,19,43182
C2,10,C2-rules-010,6,20,43463
C2,10,C2-rules-010,6,21,46291
C2,10,C2-rules-010,6,22,43271
C2,10,C2-rules-010,6,23,42965
C2,10,C2-rules-010,6,24,43483
C2,10,C2-rules-010,6,25,43000
C2,10,C2-rules-010,6,26,43746
C2,10,C2-rules-010,6,27,43127
C2,10,C2-rules-010,6,28,43111
C2,10,C2-rules-010,6,29,43007
C2,10,C2-rules-010,6,30,43098
C2,10,C2-rules-010,6,31,46154
C2,10,C2-rules-010,6,32,43077
C2,10,C2-rules-010,6,33,43167
C2,10,C2-rules-010,6,34,42975
C2,10,C2-rules-010,6,35,43095
C2,10,C2-rules-010,6,36,43633
C2,10,C2-rules-010,6,37,42908
C2,10,C2-rules-010,6,38,43298
C2,10,C2-rules-010,6,39,43079
C2,10,C2-rules-010,6,40,45533
C2,10,C2-rules-010,6,41,43241
C2,10,C2-rules-010,6,42,42595
C2,10,C2-rules-010,6,43,43317
C2,10,C2-rules-010,6,44,50501
C2,10,C2-rules-010,6,45,43972
C2,10,C2-rules-010,6,46,42800
C2,10,C2-rules-010,6,47,42650
C2,10,C2-rules-010,6,48,43092
C2,10,C2-rules-010,6,49,46327
C2,10,C2-rules-010,6,50,45709
C2,10,C2-rules-010,6,51,43811
C2,10,C2-rules-010,6,52,43514
C2,10,C2-rules-010,6,53,43442
C2,10,C2-rules-010,6,54,42796
C2,10,C2-rules-010,6,55,43338
C2,10,C2-rules-010,6,56,43070
C2,10,C2-rules-010,6,57,46468
C2,10,C2-rules-010,6,58,66201
C2,10,C2-rules-010,6,59,63644
C2,10,C2-rules-010,6,60,46405
C2,10,C2-rules-010,6,61,43534
C2,10,C2-rules-010,6,62,43235
C2,10,C2-rules-010,6,63,43237
C2,10,C2-rules-010,6,64,43250
C2,10,C2-rules-010,6,65,43932
C2,10,C2-rules-010,6,66,43051
C2,10,C2-rules-010,6,67,43356
C2,10,C2-rules-010,6,68,43235
C2,10,C2-rules-010,6,69,43323
C2,10,C2-rules-010,6,70,46017
C2,10,C2-rules-010,6,71,43553
C2,10,C2-rules-010,6,72,43038
C2,10,C2-rules-010,6,73,43519
C2,10,C2-rules-010,6,74,43528
C2,10,C2-rules-010,6,75,43884
C2,10,C2-rules-010,6,76,43631
C2,10,C2-rules-010,6,77,43201
C2,10,C2-rules-010,6,78,43571
C2,10,C2-rules-010,6,79,43075
C2,10,C2-rules-010,6,80,45653
C2,10,C2-rules-010,6,81,44011
C2,10,C2-rules-010,6,82,45858
C2,10,C2-rules-010,6,83,42788
C2,10,C2-rules-010,6,84,43390
C2,10,C2-rules-010,6,85,43097
C2,10,C2-rules-010,6,86,43126
C2,10,C2-rules-010,6,87,43254
C2,10,C2-rules-010,6,88,43171
C2,10,C2-rules-010,6,89,43346
C2,10,C2-rules-010,6,90,45781
C2,10,C2-rules-010,6,91,43628
C2,10,C2-rules-010,6,92,43165
C2,10,C2-rules-010,6,93,43450
C2,10,C2-rules-010,6,94,43164
C2,10,C2-rules-010,6,95,43583
C2,10,C2-rules-010,6,96,43208
C2,10,C2-rules-010,6,97,43083
C2,10,C2-rules-010,6,98,43081
C2,10,C2-rules-010,6,99,43132
C2,10,C2-rules-010,6,100,45408
C2,10,C2-rules-010,7,1,45654
C2,10,C2-rules-010,7,2,43431
C2,10,C2-rules-010,7,3,43575
C2,10,C2-rules-010,7,4,43708
C2,10,C2-rules-010,7,5,44260
C2,10,C2-rules-010,7,6,43669
C2,10,C2-rules-010,7,7,43703
C2,10,C2-rules-010,7,8,43313
C2,10,C2-rules-010,7,9,43284
C2,10,C2-rules-010,7,10,46319
C2,10,C2-rules-010,7,11,43908
C2,10,C2-rules-010,7,12,43554
C2,10,C2-rules-010,7,13,43519
C2,10,C2-rules-010,7,14,43595
C2,10,C2-rules-010,7,15,43907
C2,10,C2-rules-010,7,16,43212
C2,10,C2-rules-010,7,17,43211
C2,10,C2-rules-010,7,18,43727
C2,10,C2-rules-010,7,19,45963
C2,10,C2-rules-010,7,20,43582
C2,10,C2-rules-010,7,21,43608
C2,10,C2-rules-010,7,22,44151
C2,10,C2-rules-010,7,23,43467
C2,10,C2-rules-010,7,24,43735
C2,10,C2-rules-010,7,25,44076
C2,10,C2-rules-010,7,26,43537
C2,10,C2-rules-010,7,27,44007
C2,10,C2-rules-010,7,28,43675
C2,10,C2-rules-010,7,29,45019
C2,10,C2-rules-010,7,30,43713
C2,10,C2-rules-010,7,31,42711
C2,10,C2-rules-010,7,32,43198
C2,10,C2-rules-010,7,33,43126
C2,10,C2-rules-010,7,34,44155
C2,10,C2-rules-010,7,35,44110
C2,10,C2-rules-010,7,36,43325
C2,10,C2-rules-010,7,37,44175
C2,10,C2-rules-010,7,38,42916
C2,10,C2-rules-010,7,39,45472
C2,10,C2-rules-010,7,40,43890
C2,10,C2-rules-010,7,41,43568
C2,10,C2-rules-010,7,42,44171
C2,10,C2-rules-010,7,43,43280
C2,10,C2-rules-010,7,44,44343
C2,10,C2-rules-010,7,45,43296
C2,10,C2-rules-010,7,46,43421
C2,10,C2-rules-010,7,47,43498
C2,10,C2-rules-010,7,48,43324
C2,10,C2-rules-010,7,49,46131
C2,10,C2-rules-010,7,50,43254
C2,10,C2-rules-010,7,51,43636
C2,10,C2-rules-010,7,52,43184
C2,10,C2-rules-010,7,53,43640
C2,10,C2-rules-010,7,54,43692
C2,10,C2-rules-010,7,55,43465
C2,10,C2-rules-010,7,56,43837
C2,10,C2-rules-010,7,57,43517
C2,10,C2-rules-010,7,58,43197
C2,10,C2-rules-010,7,59,44883
C2,10,C2-rules-010,7,60,43491
C2,10,C2-rules-010,7,61,43476
C2,10,C2-rules-010,7,62,43760
C2,10,C2-rules-010,7,63,43542
C2,10,C2-rules-010,7,64,43634
C2,10,C2-rules-010,7,65,43448
C2,10,C2-rules-010,7,66,43515
C2,10,C2-rules-010,7,67,43149
C2,10,C2-rules-010,7,68,43690
C2,10,C2-rules-010,7,69,45673
C2,10,C2-rules-010,7,70,54753
C2,10,C2-rules-010,7,71,43088
C2,10,C2-rules-010,7,72,42951
C2,10,C2-rules-010,7,73,43144
C2,10,C2-rules-010,7,74,43784
C2,10,C2-rules-010,7,75,42983
C2,10,C2-rules-010,7,76,42840
C2,10,C2-rules-010,7,77,42997
C2,10,C2-rules-010,7,78,42723
C2,10,C2-rules-010,7,79,45161
C2,10,C2-rules-010,7,80,43792
C2,10,C2-rules-010,7,81,42903
C2,10,C2-rules-010,7,82,43623
C2,10,C2-rules-010,7,83,43009
C2,10,C2-rules-010,7,84,43406
C2,10,C2-rules-010,7,85,43106
C2,10,C2-rules-010,7,86,43274
C2,10,C2-rules-010,7,87,43041
C2,10,C2-rules-010,7,88,43682
C2,10,C2-rules-010,7,89,45178
C2,10,C2-rules-010,7,90,43036
C2,10,C2-rules-010,7,91,43156
C2,10,C2-rules-010,7,92,42758
C2,10,C2-rules-010,7,93,43192
C2,10,C2-rules-010,7,94,43122
C2,10,C2-rules-010,7,95,42763
C2,10,C2-rules-010,7,96,43085
C2,10,C2-rules-010,7,97,43522
C2,10,C2-rules-010,7,98,43362
C2,10,C2-rules-010,7,99,43271
C2,10,C2-rules-010,7,100,42958
C2,10,C2-rules-010,8,1,44817
C2,10,C2-rules-010,8,2,43274
C2,10,C2-rules-010,8,3,43928
C2,10,C2-rules-010,8,4,42965
C2,10,C2-rules-010,8,5,42962
C2,10,C2-rules-010,8,6,43049
C2,10,C2-rules-010,8,7,43459
C2,10,C2-rules-010,8,8,45150
C2,10,C2-rules-010,8,9,43567
C2,10,C2-rules-010,8,10,43441
C2,10,C2-rules-010,8,11,42978
C2,10,C2-rules-010,8,12,43134
C2,10,C2-rules-010,8,13,43455
C2,10,C2-rules-010,8,14,43059
C2,10,C2-rules-010,8,15,43661
C2,10,C2-rules-010,8,16,43586
C2,10,C2-rules-010,8,17,43068
C2,10,C2-rules-010,8,18,45103
C2,10,C2-rules-010,8,19,44293
C2,10,C2-rules-010,8,20,43166
C2,10,C2-rules-010,8,21,43511
C2,10,C2-rules-010,8,22,43391
C2,10,C2-rules-010,8,23,44222
C2,10,C2-rules-010,8,24,43910
C2,10,C2-rules-010,8,25,43283
C2,10,C2-rules-010,8,26,43482
C2,10,C2-rules-010,8,27,43615
C2,10,C2-rules-010,8,28,45213
C2,10,C2-rules-010,8,29,44254
C2,10,C2-rules-010,8,30,43353
C2,10,C2-rules-010,8,31,43227
C2,10,C2-rules-010,8,32,42939
C2,10,C2-rules-010,8,33,44105
C2,10,C2-rules-010,8,34,43837
C2,10,C2-rules-010,8,35,44109
C2,10,C2-rules-010,8,36,43468
C2,10,C2-rules-010,8,37,42913
C2,10,C2-rules-010,8,38,44964
C2,10,C2-rules-010,8,39,43414
C2,10,C2-rules-010,8,40,43353
C2,10,C2-rules-010,8,41,42750
C2,10,C2-rules-010,8,42,42937
C2,10,C2-rules-010,8,43,43516
C2,10,C2-rules-010,8,44,43245
C2,10,C2-rules-010,8,45,43342
C2,10,C2-rules-010,8,46,43007
C2,10,C2-rules-010,8,47,43375
C2,10,C2-rules-010,8,48,45278
C2,10,C2-rules-010,8,49,43405
C2,10,C2-rules-010,8,50,43798
C2,10,C2-rules-010,8,51,43422
C2,10,C2-rules-010,8,52,44743
C2,10,C2-rules-010,8,53,45816
C2,10,C2-rules-010,8,54,43478
C2,10,C2-rules-010,8,55,46971
C2,10,C2-rules-010,8,56,44002
C2,10,C2-rules-010,8,57,46472
C2,10,C2-rules-010,8,58,47176
C2,10,C2-rules-010,8,59,43443
C2,10,C2-rules-010,8,60,43463
C2,10,C2-rules-010,8,61,43021
C2,10,C2-rules-010,8,62,43601
C2,10,C2-rules-010,8,63,47949
C2,10,C2-rules-010,8,64,42791
C2,10,C2-rules-010,8,65,46407
C2,10,C2-rules-010,8,66,46432
C2,10,C2-rules-010,8,67,46368
C2,10,C2-rules-010,8,68,53644
C2,10,C2-rules-010,8,69,47019
C2,10,C2-rules-010,8,70,43356
C2,10,C2-rules-010,8,71,42794
C2,10,C2-rules-010,8,72,42949
C2,10,C2-rules-010,8,73,43227
C2,10,C2-rules-010,8,74,43272
C2,10,C2-rules-010,8,75,42843
C2,10,C2-rules-010,8,76,42984
C2,10,C2-rules-010,8,77,43061
C2,10,C2-rules-010,8,78,43366
C2,10,C2-rules-010,8,79,43032
C2,10,C2-rules-010,8,80,42840
C2,10,C2-rules-010,8,81,43167
C2,10,C2-rules-010,8,82,43167
C2,10,C2-rules-010,8,83,43123
C2,10,C2-rules-010,8,84,42837
C2,10,C2-rules-010,8,85,42887
C2,10,C2-rules-010,8,86,42861
C2,10,C2-rules-010,8,87,44834
C2,10,C2-rules-010,8,88,42723
C2,10,C2-rules-010,8,89,42782
C2,10,C2-rules-010,8,90,42993
C2,10,C2-rules-010,8,91,43045
C2,10,C2-rules-010,8,92,43367
C2,10,C2-rules-010,8,93,43162
C2,10,C2-rules-010,8,94,43359
C2,10,C2-rules-010,8,95,43162
C2,10,C2-rules-010,8,96,43411
C2,10,C2-rules-010,8,97,44192
C2,10,C2-rules-010,8,98,43313
C2,10,C2-rules-010,8,99,42796
C2,10,C2-rules-010,8,100,43112
C1,1,C1-rules-001,1,1,54737
C1,1,C1-rules-001,1,2,59890
C1,1,C1-rules-001,1,3,56365
C1,1,C1-rules-001,1,4,54156
C1,1,C1-rules-001,1,5,55428
C1,1,C1-rules-001,1,6,55442
C1,1,C1-rules-001,1,7,58557
C1,1,C1-rules-001,1,8,54332
C1,1,C1-rules-001,1,9,57800
C1,1,C1-rules-001,1,10,57247
C1,1,C1-rules-001,1,11,54595
C1,1,C1-rules-001,1,12,58756
C1,1,C1-rules-001,1,13,55185
C1,1,C1-rules-001,1,14,51713
C1,1,C1-rules-001,1,15,47926
C1,1,C1-rules-001,1,16,48229
C1,1,C1-rules-001,1,17,51681
C1,1,C1-rules-001,1,18,50724
C1,1,C1-rules-001,1,19,55237
C1,1,C1-rules-001,1,20,51328
C1,1,C1-rules-001,1,21,51751
C1,1,C1-rules-001,1,22,55239
C1,1,C1-rules-001,1,23,50965
C1,1,C1-rules-001,1,24,54301
C1,1,C1-rules-001,1,25,51001
C1,1,C1-rules-001,1,26,43901
C1,1,C1-rules-001,1,27,46931
C1,1,C1-rules-001,1,28,39851
C1,1,C1-rules-001,1,29,42108
C1,1,C1-rules-001,1,30,39361
C1,1,C1-rules-001,1,31,39141
C1,1,C1-rules-001,1,32,41917
C1,1,C1-rules-001,1,33,38859
C1,1,C1-rules-001,1,34,42197
C1,1,C1-rules-001,1,35,38880
C1,1,C1-rules-001,1,36,44437
C1,1,C1-rules-001,1,37,51167
C1,1,C1-rules-001,1,38,50918
C1,1,C1-rules-001,1,39,54527
C1,1,C1-rules-001,1,40,50855
C1,1,C1-rules-001,1,41,54604
C1,1,C1-rules-001,1,42,50544
C1,1,C1-rules-001,1,43,51385
C1,1,C1-rules-001,1,44,58984
C1,1,C1-rules-001,1,45,52542
C1,1,C1-rules-001,1,46,52670
C1,1,C1-rules-001,1,47,49177
C1,1,C1-rules-001,1,48,51767
C1,1,C1-rules-001,1,49,49168
C1,1,C1-rules-001,1,50,48957
C1,1,C1-rules-001,1,51,65813
C1,1,C1-rules-001,1,52,49118
C1,1,C1-rules-001,1,53,52523
C1,1,C1-rules-001,1,54,48130
C1,1,C1-rules-001,1,55,48440
C1,1,C1-rules-001,1,56,50918
C1,1,C1-rules-001,1,57,48031
C1,1,C1-rules-001,1,58,52304
C1,1,C1-rules-001,1,59,47550
C1,1,C1-rules-001,1,60,55753
C1,1,C1-rules-001,1,61,47557
C1,1,C1-rules-001,1,62,48680
C1,1,C1-rules-001,1,63,51658
C1,1,C1-rules-001,1,64,47473
C1,1,C1-rules-001,1,65,51581
C1,1,C1-rules-001,1,66,47988
C1,1,C1-rules-001,1,67,51612
C1,1,C1-rules-001,1,68,48525
C1,1,C1-rules-001,1,69,48890
C1,1,C1-rules-001,1,70,52451
C1,1,C1-rules-001,1,71,48989
C1,1,C1-rules-001,1,72,51911
C1,1,C1-rules-001,1,73,48817
C1,1,C1-rules-001,1,74,48648
C1,1,C1-rules-001,1,75,45420
C1,1,C1-rules-001,1,76,45272
C1,1,C1-rules-001,1,77,49349
C1,1,C1-rules-001,1,78,45866
C1,1,C1-rules-001,1,79,48551
C1,1,C1-rules-001,1,80,44945
C1,1,C1-rules-001,1,81,49486
C1,1,C1-rules-001,1,82,45424
C1,1,C1-rules-001,1,83,46075
C1,1,C1-rules-001,1,84,48137
C1,1,C1-rules-001,1,85,45381
C1,1,C1-rules-001,1,86,48891
C1,1,C1-rules-001,1,87,45310
C1,1,C1-rules-001,1,88,49282
C1,1,C1-rules-001,1,89,45393
C1,1,C1-rules-001,1,90,45516
C1,1,C1-rules-001,1,91,48852
C1,1,C1-rules-001,1,92,45758
C1,1,C1-rules-001,1,93,48449
C1,1,C1-rules-001,1,94,49820
C1,1,C1-rules-001,1,95,48900
C1,1,C1-rules-001,1,96,45573
C1,1,C1-rules-001,1,97,49685
C1,1,C1-rules-001,1,98,45123
C1,1,C1-rules-001,1,99,45037
C1,1,C1-rules-001,1,100,49977
C1,1,C1-rules-001,2,1,53747
C1,1,C1-rules-001,2,2,47179
C1,1,C1-rules-001,2,3,43007
C1,1,C1-rules-001,2,4,46635
C1,1,C1-rules-001,2,5,43325
C1,1,C1-rules-001,2,6,47314
C1,1,C1-rules-001,2,7,43114
C1,1,C1-rules-001,2,8,43181
C1,1,C1-rules-001,2,9,46031
C1,1,C1-rules-001,2,10,44874
C1,1,C1-rules-001,2,11,48043
C1,1,C1-rules-001,2,12,43122
C1,1,C1-rules-001,2,13,46769
C1,1,C1-rules-001,2,14,43117
C1,1,C1-rules-001,2,15,46673
C1,1,C1-rules-001,2,16,43352
C1,1,C1-rules-001,2,17,43095
C1,1,C1-rules-001,2,18,42831
C1,1,C1-rules-001,2,19,43649
C1,1,C1-rules-001,2,20,46029
C1,1,C1-rules-001,2,21,43227
C1,1,C1-rules-001,2,22,45285
C1,1,C1-rules-001,2,23,45482
C1,1,C1-rules-001,2,24,45988
C1,1,C1-rules-001,2,25,43185
C1,1,C1-rules-001,2,26,70684
C1,1,C1-rules-001,2,27,43643
C1,1,C1-rules-001,2,28,45736
C1,1,C1-rules-001,2,29,40741
C1,1,C1-rules-001,2,30,40771
C1,1,C1-rules-001,2,31,44001
C1,1,C1-rules-001,2,32,40948
C1,1,C1-rules-001,2,33,43634
C1,1,C1-rules-001,2,34,40749
C1,1,C1-rules-001,2,35,43712
C1,1,C1-rules-001,2,36,40111
C1,1,C1-rules-001,2,37,42817
C1,1,C1-rules-001,2,38,40208
C1,1,C1-rules-001,2,39,43232
C1,1,C1-rules-001,2,40,40599
C1,1,C1-rules-001,2,41,41663
C1,1,C1-rules-001,2,42,43867
C1,1,C1-rules-001,2,43,41120
C1,1,C1-rules-001,2,44,43199
C1,1,C1-rules-001,2,45,40567
C1,1,C1-rules-001,2,46,44448
C1,1,C1-rules-001,2,47,41811
C1,1,C1-rules-001,2,48,48512
C1,1,C1-rules-001,2,49,34275
C1,1,C1-rules-001,2,50,36469
C1,1,C1-rules-001,2,51,34597
C1,1,C1-rules-001,2,52,37195
C1,1,C1-rules-001,2,53,40443
C1,1,C1-rules-001,2,54,41890
C1,1,C1-rules-001,2,55,38454
C1,1,C1-rules-001,2,56,38984
C1,1,C1-rules-001,2,57,38720
C1,1,C1-rules-001,2,58,38444
C1,1,C1-rules-001,2,59,41651
C1,1,C1-rules-001,2,60,38266
C1,1,C1-rules-001,2,61,41107
C1,1,C1-rules-001,2,62,38947
C1,1,C1-rules-001,2,63,41505
C1,1,C1-rules-001,2,64,38661
C1,1,C1-rules-001,2,65,42981
C1,1,C1-rules-001,2,66,38837
C1,1,C1-rules-001,2,67,41708
C1,1,C1-rules-001,2,68,38677
C1,1,C1-rules-001,2,69,42049
C1,1,C1-rules-001,2,70,53980
C1,1,C1-rules-001,2,71,68793
C1,1,C1-rules-001,2,72,67230
C1,1,C1-rules-001,2,73,42620
C1,1,C1-rules-001,2,74,38309
C1,1,C1-rules-001,2,75,40184
C1,1,C1-rules-001,2,76,37535
C1,1,C1-rules-001,2,77,39825
C1,1,C1-rules-001,2,78,37033
C1,1,C1-rules-001,2,79,37134
C1,1,C1-rules-001,2,80,37117
C1,1,C1-rules-001,2,81,39203
C1,1,C1-rules-001,2,82,40110
C1,1,C1-rules-001,2,83,37041
C1,1,C1-rules-001,2,84,39949
C1,1,C1-rules-001,2,85,37247
C1,1,C1-rules-001,2,86,39583
C1,1,C1-rules-001,2,87,37247
C1,1,C1-rules-001,2,88,39688
C1,1,C1-rules-001,2,89,37499
C1,1,C1-rules-001,2,90,40586
C1,1,C1-rules-001,2,91,37132
C1,1,C1-rules-001,2,92,40717
C1,1,C1-rules-001,2,93,39925
C1,1,C1-rules-001,2,94,38398
C1,1,C1-rules-001,2,95,35240
C1,1,C1-rules-001,2,96,38566
C1,1,C1-rules-001,2,97,35185
C1,1,C1-rules-001,2,98,38105
C1,1,C1-rules-001,2,99,35643
C1,1,C1-rules-001,2,100,37936
C1,1,C1-rules-001,3,1,42471
C1,1,C1-rules-001,3,2,39183
C1,1,C1-rules-001,3,3,35877
C1,1,C1-rules-001,3,4,38320
C1,1,C1-rules-001,3,5,35932
C1,1,C1-rules-001,3,6,37967
C1,1,C1-rules-001,3,7,33056
C1,1,C1-rules-001,3,8,28581
C1,1,C1-rules-001,3,9,30490
C1,1,C1-rules-001,3,10,28490
C1,1,C1-rules-001,3,11,30001
C1,1,C1-rules-001,3,12,28533
C1,1,C1-rules-001,3,13,32378
C1,1,C1-rules-001,3,14,28342
C1,1,C1-rules-001,3,15,30212
C1,1,C1-rules-001,3,16,28020
C1,1,C1-rules-001,3,17,46017
C1,1,C1-rules-001,3,18,28412
C1,1,C1-rules-001,3,19,30418
C1,1,C1-rules-001,3,20,28096
C1,1,C1-rules-001,3,21,36353
C1,1,C1-rules-001,3,22,33860
C1,1,C1-rules-001,3,23,40824
C1,1,C1-rules-001,3,24,33559
C1,1,C1-rules-001,3,25,36321
C1,1,C1-rules-001,3,26,34105
C1,1,C1-rules-001,3,27,36580
C1,1,C1-rules-001,3,28,33936
C1,1,C1-rules-001,3,29,37168
C1,1,C1-rules-001,3,30,39963
C1,1,C1-rules-001,3,31,174614
C1,1,C1-rules-001,3,32,40013
C1,1,C1-rules-001,3,33,33513
C1,1,C1-rules-001,3,34,29950
C1,1,C1-rules-001,3,35,32365
C1,1,C1-rules-001,3,36,30737
C1,1,C1-rules-001,3,37,33027
C1,1,C1-rules-001,3,38,30548
C1,1,C1-rules-001,3,39,32132
C1,1,C1-rules-001,3,40,30390
C1,1,C1-rules-001,3,41,33104
C1,1,C1-rules-001,3,42,29908
C1,1,C1-rules-001,3,43,34308
C1,1,C1-rules-001,3,44,34915
C1,1,C1-rules-001,3,45,32210
C1,1,C1-rules-001,3,46,35158
C1,1,C1-rules-001,3,47,35303
C1,1,C1-rules-001,3,48,35414
C1,1,C1-rules-001,3,49,32510
C1,1,C1-rules-001,3,50,35402
C1,1,C1-rules-001,3,51,32680
C1,1,C1-rules-001,3,52,35569
C1,1,C1-rules-001,3,53,32378
C1,1,C1-rules-001,3,54,35862
C1,1,C1-rules-001,3,55,33113
C1,1,C1-rules-001,3,56,34707
C1,1,C1-rules-001,3,57,32475
C1,1,C1-rules-001,3,58,35061
C1,1,C1-rules-001,3,59,37586
C1,1,C1-rules-001,3,60,31361
C1,1,C1-rules-001,3,61,33387
C1,1,C1-rules-001,3,62,31247
C1,1,C1-rules-001,3,63,33877
C1,1,C1-rules-001,3,64,31622
C1,1,C1-rules-001,3,65,33492
C1,1,C1-rules-001,3,66,31193
C1,1,C1-rules-001,3,67,33911
C1,1,C1-rules-001,3,68,31646
C1,1,C1-rules-001,3,69,33373
C1,1,C1-rules-001,3,70,33743
C1,1,C1-rules-001,3,71,31852
C1,1,C1-rules-001,3,72,33573
C1,1,C1-rules-001,3,73,33122
C1,1,C1-rules-001,3,74,33707
C1,1,C1-rules-001,3,75,31116
C1,1,C1-rules-001,3,76,33555
C1,1,C1-rules-001,3,77,31158
C1,1,C1-rules-001,3,78,33474
C1,1,C1-rules-001,3,79,31389
C1,1,C1-rules-001,3,80,33516
C1,1,C1-rules-001,3,81,33503
C1,1,C1-rules-001,3,82,33301
C1,1,C1-rules-001,3,83,31870
C1,1,C1-rules-001,3,84,29936
C1,1,C1-rules-001,3,85,32885
C1,1,C1-rules-001,3,86,30731
C1,1,C1-rules-001,3,87,32500
C1,1,C1-rules-001,3,88,30295
C1,1,C1-rules-001,3,89,32808
C1,1,C1-rules-001,3,90,36242
C1,1,C1-rules-001,3,91,31259
C1,1,C1-rules-001,3,92,32592
C1,1,C1-rules-001,3,93,30121
C1,1,C1-rules-001,3,94,32668
C1,1,C1-rules-001,3,95,30234
C1,1,C1-rules-001,3,96,32033
C1,1,C1-rules-001,3,97,32104
C1,1,C1-rules-001,3,98,29725
C1,1,C1-rules-001,3,99,32274
C1,1,C1-rules-001,3,100,30040
C1,1,C1-rules-001,4,1,35669
C1,1,C1-rules-001,4,2,33221
C1,1,C1-rules-001,4,3,30397
C1,1,C1-rules-001,4,4,37932
C1,1,C1-rules-001,4,5,31926
C1,1,C1-rules-001,4,6,29416
C1,1,C1-rules-001,4,7,32064
C1,1,C1-rules-001,4,8,29276
C1,1,C1-rules-001,4,9,31711
C1,1,C1-rules-001,4,10,29680
C1,1,C1-rules-001,4,11,31122
C1,1,C1-rules-001,4,12,31467
C1,1,C1-rules-001,4,13,29282
C1,1,C1-rules-001,4,14,31635
C1,1,C1-rules-001,4,15,29136
C1,1,C1-rules-001,4,16,31193
C1,1,C1-rules-001,4,17,28996
C1,1,C1-rules-001,4,18,29282
C1,1,C1-rules-001,4,19,31361
C1,1,C1-rules-001,4,20,29131
C1,1,C1-rules-001,4,21,31129
C1,1,C1-rules-001,4,22,32390
C1,1,C1-rules-001,4,23,45169
C1,1,C1-rules-001,4,24,30280
C1,1,C1-rules-001,4,25,27773
C1,1,C1-rules-001,4,26,29678
C1,1,C1-rules-001,4,27,28046
C1,1,C1-rules-001,4,28,29901
C1,1,C1-rules-001,4,29,29987
C1,1,C1-rules-001,4,30,28708
C1,1,C1-rules-001,4,31,28068
C1,1,C1-rules-001,4,32,26274
C1,1,C1-rules-001,4,33,28060
C1,1,C1-rules-001,4,34,27937
C1,1,C1-rules-001,4,35,30467
C1,1,C1-rules-001,4,36,28734
C1,1,C1-rules-001,4,37,26307
C1,1,C1-rules-001,4,38,29402
C1,1,C1-rules-001,4,39,23780
C1,1,C1-rules-001,4,40,23068
C1,1,C1-rules-001,4,41,24777
C1,1,C1-rules-001,4,42,22346
C1,1,C1-rules-001,4,43,25140
C1,1,C1-rules-001,4,44,25195
C1,1,C1-rules-001,4,45,22620
C1,1,C1-rules-001,4,46,23532
C1,1,C1-rules-001,4,47,30714
C1,1,C1-rules-001,4,48,28804
C1,1,C1-rules-001,4,49,29641
C1,1,C1-rules-001,4,50,27459
C1,1,C1-rules-001,4,51,29266
C1,1,C1-rules-001,4,52,27146
C1,1,C1-rules-001,4,53,28175
C1,1,C1-rules-001,4,54,29369
C1,1,C1-rules-001,4,55,27972
C1,1,C1-rules-001,4,56,29560
C1,1,C1-rules-001,4,57,29874
C1,1,C1-rules-001,4,58,27017
C1,1,C1-rules-001,4,59,29159
C1,1,C1-rules-001,4,60,28038
C1,1,C1-rules-001,4,61,30174
C1,1,C1-rules-001,4,62,30199
C1,1,C1-rules-001,4,63,28206
C1,1,C1-rules-001,4,64,29970
C1,1,C1-rules-001,4,65,29296
C1,1,C1-rules-001,4,66,27354
C1,1,C1-rules-001,4,67,32497
C1,1,C1-rules-001,4,68,26605
C1,1,C1-rules-001,4,69,27989
C1,1,C1-rules-001,4,70,32515
C1,1,C1-rules-001,4,71,26804
C1,1,C1-rules-001,4,72,28361
C1,1,C1-rules-001,4,73,28636
C1,1,C1-rules-001,4,74,26517
C1,1,C1-rules-001,4,75,30529
C1,1,C1-rules-001,4,76,27846
C1,1,C1-rules-001,4,77,25582
C1,1,C1-rules-001,4,78,27529
C1,1,C1-rules-001,4,79,25867
C1,1,C1-rules-001,4,80,27894
C1,1,C1-rules-001,4,81,27557
C1,1,C1-rules-001,4,82,25531
C1,1,C1-rules-001,4,83,29404
C1,1,C1-rules-001,4,84,28351
C1,1,C1-rules-001,4,85,25860
C1,1,C1-rules-001,4,86,28335
C1,1,C1-rules-001,4,87,27502
C1,1,C1-rules-001,4,88,26331
C1,1,C1-rules-001,4,89,27738
C1,1,C1-rules-001,4,90,27333
C1,1,C1-rules-001,4,91,25161
C1,1,C1-rules-001,4,92,28078
C1,1,C1-rules-001,4,93,27886
C1,1,C1-rules-001,4,94,25607
C1,1,C1-rules-001,4,95,26988
C1,1,C1-rules-001,4,96,27471
C1,1,C1-rules-001,4,97,25467
C1,1,C1-rules-001,4,98,27648
C1,1,C1-rules-001,4,99,27392
C1,1,C1-rules-001,4,100,25881
C1,1,C1-rules-001,5,1,32241
C1,1,C1-rules-001,5,2,28457
C1,1,C1-rules-001,5,3,21658
C1,1,C1-rules-001,5,4,21667
C1,1,C1-rules-001,5,5,23042
C1,1,C1-rules-001,5,6,21675
C1,1,C1-rules-001,5,7,21586
C1,1,C1-rules-001,5,8,19932
C1,1,C1-rules-001,5,9,21554
C1,1,C1-rules-001,5,10,21566
C1,1,C1-rules-001,5,11,20075
C1,1,C1-rules-001,5,12,21465
C1,1,C1-rules-001,5,13,21380
C1,1,C1-rules-001,5,14,20046
C1,1,C1-rules-001,5,15,21717
C1,1,C1-rules-001,5,16,21570
C1,1,C1-rules-001,5,17,19837
C1,1,C1-rules-001,5,18,21760
C1,1,C1-rules-001,5,19,21302
C1,1,C1-rules-001,5,20,20030
C1,1,C1-rules-001,5,21,21632
C1,1,C1-rules-001,5,22,21779
C1,1,C1-rules-001,5,23,22159
C1,1,C1-rules-001,5,24,20223
C1,1,C1-rules-001,5,25,21468
C1,1,C1-rules-001,5,26,21521
C1,1,C1-rules-001,5,27,20412
C1,1,C1-rules-001,5,28,21556
C1,1,C1-rules-001,5,29,22475
C1,1,C1-rules-001,5,30,19981
C1,1,C1-rules-001,5,31,21622
C1,1,C1-rules-001,5,32,21762
C1,1,C1-rules-001,5,33,19709
C1,1,C1-rules-001,5,34,20082
C1,1,C1-rules-001,5,35,21222
C1,1,C1-rules-001,5,36,22013
C1,1,C1-rules-001,5,37,19834
C1,1,C1-rules-001,5,38,21528
C1,1,C1-rules-001,5,39,21771
C1,1,C1-rules-001,5,40,23614
C1,1,C1-rules-001,5,41,21698
C1,1,C1-rules-001,5,42,21651
C1,1,C1-rules-001,5,43,21744
C1,1,C1-rules-001,5,44,20570
C1,1,C1-rules-001,5,45,22076
C1,1,C1-rules-001,5,46,21263
C1,1,C1-rules-001,5,47,19906
C1,1,C1-rules-001,5,48,20286
C1,1,C1-rules-001,5,49,21942
C1,1,C1-rules-001,5,50,21652
C1,1,C1-rules-001,5,51,20035
C1,1,C1-rules-001,5,52,21423
C1,1,C1-rules-001,5,53,21997
C1,1,C1-rules-001,5,54,21972
C1,1,C1-rules-001,5,55,20629
C1,1,C1-rules-001,5,56,21844
C1,1,C1-rules-001,5,57,21498
C1,1,C1-rules-001,5,58,22616
C1,1,C1-rules-001,5,59,20095
C1,1,C1-rules-001,5,60,21510
C1,1,C1-rules-001,5,61,21895
C1,1,C1-rules-001,5,62,20334
C1,1,C1-rules-001,5,63,21206
C1,1,C1-rules-001,5,64,21398
C1,1,C1-rules-001,5,65,21614
C1,1,C1-rules-001,5,66,20082
C1,1,C1-rules-001,5,67,22201
C1,1,C1-rules-001,5,68,21928
C1,1,C1-rules-001,5,69,31337
C1,1,C1-rules-001,5,70,22146
C1,1,C1-rules-001,5,71,23185
C1,1,C1-rules-001,5,72,24443
C1,1,C1-rules-001,5,73,24612
C1,1,C1-rules-001,5,74,25437
C1,1,C1-rules-001,5,75,21984
C1,1,C1-rules-001,5,76,23892
C1,1,C1-rules-001,5,77,21527
C1,1,C1-rules-001,5,78,21797
C1,1,C1-rules-001,5,79,20981
C1,1,C1-rules-001,5,80,21723
C1,1,C1-rules-001,5,81,22650
C1,1,C1-rules-001,5,82,23091
C1,1,C1-rules-001,5,83,21686
C1,1,C1-rules-001,5,84,23302
C1,1,C1-rules-001,5,85,22883
C1,1,C1-rules-001,5,86,22931
C1,1,C1-rules-001,5,87,21729
C1,1,C1-rules-001,5,88,23361
C1,1,C1-rules-001,5,89,26400
C1,1,C1-rules-001,5,90,21808
C1,1,C1-rules-001,5,91,21350
C1,1,C1-rules-001,5,92,20052
C1,1,C1-rules-001,5,93,22700
C1,1,C1-rules-001,5,94,21645
C1,1,C1-rules-001,5,95,21620
C1,1,C1-rules-001,5,96,22003
C1,1,C1-rules-001,5,97,19785
C1,1,C1-rules-001,5,98,21437
C1,1,C1-rules-001,5,99,21138
C1,1,C1-rules-001,5,100,21228
C1,1,C1-rules-001,6,1,24442
C1,1,C1-rules-001,6,2,21910
C1,1,C1-rules-001,6,3,21543
C1,1,C1-rules-001,6,4,21676
C1,1,C1-rules-001,6,5,21519
C1,1,C1-rules-001,6,6,20049
C1,1,C1-rules-001,6,7,21858
C1,1,C1-rules-001,6,8,21380
C1,1,C1-rules-001,6,9,21293
C1,1,C1-rules-001,6,10,21601
C1,1,C1-rules-001,6,11,23268
C1,1,C1-rules-001,6,12,21951
C1,1,C1-rules-001,6,13,21681
C1,1,C1-rules-001,6,14,21547
C1,1,C1-rules-001,6,15,21692
C1,1,C1-rules-001,6,16,21445
C1,1,C1-rules-001,6,17,19936
C1,1,C1-rules-001,6,18,21281
C1,1,C1-rules-001,6,19,21376
C1,1,C1-rules-001,6,20,21280
C1,1,C1-rules-001,6,21,21455
C1,1,C1-rules-001,6,22,21682
C1,1,C1-rules-001,6,23,19734
C1,1,C1-rules-001,6,24,21231
C1,1,C1-rules-001,6,25,21652
C1,1,C1-rules-001,6,26,21261
C1,1,C1-rules-001,6,27,21586
C1,1,C1-rules-001,6,28,21391
C1,1,C1-rules-001,6,29,22156
C1,1,C1-rules-001,6,30,19475
C1,1,C1-rules-001,6,31,21190
C1,1,C1-rules-001,6,32,21245
C1,1,C1-rules-001,6,33,21377
C1,1,C1-rules-001,6,34,21367
C1,1,C1-rules-001,6,35,21223
C1,1,C1-rules-001,6,36,19958
C1,1,C1-rules-001,6,37,19752
C1,1,C1-rules-001,6,38,21269
C1,1,C1-rules-001,6,39,21515
C1,1,C1-rules-001,6,40,21687
C1,1,C1-rules-001,6,41,21563
C1,1,C1-rules-001,6,42,21054
C1,1,C1-rules-001,6,43,21327
C1,1,C1-rules-001,6,44,19751
C1,1,C1-rules-001,6,45,21806
C1,1,C1-rules-001,6,46,24485
C1,1,C1-rules-001,6,47,21787
C1,1,C1-rules-001,6,48,21228
C1,1,C1-rules-001,6,49,21084
C1,1,C1-rules-001,6,50,21119
C1,1,C1-rules-001,6,51,21355
C1,1,C1-rules-001,6,52,21007
C1,1,C1-rules-001,6,53,19998
C1,1,C1-rules-001,6,54,20945
C1,1,C1-rules-001,6,55,21115
C1,1,C1-rules-001,6,56,21766
C1,1,C1-rules-001,6,57,21395
C1,1,C1-rules-001,6,58,21468
C1,1,C1-rules-001,6,59,21261
C1,1,C1-rules-001,6,60,21110
C1,1,C1-rules-001,6,61,21635
C1,1,C1-rules-001,6,62,21442
C1,1,C1-rules-001,6,63,19917
C1,1,C1-rules-001,6,64,22526
C1,1,C1-rules-001,6,65,21635
C1,1,C1-rules-001,6,66,21196
C1,1,C1-rules-001,6,67,21404
C1,1,C1-rules-001,6,68,26428
C1,1,C1-rules-001,6,69,21608
C1,1,C1-rules-001,6,70,21852
C1,1,C1-rules-001,6,71,21628
C1,1,C1-rules-001,6,72,21450
C1,1,C1-rules-001,6,73,19804
C1,1,C1-rules-001,6,74,19737
C1,1,C1-rules-001,6,75,21152
C1,1,C1-rules-001,6,76,19963
C1,1,C1-rules-001,6,77,21174
C1,1,C1-rules-001,6,78,19874
C1,1,C1-rules-001,6,79,19812
C1,1,C1-rules-001,6,80,21048
C1,1,C1-rules-001,6,81,19704
C1,1,C1-rules-001,6,82,23355
C1,1,C1-rules-001,6,83,19899
C1,1,C1-rules-001,6,84,19531
C1,1,C1-rules-001,6,85,20948
C1,1,C1-rules-001,6,86,19656
C1,1,C1-rules-001,6,87,21254
C1,1,C1-rules-001,6,88,19814
C1,1,C1-rules-001,6,89,19605
C1,1,C1-rules-001,6,90,21130
C1,1,C1-rules-001,6,91,19669
C1,1,C1-rules-001,6,92,21152
C1,1,C1-rules-001,6,93,20224
C1,1,C1-rules-001,6,94,19601
C1,1,C1-rules-001,6,95,20991
C1,1,C1-rules-001,6,96,19951
C1,1,C1-rules-001,6,97,20944
C1,1,C1-rules-001,6,98,19976
C1,1,C1-rules-001,6,99,19846
C1,1,C1-rules-001,6,100,21476
C1,1,C1-rules-001,7,1,22618
C1,1,C1-rules-001,7,2,21549
C1,1,C1-rules-001,7,3,19717
C1,1,C1-rules-001,7,4,19831
C1,1,C1-rules-001,7,5,21364
C1,1,C1-rules-001,7,6,20025
C1,1,C1-rules-001,7,7,21294
C1,1,C1-rules-001,7,8,19733
C1,1,C1-rules-001,7,9,19822
C1,1,C1-rules-001,7,10,20995
C1,1,C1-rules-001,7,11,19820
C1,1,C1-rules-001,7,12,21301
C1,1,C1-rules-001,7,13,19689
C1,1,C1-rules-001,7,14,19803
C1,1,C1-rules-001,7,15,21528
C1,1,C1-rules-001,7,16,19759
C1,1,C1-rules-001,7,17,24313
C1,1,C1-rules-001,7,18,20182
C1,1,C1-rules-001,7,19,19896
C1,1,C1-rules-001,7,20,21512
C1,1,C1-rules-001,7,21,19661
C1,1,C1-rules-001,7,22,21257
C1,1,C1-rules-001,7,23,19793
C1,1,C1-rules-001,7,24,19722
C1,1,C1-rules-001,7,25,21150
C1,1,C1-rules-001,7,26,19843
C1,1,C1-rules-001,7,27,21130
C1,1,C1-rules-001,7,28,19818
C1,1,C1-rules-001,7,29,19762
C1,1,C1-rules-001,7,30,21365
C1,1,C1-rules-001,7,31,21420
C1,1,C1-rules-001,7,32,25505
C1,1,C1-rules-001,7,33,23446
C1,1,C1-rules-001,7,34,23672
C1,1,C1-rules-001,7,35,26784
C1,1,C1-rules-001,7,36,35170
C1,1,C1-rules-001,7,37,21827
C1,1,C1-rules-001,7,38,19846
C1,1,C1-rules-001,7,39,19552
C1,1,C1-rules-001,7,40,21572
C1,1,C1-rules-001,7,41,19825
C1,1,C1-rules-001,7,42,21159
C1,1,C1-rules-001,7,43,19943
C1,1,C1-rules-001,7,44,19696
C1,1,C1-rules-001,7,45,21055
C1,1,C1-rules-001,7,46,19594
C1,1,C1-rules-001,7,47,21220
C1,1,C1-rules-001,7,48,19653
C1,1,C1-rules-001,7,49,19789
C1,1,C1-rules-001,7,50,21137
C1,1,C1-rules-001,7,51,19589
C1,1,C1-rules-001,7,52,24687
C1,1,C1-rules-001,7,53,20362
C1,1,C1-rules-001,7,54,19929
C1,1,C1-rules-001,7,55,21596
C1,1,C1-rules-001,7,56,19715
C1,1,C1-rules-001,7,57,21127
C1,1,C1-rules-001,7,58,19824
C1,1,C1-rules-001,7,59,19752
C1,1,C1-rules-001,7,60,21253
C1,1,C1-rules-001,7,61,19830
C1,1,C1-rules-001,7,62,21047
C1,1,C1-rules-001,7,63,19897
C1,1,C1-rules-001,7,64,19905
C1,1,C1-rules-001,7,65,21290
C1,1,C1-rules-001,7,66,19905
C1,1,C1-rules-001,7,67,21141
C1,1,C1-rules-001,7,68,20212
C1,1,C1-rules-001,7,69,19855
C1,1,C1-rules-001,7,70,21941
C1,1,C1-rules-001,7,71,19869
C1,1,C1-rules-001,7,72,21023
C1,1,C1-rules-001,7,73,19634
C1,1,C1-rules-001,7,74,20361
C1,1,C1-rules-001,7,75,21100
C1,1,C1-rules-001,7,76,19551
C1,1,C1-rules-001,7,77,21225
C1,1,C1-rules-001,7,78,19744
C1,1,C1-rules-001,7,79,19626
C1,1,C1-rules-001,7,80,21068
C1,1,C1-rules-001,7,81,19675
C1,1,C1-rules-001,7,82,21273
C1,1,C1-rules-001,7,83,19985
C1,1,C1-rules-001,7,84,19767
C1,1,C1-rules-001,7,85,21024
C1,1,C1-rules-001,7,86,19795
C1,1,C1-rules-001,7,87,21101
C1,1,C1-rules-001,7,88,23140
C1,1,C1-rules-001,7,89,19878
C1,1,C1-rules-001,7,90,21047
C1,1,C1-rules-001,7,91,19990
C1,1,C1-rules-001,7,92,21479
C1,1,C1-rules-001,7,93,19713
C1,1,C1-rules-001,7,94,19835
C1,1,C1-rules-001,7,95,20930
C1,1,C1-rules-001,7,96,19780
C1,1,C1-rules-001,7,97,21166
C1,1,C1-rules-001,7,98,19637
C1,1,C1-rules-001,7,99,19872
C1,1,C1-rules-001,7,100,20936
C1,1,C1-rules-001,8,1,23698
C1,1,C1-rules-001,8,2,19920
C1,1,C1-rules-001,8,3,21313
C1,1,C1-rules-001,8,4,19806
C1,1,C1-rules-001,8,5,21248
C1,1,C1-rules-001,8,6,19767
C1,1,C1-rules-001,8,7,19839
C1,1,C1-rules-001,8,8,21164
C1,1,C1-rules-001,8,9,19817
C1,1,C1-rules-001,8,10,21284
C1,1,C1-rules-001,8,11,20014
C1,1,C1-rules-001,8,12,19616
C1,1,C1-rules-001,8,13,21453
C1,1,C1-rules-001,8,14,19690
C1,1,C1-rules-001,8,15,21924
C1,1,C1-rules-001,8,16,19855
C1,1,C1-rules-001,8,17,19777
C1,1,C1-rules-001,8,18,21044
C1,1,C1-rules-001,8,19,19987
C1,1,C1-rules-001,8,20,21457
C1,1,C1-rules-001,8,21,19857
C1,1,C1-rules-001,8,22,19624
C1,1,C1-rules-001,8,23,24350
C1,1,C1-rules-001,8,24,19794
C1,1,C1-rules-001,8,25,21258
C1,1,C1-rules-001,8,26,19672
C1,1,C1-rules-001,8,27,20060
C1,1,C1-rules-001,8,28,21036
C1,1,C1-rules-001,8,29,19926
C1,1,C1-rules-001,8,30,21193
C1,1,C1-rules-001,8,31,19870
C1,1,C1-rules-001,8,32,19965
C1,1,C1-rules-001,8,33,21143
C1,1,C1-rules-001,8,34,19649
C1,1,C1-rules-001,8,35,21239
C1,1,C1-rules-001,8,36,19743
C1,1,C1-rules-001,8,37,19645
C1,1,C1-rules-001,8,38,21602
C1,1,C1-rules-001,8,39,19810
C1,1,C1-rules-001,8,40,21373
C1,1,C1-rules-001,8,41,20844
C1,1,C1-rules-001,8,42,19651
C1,1,C1-rules-001,8,43,21105
C1,1,C1-rules-001,8,44,19817
C1,1,C1-rules-001,8,45,21062
C1,1,C1-rules-001,8,46,20255
C1,1,C1-rules-001,8,47,19776
C1,1,C1-rules-001,8,48,21097
C1,1,C1-rules-001,8,49,19784
C1,1,C1-rules-001,8,50,21216
C1,1,C1-rules-001,8,51,19732
C1,1,C1-rules-001,8,52,19720
C1,1,C1-rules-001,8,53,20956
C1,1,C1-rules-001,8,54,19630
C1,1,C1-rules-001,8,55,21056
C1,1,C1-rules-001,8,56,19689
C1,1,C1-rules-001,8,57,19653
C1,1,C1-rules-001,8,58,21007
C1,1,C1-rules-001,8,59,22425
C1,1,C1-rules-001,8,60,21241
C1,1,C1-rules-001,8,61,19989
C1,1,C1-rules-001,8,62,19907
C1,1,C1-rules-001,8,63,21545
C1,1,C1-rules-001,8,64,20125
C1,1,C1-rules-001,8,65,21194
C1,1,C1-rules-001,8,66,19840
C1,1,C1-rules-001,8,67,19939
C1,1,C1-rules-001,8,68,21218
C1,1,C1-rules-001,8,69,19829
C1,1,C1-rules-001,8,70,20921
C1,1,C1-rules-001,8,71,19824
C1,1,C1-rules-001,8,72,19801
C1,1,C1-rules-001,8,73,21067
C1,1,C1-rules-001,8,74,19666
C1,1,C1-rules-001,8,75,21549
C1,1,C1-rules-001,8,76,20169
C1,1,C1-rules-001,8,77,19720
C1,1,C1-rules-001,8,78,21282
C1,1,C1-rules-001,8,79,19805
C1,1,C1-rules-001,8,80,21087
C1,1,C1-rules-001,8,81,19688
C1,1,C1-rules-001,8,82,19627
C1,1,C1-rules-001,8,83,21105
C1,1,C1-rules-001,8,84,19794
C1,1,C1-rules-001,8,85,21245
C1,1,C1-rules-001,8,86,19857
C1,1,C1-rules-001,8,87,19757
C1,1,C1-rules-001,8,88,21189
C1,1,C1-rules-001,8,89,19740
C1,1,C1-rules-001,8,90,21081
C1,1,C1-rules-001,8,91,19899
C1,1,C1-rules-001,8,92,19774
C1,1,C1-rules-001,8,93,21353
C1,1,C1-rules-001,8,94,22596
C1,1,C1-rules-001,8,95,21590
C1,1,C1-rules-001,8,96,19842
C1,1,C1-rules-001,8,97,20218
C1,1,C1-rules-001,8,98,21759
C1,1,C1-rules-001,8,99,19825
C1,1,C1-rules-001,8,100,21216
C6,250,C6-rules-250,1,1,1524887
C6,250,C6-rules-250,1,2,1546480
C6,250,C6-rules-250,1,3,1487825
C6,250,C6-rules-250,1,4,1516048
C6,250,C6-rules-250,1,5,1484773
C6,250,C6-rules-250,1,6,1489495
C6,250,C6-rules-250,1,7,1514710
C6,250,C6-rules-250,1,8,1515801
C6,250,C6-rules-250,1,9,1529159
C6,250,C6-rules-250,1,10,1558085
C6,250,C6-rules-250,1,11,1512040
C6,250,C6-rules-250,1,12,1531685
C6,250,C6-rules-250,1,13,1516150
C6,250,C6-rules-250,1,14,1512101
C6,250,C6-rules-250,1,15,1512620
C6,250,C6-rules-250,1,16,1496810
C6,250,C6-rules-250,1,17,1500390
C6,250,C6-rules-250,1,18,1514361
C6,250,C6-rules-250,1,19,1510645
C6,250,C6-rules-250,1,20,1555005
C6,250,C6-rules-250,1,21,1568470
C6,250,C6-rules-250,1,22,1577921
C6,250,C6-rules-250,1,23,1563876
C6,250,C6-rules-250,1,24,1634059
C6,250,C6-rules-250,1,25,1567515
C6,250,C6-rules-250,1,26,1551845
C6,250,C6-rules-250,1,27,1521294
C6,250,C6-rules-250,1,28,1506258
C6,250,C6-rules-250,1,29,1485168
C6,250,C6-rules-250,1,30,1488408
C6,250,C6-rules-250,1,31,1489525
C6,250,C6-rules-250,1,32,2659059
C6,250,C6-rules-250,1,33,1569569
C6,250,C6-rules-250,1,34,1528087
C6,250,C6-rules-250,1,35,1527495
C6,250,C6-rules-250,1,36,1539911
C6,250,C6-rules-250,1,37,1489033
C6,250,C6-rules-250,1,38,1495904
C6,250,C6-rules-250,1,39,1491806
C6,250,C6-rules-250,1,40,1507494
C6,250,C6-rules-250,1,41,1489239
C6,250,C6-rules-250,1,42,1511037
C6,250,C6-rules-250,1,43,1510406
C6,250,C6-rules-250,1,44,1514322
C6,250,C6-rules-250,1,45,1549844
C6,250,C6-rules-250,1,46,1502597
C6,250,C6-rules-250,1,47,1492197
C6,250,C6-rules-250,1,48,1495287
C6,250,C6-rules-250,1,49,1509503
C6,250,C6-rules-250,1,50,1494585
C6,250,C6-rules-250,1,51,1482650
C6,250,C6-rules-250,1,52,1494443
C6,250,C6-rules-250,1,53,1485404
C6,250,C6-rules-250,1,54,1516368
C6,250,C6-rules-250,1,55,1498950
C6,250,C6-rules-250,1,56,1488478
C6,250,C6-rules-250,1,57,1493092
C6,250,C6-rules-250,1,58,1510050
C6,250,C6-rules-250,1,59,1530549
C6,250,C6-rules-250,1,60,1494998
C6,250,C6-rules-250,1,61,1499672
C6,250,C6-rules-250,1,62,1509888
C6,250,C6-rules-250,1,63,1478567
C6,250,C6-rules-250,1,64,1494833
C6,250,C6-rules-250,1,65,1501923
C6,250,C6-rules-250,1,66,1493759
C6,250,C6-rules-250,1,67,1555699
C6,250,C6-rules-250,1,68,1515053
C6,250,C6-rules-250,1,69,1529957
C6,250,C6-rules-250,1,70,1491168
C6,250,C6-rules-250,1,71,1489692
C6,250,C6-rules-250,1,72,1490361
C6,250,C6-rules-250,1,73,1530012
C6,250,C6-rules-250,1,74,1496031
C6,250,C6-rules-250,1,75,1581139
C6,250,C6-rules-250,1,76,1502151
C6,250,C6-rules-250,1,77,1505181
C6,250,C6-rules-250,1,78,1487560
C6,250,C6-rules-250,1,79,1501540
C6,250,C6-rules-250,1,80,1502167
C6,250,C6-rules-250,1,81,1489250
C6,250,C6-rules-250,1,82,1485651
C6,250,C6-rules-250,1,83,1501360
C6,250,C6-rules-250,1,84,1479228
C6,250,C6-rules-250,1,85,1500796
C6,250,C6-rules-250,1,86,1519656
C6,250,C6-rules-250,1,87,1481436
C6,250,C6-rules-250,1,88,1484787
C6,250,C6-rules-250,1,89,1497886
C6,250,C6-rules-250,1,90,1526907
C6,250,C6-rules-250,1,91,1520933
C6,250,C6-rules-250,1,92,1517174
C6,250,C6-rules-250,1,93,1500207
C6,250,C6-rules-250,1,94,1496849
C6,250,C6-rules-250,1,95,1490071
C6,250,C6-rules-250,1,96,1501120
C6,250,C6-rules-250,1,97,1515273
C6,250,C6-rules-250,1,98,1485848
C6,250,C6-rules-250,1,99,1502393
C6,250,C6-rules-250,1,100,1478995
C6,250,C6-rules-250,2,1,1531462
C6,250,C6-rules-250,2,2,1505119
C6,250,C6-rules-250,2,3,1470574
C6,250,C6-rules-250,2,4,1508931
C6,250,C6-rules-250,2,5,1494344
C6,250,C6-rules-250,2,6,1494855
C6,250,C6-rules-250,2,7,1493464
C6,250,C6-rules-250,2,8,1487876
C6,250,C6-rules-250,2,9,1510377
C6,250,C6-rules-250,2,10,1485475
C6,250,C6-rules-250,2,11,1481078
C6,250,C6-rules-250,2,12,1548856
C6,250,C6-rules-250,2,13,1501604
C6,250,C6-rules-250,2,14,1487237
C6,250,C6-rules-250,2,15,1493334
C6,250,C6-rules-250,2,16,1486978
C6,250,C6-rules-250,2,17,1526333
C6,250,C6-rules-250,2,18,1487635
C6,250,C6-rules-250,2,19,1490754
C6,250,C6-rules-250,2,20,1488268
C6,250,C6-rules-250,2,21,1484685
C6,250,C6-rules-250,2,22,1563339
C6,250,C6-rules-250,2,23,1522074
C6,250,C6-rules-250,2,24,1495730
C6,250,C6-rules-250,2,25,1549054
C6,250,C6-rules-250,2,26,1499786
C6,250,C6-rules-250,2,27,1487043
C6,250,C6-rules-250,2,28,1507502
C6,250,C6-rules-250,2,29,1479584
C6,250,C6-rules-250,2,30,1482689
C6,250,C6-rules-250,2,31,1480033
C6,250,C6-rules-250,2,32,1489391
C6,250,C6-rules-250,2,33,1513782
C6,250,C6-rules-250,2,34,1547474
C6,250,C6-rules-250,2,35,1504754
C6,250,C6-rules-250,2,36,1502293
C6,250,C6-rules-250,2,37,1487653
C6,250,C6-rules-250,2,38,1496687
C6,250,C6-rules-250,2,39,1504842
C6,250,C6-rules-250,2,40,1506347
C6,250,C6-rules-250,2,41,1498873
C6,250,C6-rules-250,2,42,1584317
C6,250,C6-rules-250,2,43,2590897
C6,250,C6-rules-250,2,44,1644328
C6,250,C6-rules-250,2,45,1565780
C6,250,C6-rules-250,2,46,1528086
C6,250,C6-rules-250,2,47,1507589
C6,250,C6-rules-250,2,48,1497176
C6,250,C6-rules-250,2,49,1484366
C6,250,C6-rules-250,2,50,1493492
C6,250,C6-rules-250,2,51,1487071
C6,250,C6-rules-250,2,52,1488503
C6,250,C6-rules-250,2,53,1482747
C6,250,C6-rules-250,2,54,1493492
C6,250,C6-rules-250,2,55,1504148
C6,250,C6-rules-250,2,56,1544761
C6,250,C6-rules-250,2,57,1503768
C6,250,C6-rules-250,2,58,1511852
C6,250,C6-rules-250,2,59,1515684
C6,250,C6-rules-250,2,60,1486517
C6,250,C6-rules-250,2,61,1492508
C6,250,C6-rules-250,2,62,1492441
C6,250,C6-rules-250,2,63,1496936
C6,250,C6-rules-250,2,64,1502593
C6,250,C6-rules-250,2,65,1493528
C6,250,C6-rules-250,2,66,1492838
C6,250,C6-rules-250,2,67,1501781
C6,250,C6-rules-250,2,68,1536168
C6,250,C6-rules-250,2,69,1516855
C6,250,C6-rules-250,2,70,1492848
C6,250,C6-rules-250,2,71,1493048
C6,250,C6-rules-250,2,72,1511269
C6,250,C6-rules-250,2,73,1518858
C6,250,C6-rules-250,2,74,1505727
C6,250,C6-rules-250,2,75,1512747
C6,250,C6-rules-250,2,76,1516449
C6,250,C6-rules-250,2,77,1502563
C6,250,C6-rules-250,2,78,1538379
C6,250,C6-rules-250,2,79,1512127
C6,250,C6-rules-250,2,80,1494594
C6,250,C6-rules-250,2,81,1480541
C6,250,C6-rules-250,2,82,1495097
C6,250,C6-rules-250,2,83,1527401
C6,250,C6-rules-250,2,84,1489349
C6,250,C6-rules-250,2,85,1488962
C6,250,C6-rules-250,2,86,1506629
C6,250,C6-rules-250,2,87,1487471
C6,250,C6-rules-250,2,88,1499519
C6,250,C6-rules-250,2,89,1489688
C6,250,C6-rules-250,2,90,1514711
C6,250,C6-rules-250,2,91,1524686
C6,250,C6-rules-250,2,92,1488997
C6,250,C6-rules-250,2,93,1486605
C6,250,C6-rules-250,2,94,1506287
C6,250,C6-rules-250,2,95,1478487
C6,250,C6-rules-250,2,96,1489362
C6,250,C6-rules-250,2,97,1509095
C6,250,C6-rules-250,2,98,1494423
C6,250,C6-rules-250,2,99,1493433
C6,250,C6-rules-250,2,100,1524689
C6,250,C6-rules-250,3,1,1550578
C6,250,C6-rules-250,3,2,1516488
C6,250,C6-rules-250,3,3,1487801
C6,250,C6-rules-250,3,4,1503254
C6,250,C6-rules-250,3,5,1492805
C6,250,C6-rules-250,3,6,1490234
C6,250,C6-rules-250,3,7,1491197
C6,250,C6-rules-250,3,8,1581785
C6,250,C6-rules-250,3,9,1535518
C6,250,C6-rules-250,3,10,1542824
C6,250,C6-rules-250,3,11,1531832
C6,250,C6-rules-250,3,12,1502423
C6,250,C6-rules-250,3,13,1483027
C6,250,C6-rules-250,3,14,1487733
C6,250,C6-rules-250,3,15,1514815
C6,250,C6-rules-250,3,16,1487295
C6,250,C6-rules-250,3,17,1493173
C6,250,C6-rules-250,3,18,1491403
C6,250,C6-rules-250,3,19,1501750
C6,250,C6-rules-250,3,20,1498504
C6,250,C6-rules-250,3,21,1507944
C6,250,C6-rules-250,3,22,1543624
C6,250,C6-rules-250,3,23,1578333
C6,250,C6-rules-250,3,24,1515116
C6,250,C6-rules-250,3,25,1544298
C6,250,C6-rules-250,3,26,1484552
C6,250,C6-rules-250,3,27,1480386
C6,250,C6-rules-250,3,28,1552891
C6,250,C6-rules-250,3,29,1514745
C6,250,C6-rules-250,3,30,1516529
C6,250,C6-rules-250,3,31,1508342
C6,250,C6-rules-250,3,32,1490473
C6,250,C6-rules-250,3,33,1524322
C6,250,C6-rules-250,3,34,1513089
C6,250,C6-rules-250,3,35,1500804
C6,250,C6-rules-250,3,36,1502476
C6,250,C6-rules-250,3,37,1542957
C6,250,C6-rules-250,3,38,1500021
C6,250,C6-rules-250,3,39,1490696
C6,250,C6-rules-250,3,40,1512435
C6,250,C6-rules-250,3,41,1518080
C6,250,C6-rules-250,3,42,1484139
C6,250,C6-rules-250,3,43,1509298
C6,250,C6-rules-250,3,44,1498581
C6,250,C6-rules-250,3,45,1543971
C6,250,C6-rules-250,3,46,1513929
C6,250,C6-rules-250,3,47,1481637
C6,250,C6-rules-250,3,48,1490273
C6,250,C6-rules-250,3,49,1497600
C6,250,C6-rules-250,3,50,1485082
C6,250,C6-rules-250,3,51,1512223
C6,250,C6-rules-250,3,52,1495910
C6,250,C6-rules-250,3,53,1499260
C6,250,C6-rules-250,3,54,1502162
C6,250,C6-rules-250,3,55,1478242
C6,250,C6-rules-250,3,56,1490393
C6,250,C6-rules-250,3,57,2551349
C6,250,C6-rules-250,3,58,1531985
C6,250,C6-rules-250,3,59,1541483
C6,250,C6-rules-250,3,60,1512911
C6,250,C6-rules-250,3,61,1509452
C6,250,C6-rules-250,3,62,1496925
C6,250,C6-rules-250,3,63,1511316
C6,250,C6-rules-250,3,64,1498230
C6,250,C6-rules-250,3,65,1475888
C6,250,C6-rules-250,3,66,1566562
C6,250,C6-rules-250,3,67,1506411
C6,250,C6-rules-250,3,68,1531048
C6,250,C6-rules-250,3,69,1496856
C6,250,C6-rules-250,3,70,1486928
C6,250,C6-rules-250,3,71,1488743
C6,250,C6-rules-250,3,72,1523390
C6,250,C6-rules-250,3,73,1506728
C6,250,C6-rules-250,3,74,1553231
C6,250,C6-rules-250,3,75,1531556
C6,250,C6-rules-250,3,76,1502755
C6,250,C6-rules-250,3,77,1503425
C6,250,C6-rules-250,3,78,1497623
C6,250,C6-rules-250,3,79,1498563
C6,250,C6-rules-250,3,80,1520334
C6,250,C6-rules-250,3,81,1501519
C6,250,C6-rules-250,3,82,1487342
C6,250,C6-rules-250,3,83,1505473
C6,250,C6-rules-250,3,84,1482463
C6,250,C6-rules-250,3,85,1495006
C6,250,C6-rules-250,3,86,1505824
C6,250,C6-rules-250,3,87,1495577
C6,250,C6-rules-250,3,88,1572096
C6,250,C6-rules-250,3,89,1507067
C6,250,C6-rules-250,3,90,1498548
C6,250,C6-rules-250,3,91,1513811
C6,250,C6-rules-250,3,92,1505261
C6,250,C6-rules-250,3,93,1519172
C6,250,C6-rules-250,3,94,1478856
C6,250,C6-rules-250,3,95,1468368
C6,250,C6-rules-250,3,96,1510523
C6,250,C6-rules-250,3,97,1484251
C6,250,C6-rules-250,3,98,1468397
C6,250,C6-rules-250,3,99,1486136
C6,250,C6-rules-250,3,100,1499332
C6,250,C6-rules-250,4,1,1495472
C6,250,C6-rules-250,4,2,1497800
C6,250,C6-rules-250,4,3,1508147
C6,250,C6-rules-250,4,4,1494410
C6,250,C6-rules-250,4,5,1480912
C6,250,C6-rules-250,4,6,1509779
C6,250,C6-rules-250,4,7,1529089
C6,250,C6-rules-250,4,8,1482480
C6,250,C6-rules-250,4,9,1506100
C6,250,C6-rules-250,4,10,1524175
C6,250,C6-rules-250,4,11,1559019
C6,250,C6-rules-250,4,12,1543896
C6,250,C6-rules-250,4,13,1481659
C6,250,C6-rules-250,4,14,1495330
C6,250,C6-rules-250,4,15,1509555
C6,250,C6-rules-250,4,16,1500903
C6,250,C6-rules-250,4,17,1498442
C6,250,C6-rules-250,4,18,1524872
C6,250,C6-rules-250,4,19,1499453
C6,250,C6-rules-250,4,20,1485714
C6,250,C6-rules-250,4,21,1481643
C6,250,C6-rules-250,4,22,1515140
C6,250,C6-rules-250,4,23,1504894
C6,250,C6-rules-250,4,24,1631394
C6,250,C6-rules-250,4,25,1624480
C6,250,C6-rules-250,4,26,1549512
C6,250,C6-rules-250,4,27,1525259
C6,250,C6-rules-250,4,28,1519075
C6,250,C6-rules-250,4,29,1522598
C6,250,C6-rules-250,4,30,1528797
C6,250,C6-rules-250,4,31,1520038
C6,250,C6-rules-250,4,32,1516865
C6,250,C6-rules-250,4,33,1583033
C6,250,C6-rules-250,4,34,1504763
C6,250,C6-rules-250,4,35,1504831
C6,250,C6-rules-250,4,36,1503357
C6,250,C6-rules-250,4,37,1491185
C6,250,C6-rules-250,4,38,1519716
C6,250,C6-rules-250,4,39,1517139
C6,250,C6-rules-250,4,40,1643445
C6,250,C6-rules-250,4,41,1542716
C6,250,C6-rules-250,4,42,1528416
C6,250,C6-rules-250,4,43,1528488
C6,250,C6-rules-250,4,44,1494427
C6,250,C6-rules-250,4,45,1500245
C6,250,C6-rules-250,4,46,1529171
C6,250,C6-rules-250,4,47,1498392
C6,250,C6-rules-250,4,48,1518506
C6,250,C6-rules-250,4,49,1495641
C6,250,C6-rules-250,4,50,1503687
C6,250,C6-rules-250,4,51,1497402
C6,250,C6-rules-250,4,52,1505793
C6,250,C6-rules-250,4,53,1524216
C6,250,C6-rules-250,4,54,1493627
C6,250,C6-rules-250,4,55,1566359
C6,250,C6-rules-250,4,56,1525174
C6,250,C6-rules-250,4,57,1527946
C6,250,C6-rules-250,4,58,1496389
C6,250,C6-rules-250,4,59,1505761
C6,250,C6-rules-250,4,60,1496121
C6,250,C6-rules-250,4,61,1523315
C6,250,C6-rules-250,4,62,1530011
C6,250,C6-rules-250,4,63,1525267
C6,250,C6-rules-250,4,64,1515400
C6,250,C6-rules-250,4,65,1519510
C6,250,C6-rules-250,4,66,1517900
C6,250,C6-rules-250,4,67,1513389
C6,250,C6-rules-250,4,68,1510354
C6,250,C6-rules-250,4,69,1490746
C6,250,C6-rules-250,4,70,1524789
C6,250,C6-rules-250,4,71,2376782
C6,250,C6-rules-250,4,72,1552964
C6,250,C6-rules-250,4,73,1549948
C6,250,C6-rules-250,4,74,1518112
C6,250,C6-rules-250,4,75,1498114
C6,250,C6-rules-250,4,76,1558405
C6,250,C6-rules-250,4,77,1556652
C6,250,C6-rules-250,4,78,1497709
C6,250,C6-rules-250,4,79,1503675
C6,250,C6-rules-250,4,80,1518050
C6,250,C6-rules-250,4,81,1480703
C6,250,C6-rules-250,4,82,1522308
C6,250,C6-rules-250,4,83,1514376
C6,250,C6-rules-250,4,84,1503565
C6,250,C6-rules-250,4,85,1511581
C6,250,C6-rules-250,4,86,1499310
C6,250,C6-rules-250,4,87,1497424
C6,250,C6-rules-250,4,88,1513571
C6,250,C6-rules-250,4,89,1494991
C6,250,C6-rules-250,4,90,1551094
C6,250,C6-rules-250,4,91,1498423
C6,250,C6-rules-250,4,92,1496464
C6,250,C6-rules-250,4,93,1538169
C6,250,C6-rules-250,4,94,1490934
C6,250,C6-rules-250,4,95,1528049
C6,250,C6-rules-250,4,96,1501536
C6,250,C6-rules-250,4,97,1482420
C6,250,C6-rules-250,4,98,1542841
C6,250,C6-rules-250,4,99,1558452
C6,250,C6-rules-250,4,100,1498086
C6,250,C6-rules-250,5,1,1493694
C6,250,C6-rules-250,5,2,1491544
C6,250,C6-rules-250,5,3,1499485
C6,250,C6-rules-250,5,4,1516760
C6,250,C6-rules-250,5,5,1529401
C6,250,C6-rules-250,5,6,1613723
C6,250,C6-rules-250,5,7,1679728
C6,250,C6-rules-250,5,8,1564279
C6,250,C6-rules-250,5,9,1495076
C6,250,C6-rules-250,5,10,1496522
C6,250,C6-rules-250,5,11,1517580
C6,250,C6-rules-250,5,12,1509859
C6,250,C6-rules-250,5,13,1513022
C6,250,C6-rules-250,5,14,1604658
C6,250,C6-rules-250,5,15,1536612
C6,250,C6-rules-250,5,16,1555114
C6,250,C6-rules-250,5,17,1533864
C6,250,C6-rules-250,5,18,1552514
C6,250,C6-rules-250,5,19,1534372
C6,250,C6-rules-250,5,20,1572986
C6,250,C6-rules-250,5,21,1552909
C6,250,C6-rules-250,5,22,1514701
C6,250,C6-rules-250,5,23,1489159
C6,250,C6-rules-250,5,24,1519388
C6,250,C6-rules-250,5,25,1494103
C6,250,C6-rules-250,5,26,1502395
C6,250,C6-rules-250,5,27,1527042
C6,250,C6-rules-250,5,28,1489029
C6,250,C6-rules-250,5,29,1515271
C6,250,C6-rules-250,5,30,1499439
C6,250,C6-rules-250,5,31,1519473
C6,250,C6-rules-250,5,32,1513204
C6,250,C6-rules-250,5,33,1481861
C6,250,C6-rules-250,5,34,1532522
C6,250,C6-rules-250,5,35,1493902
C6,250,C6-rules-250,5,36,1517775
C6,250,C6-rules-250,5,37,1517818
C6,250,C6-rules-250,5,38,1483866
C6,250,C6-rules-250,5,39,1513584
C6,250,C6-rules-250,5,40,1483564
C6,250,C6-rules-250,5,41,1501535
C6,250,C6-rules-250,5,42,1530567
C6,250,C6-rules-250,5,43,1558410
C6,250,C6-rules-250,5,44,1495825
C6,250,C6-rules-250,5,45,1503668
C6,250,C6-rules-250,5,46,1529934
C6,250,C6-rules-250,5,47,1482101
C6,250,C6-rules-250,5,48,1497132
C6,250,C6-rules-250,5,49,1473516
C6,250,C6-rules-250,5,50,1515834
C6,250,C6-rules-250,5,51,1496740
C6,250,C6-rules-250,5,52,1495787
C6,250,C6-rules-250,5,53,1517475
C6,250,C6-rules-250,5,54,1504218
C6,250,C6-rules-250,5,55,1498997
C6,250,C6-rules-250,5,56,1514179
C6,250,C6-rules-250,5,57,1496907
C6,250,C6-rules-250,5,58,1516016
C6,250,C6-rules-250,5,59,1474531
C6,250,C6-rules-250,5,60,1512327
C6,250,C6-rules-250,5,61,1496983
C6,250,C6-rules-250,5,62,1502840
C6,250,C6-rules-250,5,63,1543255
C6,250,C6-rules-250,5,64,1570316
C6,250,C6-rules-250,5,65,1504243
C6,250,C6-rules-250,5,66,1506150
C6,250,C6-rules-250,5,67,1501198
C6,250,C6-rules-250,5,68,1500650
C6,250,C6-rules-250,5,69,1505940
C6,250,C6-rules-250,5,70,1497710
C6,250,C6-rules-250,5,71,1496395
C6,250,C6-rules-250,5,72,1568034
C6,250,C6-rules-250,5,73,1528349
C6,250,C6-rules-250,5,74,1528651
C6,250,C6-rules-250,5,75,1503640
C6,250,C6-rules-250,5,76,1494107
C6,250,C6-rules-250,5,77,1526079
C6,250,C6-rules-250,5,78,1489668
C6,250,C6-rules-250,5,79,1489166
C6,250,C6-rules-250,5,80,1485408
C6,250,C6-rules-250,5,81,1491214
C6,250,C6-rules-250,5,82,1505448
C6,250,C6-rules-250,5,83,1474868
C6,250,C6-rules-250,5,84,1504606
C6,250,C6-rules-250,5,85,1513926
C6,250,C6-rules-250,5,86,2937861
C6,250,C6-rules-250,5,87,1573943
C6,250,C6-rules-250,5,88,1555003
C6,250,C6-rules-250,5,89,1555727
C6,250,C6-rules-250,5,90,1494886
C6,250,C6-rules-250,5,91,1497218
C6,250,C6-rules-250,5,92,1510341
C6,250,C6-rules-250,5,93,1490027
C6,250,C6-rules-250,5,94,1531368
C6,250,C6-rules-250,5,95,1487144
C6,250,C6-rules-250,5,96,1507758
C6,250,C6-rules-250,5,97,1504013
C6,250,C6-rules-250,5,98,1510151
C6,250,C6-rules-250,5,99,1510604
C6,250,C6-rules-250,5,100,1497067
C6,250,C6-rules-250,6,1,1533219
C6,250,C6-rules-250,6,2,1506548
C6,250,C6-rules-250,6,3,1509469
C6,250,C6-rules-250,6,4,1470134
C6,250,C6-rules-250,6,5,1529501
C6,250,C6-rules-250,6,6,1504440
C6,250,C6-rules-250,6,7,1524652
C6,250,C6-rules-250,6,8,1530984
C6,250,C6-rules-250,6,9,1500008
C6,250,C6-rules-250,6,10,1516610
C6,250,C6-rules-250,6,11,1499203
C6,250,C6-rules-250,6,12,1481465
C6,250,C6-rules-250,6,13,1495126
C6,250,C6-rules-250,6,14,1494346
C6,250,C6-rules-250,6,15,1499730
C6,250,C6-rules-250,6,16,1497304
C6,250,C6-rules-250,6,17,1491542
C6,250,C6-rules-250,6,18,1506920
C6,250,C6-rules-250,6,19,1479625
C6,250,C6-rules-250,6,20,1485833
C6,250,C6-rules-250,6,21,1484452
C6,250,C6-rules-250,6,22,1510985
C6,250,C6-rules-250,6,23,1503144
C6,250,C6-rules-250,6,24,1511983
C6,250,C6-rules-250,6,25,1507417
C6,250,C6-rules-250,6,26,1508472
C6,250,C6-rules-250,6,27,1496326
C6,250,C6-rules-250,6,28,1477931
C6,250,C6-rules-250,6,29,1485636
C6,250,C6-rules-250,6,30,1571746
C6,250,C6-rules-250,6,31,1517056
C6,250,C6-rules-250,6,32,1497249
C6,250,C6-rules-250,6,33,1510587
C6,250,C6-rules-250,6,34,1491179
C6,250,C6-rules-250,6,35,1491444
C6,250,C6-rules-250,6,36,1483469
C6,250,C6-rules-250,6,37,1499454
C6,250,C6-rules-250,6,38,1596698
C6,250,C6-rules-250,6,39,1514517
C6,250,C6-rules-250,6,40,1514184
C6,250,C6-rules-250,6,41,1521724
C6,250,C6-rules-250,6,42,1503630
C6,250,C6-rules-250,6,43,1482897
C6,250,C6-rules-250,6,44,1489719
C6,250,C6-rules-250,6,45,1519423
C6,250,C6-rules-250,6,46,1501307
C6,250,C6-rules-250,6,47,1531122
C6,250,C6-rules-250,6,48,1502209
C6,250,C6-rules-250,6,49,1515954
C6,250,C6-rules-250,6,50,1522085
C6,250,C6-rules-250,6,51,1491967
C6,250,C6-rules-250,6,52,1551029
C6,250,C6-rules-250,6,53,1541271
C6,250,C6-rules-250,6,54,1495927
C6,250,C6-rules-250,6,55,1566135
C6,250,C6-rules-250,6,56,1500578
C6,250,C6-rules-250,6,57,1518232
C6,250,C6-rules-250,6,58,1501874
C6,250,C6-rules-250,6,59,1493145
C6,250,C6-rules-250,6,60,1503897
C6,250,C6-rules-250,6,61,1491632
C6,250,C6-rules-250,6,62,1504496
C6,250,C6-rules-250,6,63,1512980
C6,250,C6-rules-250,6,64,1476304
C6,250,C6-rules-250,6,65,1479392
C6,250,C6-rules-250,6,66,1507570
C6,250,C6-rules-250,6,67,1474824
C6,250,C6-rules-250,6,68,1491822
C6,250,C6-rules-250,6,69,1494990
C6,250,C6-rules-250,6,70,1481560
C6,250,C6-rules-250,6,71,1513437
C6,250,C6-rules-250,6,72,1518077
C6,250,C6-rules-250,6,73,1491864
C6,250,C6-rules-250,6,74,1522938
C6,250,C6-rules-250,6,75,1540223
C6,250,C6-rules-250,6,76,1532073
C6,250,C6-rules-250,6,77,1520315
C6,250,C6-rules-250,6,78,1502174
C6,250,C6-rules-250,6,79,1508817
C6,250,C6-rules-250,6,80,1492158
C6,250,C6-rules-250,6,81,1508398
C6,250,C6-rules-250,6,82,1492490
C6,250,C6-rules-250,6,83,1486363
C6,250,C6-rules-250,6,84,1522309
C6,250,C6-rules-250,6,85,1486326
C6,250,C6-rules-250,6,86,1478885
C6,250,C6-rules-250,6,87,1493999
C6,250,C6-rules-250,6,88,1527538
C6,250,C6-rules-250,6,89,1488892
C6,250,C6-rules-250,6,90,1512228
C6,250,C6-rules-250,6,91,1489056
C6,250,C6-rules-250,6,92,1512459
C6,250,C6-rules-250,6,93,1486056
C6,250,C6-rules-250,6,94,1524025
C6,250,C6-rules-250,6,95,1508941
C6,250,C6-rules-250,6,96,1484982
C6,250,C6-rules-250,6,97,1569489
C6,250,C6-rules-250,6,98,1507441
C6,250,C6-rules-250,6,99,1497882
C6,250,C6-rules-250,6,100,1518229
C6,250,C6-rules-250,7,1,1504661
C6,250,C6-rules-250,7,2,3038895
C6,250,C6-rules-250,7,3,1659436
C6,250,C6-rules-250,7,4,1623830
C6,250,C6-rules-250,7,5,1519582
C6,250,C6-rules-250,7,6,1517515
C6,250,C6-rules-250,7,7,1501013
C6,250,C6-rules-250,7,8,1505622
C6,250,C6-rules-250,7,9,1492999
C6,250,C6-rules-250,7,10,1501721
C6,250,C6-rules-250,7,11,1522411
C6,250,C6-rules-250,7,12,1503498
C6,250,C6-rules-250,7,13,1488950
C6,250,C6-rules-250,7,14,1513134
C6,250,C6-rules-250,7,15,1517785
C6,250,C6-rules-250,7,16,1493887
C6,250,C6-rules-250,7,17,1476683
C6,250,C6-rules-250,7,18,1593797
C6,250,C6-rules-250,7,19,1507606
C6,250,C6-rules-250,7,20,1538148
C6,250,C6-rules-250,7,21,1520427
C6,250,C6-rules-250,7,22,1485459
C6,250,C6-rules-250,7,23,1514267
C6,250,C6-rules-250,7,24,1493610
C6,250,C6-rules-250,7,25,1514188
C6,250,C6-rules-250,7,26,1534037
C6,250,C6-rules-250,7,27,1500573
C6,250,C6-rules-250,7,28,1514406
C6,250,C6-rules-250,7,29,1507682
C6,250,C6-rules-250,7,30,1490554
C6,250,C6-rules-250,7,31,1539675
C6,250,C6-rules-250,7,32,1504311
C6,250,C6-rules-250,7,33,1518354
C6,250,C6-rules-250,7,34,1497554
C6,250,C6-rules-250,7,35,1492462
C6,250,C6-rules-250,7,36,1489779
C6,250,C6-rules-250,7,37,1525122
C6,250,C6-rules-250,7,38,1499065
C6,250,C6-rules-250,7,39,1504257
C6,250,C6-rules-250,7,40,1528793
C6,250,C6-rules-250,7,41,1529257
C6,250,C6-rules-250,7,42,1542758
C6,250,C6-rules-250,7,43,1504063
C6,250,C6-rules-250,7,44,1495951
C6,250,C6-rules-250,7,45,1529718
C6,250,C6-rules-250,7,46,1492665
C6,250,C6-rules-250,7,47,1496229
C6,250,C6-rules-250,7,48,1507561
C6,250,C6-rules-250,7,49,1512335
C6,250,C6-rules-250,7,50,1530922
C6,250,C6-rules-250,7,51,1496444
C6,250,C6-rules-250,7,52,1494332
C6,250,C6-rules-250,7,53,1501341
C6,250,C6-rules-250,7,54,1501303
C6,250,C6-rules-250,7,55,1484395
C6,250,C6-rules-250,7,56,1501598
C6,250,C6-rules-250,7,57,1515105
C6,250,C6-rules-250,7,58,1529428
C6,250,C6-rules-250,7,59,1705647
C6,250,C6-rules-250,7,60,1600051
C6,250,C6-rules-250,7,61,1533632
C6,250,C6-rules-250,7,62,1609953
C6,250,C6-rules-250,7,63,1560455
C6,250,C6-rules-250,7,64,1528026
C6,250,C6-rules-250,7,65,1543396
C6,250,C6-rules-250,7,66,1525533
C6,250,C6-rules-250,7,67,1515550
C6,250,C6-rules-250,7,68,1503195
C6,250,C6-rules-250,7,69,1538177
C6,250,C6-rules-250,7,70,1591085
C6,250,C6-rules-250,7,71,1517573
C6,250,C6-rules-250,7,72,1517290
C6,250,C6-rules-250,7,73,1518872
C6,250,C6-rules-250,7,74,1490140
C6,250,C6-rules-250,7,75,1498982
C6,250,C6-rules-250,7,76,1488532
C6,250,C6-rules-250,7,77,1502426
C6,250,C6-rules-250,7,78,1507356
C6,250,C6-rules-250,7,79,1477062
C6,250,C6-rules-250,7,80,1500955
C6,250,C6-rules-250,7,81,1523738
C6,250,C6-rules-250,7,82,1498772
C6,250,C6-rules-250,7,83,1498811
C6,250,C6-rules-250,7,84,1559364
C6,250,C6-rules-250,7,85,1522486
C6,250,C6-rules-250,7,86,1520235
C6,250,C6-rules-250,7,87,1519988
C6,250,C6-rules-250,7,88,1496801
C6,250,C6-rules-250,7,89,1519682
C6,250,C6-rules-250,7,90,1499987
C6,250,C6-rules-250,7,91,1546120
C6,250,C6-rules-250,7,92,1498433
C6,250,C6-rules-250,7,93,1508194
C6,250,C6-rules-250,7,94,1544202
C6,250,C6-rules-250,7,95,1505473
C6,250,C6-rules-250,7,96,1520162
C6,250,C6-rules-250,7,97,1519536
C6,250,C6-rules-250,7,98,1490536
C6,250,C6-rules-250,7,99,1506623
C6,250,C6-rules-250,7,100,1534363
C6,250,C6-rules-250,8,1,1934194
C6,250,C6-rules-250,8,2,1523555
C6,250,C6-rules-250,8,3,1549081
C6,250,C6-rules-250,8,4,1517870
C6,250,C6-rules-250,8,5,1504713
C6,250,C6-rules-250,8,6,1533146
C6,250,C6-rules-250,8,7,1521268
C6,250,C6-rules-250,8,8,1513133
C6,250,C6-rules-250,8,9,1497638
C6,250,C6-rules-250,8,10,1494774
C6,250,C6-rules-250,8,11,1493804
C6,250,C6-rules-250,8,12,1511619
C6,250,C6-rules-250,8,13,1528341
C6,250,C6-rules-250,8,14,1489555
C6,250,C6-rules-250,8,15,1508091
C6,250,C6-rules-250,8,16,1491267
C6,250,C6-rules-250,8,17,1495139
C6,250,C6-rules-250,8,18,1491803
C6,250,C6-rules-250,8,19,2674849
C6,250,C6-rules-250,8,20,1674183
C6,250,C6-rules-250,8,21,1582738
C6,250,C6-rules-250,8,22,1528874
C6,250,C6-rules-250,8,23,1507469
C6,250,C6-rules-250,8,24,1515589
C6,250,C6-rules-250,8,25,1488104
C6,250,C6-rules-250,8,26,1511588
C6,250,C6-rules-250,8,27,1562173
C6,250,C6-rules-250,8,28,1500501
C6,250,C6-rules-250,8,29,1501579
C6,250,C6-rules-250,8,30,1520648
C6,250,C6-rules-250,8,31,1498820
C6,250,C6-rules-250,8,32,1504966
C6,250,C6-rules-250,8,33,1500129
C6,250,C6-rules-250,8,34,1557568
C6,250,C6-rules-250,8,35,1568817
C6,250,C6-rules-250,8,36,1564178
C6,250,C6-rules-250,8,37,1495954
C6,250,C6-rules-250,8,38,1489084
C6,250,C6-rules-250,8,39,1504360
C6,250,C6-rules-250,8,40,1516346
C6,250,C6-rules-250,8,41,1513463
C6,250,C6-rules-250,8,42,1490595
C6,250,C6-rules-250,8,43,1507566
C6,250,C6-rules-250,8,44,1510625
C6,250,C6-rules-250,8,45,1522143
C6,250,C6-rules-250,8,46,1497775
C6,250,C6-rules-250,8,47,1488355
C6,250,C6-rules-250,8,48,1529075
C6,250,C6-rules-250,8,49,1559557
C6,250,C6-rules-250,8,50,1534996
C6,250,C6-rules-250,8,51,1515780
C6,250,C6-rules-250,8,52,1528991
C6,250,C6-rules-250,8,53,1508403
C6,250,C6-rules-250,8,54,1512717
C6,250,C6-rules-250,8,55,1509396
C6,250,C6-rules-250,8,56,1508460
C6,250,C6-rules-250,8,57,1519112
C6,250,C6-rules-250,8,58,1543898
C6,250,C6-rules-250,8,59,1497273
C6,250,C6-rules-250,8,60,1518628
C6,250,C6-rules-250,8,61,1519172
C6,250,C6-rules-250,8,62,1482136
C6,250,C6-rules-250,8,63,1484554
C6,250,C6-rules-250,8,64,1494251
C6,250,C6-rules-250,8,65,1486025
C6,250,C6-rules-250,8,66,1506424
C6,250,C6-rules-250,8,67,1506949
C6,250,C6-rules-250,8,68,1569420
C6,250,C6-rules-250,8,69,1496229
C6,250,C6-rules-250,8,70,1487870
C6,250,C6-rules-250,8,71,1513127
C6,250,C6-rules-250,8,72,1561873
C6,250,C6-rules-250,8,73,1511561
C6,250,C6-rules-250,8,74,1514462
C6,250,C6-rules-250,8,75,1493033
C6,250,C6-rules-250,8,76,1485009
C6,250,C6-rules-250,8,77,1544643
C6,250,C6-rules-250,8,78,1506816
C6,250,C6-rules-250,8,79,1508648
C6,250,C6-rules-250,8,80,1512151
C6,250,C6-rules-250,8,81,1508112
C6,250,C6-rules-250,8,82,1506658
C6,250,C6-rules-250,8,83,1508459
C6,250,C6-rules-250,8,84,1506197
C6,250,C6-rules-250,8,85,1536450
C6,250,C6-rules-250,8,86,1512522
C6,250,C6-rules-250,8,87,1510653
C6,250,C6-rules-250,8,88,1498140
C6,250,C6-rules-250,8,89,1494761
C6,250,C6-rules-250,8,90,1500205
C6,250,C6-rules-250,8,91,1487589
C6,250,C6-rules-250,8,92,1490104
C6,250,C6-rules-250,8,93,1516300
C6,250,C6-rules-250,8,94,1545647
C6,250,C6-rules-250,8,95,1490389
C6,250,C6-rules-250,8,96,1498295
C6,250,C6-rules-250,8,97,1478991
C6,250,C6-rules-250,8,98,1499983
C6,250,C6-rules-250,8,99,1470061
C6,250,C6-rules-250,8,100,1489772
C2,100,C2-rules-100,1,1,303979
C2,100,C2-rules-100,1,2,297091
C2,100,C2-rules-100,1,3,1480217
C2,100,C2-rules-100,1,4,332580
C2,100,C2-rules-100,1,5,310906
C2,100,C2-rules-100,1,6,291952
C2,100,C2-rules-100,1,7,292052
C2,100,C2-rules-100,1,8,292930
C2,100,C2-rules-100,1,9,291597
C2,100,C2-rules-100,1,10,292342
C2,100,C2-rules-100,1,11,287015
C2,100,C2-rules-100,1,12,290231
C2,100,C2-rules-100,1,13,292485
C2,100,C2-rules-100,1,14,296939
C2,100,C2-rules-100,1,15,301691
C2,100,C2-rules-100,1,16,290990
C2,100,C2-rules-100,1,17,292738
C2,100,C2-rules-100,1,18,290454
C2,100,C2-rules-100,1,19,288469
C2,100,C2-rules-100,1,20,287390
C2,100,C2-rules-100,1,21,289456
C2,100,C2-rules-100,1,22,294662
C2,100,C2-rules-100,1,23,292282
C2,100,C2-rules-100,1,24,294648
C2,100,C2-rules-100,1,25,298704
C2,100,C2-rules-100,1,26,300098
C2,100,C2-rules-100,1,27,291704
C2,100,C2-rules-100,1,28,308097
C2,100,C2-rules-100,1,29,290302
C2,100,C2-rules-100,1,30,308639
C2,100,C2-rules-100,1,31,296460
C2,100,C2-rules-100,1,32,293447
C2,100,C2-rules-100,1,33,294682
C2,100,C2-rules-100,1,34,288344
C2,100,C2-rules-100,1,35,294508
C2,100,C2-rules-100,1,36,297933
C2,100,C2-rules-100,1,37,291203
C2,100,C2-rules-100,1,38,291872
C2,100,C2-rules-100,1,39,288775
C2,100,C2-rules-100,1,40,292568
C2,100,C2-rules-100,1,41,295192
C2,100,C2-rules-100,1,42,297468
C2,100,C2-rules-100,1,43,311072
C2,100,C2-rules-100,1,44,299068
C2,100,C2-rules-100,1,45,292402
C2,100,C2-rules-100,1,46,294983
C2,100,C2-rules-100,1,47,294492
C2,100,C2-rules-100,1,48,295279
C2,100,C2-rules-100,1,49,298276
C2,100,C2-rules-100,1,50,291624
C2,100,C2-rules-100,1,51,287314
C2,100,C2-rules-100,1,52,290546
C2,100,C2-rules-100,1,53,293353
C2,100,C2-rules-100,1,54,292341
C2,100,C2-rules-100,1,55,309875
C2,100,C2-rules-100,1,56,289089
C2,100,C2-rules-100,1,57,291983
C2,100,C2-rules-100,1,58,294791
C2,100,C2-rules-100,1,59,289002
C2,100,C2-rules-100,1,60,290012
C2,100,C2-rules-100,1,61,286928
C2,100,C2-rules-100,1,62,290900
C2,100,C2-rules-100,1,63,292112
C2,100,C2-rules-100,1,64,288468
C2,100,C2-rules-100,1,65,289833
C2,100,C2-rules-100,1,66,292381
C2,100,C2-rules-100,1,67,293220
C2,100,C2-rules-100,1,68,318306
C2,100,C2-rules-100,1,69,301856
C2,100,C2-rules-100,1,70,290688
C2,100,C2-rules-100,1,71,288586
C2,100,C2-rules-100,1,72,290188
C2,100,C2-rules-100,1,73,289986
C2,100,C2-rules-100,1,74,289665
C2,100,C2-rules-100,1,75,289875
C2,100,C2-rules-100,1,76,286299
C2,100,C2-rules-100,1,77,290501
C2,100,C2-rules-100,1,78,290425
C2,100,C2-rules-100,1,79,292062
C2,100,C2-rules-100,1,80,291421
C2,100,C2-rules-100,1,81,288363
C2,100,C2-rules-100,1,82,308408
C2,100,C2-rules-100,1,83,296540
C2,100,C2-rules-100,1,84,290871
C2,100,C2-rules-100,1,85,301980
C2,100,C2-rules-100,1,86,291282
C2,100,C2-rules-100,1,87,290519
C2,100,C2-rules-100,1,88,289245
C2,100,C2-rules-100,1,89,295035
C2,100,C2-rules-100,1,90,291045
C2,100,C2-rules-100,1,91,295862
C2,100,C2-rules-100,1,92,290824
C2,100,C2-rules-100,1,93,290726
C2,100,C2-rules-100,1,94,292721
C2,100,C2-rules-100,1,95,292446
C2,100,C2-rules-100,1,96,290721
C2,100,C2-rules-100,1,97,297504
C2,100,C2-rules-100,1,98,301228
C2,100,C2-rules-100,1,99,292986
C2,100,C2-rules-100,1,100,292626
C2,100,C2-rules-100,2,1,291517
C2,100,C2-rules-100,2,2,291397
C2,100,C2-rules-100,2,3,291311
C2,100,C2-rules-100,2,4,291175
C2,100,C2-rules-100,2,5,289569
C2,100,C2-rules-100,2,6,287566
C2,100,C2-rules-100,2,7,291791
C2,100,C2-rules-100,2,8,290022
C2,100,C2-rules-100,2,9,292065
C2,100,C2-rules-100,2,10,289410
C2,100,C2-rules-100,2,11,292301
C2,100,C2-rules-100,2,12,292869
C2,100,C2-rules-100,2,13,290311
C2,100,C2-rules-100,2,14,292434
C2,100,C2-rules-100,2,15,291020
C2,100,C2-rules-100,2,16,289767
C2,100,C2-rules-100,2,17,291625
C2,100,C2-rules-100,2,18,292534
C2,100,C2-rules-100,2,19,292766
C2,100,C2-rules-100,2,20,294835
C2,100,C2-rules-100,2,21,288546
C2,100,C2-rules-100,2,22,293393
C2,100,C2-rules-100,2,23,292647
C2,100,C2-rules-100,2,24,293698
C2,100,C2-rules-100,2,25,294161
C2,100,C2-rules-100,2,26,287916
C2,100,C2-rules-100,2,27,293032
C2,100,C2-rules-100,2,28,301172
C2,100,C2-rules-100,2,29,300229
C2,100,C2-rules-100,2,30,292724
C2,100,C2-rules-100,2,31,288770
C2,100,C2-rules-100,2,32,290398
C2,100,C2-rules-100,2,33,289432
C2,100,C2-rules-100,2,34,291654
C2,100,C2-rules-100,2,35,289336
C2,100,C2-rules-100,2,36,307236
C2,100,C2-rules-100,2,37,297245
C2,100,C2-rules-100,2,38,299012
C2,100,C2-rules-100,2,39,297395
C2,100,C2-rules-100,2,40,308022
C2,100,C2-rules-100,2,41,292712
C2,100,C2-rules-100,2,42,295681
C2,100,C2-rules-100,2,43,292420
C2,100,C2-rules-100,2,44,300752
C2,100,C2-rules-100,2,45,299347
C2,100,C2-rules-100,2,46,288036
C2,100,C2-rules-100,2,47,294850
C2,100,C2-rules-100,2,48,292863
C2,100,C2-rules-100,2,49,296603
C2,100,C2-rules-100,2,50,299048
C2,100,C2-rules-100,2,51,288779
C2,100,C2-rules-100,2,52,293292
C2,100,C2-rules-100,2,53,290395
C2,100,C2-rules-100,2,54,290497
C2,100,C2-rules-100,2,55,291355
C2,100,C2-rules-100,2,56,287682
C2,100,C2-rules-100,2,57,297233
C2,100,C2-rules-100,2,58,297174
C2,100,C2-rules-100,2,59,296211
C2,100,C2-rules-100,2,60,290616
C2,100,C2-rules-100,2,61,288466
C2,100,C2-rules-100,2,62,292374
C2,100,C2-rules-100,2,63,294766
C2,100,C2-rules-100,2,64,292473
C2,100,C2-rules-100,2,65,295305
C2,100,C2-rules-100,2,66,291279
C2,100,C2-rules-100,2,67,294992
C2,100,C2-rules-100,2,68,296862
C2,100,C2-rules-100,2,69,293351
C2,100,C2-rules-100,2,70,291065
C2,100,C2-rules-100,2,71,292188
C2,100,C2-rules-100,2,72,295976
C2,100,C2-rules-100,2,73,293582
C2,100,C2-rules-100,2,74,297271
C2,100,C2-rules-100,2,75,296774
C2,100,C2-rules-100,2,76,293752
C2,100,C2-rules-100,2,77,293186
C2,100,C2-rules-100,2,78,290170
C2,100,C2-rules-100,2,79,290517
C2,100,C2-rules-100,2,80,287705
C2,100,C2-rules-100,2,81,287718
C2,100,C2-rules-100,2,82,290654
C2,100,C2-rules-100,2,83,289368
C2,100,C2-rules-100,2,84,291078
C2,100,C2-rules-100,2,85,291413
C2,100,C2-rules-100,2,86,289120
C2,100,C2-rules-100,2,87,295104
C2,100,C2-rules-100,2,88,291042
C2,100,C2-rules-100,2,89,290673
C2,100,C2-rules-100,2,90,292542
C2,100,C2-rules-100,2,91,287128
C2,100,C2-rules-100,2,92,289925
C2,100,C2-rules-100,2,93,289187
C2,100,C2-rules-100,2,94,289821
C2,100,C2-rules-100,2,95,287829
C2,100,C2-rules-100,2,96,287630
C2,100,C2-rules-100,2,97,299705
C2,100,C2-rules-100,2,98,290761
C2,100,C2-rules-100,2,99,292376
C2,100,C2-rules-100,2,100,290519
C2,100,C2-rules-100,3,1,290343
C2,100,C2-rules-100,3,2,293429
C2,100,C2-rules-100,3,3,292278
C2,100,C2-rules-100,3,4,294145
C2,100,C2-rules-100,3,5,291298
C2,100,C2-rules-100,3,6,290309
C2,100,C2-rules-100,3,7,297194
C2,100,C2-rules-100,3,8,295160
C2,100,C2-rules-100,3,9,296210
C2,100,C2-rules-100,3,10,291444
C2,100,C2-rules-100,3,11,291477
C2,100,C2-rules-100,3,12,291268
C2,100,C2-rules-100,3,13,291858
C2,100,C2-rules-100,3,14,311338
C2,100,C2-rules-100,3,15,294254
C2,100,C2-rules-100,3,16,291860
C2,100,C2-rules-100,3,17,299406
C2,100,C2-rules-100,3,18,301841
C2,100,C2-rules-100,3,19,293013
C2,100,C2-rules-100,3,20,292084
C2,100,C2-rules-100,3,21,293879
C2,100,C2-rules-100,3,22,293768
C2,100,C2-rules-100,3,23,292889
C2,100,C2-rules-100,3,24,292440
C2,100,C2-rules-100,3,25,290935
C2,100,C2-rules-100,3,26,298048
C2,100,C2-rules-100,3,27,297865
C2,100,C2-rules-100,3,28,299474
C2,100,C2-rules-100,3,29,300785
C2,100,C2-rules-100,3,30,293794
C2,100,C2-rules-100,3,31,293464
C2,100,C2-rules-100,3,32,295899
C2,100,C2-rules-100,3,33,296264
C2,100,C2-rules-100,3,34,295519
C2,100,C2-rules-100,3,35,296235
C2,100,C2-rules-100,3,36,299021
C2,100,C2-rules-100,3,37,293649
C2,100,C2-rules-100,3,38,293253
C2,100,C2-rules-100,3,39,293964
C2,100,C2-rules-100,3,40,295374
C2,100,C2-rules-100,3,41,301809
C2,100,C2-rules-100,3,42,292374
C2,100,C2-rules-100,3,43,290996
C2,100,C2-rules-100,3,44,296252
C2,100,C2-rules-100,3,45,292859
C2,100,C2-rules-100,3,46,288284
C2,100,C2-rules-100,3,47,300418
C2,100,C2-rules-100,3,48,289214
C2,100,C2-rules-100,3,49,289002
C2,100,C2-rules-100,3,50,291220
C2,100,C2-rules-100,3,51,287915
C2,100,C2-rules-100,3,52,291169
C2,100,C2-rules-100,3,53,288821
C2,100,C2-rules-100,3,54,292564
C2,100,C2-rules-100,3,55,291429
C2,100,C2-rules-100,3,56,293586
C2,100,C2-rules-100,3,57,310298
C2,100,C2-rules-100,3,58,300951
C2,100,C2-rules-100,3,59,302223
C2,100,C2-rules-100,3,60,298469
C2,100,C2-rules-100,3,61,289716
C2,100,C2-rules-100,3,62,306868
C2,100,C2-rules-100,3,63,292052
C2,100,C2-rules-100,3,64,289578
C2,100,C2-rules-100,3,65,291641
C2,100,C2-rules-100,3,66,289686
C2,100,C2-rules-100,3,67,290303
C2,100,C2-rules-100,3,68,287383
C2,100,C2-rules-100,3,69,291439
C2,100,C2-rules-100,3,70,289780
C2,100,C2-rules-100,3,71,289958
C2,100,C2-rules-100,3,72,296225
C2,100,C2-rules-100,3,73,289676
C2,100,C2-rules-100,3,74,294233
C2,100,C2-rules-100,3,75,291097
C2,100,C2-rules-100,3,76,290503
C2,100,C2-rules-100,3,77,294808
C2,100,C2-rules-100,3,78,291940
C2,100,C2-rules-100,3,79,292832
C2,100,C2-rules-100,3,80,294382
C2,100,C2-rules-100,3,81,288710
C2,100,C2-rules-100,3,82,289774
C2,100,C2-rules-100,3,83,291796
C2,100,C2-rules-100,3,84,293590
C2,100,C2-rules-100,3,85,292779
C2,100,C2-rules-100,3,86,287466
C2,100,C2-rules-100,3,87,292318
C2,100,C2-rules-100,3,88,292688
C2,100,C2-rules-100,3,89,295383
C2,100,C2-rules-100,3,90,294032
C2,100,C2-rules-100,3,91,295920
C2,100,C2-rules-100,3,92,292397
C2,100,C2-rules-100,3,93,290514
C2,100,C2-rules-100,3,94,298237
C2,100,C2-rules-100,3,95,306174
C2,100,C2-rules-100,3,96,297567
C2,100,C2-rules-100,3,97,305943
C2,100,C2-rules-100,3,98,303759
C2,100,C2-rules-100,3,99,309133
C2,100,C2-rules-100,3,100,290720
C2,100,C2-rules-100,4,1,294969
C2,100,C2-rules-100,4,2,302030
C2,100,C2-rules-100,4,3,300083
C2,100,C2-rules-100,4,4,292705
C2,100,C2-rules-100,4,5,290449
C2,100,C2-rules-100,4,6,288889
C2,100,C2-rules-100,4,7,290890
C2,100,C2-rules-100,4,8,290095
C2,100,C2-rules-100,4,9,289424
C2,100,C2-rules-100,4,10,288776
C2,100,C2-rules-100,4,11,292900
C2,100,C2-rules-100,4,12,292496
C2,100,C2-rules-100,4,13,292178
C2,100,C2-rules-100,4,14,291530
C2,100,C2-rules-100,4,15,294527
C2,100,C2-rules-100,4,16,291312
C2,100,C2-rules-100,4,17,292115
C2,100,C2-rules-100,4,18,292258
C2,100,C2-rules-100,4,19,290776
C2,100,C2-rules-100,4,20,290683
C2,100,C2-rules-100,4,21,289028
C2,100,C2-rules-100,4,22,291656
C2,100,C2-rules-100,4,23,292415
C2,100,C2-rules-100,4,24,293013
C2,100,C2-rules-100,4,25,299303
C2,100,C2-rules-100,4,26,293705
C2,100,C2-rules-100,4,27,293663
C2,100,C2-rules-100,4,28,290787
C2,100,C2-rules-100,4,29,292997
C2,100,C2-rules-100,4,30,294616
C2,100,C2-rules-100,4,31,291162
C2,100,C2-rules-100,4,32,300175
C2,100,C2-rules-100,4,33,293500
C2,100,C2-rules-100,4,34,294087
C2,100,C2-rules-100,4,35,302835
C2,100,C2-rules-100,4,36,301897
C2,100,C2-rules-100,4,37,293574
C2,100,C2-rules-100,4,38,290875
C2,100,C2-rules-100,4,39,293750
C2,100,C2-rules-100,4,40,292338
C2,100,C2-rules-100,4,41,290553
C2,100,C2-rules-100,4,42,290524
C2,100,C2-rules-100,4,43,291241
C2,100,C2-rules-100,4,44,290551
C2,100,C2-rules-100,4,45,293350
C2,100,C2-rules-100,4,46,295806
C2,100,C2-rules-100,4,47,299223
C2,100,C2-rules-100,4,48,293420
C2,100,C2-rules-100,4,49,289761
C2,100,C2-rules-100,4,50,292583
C2,100,C2-rules-100,4,51,290033
C2,100,C2-rules-100,4,52,295881
C2,100,C2-rules-100,4,53,293434
C2,100,C2-rules-100,4,54,291839
C2,100,C2-rules-100,4,55,291066
C2,100,C2-rules-100,4,56,289484
C2,100,C2-rules-100,4,57,293466
C2,100,C2-rules-100,4,58,294257
C2,100,C2-rules-100,4,59,291917
C2,100,C2-rules-100,4,60,292540
C2,100,C2-rules-100,4,61,288391
C2,100,C2-rules-100,4,62,292205
C2,100,C2-rules-100,4,63,295728
C2,100,C2-rules-100,4,64,291151
C2,100,C2-rules-100,4,65,291794
C2,100,C2-rules-100,4,66,290672
C2,100,C2-rules-100,4,67,296745
C2,100,C2-rules-100,4,68,295691
C2,100,C2-rules-100,4,69,296007
C2,100,C2-rules-100,4,70,302425
C2,100,C2-rules-100,4,71,292809
C2,100,C2-rules-100,4,72,293429
C2,100,C2-rules-100,4,73,304928
C2,100,C2-rules-100,4,74,290541
C2,100,C2-rules-100,4,75,287108
C2,100,C2-rules-100,4,76,290684
C2,100,C2-rules-100,4,77,292863
C2,100,C2-rules-100,4,78,290344
C2,100,C2-rules-100,4,79,298816
C2,100,C2-rules-100,4,80,290566
C2,100,C2-rules-100,4,81,300677
C2,100,C2-rules-100,4,82,295374
C2,100,C2-rules-100,4,83,302616
C2,100,C2-rules-100,4,84,302330
C2,100,C2-rules-100,4,85,287951
C2,100,C2-rules-100,4,86,292022
C2,100,C2-rules-100,4,87,299755
C2,100,C2-rules-100,4,88,293961
C2,100,C2-rules-100,4,89,290885
C2,100,C2-rules-100,4,90,292550
C2,100,C2-rules-100,4,91,288614
C2,100,C2-rules-100,4,92,290366
C2,100,C2-rules-100,4,93,305895
C2,100,C2-rules-100,4,94,292532
C2,100,C2-rules-100,4,95,288613
C2,100,C2-rules-100,4,96,290168
C2,100,C2-rules-100,4,97,292950
C2,100,C2-rules-100,4,98,291420
C2,100,C2-rules-100,4,99,291639
C2,100,C2-rules-100,4,100,289360
C2,100,C2-rules-100,5,1,293324
C2,100,C2-rules-100,5,2,289301
C2,100,C2-rules-100,5,3,291018
C2,100,C2-rules-100,5,4,288708
C2,100,C2-rules-100,5,5,289217
C2,100,C2-rules-100,5,6,304125
C2,100,C2-rules-100,5,7,300608
C2,100,C2-rules-100,5,8,293239
C2,100,C2-rules-100,5,9,290911
C2,100,C2-rules-100,5,10,290888
C2,100,C2-rules-100,5,11,292769
C2,100,C2-rules-100,5,12,294016
C2,100,C2-rules-100,5,13,292420
C2,100,C2-rules-100,5,14,291606
C2,100,C2-rules-100,5,15,297728
C2,100,C2-rules-100,5,16,292641
C2,100,C2-rules-100,5,17,293616
C2,100,C2-rules-100,5,18,291178
C2,100,C2-rules-100,5,19,291994
C2,100,C2-rules-100,5,20,315631
C2,100,C2-rules-100,5,21,293323
C2,100,C2-rules-100,5,22,291808
C2,100,C2-rules-100,5,23,290491
C2,100,C2-rules-100,5,24,293742
C2,100,C2-rules-100,5,25,288378
C2,100,C2-rules-100,5,26,291098
C2,100,C2-rules-100,5,27,293743
C2,100,C2-rules-100,5,28,294617
C2,100,C2-rules-100,5,29,290752
C2,100,C2-rules-100,5,30,290082
C2,100,C2-rules-100,5,31,289502
C2,100,C2-rules-100,5,32,290002
C2,100,C2-rules-100,5,33,295295
C2,100,C2-rules-100,5,34,290233
C2,100,C2-rules-100,5,35,288573
C2,100,C2-rules-100,5,36,290623
C2,100,C2-rules-100,5,37,290250
C2,100,C2-rules-100,5,38,289297
C2,100,C2-rules-100,5,39,289346
C2,100,C2-rules-100,5,40,288062
C2,100,C2-rules-100,5,41,295409
C2,100,C2-rules-100,5,42,300004
C2,100,C2-rules-100,5,43,303910
C2,100,C2-rules-100,5,44,294694
C2,100,C2-rules-100,5,45,291044
C2,100,C2-rules-100,5,46,290602
C2,100,C2-rules-100,5,47,304463
C2,100,C2-rules-100,5,48,291448
C2,100,C2-rules-100,5,49,291184
C2,100,C2-rules-100,5,50,290821
C2,100,C2-rules-100,5,51,291754
C2,100,C2-rules-100,5,52,293519
C2,100,C2-rules-100,5,53,293009
C2,100,C2-rules-100,5,54,298379
C2,100,C2-rules-100,5,55,295678
C2,100,C2-rules-100,5,56,294596
C2,100,C2-rules-100,5,57,293865
C2,100,C2-rules-100,5,58,289854
C2,100,C2-rules-100,5,59,289301
C2,100,C2-rules-100,5,60,291714
C2,100,C2-rules-100,5,61,292485
C2,100,C2-rules-100,5,62,293460
C2,100,C2-rules-100,5,63,291763
C2,100,C2-rules-100,5,64,293205
C2,100,C2-rules-100,5,65,290203
C2,100,C2-rules-100,5,66,293297
C2,100,C2-rules-100,5,67,293502
C2,100,C2-rules-100,5,68,307826
C2,100,C2-rules-100,5,69,301346
C2,100,C2-rules-100,5,70,293065
C2,100,C2-rules-100,5,71,292150
C2,100,C2-rules-100,5,72,293315
C2,100,C2-rules-100,5,73,290781
C2,100,C2-rules-100,5,74,296073
C2,100,C2-rules-100,5,75,289988
C2,100,C2-rules-100,5,76,290557
C2,100,C2-rules-100,5,77,295466
C2,100,C2-rules-100,5,78,315969
C2,100,C2-rules-100,5,79,291294
C2,100,C2-rules-100,5,80,289178
C2,100,C2-rules-100,5,81,294134
C2,100,C2-rules-100,5,82,296275
C2,100,C2-rules-100,5,83,294603
C2,100,C2-rules-100,5,84,301750
C2,100,C2-rules-100,5,85,289675
C2,100,C2-rules-100,5,86,289970
C2,100,C2-rules-100,5,87,310346
C2,100,C2-rules-100,5,88,290721
C2,100,C2-rules-100,5,89,291930
C2,100,C2-rules-100,5,90,289822
C2,100,C2-rules-100,5,91,292095
C2,100,C2-rules-100,5,92,293295
C2,100,C2-rules-100,5,93,291216
C2,100,C2-rules-100,5,94,291117
C2,100,C2-rules-100,5,95,288374
C2,100,C2-rules-100,5,96,290011
C2,100,C2-rules-100,5,97,292299
C2,100,C2-rules-100,5,98,289466
C2,100,C2-rules-100,5,99,288714
C2,100,C2-rules-100,5,100,293884
C2,100,C2-rules-100,6,1,298069
C2,100,C2-rules-100,6,2,292867
C2,100,C2-rules-100,6,3,293004
C2,100,C2-rules-100,6,4,291818
C2,100,C2-rules-100,6,5,290974
C2,100,C2-rules-100,6,6,290892
C2,100,C2-rules-100,6,7,295173
C2,100,C2-rules-100,6,8,300308
C2,100,C2-rules-100,6,9,291646
C2,100,C2-rules-100,6,10,289648
C2,100,C2-rules-100,6,11,291886
C2,100,C2-rules-100,6,12,293645
C2,100,C2-rules-100,6,13,289507
C2,100,C2-rules-100,6,14,292036
C2,100,C2-rules-100,6,15,289878
C2,100,C2-rules-100,6,16,288642
C2,100,C2-rules-100,6,17,291555
C2,100,C2-rules-100,6,18,289482
C2,100,C2-rules-100,6,19,298220
C2,100,C2-rules-100,6,20,290124
C2,100,C2-rules-100,6,21,290314
C2,100,C2-rules-100,6,22,292067
C2,100,C2-rules-100,6,23,289817
C2,100,C2-rules-100,6,24,296830
C2,100,C2-rules-100,6,25,291157
C2,100,C2-rules-100,6,26,292983
C2,100,C2-rules-100,6,27,295416
C2,100,C2-rules-100,6,28,293866
C2,100,C2-rules-100,6,29,291716
C2,100,C2-rules-100,6,30,289701
C2,100,C2-rules-100,6,31,289345
C2,100,C2-rules-100,6,32,292175
C2,100,C2-rules-100,6,33,290467
C2,100,C2-rules-100,6,34,292054
C2,100,C2-rules-100,6,35,294186
C2,100,C2-rules-100,6,36,290821
C2,100,C2-rules-100,6,37,292538
C2,100,C2-rules-100,6,38,290157
C2,100,C2-rules-100,6,39,292965
C2,100,C2-rules-100,6,40,289098
C2,100,C2-rules-100,6,41,296692
C2,100,C2-rules-100,6,42,293135
C2,100,C2-rules-100,6,43,290465
C2,100,C2-rules-100,6,44,290892
C2,100,C2-rules-100,6,45,292274
C2,100,C2-rules-100,6,46,295089
C2,100,C2-rules-100,6,47,294697
C2,100,C2-rules-100,6,48,297034
C2,100,C2-rules-100,6,49,300493
C2,100,C2-rules-100,6,50,299392
C2,100,C2-rules-100,6,51,303354
C2,100,C2-rules-100,6,52,294491
C2,100,C2-rules-100,6,53,304707
C2,100,C2-rules-100,6,54,309649
C2,100,C2-rules-100,6,55,298009
C2,100,C2-rules-100,6,56,300365
C2,100,C2-rules-100,6,57,292035
C2,100,C2-rules-100,6,58,290774
C2,100,C2-rules-100,6,59,290300
C2,100,C2-rules-100,6,60,287556
C2,100,C2-rules-100,6,61,292288
C2,100,C2-rules-100,6,62,292260
C2,100,C2-rules-100,6,63,295797
C2,100,C2-rules-100,6,64,292013
C2,100,C2-rules-100,6,65,291453
C2,100,C2-rules-100,6,66,293081
C2,100,C2-rules-100,6,67,290878
C2,100,C2-rules-100,6,68,296407
C2,100,C2-rules-100,6,69,292797
C2,100,C2-rules-100,6,70,290141
C2,100,C2-rules-100,6,71,297542
C2,100,C2-rules-100,6,72,300808
C2,100,C2-rules-100,6,73,292257
C2,100,C2-rules-100,6,74,292887
C2,100,C2-rules-100,6,75,295689
C2,100,C2-rules-100,6,76,293840
C2,100,C2-rules-100,6,77,294440
C2,100,C2-rules-100,6,78,293204
C2,100,C2-rules-100,6,79,293002
C2,100,C2-rules-100,6,80,293176
C2,100,C2-rules-100,6,81,294367
C2,100,C2-rules-100,6,82,296079
C2,100,C2-rules-100,6,83,291529
C2,100,C2-rules-100,6,84,292619
C2,100,C2-rules-100,6,85,296931
C2,100,C2-rules-100,6,86,293946
C2,100,C2-rules-100,6,87,292074
C2,100,C2-rules-100,6,88,292504
C2,100,C2-rules-100,6,89,292130
C2,100,C2-rules-100,6,90,290090
C2,100,C2-rules-100,6,91,292821
C2,100,C2-rules-100,6,92,294566
C2,100,C2-rules-100,6,93,293707
C2,100,C2-rules-100,6,94,293444
C2,100,C2-rules-100,6,95,296548
C2,100,C2-rules-100,6,96,311568
C2,100,C2-rules-100,6,97,298050
C2,100,C2-rules-100,6,98,310182
C2,100,C2-rules-100,6,99,295393
C2,100,C2-rules-100,6,100,291262
C2,100,C2-rules-100,7,1,297810
C2,100,C2-rules-100,7,2,309391
C2,100,C2-rules-100,7,3,291633
C2,100,C2-rules-100,7,4,291112
C2,100,C2-rules-100,7,5,298137
C2,100,C2-rules-100,7,6,293720
C2,100,C2-rules-100,7,7,293557
C2,100,C2-rules-100,7,8,295359
C2,100,C2-rules-100,7,9,304063
C2,100,C2-rules-100,7,10,289897
C2,100,C2-rules-100,7,11,291541
C2,100,C2-rules-100,7,12,292110
C2,100,C2-rules-100,7,13,294311
C2,100,C2-rules-100,7,14,292883
C2,100,C2-rules-100,7,15,288858
C2,100,C2-rules-100,7,16,290423
C2,100,C2-rules-100,7,17,290453
C2,100,C2-rules-100,7,18,294305
C2,100,C2-rules-100,7,19,292787
C2,100,C2-rules-100,7,20,303095
C2,100,C2-rules-100,7,21,292749
C2,100,C2-rules-100,7,22,307855
C2,100,C2-rules-100,7,23,291732
C2,100,C2-rules-100,7,24,290956
C2,100,C2-rules-100,7,25,290203
C2,100,C2-rules-100,7,26,292129
C2,100,C2-rules-100,7,27,295032
C2,100,C2-rules-100,7,28,291071
C2,100,C2-rules-100,7,29,290882
C2,100,C2-rules-100,7,30,289932
C2,100,C2-rules-100,7,31,292269
C2,100,C2-rules-100,7,32,294590
C2,100,C2-rules-100,7,33,304085
C2,100,C2-rules-100,7,34,299602
C2,100,C2-rules-100,7,35,316356
C2,100,C2-rules-100,7,36,304513
C2,100,C2-rules-100,7,37,293826
C2,100,C2-rules-100,7,38,310681
C2,100,C2-rules-100,7,39,293191
C2,100,C2-rules-100,7,40,290334
C2,100,C2-rules-100,7,41,290577
C2,100,C2-rules-100,7,42,292291
C2,100,C2-rules-100,7,43,289992
C2,100,C2-rules-100,7,44,294423
C2,100,C2-rules-100,7,45,292526
C2,100,C2-rules-100,7,46,297683
C2,100,C2-rules-100,7,47,294837
C2,100,C2-rules-100,7,48,291360
C2,100,C2-rules-100,7,49,295887
C2,100,C2-rules-100,7,50,289801
C2,100,C2-rules-100,7,51,291433
C2,100,C2-rules-100,7,52,293586
C2,100,C2-rules-100,7,53,291931
C2,100,C2-rules-100,7,54,291647
C2,100,C2-rules-100,7,55,287684
C2,100,C2-rules-100,7,56,291023
C2,100,C2-rules-100,7,57,290186
C2,100,C2-rules-100,7,58,290828
C2,100,C2-rules-100,7,59,292085
C2,100,C2-rules-100,7,60,293428
C2,100,C2-rules-100,7,61,298225
C2,100,C2-rules-100,7,62,293545
C2,100,C2-rules-100,7,63,290953
C2,100,C2-rules-100,7,64,292847
C2,100,C2-rules-100,7,65,288577
C2,100,C2-rules-100,7,66,292276
C2,100,C2-rules-100,7,67,289181
C2,100,C2-rules-100,7,68,292006
C2,100,C2-rules-100,7,69,290066
C2,100,C2-rules-100,7,70,287250
C2,100,C2-rules-100,7,71,290152
C2,100,C2-rules-100,7,72,291285
C2,100,C2-rules-100,7,73,291304
C2,100,C2-rules-100,7,74,300855
C2,100,C2-rules-100,7,75,291325
C2,100,C2-rules-100,7,76,303088
C2,100,C2-rules-100,7,77,293096
C2,100,C2-rules-100,7,78,297034
C2,100,C2-rules-100,7,79,289413
C2,100,C2-rules-100,7,80,290174
C2,100,C2-rules-100,7,81,292439
C2,100,C2-rules-100,7,82,293067
C2,100,C2-rules-100,7,83,293277
C2,100,C2-rules-100,7,84,291500
C2,100,C2-rules-100,7,85,288670
C2,100,C2-rules-100,7,86,294462
C2,100,C2-rules-100,7,87,289144
C2,100,C2-rules-100,7,88,291716
C2,100,C2-rules-100,7,89,290194
C2,100,C2-rules-100,7,90,292166
C2,100,C2-rules-100,7,91,294262
C2,100,C2-rules-100,7,92,292998
C2,100,C2-rules-100,7,93,292833
C2,100,C2-rules-100,7,94,291959
C2,100,C2-rules-100,7,95,294023
C2,100,C2-rules-100,7,96,299692
C2,100,C2-rules-100,7,97,292664
C2,100,C2-rules-100,7,98,295231
C2,100,C2-rules-100,7,99,290628
C2,100,C2-rules-100,7,100,289798
C2,100,C2-rules-100,8,1,296728
C2,100,C2-rules-100,8,2,293402
C2,100,C2-rules-100,8,3,296335
C2,100,C2-rules-100,8,4,290352
C2,100,C2-rules-100,8,5,286608
C2,100,C2-rules-100,8,6,291200
C2,100,C2-rules-100,8,7,292118
C2,100,C2-rules-100,8,8,289896
C2,100,C2-rules-100,8,9,289671
C2,100,C2-rules-100,8,10,290971
C2,100,C2-rules-100,8,11,290777
C2,100,C2-rules-100,8,12,307833
C2,100,C2-rules-100,8,13,295363
C2,100,C2-rules-100,8,14,295641
C2,100,C2-rules-100,8,15,293224
C2,100,C2-rules-100,8,16,291483
C2,100,C2-rules-100,8,17,293691
C2,100,C2-rules-100,8,18,289780
C2,100,C2-rules-100,8,19,290310
C2,100,C2-rules-100,8,20,291830
C2,100,C2-rules-100,8,21,295688
C2,100,C2-rules-100,8,22,294113
C2,100,C2-rules-100,8,23,301607
C2,100,C2-rules-100,8,24,290759
C2,100,C2-rules-100,8,25,295983
C2,100,C2-rules-100,8,26,292892
C2,100,C2-rules-100,8,27,295715
C2,100,C2-rules-100,8,28,299692
C2,100,C2-rules-100,8,29,291038
C2,100,C2-rules-100,8,30,292145
C2,100,C2-rules-100,8,31,291460
C2,100,C2-rules-100,8,32,289881
C2,100,C2-rules-100,8,33,287967
C2,100,C2-rules-100,8,34,290134
C2,100,C2-rules-100,8,35,295101
C2,100,C2-rules-100,8,36,292729
C2,100,C2-rules-100,8,37,290809
C2,100,C2-rules-100,8,38,297620
C2,100,C2-rules-100,8,39,298771
C2,100,C2-rules-100,8,40,289986
C2,100,C2-rules-100,8,41,292327
C2,100,C2-rules-100,8,42,290582
C2,100,C2-rules-100,8,43,291393
C2,100,C2-rules-100,8,44,295268
C2,100,C2-rules-100,8,45,297915
C2,100,C2-rules-100,8,46,292131
C2,100,C2-rules-100,8,47,291523
C2,100,C2-rules-100,8,48,291871
C2,100,C2-rules-100,8,49,291510
C2,100,C2-rules-100,8,50,288746
C2,100,C2-rules-100,8,51,298505
C2,100,C2-rules-100,8,52,301294
C2,100,C2-rules-100,8,53,294471
C2,100,C2-rules-100,8,54,291903
C2,100,C2-rules-100,8,55,291692
C2,100,C2-rules-100,8,56,298171
C2,100,C2-rules-100,8,57,297280
C2,100,C2-rules-100,8,58,301373
C2,100,C2-rules-100,8,59,293412
C2,100,C2-rules-100,8,60,290334
C2,100,C2-rules-100,8,61,293814
C2,100,C2-rules-100,8,62,293123
C2,100,C2-rules-100,8,63,291235
C2,100,C2-rules-100,8,64,295211
C2,100,C2-rules-100,8,65,291464
C2,100,C2-rules-100,8,66,293055
C2,100,C2-rules-100,8,67,297101
C2,100,C2-rules-100,8,68,298268
C2,100,C2-rules-100,8,69,293661
C2,100,C2-rules-100,8,70,290847
C2,100,C2-rules-100,8,71,302200
C2,100,C2-rules-100,8,72,289281
C2,100,C2-rules-100,8,73,290988
C2,100,C2-rules-100,8,74,291240
C2,100,C2-rules-100,8,75,290169
C2,100,C2-rules-100,8,76,292143
C2,100,C2-rules-100,8,77,293192
C2,100,C2-rules-100,8,78,291520
C2,100,C2-rules-100,8,79,294262
C2,100,C2-rules-100,8,80,291374
C2,100,C2-rules-100,8,81,292870
C2,100,C2-rules-100,8,82,1455561
C2,100,C2-rules-100,8,83,352273
C2,100,C2-rules-100,8,84,298005
C2,100,C2-rules-100,8,85,288453
C2,100,C2-rules-100,8,86,293305
C2,100,C2-rules-100,8,87,292821
C2,100,C2-rules-100,8,88,291340
C2,100,C2-rules-100,8,89,293689
C2,100,C2-rules-100,8,90,307019
C2,100,C2-rules-100,8,91,303653
C2,100,C2-rules-100,8,92,302434
C2,100,C2-rules-100,8,93,299098
C2,100,C2-rules-100,8,94,306818
C2,100,C2-rules-100,8,95,290973
C2,100,C2-rules-100,8,96,291450
C2,100,C2-rules-100,8,97,289660
C2,100,C2-rules-100,8,98,290112
C2,100,C2-rules-100,8,99,292392
C2,100,C2-rules-100,8,100,287838
C1,10,C1-rules-010,1,1,52379
C1,10,C1-rules-010,1,2,51465
C1,10,C1-rules-010,1,3,51972
C1,10,C1-rules-010,1,4,49897
C1,10,C1-rules-010,1,5,51700
C1,10,C1-rules-010,1,6,56704
C1,10,C1-rules-010,1,7,51012
C1,10,C1-rules-010,1,8,51486
C1,10,C1-rules-010,1,9,51860
C1,10,C1-rules-010,1,10,50960
C1,10,C1-rules-010,1,11,51755
C1,10,C1-rules-010,1,12,51269
C1,10,C1-rules-010,1,13,52932
C1,10,C1-rules-010,1,14,52286
C1,10,C1-rules-010,1,15,49631
C1,10,C1-rules-010,1,16,51047
C1,10,C1-rules-010,1,17,52973
C1,10,C1-rules-010,1,18,50574
C1,10,C1-rules-010,1,19,51704
C1,10,C1-rules-010,1,20,51246
C1,10,C1-rules-010,1,21,49961
C1,10,C1-rules-010,1,22,52401
C1,10,C1-rules-010,1,23,49961
C1,10,C1-rules-010,1,24,52596
C1,10,C1-rules-010,1,25,52546
C1,10,C1-rules-010,1,26,50426
C1,10,C1-rules-010,1,27,51554
C1,10,C1-rules-010,1,28,52392
C1,10,C1-rules-010,1,29,49965
C1,10,C1-rules-010,1,30,52767
C1,10,C1-rules-010,1,31,50321
C1,10,C1-rules-010,1,32,51415
C1,10,C1-rules-010,1,33,51205
C1,10,C1-rules-010,1,34,52033
C1,10,C1-rules-010,1,35,51579
C1,10,C1-rules-010,1,36,57590
C1,10,C1-rules-010,1,37,50842
C1,10,C1-rules-010,1,38,51454
C1,10,C1-rules-010,1,39,51070
C1,10,C1-rules-010,1,40,52148
C1,10,C1-rules-010,1,41,51590
C1,10,C1-rules-010,1,42,51459
C1,10,C1-rules-010,1,43,53890
C1,10,C1-rules-010,1,44,51373
C1,10,C1-rules-010,1,45,52284
C1,10,C1-rules-010,1,46,51123
C1,10,C1-rules-010,1,47,49957
C1,10,C1-rules-010,1,48,51567
C1,10,C1-rules-010,1,49,50353
C1,10,C1-rules-010,1,50,51999
C1,10,C1-rules-010,1,51,50864
C1,10,C1-rules-010,1,52,50203
C1,10,C1-rules-010,1,53,51619
C1,10,C1-rules-010,1,54,51870
C1,10,C1-rules-010,1,55,52693
C1,10,C1-rules-010,1,56,51148
C1,10,C1-rules-010,1,57,50188
C1,10,C1-rules-010,1,58,51496
C1,10,C1-rules-010,1,59,50802
C1,10,C1-rules-010,1,60,50758
C1,10,C1-rules-010,1,61,50889
C1,10,C1-rules-010,1,62,50064
C1,10,C1-rules-010,1,63,51106
C1,10,C1-rules-010,1,64,50780
C1,10,C1-rules-010,1,65,51181
C1,10,C1-rules-010,1,66,51537
C1,10,C1-rules-010,1,67,51317
C1,10,C1-rules-010,1,68,50017
C1,10,C1-rules-010,1,69,51878
C1,10,C1-rules-010,1,70,50392
C1,10,C1-rules-010,1,71,51891
C1,10,C1-rules-010,1,72,50983
C1,10,C1-rules-010,1,73,50512
C1,10,C1-rules-010,1,74,51575
C1,10,C1-rules-010,1,75,52178
C1,10,C1-rules-010,1,76,52389
C1,10,C1-rules-010,1,77,51582
C1,10,C1-rules-010,1,78,50363
C1,10,C1-rules-010,1,79,51584
C1,10,C1-rules-010,1,80,50115
C1,10,C1-rules-010,1,81,52948
C1,10,C1-rules-010,1,82,51349
C1,10,C1-rules-010,1,83,50073
C1,10,C1-rules-010,1,84,52088
C1,10,C1-rules-010,1,85,51274
C1,10,C1-rules-010,1,86,59514
C1,10,C1-rules-010,1,87,53715
C1,10,C1-rules-010,1,88,127268
C1,10,C1-rules-010,1,89,54535
C1,10,C1-rules-010,1,90,51292
C1,10,C1-rules-010,1,91,51664
C1,10,C1-rules-010,1,92,51828
C1,10,C1-rules-010,1,93,50306
C1,10,C1-rules-010,1,94,53470
C1,10,C1-rules-010,1,95,53715
C1,10,C1-rules-010,1,96,54150
C1,10,C1-rules-010,1,97,54581
C1,10,C1-rules-010,1,98,52003
C1,10,C1-rules-010,1,99,50994
C1,10,C1-rules-010,1,100,53974
C1,10,C1-rules-010,2,1,56947
C1,10,C1-rules-010,2,2,52391
C1,10,C1-rules-010,2,3,50535
C1,10,C1-rules-010,2,4,52148
C1,10,C1-rules-010,2,5,53905
C1,10,C1-rules-010,2,6,51415
C1,10,C1-rules-010,2,7,51835
C1,10,C1-rules-010,2,8,60295
C1,10,C1-rules-010,2,9,50935
C1,10,C1-rules-010,2,10,52232
C1,10,C1-rules-010,2,11,49865
C1,10,C1-rules-010,2,12,51334
C1,10,C1-rules-010,2,13,51972
C1,10,C1-rules-010,2,14,51794
C1,10,C1-rules-010,2,15,51960
C1,10,C1-rules-010,2,16,50090
C1,10,C1-rules-010,2,17,51132
C1,10,C1-rules-010,2,18,50894
C1,10,C1-rules-010,2,19,50084
C1,10,C1-rules-010,2,20,53168
C1,10,C1-rules-010,2,21,50123
C1,10,C1-rules-010,2,22,51133
C1,10,C1-rules-010,2,23,50925
C1,10,C1-rules-010,2,24,51874
C1,10,C1-rules-010,2,25,51355
C1,10,C1-rules-010,2,26,51381
C1,10,C1-rules-010,2,27,50127
C1,10,C1-rules-010,2,28,51709
C1,10,C1-rules-010,2,29,50517
C1,10,C1-rules-010,2,30,51832
C1,10,C1-rules-010,2,31,51219
C1,10,C1-rules-010,2,32,49535
C1,10,C1-rules-010,2,33,51002
C1,10,C1-rules-010,2,34,53121
C1,10,C1-rules-010,2,35,51701
C1,10,C1-rules-010,2,36,52447
C1,10,C1-rules-010,2,37,50259
C1,10,C1-rules-010,2,38,51392
C1,10,C1-rules-010,2,39,52251
C1,10,C1-rules-010,2,40,51538
C1,10,C1-rules-010,2,41,52659
C1,10,C1-rules-010,2,42,50937
C1,10,C1-rules-010,2,43,51661
C1,10,C1-rules-010,2,44,51563
C1,10,C1-rules-010,2,45,51458
C1,10,C1-rules-010,2,46,52133
C1,10,C1-rules-010,2,47,50384
C1,10,C1-rules-010,2,48,51735
C1,10,C1-rules-010,2,49,51210
C1,10,C1-rules-010,2,50,51868
C1,10,C1-rules-010,2,51,52561
C1,10,C1-rules-010,2,52,50949
C1,10,C1-rules-010,2,53,51532
C1,10,C1-rules-010,2,54,51993
C1,10,C1-rules-010,2,55,50366
C1,10,C1-rules-010,2,56,55541
C1,10,C1-rules-010,2,57,52071
C1,10,C1-rules-010,2,58,49967
C1,10,C1-rules-010,2,59,51628
C1,10,C1-rules-010,2,60,50900
C1,10,C1-rules-010,2,61,52646
C1,10,C1-rules-010,2,62,52365
C1,10,C1-rules-010,2,63,50951
C1,10,C1-rules-010,2,64,53978
C1,10,C1-rules-010,2,65,51463
C1,10,C1-rules-010,2,66,53496
C1,10,C1-rules-010,2,67,51773
C1,10,C1-rules-010,2,68,50421
C1,10,C1-rules-010,2,69,51672
C1,10,C1-rules-010,2,70,51453
C1,10,C1-rules-010,2,71,50019
C1,10,C1-rules-010,2,72,52835
C1,10,C1-rules-010,2,73,50874
C1,10,C1-rules-010,2,74,51451
C1,10,C1-rules-010,2,75,51600
C1,10,C1-rules-010,2,76,50608
C1,10,C1-rules-010,2,77,55097
C1,10,C1-rules-010,2,78,50815
C1,10,C1-rules-010,2,79,51987
C1,10,C1-rules-010,2,80,51351
C1,10,C1-rules-010,2,81,50716
C1,10,C1-rules-010,2,82,57480
C1,10,C1-rules-010,2,83,53192
C1,10,C1-rules-010,2,84,52354
C1,10,C1-rules-010,2,85,52710
C1,10,C1-rules-010,2,86,50380
C1,10,C1-rules-010,2,87,52455
C1,10,C1-rules-010,2,88,55105
C1,10,C1-rules-010,2,89,51685
C1,10,C1-rules-010,2,90,52138
C1,10,C1-rules-010,2,91,51921
C1,10,C1-rules-010,2,92,52224
C1,10,C1-rules-010,2,93,52924
C1,10,C1-rules-010,2,94,51073
C1,10,C1-rules-010,2,95,54726
C1,10,C1-rules-010,2,96,50752
C1,10,C1-rules-010,2,97,52228
C1,10,C1-rules-010,2,98,52561
C1,10,C1-rules-010,2,99,54410
C1,10,C1-rules-010,2,100,51774
C1,10,C1-rules-010,3,1,56822
C1,10,C1-rules-010,3,2,58790
C1,10,C1-rules-010,3,3,52040
C1,10,C1-rules-010,3,4,52037
C1,10,C1-rules-010,3,5,54714
C1,10,C1-rules-010,3,6,53896
C1,10,C1-rules-010,3,7,50195
C1,10,C1-rules-010,3,8,50953
C1,10,C1-rules-010,3,9,53138
C1,10,C1-rules-010,3,10,52235
C1,10,C1-rules-010,3,11,51761
C1,10,C1-rules-010,3,12,50283
C1,10,C1-rules-010,3,13,52039
C1,10,C1-rules-010,3,14,50047
C1,10,C1-rules-010,3,15,53250
C1,10,C1-rules-010,3,16,52160
C1,10,C1-rules-010,3,17,50452
C1,10,C1-rules-010,3,18,51559
C1,10,C1-rules-010,3,19,52567
C1,10,C1-rules-010,3,20,53506
C1,10,C1-rules-010,3,21,52193
C1,10,C1-rules-010,3,22,50285
C1,10,C1-rules-010,3,23,51693
C1,10,C1-rules-010,3,24,51569
C1,10,C1-rules-010,3,25,50686
C1,10,C1-rules-010,3,26,51835
C1,10,C1-rules-010,3,27,50227
C1,10,C1-rules-010,3,28,51879
C1,10,C1-rules-010,3,29,51678
C1,10,C1-rules-010,3,30,49862
C1,10,C1-rules-010,3,31,54207
C1,10,C1-rules-010,3,32,51314
C1,10,C1-rules-010,3,33,49892
C1,10,C1-rules-010,3,34,50899
C1,10,C1-rules-010,3,35,49867
C1,10,C1-rules-010,3,36,51495
C1,10,C1-rules-010,3,37,52509
C1,10,C1-rules-010,3,38,50132
C1,10,C1-rules-010,3,39,51277
C1,10,C1-rules-010,3,40,50090
C1,10,C1-rules-010,3,41,51636
C1,10,C1-rules-010,3,42,53595
C1,10,C1-rules-010,3,43,50511
C1,10,C1-rules-010,3,44,51411
C1,10,C1-rules-010,3,45,50116
C1,10,C1-rules-010,3,46,50997
C1,10,C1-rules-010,3,47,52494
C1,10,C1-rules-010,3,48,50468
C1,10,C1-rules-010,3,49,51109
C1,10,C1-rules-010,3,50,51102
C1,10,C1-rules-010,3,51,50183
C1,10,C1-rules-010,3,52,51204
C1,10,C1-rules-010,3,53,50771
C1,10,C1-rules-010,3,54,50958
C1,10,C1-rules-010,3,55,51183
C1,10,C1-rules-010,3,56,63910
C1,10,C1-rules-010,3,57,52155
C1,10,C1-rules-010,3,58,50491
C1,10,C1-rules-010,3,59,51251
C1,10,C1-rules-010,3,60,51138
C1,10,C1-rules-010,3,61,49737
C1,10,C1-rules-010,3,62,50719
C1,10,C1-rules-010,3,63,53212
C1,10,C1-rules-010,3,64,50599
C1,10,C1-rules-010,3,65,50928
C1,10,C1-rules-010,3,66,50212
C1,10,C1-rules-010,3,67,51601
C1,10,C1-rules-010,3,68,50937
C1,10,C1-rules-010,3,69,50840
C1,10,C1-rules-010,3,70,51072
C1,10,C1-rules-010,3,71,49892
C1,10,C1-rules-010,3,72,51608
C1,10,C1-rules-010,3,73,51598
C1,10,C1-rules-010,3,74,52193
C1,10,C1-rules-010,3,75,51987
C1,10,C1-rules-010,3,76,49893
C1,10,C1-rules-010,3,77,49795
C1,10,C1-rules-010,3,78,50855
C1,10,C1-rules-010,3,79,50117
C1,10,C1-rules-010,3,80,52157
C1,10,C1-rules-010,3,81,51014
C1,10,C1-rules-010,3,82,49703
C1,10,C1-rules-010,3,83,50712
C1,10,C1-rules-010,3,84,49411
C1,10,C1-rules-010,3,85,54095
C1,10,C1-rules-010,3,86,51107
C1,10,C1-rules-010,3,87,49706
C1,10,C1-rules-010,3,88,50734
C1,10,C1-rules-010,3,89,49654
C1,10,C1-rules-010,3,90,51937
C1,10,C1-rules-010,3,91,50967
C1,10,C1-rules-010,3,92,49467
C1,10,C1-rules-010,3,93,50916
C1,10,C1-rules-010,3,94,50707
C1,10,C1-rules-010,3,95,49389
C1,10,C1-rules-010,3,96,54050
C1,10,C1-rules-010,3,97,50353
C1,10,C1-rules-010,3,98,51748
C1,10,C1-rules-010,3,99,50911
C1,10,C1-rules-010,3,100,49877
C1,10,C1-rules-010,4,1,59239
C1,10,C1-rules-010,4,2,50001
C1,10,C1-rules-010,4,3,51360
C1,10,C1-rules-010,4,4,51272
C1,10,C1-rules-010,4,5,49937
C1,10,C1-rules-010,4,6,51336
C1,10,C1-rules-010,4,7,52724
C1,10,C1-rules-010,4,8,51420
C1,10,C1-rules-010,4,9,51382
C1,10,C1-rules-010,4,10,50646
C1,10,C1-rules-010,4,11,51569
C1,10,C1-rules-010,4,12,52288
C1,10,C1-rules-010,4,13,50527
C1,10,C1-rules-010,4,14,51616
C1,10,C1-rules-010,4,15,50247
C1,10,C1-rules-010,4,16,51924
C1,10,C1-rules-010,4,17,56510
C1,10,C1-rules-010,4,18,51060
C1,10,C1-rules-010,4,19,51607
C1,10,C1-rules-010,4,20,50236
C1,10,C1-rules-010,4,21,51086
C1,10,C1-rules-010,4,22,51159
C1,10,C1-rules-010,4,23,50329
C1,10,C1-rules-010,4,24,51707
C1,10,C1-rules-010,4,25,51002
C1,10,C1-rules-010,4,26,49579
C1,10,C1-rules-010,4,27,51202
C1,10,C1-rules-010,4,28,52241
C1,10,C1-rules-010,4,29,51312
C1,10,C1-rules-010,4,30,58722
C1,10,C1-rules-010,4,31,50485
C1,10,C1-rules-010,4,32,52623
C1,10,C1-rules-010,4,33,49343
C1,10,C1-rules-010,4,34,51581
C1,10,C1-rules-010,4,35,50576
C1,10,C1-rules-010,4,36,49601
C1,10,C1-rules-010,4,37,50714
C1,10,C1-rules-010,4,38,49779
C1,10,C1-rules-010,4,39,54106
C1,10,C1-rules-010,4,40,51392
C1,10,C1-rules-010,4,41,49802
C1,10,C1-rules-010,4,42,50998
C1,10,C1-rules-010,4,43,50989
C1,10,C1-rules-010,4,44,50921
C1,10,C1-rules-010,4,45,50970
C1,10,C1-rules-010,4,46,49984
C1,10,C1-rules-010,4,47,51228
C1,10,C1-rules-010,4,48,51021
C1,10,C1-rules-010,4,49,49938
C1,10,C1-rules-010,4,50,54059
C1,10,C1-rules-010,4,51,49876
C1,10,C1-rules-010,4,52,55794
C1,10,C1-rules-010,4,53,50781
C1,10,C1-rules-010,4,54,49297
C1,10,C1-rules-010,4,55,51881
C1,10,C1-rules-010,4,56,50714
C1,10,C1-rules-010,4,57,49277
C1,10,C1-rules-010,4,58,50563
C1,10,C1-rules-010,4,59,49503
C1,10,C1-rules-010,4,60,50995
C1,10,C1-rules-010,4,61,54614
C1,10,C1-rules-010,4,62,49906
C1,10,C1-rules-010,4,63,51460
C1,10,C1-rules-010,4,64,49556
C1,10,C1-rules-010,4,65,51121
C1,10,C1-rules-010,4,66,51395
C1,10,C1-rules-010,4,67,49716
C1,10,C1-rules-010,4,68,51060
C1,10,C1-rules-010,4,69,49828
C1,10,C1-rules-010,4,70,49356
C1,10,C1-rules-010,4,71,53042
C1,10,C1-rules-010,4,72,50167
C1,10,C1-rules-010,4,73,50723
C1,10,C1-rules-010,4,74,51219
C1,10,C1-rules-010,4,75,49572
C1,10,C1-rules-010,4,76,70425
C1,10,C1-rules-010,4,77,52648
C1,10,C1-rules-010,4,78,50806
C1,10,C1-rules-010,4,79,56049
C1,10,C1-rules-010,4,80,54834
C1,10,C1-rules-010,4,81,51101
C1,10,C1-rules-010,4,82,51531
C1,10,C1-rules-010,4,83,51171
C1,10,C1-rules-010,4,84,50779
C1,10,C1-rules-010,4,85,49797
C1,10,C1-rules-010,4,86,51728
C1,10,C1-rules-010,4,87,51098
C1,10,C1-rules-010,4,88,50666
C1,10,C1-rules-010,4,89,51130
C1,10,C1-rules-010,4,90,49583
C1,10,C1-rules-010,4,91,50606
C1,10,C1-rules-010,4,92,51155
C1,10,C1-rules-010,4,93,53138
C1,10,C1-rules-010,4,94,51607
C1,10,C1-rules-010,4,95,49617
C1,10,C1-rules-010,4,96,51041
C1,10,C1-rules-010,4,97,50370
C1,10,C1-rules-010,4,98,50018
C1,10,C1-rules-010,4,99,51292
C1,10,C1-rules-010,4,100,51422
C1,10,C1-rules-010,5,1,60415
C1,10,C1-rules-010,5,2,56282
C1,10,C1-rules-010,5,3,49636
C1,10,C1-rules-010,5,4,63974
C1,10,C1-rules-010,5,5,52419
C1,10,C1-rules-010,5,6,50053
C1,10,C1-rules-010,5,7,51726
C1,10,C1-rules-010,5,8,50128
C1,10,C1-rules-010,5,9,53843
C1,10,C1-rules-010,5,10,51354
C1,10,C1-rules-010,5,11,49734
C1,10,C1-rules-010,5,12,50785
C1,10,C1-rules-010,5,13,50167
C1,10,C1-rules-010,5,14,51113
C1,10,C1-rules-010,5,15,54261
C1,10,C1-rules-010,5,16,50328
C1,10,C1-rules-010,5,17,51465
C1,10,C1-rules-010,5,18,50933
C1,10,C1-rules-010,5,19,49540
C1,10,C1-rules-010,5,20,51901
C1,10,C1-rules-010,5,21,49640
C1,10,C1-rules-010,5,22,51151
C1,10,C1-rules-010,5,23,50499
C1,10,C1-rules-010,5,24,49296
C1,10,C1-rules-010,5,25,53815
C1,10,C1-rules-010,5,26,50384
C1,10,C1-rules-010,5,27,51307
C1,10,C1-rules-010,5,28,51084
C1,10,C1-rules-010,5,29,49579
C1,10,C1-rules-010,5,30,50874
C1,10,C1-rules-010,5,31,50171
C1,10,C1-rules-010,5,32,49831
C1,10,C1-rules-010,5,33,50719
C1,10,C1-rules-010,5,34,49605
C1,10,C1-rules-010,5,35,50744
C1,10,C1-rules-010,5,36,53304
C1,10,C1-rules-010,5,37,50249
C1,10,C1-rules-010,5,38,51157
C1,10,C1-rules-010,5,39,50217
C1,10,C1-rules-010,5,40,51539
C1,10,C1-rules-010,5,41,50939
C1,10,C1-rules-010,5,42,50512
C1,10,C1-rules-010,5,43,50996
C1,10,C1-rules-010,5,44,49853
C1,10,C1-rules-010,5,45,51349
C1,10,C1-rules-010,5,46,50837
C1,10,C1-rules-010,5,47,52954
C1,10,C1-rules-010,5,48,51884
C1,10,C1-rules-010,5,49,51197
C1,10,C1-rules-010,5,50,49903
C1,10,C1-rules-010,5,51,51267
C1,10,C1-rules-010,5,52,50702
C1,10,C1-rules-010,5,53,51704
C1,10,C1-rules-010,5,54,51013
C1,10,C1-rules-010,5,55,50361
C1,10,C1-rules-010,5,56,51277
C1,10,C1-rules-010,5,57,50073
C1,10,C1-rules-010,5,58,53694
C1,10,C1-rules-010,5,59,51084
C1,10,C1-rules-010,5,60,49731
C1,10,C1-rules-010,5,61,51315
C1,10,C1-rules-010,5,62,51473
C1,10,C1-rules-010,5,63,50573
C1,10,C1-rules-010,5,64,51406
C1,10,C1-rules-010,5,65,49957
C1,10,C1-rules-010,5,66,51412
C1,10,C1-rules-010,5,67,51531
C1,10,C1-rules-010,5,68,49914
C1,10,C1-rules-010,5,69,54406
C1,10,C1-rules-010,5,70,49908
C1,10,C1-rules-010,5,71,51048
C1,10,C1-rules-010,5,72,51078
C1,10,C1-rules-010,5,73,49601
C1,10,C1-rules-010,5,74,52747
C1,10,C1-rules-010,5,75,50215
C1,10,C1-rules-010,5,76,51354
C1,10,C1-rules-010,5,77,51073
C1,10,C1-rules-010,5,78,49461
C1,10,C1-rules-010,5,79,52965
C1,10,C1-rules-010,5,80,57583
C1,10,C1-rules-010,5,81,49805
C1,10,C1-rules-010,5,82,51125
C1,10,C1-rules-010,5,83,49922
C1,10,C1-rules-010,5,84,51202
C1,10,C1-rules-010,5,85,52075
C1,10,C1-rules-010,5,86,50630
C1,10,C1-rules-010,5,87,50621
C1,10,C1-rules-010,5,88,49815
C1,10,C1-rules-010,5,89,50856
C1,10,C1-rules-010,5,90,53781
C1,10,C1-rules-010,5,91,50356
C1,10,C1-rules-010,5,92,50891
C1,10,C1-rules-010,5,93,50808
C1,10,C1-rules-010,5,94,49881
C1,10,C1-rules-010,5,95,50757
C1,10,C1-rules-010,5,96,50757
C1,10,C1-rules-010,5,97,51007
C1,10,C1-rules-010,5,98,50565
C1,10,C1-rules-010,5,99,49631
C1,10,C1-rules-010,5,100,51025
C1,10,C1-rules-010,6,1,57262
C1,10,C1-rules-010,6,2,52056
C1,10,C1-rules-010,6,3,51158
C1,10,C1-rules-010,6,4,54416
C1,10,C1-rules-010,6,5,50798
C1,10,C1-rules-010,6,6,50035
C1,10,C1-rules-010,6,7,51100
C1,10,C1-rules-010,6,8,50914
C1,10,C1-rules-010,6,9,49609
C1,10,C1-rules-010,6,10,50704
C1,10,C1-rules-010,6,11,51023
C1,10,C1-rules-010,6,12,53084
C1,10,C1-rules-010,6,13,51427
C1,10,C1-rules-010,6,14,49536
C1,10,C1-rules-010,6,15,51169
C1,10,C1-rules-010,6,16,50604
C1,10,C1-rules-010,6,17,51647
C1,10,C1-rules-010,6,18,51529
C1,10,C1-rules-010,6,19,50076
C1,10,C1-rules-010,6,20,51397
C1,10,C1-rules-010,6,21,51196
C1,10,C1-rules-010,6,22,50000
C1,10,C1-rules-010,6,23,54447
C1,10,C1-rules-010,6,24,49820
C1,10,C1-rules-010,6,25,50093
C1,10,C1-rules-010,6,26,51364
C1,10,C1-rules-010,6,27,49740
C1,10,C1-rules-010,6,28,51777
C1,10,C1-rules-010,6,29,51182
C1,10,C1-rules-010,6,30,49868
C1,10,C1-rules-010,6,31,50928
C1,10,C1-rules-010,6,32,49816
C1,10,C1-rules-010,6,33,52250
C1,10,C1-rules-010,6,34,51160
C1,10,C1-rules-010,6,35,49841
C1,10,C1-rules-010,6,36,51015
C1,10,C1-rules-010,6,37,49746
C1,10,C1-rules-010,6,38,50696
C1,10,C1-rules-010,6,39,51991
C1,10,C1-rules-010,6,40,50581
C1,10,C1-rules-010,6,41,50863
C1,10,C1-rules-010,6,42,50734
C1,10,C1-rules-010,6,43,49675
C1,10,C1-rules-010,6,44,55277
C1,10,C1-rules-010,6,45,49724
C1,10,C1-rules-010,6,46,50982
C1,10,C1-rules-010,6,47,50657
C1,10,C1-rules-010,6,48,50089
C1,10,C1-rules-010,6,49,56606
C1,10,C1-rules-010,6,50,51114
C1,10,C1-rules-010,6,51,51512
C1,10,C1-rules-010,6,52,51512
C1,10,C1-rules-010,6,53,53359
C1,10,C1-rules-010,6,54,51314
C1,10,C1-rules-010,6,55,53371
C1,10,C1-rules-010,6,56,49885
C1,10,C1-rules-010,6,57,50898
C1,10,C1-rules-010,6,58,49526
C1,10,C1-rules-010,6,59,50795
C1,10,C1-rules-010,6,60,51000
C1,10,C1-rules-010,6,61,50567
C1,10,C1-rules-010,6,62,51510
C1,10,C1-rules-010,6,63,50273
C1,10,C1-rules-010,6,64,50817
C1,10,C1-rules-010,6,65,50900
C1,10,C1-rules-010,6,66,53207
C1,10,C1-rules-010,6,67,51825
C1,10,C1-rules-010,6,68,49968
C1,10,C1-rules-010,6,69,50928
C1,10,C1-rules-010,6,70,51113
C1,10,C1-rules-010,6,71,50476
C1,10,C1-rules-010,6,72,51362
C1,10,C1-rules-010,6,73,51140
C1,10,C1-rules-010,6,74,49731
C1,10,C1-rules-010,6,75,50817
C1,10,C1-rules-010,6,76,49681
C1,10,C1-rules-010,6,77,53740
C1,10,C1-rules-010,6,78,51042
C1,10,C1-rules-010,6,79,50159
C1,10,C1-rules-010,6,80,50763
C1,10,C1-rules-010,6,81,50082
C1,10,C1-rules-010,6,82,51684
C1,10,C1-rules-010,6,83,51176
C1,10,C1-rules-010,6,84,49610
C1,10,C1-rules-010,6,85,50520
C1,10,C1-rules-010,6,86,50688
C1,10,C1-rules-010,6,87,49666
C1,10,C1-rules-010,6,88,54203
C1,10,C1-rules-010,6,89,49861
C1,10,C1-rules-010,6,90,51078
C1,10,C1-rules-010,6,91,50758
C1,10,C1-rules-010,6,92,49614
C1,10,C1-rules-010,6,93,51891
C1,10,C1-rules-010,6,94,50025
C1,10,C1-rules-010,6,95,51076
C1,10,C1-rules-010,6,96,51051
C1,10,C1-rules-010,6,97,49859
C1,10,C1-rules-010,6,98,52945
C1,10,C1-rules-010,6,99,50044
C1,10,C1-rules-010,6,100,49494
C1,10,C1-rules-010,7,1,55176
C1,10,C1-rules-010,7,2,49394
C1,10,C1-rules-010,7,3,51462
C1,10,C1-rules-010,7,4,51731
C1,10,C1-rules-010,7,5,50319
C1,10,C1-rules-010,7,6,51365
C1,10,C1-rules-010,7,7,49886
C1,10,C1-rules-010,7,8,51141
C1,10,C1-rules-010,7,9,53610
C1,10,C1-rules-010,7,10,50301
C1,10,C1-rules-010,7,11,51296
C1,10,C1-rules-010,7,12,49643
C1,10,C1-rules-010,7,13,51058
C1,10,C1-rules-010,7,14,50732
C1,10,C1-rules-010,7,15,50689
C1,10,C1-rules-010,7,16,51210
C1,10,C1-rules-010,7,17,51185
C1,10,C1-rules-010,7,18,49616
C1,10,C1-rules-010,7,19,50845
C1,10,C1-rules-010,7,20,52674
C1,10,C1-rules-010,7,21,51536
C1,10,C1-rules-010,7,22,51001
C1,10,C1-rules-010,7,23,50090
C1,10,C1-rules-010,7,24,50867
C1,10,C1-rules-010,7,25,49974
C1,10,C1-rules-010,7,26,50802
C1,10,C1-rules-010,7,27,50824
C1,10,C1-rules-010,7,28,53902
C1,10,C1-rules-010,7,29,51001
C1,10,C1-rules-010,7,30,51031
C1,10,C1-rules-010,7,31,52081
C1,10,C1-rules-010,7,32,51024
C1,10,C1-rules-010,7,33,49939
C1,10,C1-rules-010,7,34,51716
C1,10,C1-rules-010,7,35,51150
C1,10,C1-rules-010,7,36,50616
C1,10,C1-rules-010,7,37,51050
C1,10,C1-rules-010,7,38,49400
C1,10,C1-rules-010,7,39,51113
C1,10,C1-rules-010,7,40,50935
C1,10,C1-rules-010,7,41,49785
C1,10,C1-rules-010,7,42,54331
C1,10,C1-rules-010,7,43,49764
C1,10,C1-rules-010,7,44,51215
C1,10,C1-rules-010,7,45,51203
C1,10,C1-rules-010,7,46,49504
C1,10,C1-rules-010,7,47,51452
C1,10,C1-rules-010,7,48,51215
C1,10,C1-rules-010,7,49,50002
C1,10,C1-rules-010,7,50,51039
C1,10,C1-rules-010,7,51,50008
C1,10,C1-rules-010,7,52,53077
C1,10,C1-rules-010,7,53,51751
C1,10,C1-rules-010,7,54,49684
C1,10,C1-rules-010,7,55,51117
C1,10,C1-rules-010,7,56,50086
C1,10,C1-rules-010,7,57,51502
C1,10,C1-rules-010,7,58,51512
C1,10,C1-rules-010,7,59,50491
C1,10,C1-rules-010,7,60,51016
C1,10,C1-rules-010,7,61,50815
C1,10,C1-rules-010,7,62,49844
C1,10,C1-rules-010,7,63,53727
C1,10,C1-rules-010,7,64,49970
C1,10,C1-rules-010,7,65,51432
C1,10,C1-rules-010,7,66,51120
C1,10,C1-rules-010,7,67,49758
C1,10,C1-rules-010,7,68,51039
C1,10,C1-rules-010,7,69,50733
C1,10,C1-rules-010,7,70,51136
C1,10,C1-rules-010,7,71,50904
C1,10,C1-rules-010,7,72,50022
C1,10,C1-rules-010,7,73,51553
C1,10,C1-rules-010,7,74,51784
C1,10,C1-rules-010,7,75,50541
C1,10,C1-rules-010,7,76,51043
C1,10,C1-rules-010,7,77,49781
C1,10,C1-rules-010,7,78,51212
C1,10,C1-rules-010,7,79,51481
C1,10,C1-rules-010,7,80,50111
C1,10,C1-rules-010,7,81,51327
C1,10,C1-rules-010,7,82,50283
C1,10,C1-rules-010,7,83,51146
C1,10,C1-rules-010,7,84,50932
C1,10,C1-rules-010,7,85,52770
C1,10,C1-rules-010,7,86,51228
C1,10,C1-rules-010,7,87,49501
C1,10,C1-rules-010,7,88,50907
C1,10,C1-rules-010,7,89,51072
C1,10,C1-rules-010,7,90,50200
C1,10,C1-rules-010,7,91,51234
C1,10,C1-rules-010,7,92,51317
C1,10,C1-rules-010,7,93,49554
C1,10,C1-rules-010,7,94,50814
C1,10,C1-rules-010,7,95,49556
C1,10,C1-rules-010,7,96,54554
C1,10,C1-rules-010,7,97,50844
C1,10,C1-rules-010,7,98,49618
C1,10,C1-rules-010,7,99,50621
C1,10,C1-rules-010,7,100,49460
C1,10,C1-rules-010,8,1,58075
C1,10,C1-rules-010,8,2,51009
C1,10,C1-rules-010,8,3,55164
C1,10,C1-rules-010,8,4,51491
C1,10,C1-rules-010,8,5,49499
C1,10,C1-rules-010,8,6,53260
C1,10,C1-rules-010,8,7,51409
C1,10,C1-rules-010,8,8,49851
C1,10,C1-rules-010,8,9,50670
C1,10,C1-rules-010,8,10,50888
C1,10,C1-rules-010,8,11,49801
C1,10,C1-rules-010,8,12,51645
C1,10,C1-rules-010,8,13,49770
C1,10,C1-rules-010,8,14,51021
C1,10,C1-rules-010,8,15,51099
C1,10,C1-rules-010,8,16,49451
C1,10,C1-rules-010,8,17,53068
C1,10,C1-rules-010,8,18,50168
C1,10,C1-rules-010,8,19,51273
C1,10,C1-rules-010,8,20,50716
C1,10,C1-rules-010,8,21,49812
C1,10,C1-rules-010,8,22,51104
C1,10,C1-rules-010,8,23,51720
C1,10,C1-rules-010,8,24,49613
C1,10,C1-rules-010,8,25,51213
C1,10,C1-rules-010,8,26,49674
C1,10,C1-rules-010,8,27,50994
C1,10,C1-rules-010,8,28,53924
C1,10,C1-rules-010,8,29,50308
C1,10,C1-rules-010,8,30,50791
C1,10,C1-rules-010,8,31,49412
C1,10,C1-rules-010,8,32,50667
C1,10,C1-rules-010,8,33,51782
C1,10,C1-rules-010,8,34,50282
C1,10,C1-rules-010,8,35,51053
C1,10,C1-rules-010,8,36,50871
C1,10,C1-rules-010,8,37,49566
C1,10,C1-rules-010,8,38,50386
C1,10,C1-rules-010,8,39,52634
C1,10,C1-rules-010,8,40,51807
C1,10,C1-rules-010,8,41,50840
C1,10,C1-rules-010,8,42,49558
C1,10,C1-rules-010,8,43,50891
C1,10,C1-rules-010,8,44,49607
C1,10,C1-rules-010,8,45,51312
C1,10,C1-rules-010,8,46,51189
C1,10,C1-rules-010,8,47,49307
C1,10,C1-rules-010,8,48,50696
C1,10,C1-rules-010,8,49,49661
C1,10,C1-rules-010,8,50,53650
C1,10,C1-rules-010,8,51,50893
C1,10,C1-rules-010,8,52,49560
C1,10,C1-rules-010,8,53,50683
C1,10,C1-rules-010,8,54,51296
C1,10,C1-rules-010,8,55,50257
C1,10,C1-rules-010,8,56,51208
C1,10,C1-rules-010,8,57,49390
C1,10,C1-rules-010,8,58,50927
C1,10,C1-rules-010,8,59,50964
C1,10,C1-rules-010,8,60,51947
C1,10,C1-rules-010,8,61,51162
C1,10,C1-rules-010,8,62,50013
C1,10,C1-rules-010,8,63,51331
C1,10,C1-rules-010,8,64,50674
C1,10,C1-rules-010,8,65,49847
C1,10,C1-rules-010,8,66,51835
C1,10,C1-rules-010,8,67,51182
C1,10,C1-rules-010,8,68,49125
C1,10,C1-rules-010,8,69,50472
C1,10,C1-rules-010,8,70,49660
C1,10,C1-rules-010,8,71,55265
C1,10,C1-rules-010,8,72,51098
C1,10,C1-rules-010,8,73,49673
C1,10,C1-rules-010,8,74,50335
C1,10,C1-rules-010,8,75,49603
C1,10,C1-rules-010,8,76,50966
C1,10,C1-rules-010,8,77,51290
C1,10,C1-rules-010,8,78,49496
C1,10,C1-rules-010,8,79,58908
C1,10,C1-rules-010,8,80,50734
C1,10,C1-rules-010,8,81,50880
C1,10,C1-rules-010,8,82,53124
C1,10,C1-rules-010,8,83,49917
C1,10,C1-rules-010,8,84,50805
C1,10,C1-rules-010,8,85,50813
C1,10,C1-rules-010,8,86,49512
C1,10,C1-rules-010,8,87,50810
C1,10,C1-rules-010,8,88,49549
C1,10,C1-rules-010,8,89,51058
C1,10,C1-rules-010,8,90,50832
C1,10,C1-rules-010,8,91,49535
C1,10,C1-rules-010,8,92,50741
C1,10,C1-rules-010,8,93,52589
C1,10,C1-rules-010,8,94,51682
C1,10,C1-rules-010,8,95,51247
C1,10,C1-rules-010,8,96,49621
C1,10,C1-rules-010,8,97,50993
C1,10,C1-rules-010,8,98,51353
C1,10,C1-rules-010,8,99,50348
C1,10,C1-rules-010,8,100,50950
C2,1,C2-rules-001,1,1,19767
C2,1,C2-rules-001,1,2,20258
C2,1,C2-rules-001,1,3,19861
C2,1,C2-rules-001,1,4,19343
C2,1,C2-rules-001,1,5,19768
C2,1,C2-rules-001,1,6,19503
C2,1,C2-rules-001,1,7,19569
C2,1,C2-rules-001,1,8,19720
C2,1,C2-rules-001,1,9,19679
C2,1,C2-rules-001,1,10,20139
C2,1,C2-rules-001,1,11,19657
C2,1,C2-rules-001,1,12,19641
C2,1,C2-rules-001,1,13,19648
C2,1,C2-rules-001,1,14,19674
C2,1,C2-rules-001,1,15,19625
C2,1,C2-rules-001,1,16,19573
C2,1,C2-rules-001,1,17,20454
C2,1,C2-rules-001,1,18,19687
C2,1,C2-rules-001,1,19,19670
C2,1,C2-rules-001,1,20,19727
C2,1,C2-rules-001,1,21,20482
C2,1,C2-rules-001,1,22,19779
C2,1,C2-rules-001,1,23,19911
C2,1,C2-rules-001,1,24,20029
C2,1,C2-rules-001,1,25,22222
C2,1,C2-rules-001,1,26,19804
C2,1,C2-rules-001,1,27,19619
C2,1,C2-rules-001,1,28,19498
C2,1,C2-rules-001,1,29,19850
C2,1,C2-rules-001,1,30,19305
C2,1,C2-rules-001,1,31,19333
C2,1,C2-rules-001,1,32,19323
C2,1,C2-rules-001,1,33,19581
C2,1,C2-rules-001,1,34,19381
C2,1,C2-rules-001,1,35,19409
C2,1,C2-rules-001,1,36,19537
C2,1,C2-rules-001,1,37,19304
C2,1,C2-rules-001,1,38,19645
C2,1,C2-rules-001,1,39,19745
C2,1,C2-rules-001,1,40,26827
C2,1,C2-rules-001,1,41,20622
C2,1,C2-rules-001,1,42,19738
C2,1,C2-rules-001,1,43,19423
C2,1,C2-rules-001,1,44,19512
C2,1,C2-rules-001,1,45,19474
C2,1,C2-rules-001,1,46,19363
C2,1,C2-rules-001,1,47,19406
C2,1,C2-rules-001,1,48,19420
C2,1,C2-rules-001,1,49,19340
C2,1,C2-rules-001,1,50,19652
C2,1,C2-rules-001,1,51,19867
C2,1,C2-rules-001,1,52,19734
C2,1,C2-rules-001,1,53,19554
C2,1,C2-rules-001,1,54,19563
C2,1,C2-rules-001,1,55,19399
C2,1,C2-rules-001,1,56,19391
C2,1,C2-rules-001,1,57,23405
C2,1,C2-rules-001,1,58,19972
C2,1,C2-rules-001,1,59,19328
C2,1,C2-rules-001,1,60,19254
C2,1,C2-rules-001,1,61,19433
C2,1,C2-rules-001,1,62,19370
C2,1,C2-rules-001,1,63,19349
C2,1,C2-rules-001,1,64,19322
C2,1,C2-rules-001,1,65,19480
C2,1,C2-rules-001,1,66,19409
C2,1,C2-rules-001,1,67,19549
C2,1,C2-rules-001,1,68,19708
C2,1,C2-rules-001,1,69,19521
C2,1,C2-rules-001,1,70,19664
C2,1,C2-rules-001,1,71,19267
C2,1,C2-rules-001,1,72,19424
C2,1,C2-rules-001,1,73,20433
C2,1,C2-rules-001,1,74,19314
C2,1,C2-rules-001,1,75,19431
C2,1,C2-rules-001,1,76,19981
C2,1,C2-rules-001,1,77,19613
C2,1,C2-rules-001,1,78,19903
C2,1,C2-rules-001,1,79,19665
C2,1,C2-rules-001,1,80,19558
C2,1,C2-rules-001,1,81,19583
C2,1,C2-rules-001,1,82,19726
C2,1,C2-rules-001,1,83,19811
C2,1,C2-rules-001,1,84,19451
C2,1,C2-rules-001,1,85,19601
C2,1,C2-rules-001,1,86,19847
C2,1,C2-rules-001,1,87,19442
C2,1,C2-rules-001,1,88,19410
C2,1,C2-rules-001,1,89,22557
C2,1,C2-rules-001,1,90,19860
C2,1,C2-rules-001,1,91,19659
C2,1,C2-rules-001,1,92,19411
C2,1,C2-rules-001,1,93,19338
C2,1,C2-rules-001,1,94,19223
C2,1,C2-rules-001,1,95,19492
C2,1,C2-rules-001,1,96,19563
C2,1,C2-rules-001,1,97,19499
C2,1,C2-rules-001,1,98,19292
C2,1,C2-rules-001,1,99,19352
C2,1,C2-rules-001,1,100,19297
C2,1,C2-rules-001,2,1,27729
C2,1,C2-rules-001,2,2,19876
C2,1,C2-rules-001,2,3,19579
C2,1,C2-rules-001,2,4,19807
C2,1,C2-rules-001,2,5,20444
C2,1,C2-rules-001,2,6,19751
C2,1,C2-rules-001,2,7,19703
C2,1,C2-rules-001,2,8,19915
C2,1,C2-rules-001,2,9,19948
C2,1,C2-rules-001,2,10,20044
C2,1,C2-rules-001,2,11,19718
C2,1,C2-rules-001,2,12,19647
C2,1,C2-rules-001,2,13,19638
C2,1,C2-rules-001,2,14,19610
C2,1,C2-rules-001,2,15,19614
C2,1,C2-rules-001,2,16,19692
C2,1,C2-rules-001,2,17,19591
C2,1,C2-rules-001,2,18,19493
C2,1,C2-rules-001,2,19,19515
C2,1,C2-rules-001,2,20,19535
C2,1,C2-rules-001,2,21,20470
C2,1,C2-rules-001,2,22,19654
C2,1,C2-rules-001,2,23,19364
C2,1,C2-rules-001,2,24,19843
C2,1,C2-rules-001,2,25,19448
C2,1,C2-rules-001,2,26,19613
C2,1,C2-rules-001,2,27,19362
C2,1,C2-rules-001,2,28,19447
C2,1,C2-rules-001,2,29,19531
C2,1,C2-rules-001,2,30,19776
C2,1,C2-rules-001,2,31,19362
C2,1,C2-rules-001,2,32,19471
C2,1,C2-rules-001,2,33,19392
C2,1,C2-rules-001,2,34,19371
C2,1,C2-rules-001,2,35,19374
C2,1,C2-rules-001,2,36,19546
C2,1,C2-rules-001,2,37,19887
C2,1,C2-rules-001,2,38,19830
C2,1,C2-rules-001,2,39,19348
C2,1,C2-rules-001,2,40,19406
C2,1,C2-rules-001,2,41,19890
C2,1,C2-rules-001,2,42,19525
C2,1,C2-rules-001,2,43,19350
C2,1,C2-rules-001,2,44,19554
C2,1,C2-rules-001,2,45,19618
C2,1,C2-rules-001,2,46,19912
C2,1,C2-rules-001,2,47,19951
C2,1,C2-rules-001,2,48,20051
C2,1,C2-rules-001,2,49,20407
C2,1,C2-rules-001,2,50,20095
C2,1,C2-rules-001,2,51,20879
C2,1,C2-rules-001,2,52,19945
C2,1,C2-rules-001,2,53,20235
C2,1,C2-rules-001,2,54,20038
C2,1,C2-rules-001,2,55,19828
C2,1,C2-rules-001,2,56,19951
C2,1,C2-rules-001,2,57,19801
C2,1,C2-rules-001,2,58,19462
C2,1,C2-rules-001,2,59,19643
C2,1,C2-rules-001,2,60,19787
C2,1,C2-rules-001,2,61,19663
C2,1,C2-rules-001,2,62,19675
C2,1,C2-rules-001,2,63,19420
C2,1,C2-rules-001,2,64,19661
C2,1,C2-rules-001,2,65,19282
C2,1,C2-rules-001,2,66,19393
C2,1,C2-rules-001,2,67,20195
C2,1,C2-rules-001,2,68,19422
C2,1,C2-rules-001,2,69,19553
C2,1,C2-rules-001,2,70,19603
C2,1,C2-rules-001,2,71,19723
C2,1,C2-rules-001,2,72,19652
C2,1,C2-rules-001,2,73,19667
C2,1,C2-rules-001,2,74,19337
C2,1,C2-rules-001,2,75,19497
C2,1,C2-rules-001,2,76,19967
C2,1,C2-rules-001,2,77,19794
C2,1,C2-rules-001,2,78,19650
C2,1,C2-rules-001,2,79,19755
C2,1,C2-rules-001,2,80,19291
C2,1,C2-rules-001,2,81,19812
C2,1,C2-rules-001,2,82,20309
C2,1,C2-rules-001,2,83,19573
C2,1,C2-rules-001,2,84,19271
C2,1,C2-rules-001,2,85,19528
C2,1,C2-rules-001,2,86,19276
C2,1,C2-rules-001,2,87,19194
C2,1,C2-rules-001,2,88,19292
C2,1,C2-rules-001,2,89,19289
C2,1,C2-rules-001,2,90,19526
C2,1,C2-rules-001,2,91,19443
C2,1,C2-rules-001,2,92,19499
C2,1,C2-rules-001,2,93,19485
C2,1,C2-rules-001,2,94,19428
C2,1,C2-rules-001,2,95,19521
C2,1,C2-rules-001,2,96,19487
C2,1,C2-rules-001,2,97,19668
C2,1,C2-rules-001,2,98,20277
C2,1,C2-rules-001,2,99,19450
C2,1,C2-rules-001,2,100,19389
C2,1,C2-rules-001,3,1,25003
C2,1,C2-rules-001,3,2,20261
C2,1,C2-rules-001,3,3,19801
C2,1,C2-rules-001,3,4,20049
C2,1,C2-rules-001,3,5,19730
C2,1,C2-rules-001,3,6,20287
C2,1,C2-rules-001,3,7,19841
C2,1,C2-rules-001,3,8,19858
C2,1,C2-rules-001,3,9,19843
C2,1,C2-rules-001,3,10,20070
C2,1,C2-rules-001,3,11,19943
C2,1,C2-rules-001,3,12,19676
C2,1,C2-rules-001,3,13,19419
C2,1,C2-rules-001,3,14,22093
C2,1,C2-rules-001,3,15,20250
C2,1,C2-rules-001,3,16,19623
C2,1,C2-rules-001,3,17,19488
C2,1,C2-rules-001,3,18,20096
C2,1,C2-rules-001,3,19,19716
C2,1,C2-rules-001,3,20,19911
C2,1,C2-rules-001,3,21,19447
C2,1,C2-rules-001,3,22,19616
C2,1,C2-rules-001,3,23,30534
C2,1,C2-rules-001,3,24,19998
C2,1,C2-rules-001,3,25,20201
C2,1,C2-rules-001,3,26,20094
C2,1,C2-rules-001,3,27,19793
C2,1,C2-rules-001,3,28,19689
C2,1,C2-rules-001,3,29,19653
C2,1,C2-rules-001,3,30,20883
C2,1,C2-rules-001,3,31,19920
C2,1,C2-rules-001,3,32,19908
C2,1,C2-rules-001,3,33,19572
C2,1,C2-rules-001,3,34,19649
C2,1,C2-rules-001,3,35,19443
C2,1,C2-rules-001,3,36,19732
C2,1,C2-rules-001,3,37,19587
C2,1,C2-rules-001,3,38,20053
C2,1,C2-rules-001,3,39,20842
C2,1,C2-rules-001,3,40,19891
C2,1,C2-rules-001,3,41,19574
C2,1,C2-rules-001,3,42,19815
C2,1,C2-rules-001,3,43,19706
C2,1,C2-rules-001,3,44,19757
C2,1,C2-rules-001,3,45,19626
C2,1,C2-rules-001,3,46,19812
C2,1,C2-rules-001,3,47,19609
C2,1,C2-rules-001,3,48,19544
C2,1,C2-rules-001,3,49,19379
C2,1,C2-rules-001,3,50,19407
C2,1,C2-rules-001,3,51,19593
C2,1,C2-rules-001,3,52,19607
C2,1,C2-rules-001,3,53,19632
C2,1,C2-rules-001,3,54,19842
C2,1,C2-rules-001,3,55,20824
C2,1,C2-rules-001,3,56,19576
C2,1,C2-rules-001,3,57,19498
C2,1,C2-rules-001,3,58,19609
C2,1,C2-rules-001,3,59,19691
C2,1,C2-rules-001,3,60,19352
C2,1,C2-rules-001,3,61,19278
C2,1,C2-rules-001,3,62,19361
C2,1,C2-rules-001,3,63,23337
C2,1,C2-rules-001,3,64,19759
C2,1,C2-rules-001,3,65,19385
C2,1,C2-rules-001,3,66,19416
C2,1,C2-rules-001,3,67,19854
C2,1,C2-rules-001,3,68,19646
C2,1,C2-rules-001,3,69,19555
C2,1,C2-rules-001,3,70,19779
C2,1,C2-rules-001,3,71,19919
C2,1,C2-rules-001,3,72,19617
C2,1,C2-rules-001,3,73,19554
C2,1,C2-rules-001,3,74,19637
C2,1,C2-rules-001,3,75,19465
C2,1,C2-rules-001,3,76,19441
C2,1,C2-rules-001,3,77,19900
C2,1,C2-rules-001,3,78,20133
C2,1,C2-rules-001,3,79,21987
C2,1,C2-rules-001,3,80,20608
C2,1,C2-rules-001,3,81,20573
C2,1,C2-rules-001,3,82,21020
C2,1,C2-rules-001,3,83,19965
C2,1,C2-rules-001,3,84,20429
C2,1,C2-rules-001,3,85,20582
C2,1,C2-rules-001,3,86,19967
C2,1,C2-rules-001,3,87,19725
C2,1,C2-rules-001,3,88,19496
C2,1,C2-rules-001,3,89,19722
C2,1,C2-rules-001,3,90,19526
C2,1,C2-rules-001,3,91,19528
C2,1,C2-rules-001,3,92,19955
C2,1,C2-rules-001,3,93,19487
C2,1,C2-rules-001,3,94,19606
C2,1,C2-rules-001,3,95,20638
C2,1,C2-rules-001,3,96,19692
C2,1,C2-rules-001,3,97,19423
C2,1,C2-rules-001,3,98,19665
C2,1,C2-rules-001,3,99,19487
C2,1,C2-rules-001,3,100,19635
C2,1,C2-rules-001,4,1,22457
C2,1,C2-rules-001,4,2,20327
C2,1,C2-rules-001,4,3,20516
C2,1,C2-rules-001,4,4,20717
C2,1,C2-rules-001,4,5,19891
C2,1,C2-rules-001,4,6,20582
C2,1,C2-rules-001,4,7,19755
C2,1,C2-rules-001,4,8,19970
C2,1,C2-rules-001,4,9,19731
C2,1,C2-rules-001,4,10,19402
C2,1,C2-rules-001,4,11,20160
C2,1,C2-rules-001,4,12,19605
C2,1,C2-rules-001,4,13,19279
C2,1,C2-rules-001,4,14,19669
C2,1,C2-rules-001,4,15,19536
C2,1,C2-rules-001,4,16,19408
C2,1,C2-rules-001,4,17,19439
C2,1,C2-rules-001,4,18,20032
C2,1,C2-rules-001,4,19,19562
C2,1,C2-rules-001,4,20,20041
C2,1,C2-rules-001,4,21,19844
C2,1,C2-rules-001,4,22,19710
C2,1,C2-rules-001,4,23,22062
C2,1,C2-rules-001,4,24,19720
C2,1,C2-rules-001,4,25,19783
C2,1,C2-rules-001,4,26,19563
C2,1,C2-rules-001,4,27,19542
C2,1,C2-rules-001,4,28,19798
C2,1,C2-rules-001,4,29,19840
C2,1,C2-rules-001,4,30,19720
C2,1,C2-rules-001,4,31,19673
C2,1,C2-rules-001,4,32,19690
C2,1,C2-rules-001,4,33,19552
C2,1,C2-rules-001,4,34,19499
C2,1,C2-rules-001,4,35,19334
C2,1,C2-rules-001,4,36,19509
C2,1,C2-rules-001,4,37,19471
C2,1,C2-rules-001,4,38,19251
C2,1,C2-rules-001,4,39,20070
C2,1,C2-rules-001,4,40,19474
C2,1,C2-rules-001,4,41,19614
C2,1,C2-rules-001,4,42,19522
C2,1,C2-rules-001,4,43,19693
C2,1,C2-rules-001,4,44,19477
C2,1,C2-rules-001,4,45,19684
C2,1,C2-rules-001,4,46,19879
C2,1,C2-rules-001,4,47,19272
C2,1,C2-rules-001,4,48,19822
C2,1,C2-rules-001,4,49,19480
C2,1,C2-rules-001,4,50,19514
C2,1,C2-rules-001,4,51,19348
C2,1,C2-rules-001,4,52,19407
C2,1,C2-rules-001,4,53,19499
C2,1,C2-rules-001,4,54,21171
C2,1,C2-rules-001,4,55,19456
C2,1,C2-rules-001,4,56,19291
C2,1,C2-rules-001,4,57,19405
C2,1,C2-rules-001,4,58,20181
C2,1,C2-rules-001,4,59,19907
C2,1,C2-rules-001,4,60,19495
C2,1,C2-rules-001,4,61,19766
C2,1,C2-rules-001,4,62,19786
C2,1,C2-rules-001,4,63,19566
C2,1,C2-rules-001,4,64,19517
C2,1,C2-rules-001,4,65,19598
C2,1,C2-rules-001,4,66,19349
C2,1,C2-rules-001,4,67,19300
C2,1,C2-rules-001,4,68,19333
C2,1,C2-rules-001,4,69,19444
C2,1,C2-rules-001,4,70,20505
C2,1,C2-rules-001,4,71,19523
C2,1,C2-rules-001,4,72,19597
C2,1,C2-rules-001,4,73,19469
C2,1,C2-rules-001,4,74,19378
C2,1,C2-rules-001,4,75,19674
C2,1,C2-rules-001,4,76,19492
C2,1,C2-rules-001,4,77,19467
C2,1,C2-rules-001,4,78,19327
C2,1,C2-rules-001,4,79,19453
C2,1,C2-rules-001,4,80,19425
C2,1,C2-rules-001,4,81,19341
C2,1,C2-rules-001,4,82,19351
C2,1,C2-rules-001,4,83,19671
C2,1,C2-rules-001,4,84,21501
C2,1,C2-rules-001,4,85,19778
C2,1,C2-rules-001,4,86,19774
C2,1,C2-rules-001,4,87,19284
C2,1,C2-rules-001,4,88,19483
C2,1,C2-rules-001,4,89,19324
C2,1,C2-rules-001,4,90,19660
C2,1,C2-rules-001,4,91,19360
C2,1,C2-rules-001,4,92,19391
C2,1,C2-rules-001,4,93,19350
C2,1,C2-rules-001,4,94,117022
C2,1,C2-rules-001,4,95,27178
C2,1,C2-rules-001,4,96,20380
C2,1,C2-rules-001,4,97,19795
C2,1,C2-rules-001,4,98,19538
C2,1,C2-rules-001,4,99,20014
C2,1,C2-rules-001,4,100,19948
C2,1,C2-rules-001,5,1,22581
C2,1,C2-rules-001,5,2,19531
C2,1,C2-rules-001,5,3,19575
C2,1,C2-rules-001,5,4,19778
C2,1,C2-rules-001,5,5,19474
C2,1,C2-rules-001,5,6,19502
C2,1,C2-rules-001,5,7,19622
C2,1,C2-rules-001,5,8,20112
C2,1,C2-rules-001,5,9,19944
C2,1,C2-rules-001,5,10,19927
C2,1,C2-rules-001,5,11,19532
C2,1,C2-rules-001,5,12,20059
C2,1,C2-rules-001,5,13,21892
C2,1,C2-rules-001,5,14,19898
C2,1,C2-rules-001,5,15,19551
C2,1,C2-rules-001,5,16,19833
C2,1,C2-rules-001,5,17,19587
C2,1,C2-rules-001,5,18,20160
C2,1,C2-rules-001,5,19,20076
C2,1,C2-rules-001,5,20,20300
C2,1,C2-rules-001,5,21,19700
C2,1,C2-rules-001,5,22,20591
C2,1,C2-rules-001,5,23,20067
C2,1,C2-rules-001,5,24,19883
C2,1,C2-rules-001,5,25,19957
C2,1,C2-rules-001,5,26,20157
C2,1,C2-rules-001,5,27,20516
C2,1,C2-rules-001,5,28,20487
C2,1,C2-rules-001,5,29,21033
C2,1,C2-rules-001,5,30,20376
C2,1,C2-rules-001,5,31,19831
C2,1,C2-rules-001,5,32,19688
C2,1,C2-rules-001,5,33,19623
C2,1,C2-rules-001,5,34,20049
C2,1,C2-rules-001,5,35,20688
C2,1,C2-rules-001,5,36,20108
C2,1,C2-rules-001,5,37,20574
C2,1,C2-rules-001,5,38,20286
C2,1,C2-rules-001,5,39,20218
C2,1,C2-rules-001,5,40,20130
C2,1,C2-rules-001,5,41,20276
C2,1,C2-rules-001,5,42,19505
C2,1,C2-rules-001,5,43,19346
C2,1,C2-rules-001,5,44,19493
C2,1,C2-rules-001,5,45,19390
C2,1,C2-rules-001,5,46,19724
C2,1,C2-rules-001,5,47,19369
C2,1,C2-rules-001,5,48,20014
C2,1,C2-rules-001,5,49,19898
C2,1,C2-rules-001,5,50,19609
C2,1,C2-rules-001,5,51,19553
C2,1,C2-rules-001,5,52,19598
C2,1,C2-rules-001,5,53,19915
C2,1,C2-rules-001,5,54,19842
C2,1,C2-rules-001,5,55,19644
C2,1,C2-rules-001,5,56,19919
C2,1,C2-rules-001,5,57,20208
C2,1,C2-rules-001,5,58,20124
C2,1,C2-rules-001,5,59,19852
C2,1,C2-rules-001,5,60,19372
C2,1,C2-rules-001,5,61,19480
C2,1,C2-rules-001,5,62,19620
C2,1,C2-rules-001,5,63,19825
C2,1,C2-rules-001,5,64,19527
C2,1,C2-rules-001,5,65,19407
C2,1,C2-rules-001,5,66,19405
C2,1,C2-rules-001,5,67,19391
C2,1,C2-rules-001,5,68,19216
C2,1,C2-rules-001,5,69,21156
C2,1,C2-rules-001,5,70,19502
C2,1,C2-rules-001,5,71,19612
C2,1,C2-rules-001,5,72,19402
C2,1,C2-rules-001,5,73,19547
C2,1,C2-rules-001,5,74,19396
C2,1,C2-rules-001,5,75,19439
C2,1,C2-rules-001,5,76,19641
C2,1,C2-rules-001,5,77,19323
C2,1,C2-rules-001,5,78,19292
C2,1,C2-rules-001,5,79,19313
C2,1,C2-rules-001,5,80,19409
C2,1,C2-rules-001,5,81,19284
C2,1,C2-rules-001,5,82,19514
C2,1,C2-rules-001,5,83,19327
C2,1,C2-rules-001,5,84,19745
C2,1,C2-rules-001,5,85,20426
C2,1,C2-rules-001,5,86,19379
C2,1,C2-rules-001,5,87,19565
C2,1,C2-rules-001,5,88,19464
C2,1,C2-rules-001,5,89,19185
C2,1,C2-rules-001,5,90,19264
C2,1,C2-rules-001,5,91,19452
C2,1,C2-rules-001,5,92,19287
C2,1,C2-rules-001,5,93,19548
C2,1,C2-rules-001,5,94,19666
C2,1,C2-rules-001,5,95,19291
C2,1,C2-rules-001,5,96,19516
C2,1,C2-rules-001,5,97,21913
C2,1,C2-rules-001,5,98,19413
C2,1,C2-rules-001,5,99,19401
C2,1,C2-rules-001,5,100,19772
C2,1,C2-rules-001,6,1,22549
C2,1,C2-rules-001,6,2,19463
C2,1,C2-rules-001,6,3,19985
C2,1,C2-rules-001,6,4,19417
C2,1,C2-rules-001,6,5,19524
C2,1,C2-rules-001,6,6,19659
C2,1,C2-rules-001,6,7,19341
C2,1,C2-rules-001,6,8,19409
C2,1,C2-rules-001,6,9,19312
C2,1,C2-rules-001,6,10,19484
C2,1,C2-rules-001,6,11,19505
C2,1,C2-rules-001,6,12,19386
C2,1,C2-rules-001,6,13,20872
C2,1,C2-rules-001,6,14,20349
C2,1,C2-rules-001,6,15,19956
C2,1,C2-rules-001,6,16,19706
C2,1,C2-rules-001,6,17,19083
C2,1,C2-rules-001,6,18,19994
C2,1,C2-rules-001,6,19,19278
C2,1,C2-rules-001,6,20,19750
C2,1,C2-rules-001,6,21,19500
C2,1,C2-rules-001,6,22,19400
C2,1,C2-rules-001,6,23,19150
C2,1,C2-rules-001,6,24,19657
C2,1,C2-rules-001,6,25,19515
C2,1,C2-rules-001,6,26,19600
C2,1,C2-rules-001,6,27,19484
C2,1,C2-rules-001,6,28,19499
C2,1,C2-rules-001,6,29,20780
C2,1,C2-rules-001,6,30,19432
C2,1,C2-rules-001,6,31,19506
C2,1,C2-rules-001,6,32,19600
C2,1,C2-rules-001,6,33,19419
C2,1,C2-rules-001,6,34,19566
C2,1,C2-rules-001,6,35,19565
C2,1,C2-rules-001,6,36,19684
C2,1,C2-rules-001,6,37,19652
C2,1,C2-rules-001,6,38,19386
C2,1,C2-rules-001,6,39,19384
C2,1,C2-rules-001,6,40,19374
C2,1,C2-rules-001,6,41,19357
C2,1,C2-rules-001,6,42,20078
C2,1,C2-rules-001,6,43,19384
C2,1,C2-rules-001,6,44,19423
C2,1,C2-rules-001,6,45,20070
C2,1,C2-rules-001,6,46,19384
C2,1,C2-rules-001,6,47,19391
C2,1,C2-rules-001,6,48,19632
C2,1,C2-rules-001,6,49,19386
C2,1,C2-rules-001,6,50,19366
C2,1,C2-rules-001,6,51,19914
C2,1,C2-rules-001,6,52,19499
C2,1,C2-rules-001,6,53,19338
C2,1,C2-rules-001,6,54,19413
C2,1,C2-rules-001,6,55,19475
C2,1,C2-rules-001,6,56,19355
C2,1,C2-rules-001,6,57,19400
C2,1,C2-rules-001,6,58,19916
C2,1,C2-rules-001,6,59,19443
C2,1,C2-rules-001,6,60,19401
C2,1,C2-rules-001,6,61,22790
C2,1,C2-rules-001,6,62,19340
C2,1,C2-rules-001,6,63,19600
C2,1,C2-rules-001,6,64,19367
C2,1,C2-rules-001,6,65,19676
C2,1,C2-rules-001,6,66,19209
C2,1,C2-rules-001,6,67,19388
C2,1,C2-rules-001,6,68,23049
C2,1,C2-rules-001,6,69,19617
C2,1,C2-rules-001,6,70,19708
C2,1,C2-rules-001,6,71,19431
C2,1,C2-rules-001,6,72,19496
C2,1,C2-rules-001,6,73,19459
C2,1,C2-rules-001,6,74,19441
C2,1,C2-rules-001,6,75,19466
C2,1,C2-rules-001,6,76,19411
C2,1,C2-rules-001,6,77,20001
C2,1,C2-rules-001,6,78,19256
C2,1,C2-rules-001,6,79,19306
C2,1,C2-rules-001,6,80,19305
C2,1,C2-rules-001,6,81,19491
C2,1,C2-rules-001,6,82,19366
C2,1,C2-rules-001,6,83,25235
C2,1,C2-rules-001,6,84,20074
C2,1,C2-rules-001,6,85,19638
C2,1,C2-rules-001,6,86,19446
C2,1,C2-rules-001,6,87,19756
C2,1,C2-rules-001,6,88,19256
C2,1,C2-rules-001,6,89,19596
C2,1,C2-rules-001,6,90,19512
C2,1,C2-rules-001,6,91,19721
C2,1,C2-rules-001,6,92,21532
C2,1,C2-rules-001,6,93,19725
C2,1,C2-rules-001,6,94,19321
C2,1,C2-rules-001,6,95,19560
C2,1,C2-rules-001,6,96,19282
C2,1,C2-rules-001,6,97,19696
C2,1,C2-rules-001,6,98,19353
C2,1,C2-rules-001,6,99,19546
C2,1,C2-rules-001,6,100,19459
C2,1,C2-rules-001,7,1,22676
C2,1,C2-rules-001,7,2,20041
C2,1,C2-rules-001,7,3,19331
C2,1,C2-rules-001,7,4,19579
C2,1,C2-rules-001,7,5,19492
C2,1,C2-rules-001,7,6,19886
C2,1,C2-rules-001,7,7,19359
C2,1,C2-rules-001,7,8,20508
C2,1,C2-rules-001,7,9,19611
C2,1,C2-rules-001,7,10,19453
C2,1,C2-rules-001,7,11,19599
C2,1,C2-rules-001,7,12,19606
C2,1,C2-rules-001,7,13,19814
C2,1,C2-rules-001,7,14,19385
C2,1,C2-rules-001,7,15,19687
C2,1,C2-rules-001,7,16,19334
C2,1,C2-rules-001,7,17,20015
C2,1,C2-rules-001,7,18,19500
C2,1,C2-rules-001,7,19,19473
C2,1,C2-rules-001,7,20,19402
C2,1,C2-rules-001,7,21,19709
C2,1,C2-rules-001,7,22,19422
C2,1,C2-rules-001,7,23,19435
C2,1,C2-rules-001,7,24,23326
C2,1,C2-rules-001,7,25,19571
C2,1,C2-rules-001,7,26,19595
C2,1,C2-rules-001,7,27,19480
C2,1,C2-rules-001,7,28,19724
C2,1,C2-rules-001,7,29,19716
C2,1,C2-rules-001,7,30,19707
C2,1,C2-rules-001,7,31,19750
C2,1,C2-rules-001,7,32,19655
C2,1,C2-rules-001,7,33,19498
C2,1,C2-rules-001,7,34,19476
C2,1,C2-rules-001,7,35,19410
C2,1,C2-rules-001,7,36,19391
C2,1,C2-rules-001,7,37,19686
C2,1,C2-rules-001,7,38,19634
C2,1,C2-rules-001,7,39,19365
C2,1,C2-rules-001,7,40,20606
C2,1,C2-rules-001,7,41,19569
C2,1,C2-rules-001,7,42,19607
C2,1,C2-rules-001,7,43,19383
C2,1,C2-rules-001,7,44,19529
C2,1,C2-rules-001,7,45,19576
C2,1,C2-rules-001,7,46,19578
C2,1,C2-rules-001,7,47,19629
C2,1,C2-rules-001,7,48,19796
C2,1,C2-rules-001,7,49,19556
C2,1,C2-rules-001,7,50,19344
C2,1,C2-rules-001,7,51,19865
C2,1,C2-rules-001,7,52,19578
C2,1,C2-rules-001,7,53,19493
C2,1,C2-rules-001,7,54,19753
C2,1,C2-rules-001,7,55,19408
C2,1,C2-rules-001,7,56,22105
C2,1,C2-rules-001,7,57,19689
C2,1,C2-rules-001,7,58,19328
C2,1,C2-rules-001,7,59,19454
C2,1,C2-rules-001,7,60,19540
C2,1,C2-rules-001,7,61,19523
C2,1,C2-rules-001,7,62,19478
C2,1,C2-rules-001,7,63,19543
C2,1,C2-rules-001,7,64,19356
C2,1,C2-rules-001,7,65,19762
C2,1,C2-rules-001,7,66,19398
C2,1,C2-rules-001,7,67,19545
C2,1,C2-rules-001,7,68,19456
C2,1,C2-rules-001,7,69,19387
C2,1,C2-rules-001,7,70,19439
C2,1,C2-rules-001,7,71,19632
C2,1,C2-rules-001,7,72,20771
C2,1,C2-rules-001,7,73,19463
C2,1,C2-rules-001,7,74,19596
C2,1,C2-rules-001,7,75,19680
C2,1,C2-rules-001,7,76,19269
C2,1,C2-rules-001,7,77,19361
C2,1,C2-rules-001,7,78,19713
C2,1,C2-rules-001,7,79,19743
C2,1,C2-rules-001,7,80,19575
C2,1,C2-rules-001,7,81,19659
C2,1,C2-rules-001,7,82,19555
C2,1,C2-rules-001,7,83,19488
C2,1,C2-rules-001,7,84,19921
C2,1,C2-rules-001,7,85,19379
C2,1,C2-rules-001,7,86,19393
C2,1,C2-rules-001,7,87,19737
C2,1,C2-rules-001,7,88,21635
C2,1,C2-rules-001,7,89,19749
C2,1,C2-rules-001,7,90,19668
C2,1,C2-rules-001,7,91,19558
C2,1,C2-rules-001,7,92,19615
C2,1,C2-rules-001,7,93,19467
C2,1,C2-rules-001,7,94,19468
C2,1,C2-rules-001,7,95,19638
C2,1,C2-rules-001,7,96,19522
C2,1,C2-rules-001,7,97,19606
C2,1,C2-rules-001,7,98,19300
C2,1,C2-rules-001,7,99,19602
C2,1,C2-rules-001,7,100,19698
C2,1,C2-rules-001,8,1,21643
C2,1,C2-rules-001,8,2,19679
C2,1,C2-rules-001,8,3,19307
C2,1,C2-rules-001,8,4,19842
C2,1,C2-rules-001,8,5,19396
C2,1,C2-rules-001,8,6,19301
C2,1,C2-rules-001,8,7,19478
C2,1,C2-rules-001,8,8,19439
C2,1,C2-rules-001,8,9,19351
C2,1,C2-rules-001,8,10,19532
C2,1,C2-rules-001,8,11,19435
C2,1,C2-rules-001,8,12,19336
C2,1,C2-rules-001,8,13,19438
C2,1,C2-rules-001,8,14,19491
C2,1,C2-rules-001,8,15,19405
C2,1,C2-rules-001,8,16,19568
C2,1,C2-rules-001,8,17,19301
C2,1,C2-rules-001,8,18,19691
C2,1,C2-rules-001,8,19,19344
C2,1,C2-rules-001,8,20,21430
C2,1,C2-rules-001,8,21,19537
C2,1,C2-rules-001,8,22,19487
C2,1,C2-rules-001,8,23,19297
C2,1,C2-rules-001,8,24,19397
C2,1,C2-rules-001,8,25,19525
C2,1,C2-rules-001,8,26,19480
C2,1,C2-rules-001,8,27,19310
C2,1,C2-rules-001,8,28,19338
C2,1,C2-rules-001,8,29,19345
C2,1,C2-rules-001,8,30,19193
C2,1,C2-rules-001,8,31,19261
C2,1,C2-rules-001,8,32,19447
C2,1,C2-rules-001,8,33,19492
C2,1,C2-rules-001,8,34,19519
C2,1,C2-rules-001,8,35,19453
C2,1,C2-rules-001,8,36,20190
C2,1,C2-rules-001,8,37,19589
C2,1,C2-rules-001,8,38,19631
C2,1,C2-rules-001,8,39,19572
C2,1,C2-rules-001,8,40,19355
C2,1,C2-rules-001,8,41,19576
C2,1,C2-rules-001,8,42,19287
C2,1,C2-rules-001,8,43,19507
C2,1,C2-rules-001,8,44,19476
C2,1,C2-rules-001,8,45,19351
C2,1,C2-rules-001,8,46,19342
C2,1,C2-rules-001,8,47,19631
C2,1,C2-rules-001,8,48,19206
C2,1,C2-rules-001,8,49,19347
C2,1,C2-rules-001,8,50,19404
C2,1,C2-rules-001,8,51,19342
C2,1,C2-rules-001,8,52,21255
C2,1,C2-rules-001,8,53,19708
C2,1,C2-rules-001,8,54,19454
C2,1,C2-rules-001,8,55,19288
C2,1,C2-rules-001,8,56,19364
C2,1,C2-rules-001,8,57,19281
C2,1,C2-rules-001,8,58,19353
C2,1,C2-rules-001,8,59,19377
C2,1,C2-rules-001,8,60,19388
C2,1,C2-rules-001,8,61,19422
C2,1,C2-rules-001,8,62,19302
C2,1,C2-rules-001,8,63,19561
C2,1,C2-rules-001,8,64,19515
C2,1,C2-rules-001,8,65,19490
C2,1,C2-rules-001,8,66,19464
C2,1,C2-rules-001,8,67,19382
C2,1,C2-rules-001,8,68,25106
C2,1,C2-rules-001,8,69,19716
C2,1,C2-rules-001,8,70,19548
C2,1,C2-rules-001,8,71,19628
C2,1,C2-rules-001,8,72,19599
C2,1,C2-rules-001,8,73,19500
C2,1,C2-rules-001,8,74,19346
C2,1,C2-rules-001,8,75,19573
C2,1,C2-rules-001,8,76,19361
C2,1,C2-rules-001,8,77,19289
C2,1,C2-rules-001,8,78,19406
C2,1,C2-rules-001,8,79,19291
C2,1,C2-rules-001,8,80,19466
C2,1,C2-rules-001,8,81,19525
C2,1,C2-rules-001,8,82,19363
C2,1,C2-rules-001,8,83,19498
C2,1,C2-rules-001,8,84,22063
C2,1,C2-rules-001,8,85,19489
C2,1,C2-rules-001,8,86,19296
C2,1,C2-rules-001,8,87,19360
C2,1,C2-rules-001,8,88,19288
C2,1,C2-rules-001,8,89,19589
C2,1,C2-rules-001,8,90,19310
C2,1,C2-rules-001,8,91,19831
C2,1,C2-rules-001,8,92,19373
C2,1,C2-rules-001,8,93,19294
C2,1,C2-rules-001,8,94,19364
C2,1,C2-rules-001,8,95,19296
C2,1,C2-rules-001,8,96,19524
C2,1,C2-rules-001,8,97,19427
C2,1,C2-rules-001,8,98,19321
C2,1,C2-rules-001,8,99,19739
C2,1,C2-rules-001,8,100,20156
C4,100,C4-rules-100,1,1,430146
C4,100,C4-rules-100,1,2,418481
C4,100,C4-rules-100,1,3,413743
C4,100,C4-rules-100,1,4,414440
C4,100,C4-rules-100,1,5,419438
C4,100,C4-rules-100,1,6,417572
C4,100,C4-rules-100,1,7,418709
C4,100,C4-rules-100,1,8,416106
C4,100,C4-rules-100,1,9,411730
C4,100,C4-rules-100,1,10,415698
C4,100,C4-rules-100,1,11,429967
C4,100,C4-rules-100,1,12,418391
C4,100,C4-rules-100,1,13,417062
C4,100,C4-rules-100,1,14,416102
C4,100,C4-rules-100,1,15,413367
C4,100,C4-rules-100,1,16,417591
C4,100,C4-rules-100,1,17,416623
C4,100,C4-rules-100,1,18,416972
C4,100,C4-rules-100,1,19,412983
C4,100,C4-rules-100,1,20,419936
C4,100,C4-rules-100,1,21,415315
C4,100,C4-rules-100,1,22,414955
C4,100,C4-rules-100,1,23,420643
C4,100,C4-rules-100,1,24,436133
C4,100,C4-rules-100,1,25,448348
C4,100,C4-rules-100,1,26,446651
C4,100,C4-rules-100,1,27,422157
C4,100,C4-rules-100,1,28,415648
C4,100,C4-rules-100,1,29,429114
C4,100,C4-rules-100,1,30,430577
C4,100,C4-rules-100,1,31,414079
C4,100,C4-rules-100,1,32,416406
C4,100,C4-rules-100,1,33,414251
C4,100,C4-rules-100,1,34,415675
C4,100,C4-rules-100,1,35,432862
C4,100,C4-rules-100,1,36,415947
C4,100,C4-rules-100,1,37,414658
C4,100,C4-rules-100,1,38,437235
C4,100,C4-rules-100,1,39,434703
C4,100,C4-rules-100,1,40,430213
C4,100,C4-rules-100,1,41,419789
C4,100,C4-rules-100,1,42,414646
C4,100,C4-rules-100,1,43,416973
C4,100,C4-rules-100,1,44,416194
C4,100,C4-rules-100,1,45,415449
C4,100,C4-rules-100,1,46,414513
C4,100,C4-rules-100,1,47,417407
C4,100,C4-rules-100,1,48,421247
C4,100,C4-rules-100,1,49,416647
C4,100,C4-rules-100,1,50,418428
C4,100,C4-rules-100,1,51,414001
C4,100,C4-rules-100,1,52,420873
C4,100,C4-rules-100,1,53,422591
C4,100,C4-rules-100,1,54,419246
C4,100,C4-rules-100,1,55,418759
C4,100,C4-rules-100,1,56,419685
C4,100,C4-rules-100,1,57,416552
C4,100,C4-rules-100,1,58,429924
C4,100,C4-rules-100,1,59,433180
C4,100,C4-rules-100,1,60,418659
C4,100,C4-rules-100,1,61,425215
C4,100,C4-rules-100,1,62,423909
C4,100,C4-rules-100,1,63,417902
C4,100,C4-rules-100,1,64,419563
C4,100,C4-rules-100,1,65,429909
C4,100,C4-rules-100,1,66,426041
C4,100,C4-rules-100,1,67,436585
C4,100,C4-rules-100,1,68,420687
C4,100,C4-rules-100,1,69,414379
C4,100,C4-rules-100,1,70,421197
C4,100,C4-rules-100,1,71,418777
C4,100,C4-rules-100,1,72,416612
C4,100,C4-rules-100,1,73,415938
C4,100,C4-rules-100,1,74,420798
C4,100,C4-rules-100,1,75,415782
C4,100,C4-rules-100,1,76,416979
C4,100,C4-rules-100,1,77,434989
C4,100,C4-rules-100,1,78,434494
C4,100,C4-rules-100,1,79,431523
C4,100,C4-rules-100,1,80,444961
C4,100,C4-rules-100,1,81,414862
C4,100,C4-rules-100,1,82,418145
C4,100,C4-rules-100,1,83,417586
C4,100,C4-rules-100,1,84,414630
C4,100,C4-rules-100,1,85,425161
C4,100,C4-rules-100,1,86,443675
C4,100,C4-rules-100,1,87,414141
C4,100,C4-rules-100,1,88,414707
C4,100,C4-rules-100,1,89,417423
C4,100,C4-rules-100,1,90,415992
C4,100,C4-rules-100,1,91,417727
C4,100,C4-rules-100,1,92,420783
C4,100,C4-rules-100,1,93,414492
C4,100,C4-rules-100,1,94,416886
C4,100,C4-rules-100,1,95,443353
C4,100,C4-rules-100,1,96,422196
C4,100,C4-rules-100,1,97,417111
C4,100,C4-rules-100,1,98,430407
C4,100,C4-rules-100,1,99,415306
C4,100,C4-rules-100,1,100,413883
C4,100,C4-rules-100,2,1,420477
C4,100,C4-rules-100,2,2,416306
C4,100,C4-rules-100,2,3,426669
C4,100,C4-rules-100,2,4,419352
C4,100,C4-rules-100,2,5,439023
C4,100,C4-rules-100,2,6,3031816
C4,100,C4-rules-100,2,7,546499
C4,100,C4-rules-100,2,8,481316
C4,100,C4-rules-100,2,9,439431
C4,100,C4-rules-100,2,10,420279
C4,100,C4-rules-100,2,11,441245
C4,100,C4-rules-100,2,12,419481
C4,100,C4-rules-100,2,13,416001
C4,100,C4-rules-100,2,14,422548
C4,100,C4-rules-100,2,15,421910
C4,100,C4-rules-100,2,16,418330
C4,100,C4-rules-100,2,17,428927
C4,100,C4-rules-100,2,18,419602
C4,100,C4-rules-100,2,19,422563
C4,100,C4-rules-100,2,20,425049
C4,100,C4-rules-100,2,21,419534
C4,100,C4-rules-100,2,22,422407
C4,100,C4-rules-100,2,23,420213
C4,100,C4-rules-100,2,24,418083
C4,100,C4-rules-100,2,25,417567
C4,100,C4-rules-100,2,26,429652
C4,100,C4-rules-100,2,27,418221
C4,100,C4-rules-100,2,28,431390
C4,100,C4-rules-100,2,29,417578
C4,100,C4-rules-100,2,30,415636
C4,100,C4-rules-100,2,31,428798
C4,100,C4-rules-100,2,32,421509
C4,100,C4-rules-100,2,33,418882
C4,100,C4-rules-100,2,34,418575
C4,100,C4-rules-100,2,35,421104
C4,100,C4-rules-100,2,36,417625
C4,100,C4-rules-100,2,37,416425
C4,100,C4-rules-100,2,38,414744
C4,100,C4-rules-100,2,39,413567
C4,100,C4-rules-100,2,40,417005
C4,100,C4-rules-100,2,41,425986
C4,100,C4-rules-100,2,42,416528
C4,100,C4-rules-100,2,43,417579
C4,100,C4-rules-100,2,44,420496
C4,100,C4-rules-100,2,45,434187
C4,100,C4-rules-100,2,46,412428
C4,100,C4-rules-100,2,47,415494
C4,100,C4-rules-100,2,48,423609
C4,100,C4-rules-100,2,49,3414146
C4,100,C4-rules-100,2,50,537880
C4,100,C4-rules-100,2,51,461025
C4,100,C4-rules-100,2,52,424243
C4,100,C4-rules-100,2,53,420453
C4,100,C4-rules-100,2,54,417530
C4,100,C4-rules-100,2,55,415911
C4,100,C4-rules-100,2,56,414998
C4,100,C4-rules-100,2,57,430873
C4,100,C4-rules-100,2,58,411232
C4,100,C4-rules-100,2,59,425645
C4,100,C4-rules-100,2,60,412744
C4,100,C4-rules-100,2,61,414158
C4,100,C4-rules-100,2,62,418189
C4,100,C4-rules-100,2,63,416509
C4,100,C4-rules-100,2,64,417788
C4,100,C4-rules-100,2,65,424573
C4,100,C4-rules-100,2,66,422025
C4,100,C4-rules-100,2,67,417622
C4,100,C4-rules-100,2,68,419521
C4,100,C4-rules-100,2,69,412660
C4,100,C4-rules-100,2,70,417112
C4,100,C4-rules-100,2,71,418858
C4,100,C4-rules-100,2,72,414498
C4,100,C4-rules-100,2,73,420699
C4,100,C4-rules-100,2,74,415649
C4,100,C4-rules-100,2,75,416205
C4,100,C4-rules-100,2,76,427365
C4,100,C4-rules-100,2,77,416475
C4,100,C4-rules-100,2,78,414650
C4,100,C4-rules-100,2,79,411642
C4,100,C4-rules-100,2,80,415498
C4,100,C4-rules-100,2,81,412294
C4,100,C4-rules-100,2,82,419369
C4,100,C4-rules-100,2,83,419970
C4,100,C4-rules-100,2,84,411385
C4,100,C4-rules-100,2,85,415855
C4,100,C4-rules-100,2,86,417168
C4,100,C4-rules-100,2,87,408284
C4,100,C4-rules-100,2,88,413357
C4,100,C4-rules-100,2,89,415424
C4,100,C4-rules-100,2,90,409348
C4,100,C4-rules-100,2,91,410599
C4,100,C4-rules-100,2,92,420649
C4,100,C4-rules-100,2,93,414535
C4,100,C4-rules-100,2,94,414067
C4,100,C4-rules-100,2,95,419389
C4,100,C4-rules-100,2,96,411634
C4,100,C4-rules-100,2,97,412536
C4,100,C4-rules-100,2,98,413224
C4,100,C4-rules-100,2,99,408510
C4,100,C4-rules-100,2,100,409668
C4,100,C4-rules-100,3,1,416510
C4,100,C4-rules-100,3,2,409533
C4,100,C4-rules-100,3,3,414648
C4,100,C4-rules-100,3,4,422391
C4,100,C4-rules-100,3,5,417887
C4,100,C4-rules-100,3,6,414460
C4,100,C4-rules-100,3,7,424078
C4,100,C4-rules-100,3,8,414947
C4,100,C4-rules-100,3,9,413234
C4,100,C4-rules-100,3,10,419669
C4,100,C4-rules-100,3,11,423621
C4,100,C4-rules-100,3,12,413644
C4,100,C4-rules-100,3,13,428510
C4,100,C4-rules-100,3,14,414954
C4,100,C4-rules-100,3,15,413561
C4,100,C4-rules-100,3,16,414837
C4,100,C4-rules-100,3,17,412909
C4,100,C4-rules-100,3,18,420099
C4,100,C4-rules-100,3,19,415315
C4,100,C4-rules-100,3,20,411838
C4,100,C4-rules-100,3,21,414041
C4,100,C4-rules-100,3,22,416034
C4,100,C4-rules-100,3,23,413369
C4,100,C4-rules-100,3,24,420419
C4,100,C4-rules-100,3,25,416139
C4,100,C4-rules-100,3,26,420505
C4,100,C4-rules-100,3,27,421371
C4,100,C4-rules-100,3,28,421225
C4,100,C4-rules-100,3,29,412453
C4,100,C4-rules-100,3,30,411188
C4,100,C4-rules-100,3,31,414156
C4,100,C4-rules-100,3,32,410464
C4,100,C4-rules-100,3,33,433222
C4,100,C4-rules-100,3,34,415297
C4,100,C4-rules-100,3,35,412221
C4,100,C4-rules-100,3,36,420413
C4,100,C4-rules-100,3,37,416505
C4,100,C4-rules-100,3,38,422397
C4,100,C4-rules-100,3,39,423753
C4,100,C4-rules-100,3,40,415576
C4,100,C4-rules-100,3,41,426218
C4,100,C4-rules-100,3,42,427721
C4,100,C4-rules-100,3,43,419517
C4,100,C4-rules-100,3,44,421214
C4,100,C4-rules-100,3,45,414575
C4,100,C4-rules-100,3,46,416229
C4,100,C4-rules-100,3,47,412962
C4,100,C4-rules-100,3,48,415127
C4,100,C4-rules-100,3,49,412234
C4,100,C4-rules-100,3,50,414968
C4,100,C4-rules-100,3,51,474091
C4,100,C4-rules-100,3,52,466281
C4,100,C4-rules-100,3,53,430688
C4,100,C4-rules-100,3,54,411607
C4,100,C4-rules-100,3,55,415831
C4,100,C4-rules-100,3,56,413385
C4,100,C4-rules-100,3,57,427826
C4,100,C4-rules-100,3,58,414976
C4,100,C4-rules-100,3,59,415555
C4,100,C4-rules-100,3,60,419918
C4,100,C4-rules-100,3,61,420456
C4,100,C4-rules-100,3,62,416228
C4,100,C4-rules-100,3,63,434077
C4,100,C4-rules-100,3,64,423837
C4,100,C4-rules-100,3,65,423706
C4,100,C4-rules-100,3,66,412492
C4,100,C4-rules-100,3,67,415482
C4,100,C4-rules-100,3,68,416031
C4,100,C4-rules-100,3,69,413901
C4,100,C4-rules-100,3,70,415444
C4,100,C4-rules-100,3,71,430066
C4,100,C4-rules-100,3,72,411541
C4,100,C4-rules-100,3,73,418924
C4,100,C4-rules-100,3,74,431299
C4,100,C4-rules-100,3,75,412129
C4,100,C4-rules-100,3,76,421891
C4,100,C4-rules-100,3,77,419775
C4,100,C4-rules-100,3,78,411936
C4,100,C4-rules-100,3,79,415619
C4,100,C4-rules-100,3,80,417837
C4,100,C4-rules-100,3,81,413598
C4,100,C4-rules-100,3,82,413296
C4,100,C4-rules-100,3,83,425265
C4,100,C4-rules-100,3,84,416248
C4,100,C4-rules-100,3,85,414458
C4,100,C4-rules-100,3,86,412545
C4,100,C4-rules-100,3,87,416636
C4,100,C4-rules-100,3,88,411649
C4,100,C4-rules-100,3,89,416052
C4,100,C4-rules-100,3,90,422531
C4,100,C4-rules-100,3,91,414371
C4,100,C4-rules-100,3,92,419369
C4,100,C4-rules-100,3,93,414495
C4,100,C4-rules-100,3,94,414797
C4,100,C4-rules-100,3,95,415344
C4,100,C4-rules-100,3,96,411450
C4,100,C4-rules-100,3,97,413681
C4,100,C4-rules-100,3,98,419524
C4,100,C4-rules-100,3,99,420340
C4,100,C4-rules-100,3,100,419590
C4,100,C4-rules-100,4,1,417749
C4,100,C4-rules-100,4,2,415299
C4,100,C4-rules-100,4,3,415422
C4,100,C4-rules-100,4,4,417356
C4,100,C4-rules-100,4,5,416412
C4,100,C4-rules-100,4,6,415313
C4,100,C4-rules-100,4,7,438655
C4,100,C4-rules-100,4,8,428712
C4,100,C4-rules-100,4,9,427782
C4,100,C4-rules-100,4,10,420109
C4,100,C4-rules-100,4,11,417054
C4,100,C4-rules-100,4,12,416923
C4,100,C4-rules-100,4,13,425497
C4,100,C4-rules-100,4,14,430100
C4,100,C4-rules-100,4,15,420871
C4,100,C4-rules-100,4,16,423494
C4,100,C4-rules-100,4,17,417126
C4,100,C4-rules-100,4,18,417716
C4,100,C4-rules-100,4,19,414454
C4,100,C4-rules-100,4,20,410626
C4,100,C4-rules-100,4,21,412189
C4,100,C4-rules-100,4,22,420516
C4,100,C4-rules-100,4,23,416896
C4,100,C4-rules-100,4,24,412545
C4,100,C4-rules-100,4,25,416457
C4,100,C4-rules-100,4,26,409694
C4,100,C4-rules-100,4,27,413157
C4,100,C4-rules-100,4,28,424169
C4,100,C4-rules-100,4,29,426381
C4,100,C4-rules-100,4,30,413122
C4,100,C4-rules-100,4,31,429036
C4,100,C4-rules-100,4,32,426256
C4,100,C4-rules-100,4,33,421103
C4,100,C4-rules-100,4,34,420168
C4,100,C4-rules-100,4,35,413636
C4,100,C4-rules-100,4,36,415388
C4,100,C4-rules-100,4,37,420239
C4,100,C4-rules-100,4,38,413327
C4,100,C4-rules-100,4,39,413462
C4,100,C4-rules-100,4,40,422477
C4,100,C4-rules-100,4,41,424635
C4,100,C4-rules-100,4,42,414647
C4,100,C4-rules-100,4,43,418035
C4,100,C4-rules-100,4,44,414955
C4,100,C4-rules-100,4,45,415021
C4,100,C4-rules-100,4,46,428052
C4,100,C4-rules-100,4,47,421741
C4,100,C4-rules-100,4,48,414289
C4,100,C4-rules-100,4,49,414504
C4,100,C4-rules-100,4,50,410158
C4,100,C4-rules-100,4,51,414118
C4,100,C4-rules-100,4,52,415599
C4,100,C4-rules-100,4,53,418586
C4,100,C4-rules-100,4,54,414194
C4,100,C4-rules-100,4,55,415053
C4,100,C4-rules-100,4,56,415184
C4,100,C4-rules-100,4,57,415839
C4,100,C4-rules-100,4,58,423839
C4,100,C4-rules-100,4,59,414916
C4,100,C4-rules-100,4,60,421586
C4,100,C4-rules-100,4,61,413917
C4,100,C4-rules-100,4,62,427275
C4,100,C4-rules-100,4,63,412074
C4,100,C4-rules-100,4,64,413071
C4,100,C4-rules-100,4,65,416096
C4,100,C4-rules-100,4,66,427097
C4,100,C4-rules-100,4,67,413166
C4,100,C4-rules-100,4,68,416722
C4,100,C4-rules-100,4,69,426094
C4,100,C4-rules-100,4,70,422090
C4,100,C4-rules-100,4,71,421188
C4,100,C4-rules-100,4,72,411416
C4,100,C4-rules-100,4,73,417663
C4,100,C4-rules-100,4,74,415354
C4,100,C4-rules-100,4,75,420887
C4,100,C4-rules-100,4,76,417328
C4,100,C4-rules-100,4,77,413859
C4,100,C4-rules-100,4,78,418225
C4,100,C4-rules-100,4,79,417996
C4,100,C4-rules-100,4,80,414820
C4,100,C4-rules-100,4,81,425486
C4,100,C4-rules-100,4,82,415226
C4,100,C4-rules-100,4,83,415919
C4,100,C4-rules-100,4,84,417652
C4,100,C4-rules-100,4,85,429392
C4,100,C4-rules-100,4,86,430002
C4,100,C4-rules-100,4,87,432388
C4,100,C4-rules-100,4,88,420370
C4,100,C4-rules-100,4,89,420264
C4,100,C4-rules-100,4,90,426895
C4,100,C4-rules-100,4,91,419914
C4,100,C4-rules-100,4,92,422996
C4,100,C4-rules-100,4,93,417648
C4,100,C4-rules-100,4,94,429356
C4,100,C4-rules-100,4,95,425955
C4,100,C4-rules-100,4,96,415148
C4,100,C4-rules-100,4,97,414304
C4,100,C4-rules-100,4,98,412789
C4,100,C4-rules-100,4,99,418195
C4,100,C4-rules-100,4,100,411599
C4,100,C4-rules-100,5,1,418159
C4,100,C4-rules-100,5,2,417344
C4,100,C4-rules-100,5,3,416837
C4,100,C4-rules-100,5,4,415846
C4,100,C4-rules-100,5,5,427953
C4,100,C4-rules-100,5,6,412409
C4,100,C4-rules-100,5,7,426808
C4,100,C4-rules-100,5,8,415362
C4,100,C4-rules-100,5,9,420546
C4,100,C4-rules-100,5,10,420420
C4,100,C4-rules-100,5,11,414597
C4,100,C4-rules-100,5,12,415816
C4,100,C4-rules-100,5,13,423322
C4,100,C4-rules-100,5,14,412553
C4,100,C4-rules-100,5,15,414494
C4,100,C4-rules-100,5,16,416472
C4,100,C4-rules-100,5,17,426885
C4,100,C4-rules-100,5,18,415194
C4,100,C4-rules-100,5,19,415854
C4,100,C4-rules-100,5,20,414259
C4,100,C4-rules-100,5,21,426779
C4,100,C4-rules-100,5,22,423095
C4,100,C4-rules-100,5,23,439584
C4,100,C4-rules-100,5,24,421321
C4,100,C4-rules-100,5,25,417183
C4,100,C4-rules-100,5,26,424940
C4,100,C4-rules-100,5,27,413886
C4,100,C4-rules-100,5,28,423768
C4,100,C4-rules-100,5,29,422176
C4,100,C4-rules-100,5,30,415875
C4,100,C4-rules-100,5,31,427329
C4,100,C4-rules-100,5,32,426779
C4,100,C4-rules-100,5,33,428741
C4,100,C4-rules-100,5,34,429247
C4,100,C4-rules-100,5,35,417085
C4,100,C4-rules-100,5,36,416879
C4,100,C4-rules-100,5,37,417787
C4,100,C4-rules-100,5,38,416765
C4,100,C4-rules-100,5,39,415031
C4,100,C4-rules-100,5,40,414741
C4,100,C4-rules-100,5,41,418507
C4,100,C4-rules-100,5,42,433939
C4,100,C4-rules-100,5,43,435550
C4,100,C4-rules-100,5,44,415509
C4,100,C4-rules-100,5,45,424347
C4,100,C4-rules-100,5,46,421359
C4,100,C4-rules-100,5,47,412344
C4,100,C4-rules-100,5,48,410523
C4,100,C4-rules-100,5,49,415356
C4,100,C4-rules-100,5,50,421164
C4,100,C4-rules-100,5,51,433467
C4,100,C4-rules-100,5,52,416842
C4,100,C4-rules-100,5,53,412836
C4,100,C4-rules-100,5,54,412209
C4,100,C4-rules-100,5,55,415168
C4,100,C4-rules-100,5,56,413682
C4,100,C4-rules-100,5,57,415242
C4,100,C4-rules-100,5,58,417619
C4,100,C4-rules-100,5,59,421987
C4,100,C4-rules-100,5,60,429147
C4,100,C4-rules-100,5,61,415624
C4,100,C4-rules-100,5,62,412637
C4,100,C4-rules-100,5,63,412466
C4,100,C4-rules-100,5,64,430289
C4,100,C4-rules-100,5,65,411150
C4,100,C4-rules-100,5,66,419220
C4,100,C4-rules-100,5,67,416964
C4,100,C4-rules-100,5,68,419947
C4,100,C4-rules-100,5,69,412693
C4,100,C4-rules-100,5,70,436921
C4,100,C4-rules-100,5,71,425970
C4,100,C4-rules-100,5,72,424931
C4,100,C4-rules-100,5,73,416823
C4,100,C4-rules-100,5,74,410054
C4,100,C4-rules-100,5,75,415320
C4,100,C4-rules-100,5,76,416747
C4,100,C4-rules-100,5,77,409925
C4,100,C4-rules-100,5,78,432053
C4,100,C4-rules-100,5,79,431633
C4,100,C4-rules-100,5,80,420775
C4,100,C4-rules-100,5,81,426309
C4,100,C4-rules-100,5,82,426683
C4,100,C4-rules-100,5,83,417709
C4,100,C4-rules-100,5,84,416326
C4,100,C4-rules-100,5,85,421812
C4,100,C4-rules-100,5,86,415593
C4,100,C4-rules-100,5,87,416221
C4,100,C4-rules-100,5,88,416927
C4,100,C4-rules-100,5,89,427551
C4,100,C4-rules-100,5,90,437083
C4,100,C4-rules-100,5,91,415491
C4,100,C4-rules-100,5,92,412298
C4,100,C4-rules-100,5,93,479226
C4,100,C4-rules-100,5,94,429796
C4,100,C4-rules-100,5,95,442686
C4,100,C4-rules-100,5,96,419331
C4,100,C4-rules-100,5,97,413604
C4,100,C4-rules-100,5,98,428962
C4,100,C4-rules-100,5,99,427558
C4,100,C4-rules-100,5,100,413631
C4,100,C4-rules-100,6,1,432382
C4,100,C4-rules-100,6,2,416201
C4,100,C4-rules-100,6,3,420745
C4,100,C4-rules-100,6,4,429294
C4,100,C4-rules-100,6,5,414531
C4,100,C4-rules-100,6,6,414398
C4,100,C4-rules-100,6,7,424116
C4,100,C4-rules-100,6,8,426943
C4,100,C4-rules-100,6,9,415830
C4,100,C4-rules-100,6,10,416894
C4,100,C4-rules-100,6,11,425646
C4,100,C4-rules-100,6,12,417921
C4,100,C4-rules-100,6,13,414683
C4,100,C4-rules-100,6,14,415127
C4,100,C4-rules-100,6,15,416710
C4,100,C4-rules-100,6,16,417547
C4,100,C4-rules-100,6,17,437054
C4,100,C4-rules-100,6,18,430496
C4,100,C4-rules-100,6,19,414865
C4,100,C4-rules-100,6,20,417843
C4,100,C4-rules-100,6,21,418844
C4,100,C4-rules-100,6,22,422116
C4,100,C4-rules-100,6,23,416703
C4,100,C4-rules-100,6,24,411318
C4,100,C4-rules-100,6,25,429643
C4,100,C4-rules-100,6,26,424344
C4,100,C4-rules-100,6,27,425662
C4,100,C4-rules-100,6,28,416159
C4,100,C4-rules-100,6,29,411997
C4,100,C4-rules-100,6,30,427705
C4,100,C4-rules-100,6,31,413190
C4,100,C4-rules-100,6,32,412861
C4,100,C4-rules-100,6,33,413342
C4,100,C4-rules-100,6,34,430414
C4,100,C4-rules-100,6,35,412153
C4,100,C4-rules-100,6,36,430191
C4,100,C4-rules-100,6,37,427625
C4,100,C4-rules-100,6,38,412960
C4,100,C4-rules-100,6,39,411723
C4,100,C4-rules-100,6,40,415545
C4,100,C4-rules-100,6,41,411563
C4,100,C4-rules-100,6,42,426349
C4,100,C4-rules-100,6,43,415745
C4,100,C4-rules-100,6,44,423591
C4,100,C4-rules-100,6,45,431462
C4,100,C4-rules-100,6,46,417570
C4,100,C4-rules-100,6,47,432244
C4,100,C4-rules-100,6,48,419144
C4,100,C4-rules-100,6,49,418308
C4,100,C4-rules-100,6,50,415313
C4,100,C4-rules-100,6,51,416323
C4,100,C4-rules-100,6,52,418171
C4,100,C4-rules-100,6,53,420470
C4,100,C4-rules-100,6,54,414479
C4,100,C4-rules-100,6,55,438364
C4,100,C4-rules-100,6,56,418943
C4,100,C4-rules-100,6,57,413900
C4,100,C4-rules-100,6,58,427605
C4,100,C4-rules-100,6,59,411142
C4,100,C4-rules-100,6,60,414166
C4,100,C4-rules-100,6,61,411495
C4,100,C4-rules-100,6,62,412519
C4,100,C4-rules-100,6,63,426583
C4,100,C4-rules-100,6,64,453369
C4,100,C4-rules-100,6,65,420956
C4,100,C4-rules-100,6,66,415131
C4,100,C4-rules-100,6,67,418048
C4,100,C4-rules-100,6,68,415712
C4,100,C4-rules-100,6,69,416625
C4,100,C4-rules-100,6,70,432119
C4,100,C4-rules-100,6,71,413545
C4,100,C4-rules-100,6,72,417673
C4,100,C4-rules-100,6,73,422682
C4,100,C4-rules-100,6,74,432381
C4,100,C4-rules-100,6,75,426926
C4,100,C4-rules-100,6,76,411434
C4,100,C4-rules-100,6,77,422867
C4,100,C4-rules-100,6,78,415137
C4,100,C4-rules-100,6,79,417793
C4,100,C4-rules-100,6,80,413687
C4,100,C4-rules-100,6,81,416665
C4,100,C4-rules-100,6,82,425379
C4,100,C4-rules-100,6,83,425386
C4,100,C4-rules-100,6,84,428009
C4,100,C4-rules-100,6,85,415800
C4,100,C4-rules-100,6,86,410841
C4,100,C4-rules-100,6,87,417196
C4,100,C4-rules-100,6,88,415243
C4,100,C4-rules-100,6,89,412721
C4,100,C4-rules-100,6,90,412620
C4,100,C4-rules-100,6,91,422627
C4,100,C4-rules-100,6,92,423885
C4,100,C4-rules-100,6,93,426257
C4,100,C4-rules-100,6,94,433177
C4,100,C4-rules-100,6,95,413644
C4,100,C4-rules-100,6,96,427795
C4,100,C4-rules-100,6,97,435317
C4,100,C4-rules-100,6,98,426737
C4,100,C4-rules-100,6,99,416599
C4,100,C4-rules-100,6,100,419259
C4,100,C4-rules-100,7,1,422791
C4,100,C4-rules-100,7,2,425062
C4,100,C4-rules-100,7,3,432117
C4,100,C4-rules-100,7,4,425659
C4,100,C4-rules-100,7,5,425625
C4,100,C4-rules-100,7,6,419194
C4,100,C4-rules-100,7,7,416512
C4,100,C4-rules-100,7,8,428584
C4,100,C4-rules-100,7,9,420866
C4,100,C4-rules-100,7,10,424401
C4,100,C4-rules-100,7,11,430685
C4,100,C4-rules-100,7,12,420371
C4,100,C4-rules-100,7,13,412564
C4,100,C4-rules-100,7,14,420903
C4,100,C4-rules-100,7,15,420205
C4,100,C4-rules-100,7,16,414357
C4,100,C4-rules-100,7,17,424568
C4,100,C4-rules-100,7,18,424945
C4,100,C4-rules-100,7,19,432184
C4,100,C4-rules-100,7,20,423392
C4,100,C4-rules-100,7,21,442832
C4,100,C4-rules-100,7,22,433047
C4,100,C4-rules-100,7,23,414710
C4,100,C4-rules-100,7,24,416524
C4,100,C4-rules-100,7,25,428840
C4,100,C4-rules-100,7,26,420532
C4,100,C4-rules-100,7,27,417223
C4,100,C4-rules-100,7,28,414969
C4,100,C4-rules-100,7,29,415340
C4,100,C4-rules-100,7,30,435721
C4,100,C4-rules-100,7,31,430757
C4,100,C4-rules-100,7,32,415573
C4,100,C4-rules-100,7,33,429843
C4,100,C4-rules-100,7,34,422229
C4,100,C4-rules-100,7,35,420028
C4,100,C4-rules-100,7,36,420562
C4,100,C4-rules-100,7,37,418347
C4,100,C4-rules-100,7,38,415739
C4,100,C4-rules-100,7,39,412684
C4,100,C4-rules-100,7,40,431454
C4,100,C4-rules-100,7,41,425770
C4,100,C4-rules-100,7,42,413524
C4,100,C4-rules-100,7,43,414766
C4,100,C4-rules-100,7,44,411652
C4,100,C4-rules-100,7,45,413351
C4,100,C4-rules-100,7,46,427906
C4,100,C4-rules-100,7,47,416123
C4,100,C4-rules-100,7,48,1926500
C4,100,C4-rules-100,7,49,505550
C4,100,C4-rules-100,7,50,446861
C4,100,C4-rules-100,7,51,431666
C4,100,C4-rules-100,7,52,420507
C4,100,C4-rules-100,7,53,415174
C4,100,C4-rules-100,7,54,417068
C4,100,C4-rules-100,7,55,435907
C4,100,C4-rules-100,7,56,411321
C4,100,C4-rules-100,7,57,411820
C4,100,C4-rules-100,7,58,420863
C4,100,C4-rules-100,7,59,410839
C4,100,C4-rules-100,7,60,411166
C4,100,C4-rules-100,7,61,414028
C4,100,C4-rules-100,7,62,411995
C4,100,C4-rules-100,7,63,413068
C4,100,C4-rules-100,7,64,435194
C4,100,C4-rules-100,7,65,416706
C4,100,C4-rules-100,7,66,413703
C4,100,C4-rules-100,7,67,422825
C4,100,C4-rules-100,7,68,416531
C4,100,C4-rules-100,7,69,416344
C4,100,C4-rules-100,7,70,421687
C4,100,C4-rules-100,7,71,414230
C4,100,C4-rules-100,7,72,416586
C4,100,C4-rules-100,7,73,415239
C4,100,C4-rules-100,7,74,435104
C4,100,C4-rules-100,7,75,430636
C4,100,C4-rules-100,7,76,417299
C4,100,C4-rules-100,7,77,427006
C4,100,C4-rules-100,7,78,417103
C4,100,C4-rules-100,7,79,422983
C4,100,C4-rules-100,7,80,418173
C4,100,C4-rules-100,7,81,416131
C4,100,C4-rules-100,7,82,417971
C4,100,C4-rules-100,7,83,435562
C4,100,C4-rules-100,7,84,415851
C4,100,C4-rules-100,7,85,418612
C4,100,C4-rules-100,7,86,411714
C4,100,C4-rules-100,7,87,413491
C4,100,C4-rules-100,7,88,422195
C4,100,C4-rules-100,7,89,431688
C4,100,C4-rules-100,7,90,421127
C4,100,C4-rules-100,7,91,422191
C4,100,C4-rules-100,7,92,416793
C4,100,C4-rules-100,7,93,428759
C4,100,C4-rules-100,7,94,416506
C4,100,C4-rules-100,7,95,415453
C4,100,C4-rules-100,7,96,424954
C4,100,C4-rules-100,7,97,417974
C4,100,C4-rules-100,7,98,411795
C4,100,C4-rules-100,7,99,410971
C4,100,C4-rules-100,7,100,422550
C4,100,C4-rules-100,8,1,418795
C4,100,C4-rules-100,8,2,427077
C4,100,C4-rules-100,8,3,423309
C4,100,C4-rules-100,8,4,412433
C4,100,C4-rules-100,8,5,414734
C4,100,C4-rules-100,8,6,419886
C4,100,C4-rules-100,8,7,407807
C4,100,C4-rules-100,8,8,412916
C4,100,C4-rules-100,8,9,412403
C4,100,C4-rules-100,8,10,411366
C4,100,C4-rules-100,8,11,412793
C4,100,C4-rules-100,8,12,440749
C4,100,C4-rules-100,8,13,418823
C4,100,C4-rules-100,8,14,418931
C4,100,C4-rules-100,8,15,424392
C4,100,C4-rules-100,8,16,412103
C4,100,C4-rules-100,8,17,430830
C4,100,C4-rules-100,8,18,415982
C4,100,C4-rules-100,8,19,420159
C4,100,C4-rules-100,8,20,417517
C4,100,C4-rules-100,8,21,430511
C4,100,C4-rules-100,8,22,433015
C4,100,C4-rules-100,8,23,417009
C4,100,C4-rules-100,8,24,432173
C4,100,C4-rules-100,8,25,413020
C4,100,C4-rules-100,8,26,415518
C4,100,C4-rules-100,8,27,428720
C4,100,C4-rules-100,8,28,455787
C4,100,C4-rules-100,8,29,464496
C4,100,C4-rules-100,8,30,423957
C4,100,C4-rules-100,8,31,418914
C4,100,C4-rules-100,8,32,417501
C4,100,C4-rules-100,8,33,418903
C4,100,C4-rules-100,8,34,412313
C4,100,C4-rules-100,8,35,415758
C4,100,C4-rules-100,8,36,426703
C4,100,C4-rules-100,8,37,416190
C4,100,C4-rules-100,8,38,420353
C4,100,C4-rules-100,8,39,425088
C4,100,C4-rules-100,8,40,427549
C4,100,C4-rules-100,8,41,420061
C4,100,C4-rules-100,8,42,415710
C4,100,C4-rules-100,8,43,415002
C4,100,C4-rules-100,8,44,417581
C4,100,C4-rules-100,8,45,430587
C4,100,C4-rules-100,8,46,419262
C4,100,C4-rules-100,8,47,413958
C4,100,C4-rules-100,8,48,427933
C4,100,C4-rules-100,8,49,430073
C4,100,C4-rules-100,8,50,416756
C4,100,C4-rules-100,8,51,415553
C4,100,C4-rules-100,8,52,416423
C4,100,C4-rules-100,8,53,427366
C4,100,C4-rules-100,8,54,414052
C4,100,C4-rules-100,8,55,411765
C4,100,C4-rules-100,8,56,412698
C4,100,C4-rules-100,8,57,420232
C4,100,C4-rules-100,8,58,421924
C4,100,C4-rules-100,8,59,432122
C4,100,C4-rules-100,8,60,415866
C4,100,C4-rules-100,8,61,415338
C4,100,C4-rules-100,8,62,415190
C4,100,C4-rules-100,8,63,412816
C4,100,C4-rules-100,8,64,415923
C4,100,C4-rules-100,8,65,415388
C4,100,C4-rules-100,8,66,410857
C4,100,C4-rules-100,8,67,428779
C4,100,C4-rules-100,8,68,420264
C4,100,C4-rules-100,8,69,426551
C4,100,C4-rules-100,8,70,420123
C4,100,C4-rules-100,8,71,419472
C4,100,C4-rules-100,8,72,421475
C4,100,C4-rules-100,8,73,414078
C4,100,C4-rules-100,8,74,415071
C4,100,C4-rules-100,8,75,416776
C4,100,C4-rules-100,8,76,415451
C4,100,C4-rules-100,8,77,414691
C4,100,C4-rules-100,8,78,415074
C4,100,C4-rules-100,8,79,413626
C4,100,C4-rules-100,8,80,417933
C4,100,C4-rules-100,8,81,422441
C4,100,C4-rules-100,8,82,422724
C4,100,C4-rules-100,8,83,424888
C4,100,C4-rules-100,8,84,415791
C4,100,C4-rules-100,8,85,418968
C4,100,C4-rules-100,8,86,414252
C4,100,C4-rules-100,8,87,424409
C4,100,C4-rules-100,8,88,420940
C4,100,C4-rules-100,8,89,423509
C4,100,C4-rules-100,8,90,419668
C4,100,C4-rules-100,8,91,429975
C4,100,C4-rules-100,8,92,416211
C4,100,C4-rules-100,8,93,422660
C4,100,C4-rules-100,8,94,417172
C4,100,C4-rules-100,8,95,426196
C4,100,C4-rules-100,8,96,414580
C4,100,C4-rules-100,8,97,420246
C4,100,C4-rules-100,8,98,415762
C4,100,C4-rules-100,8,99,417396
C4,100,C4-rules-100,8,100,419567
