user_name,attribute_name,attribute_value
benchmark_user_0001,u_attr_01,value_01
benchmark_user_0001,u_attr_02,value_01
benchmark_user_0001,u_attr_03,value_00
benchmark_user_0001,u_attr_04,value_01
benchmark_user_0001,u_attr_05,value_01
benchmark_user_0001,u_attr_06,value_01
benchmark_user_0001,u_attr_07,value_01
benchmark_user_0001,u_attr_08,value_01
benchmark_user_0001,u_attr_09,value_01
benchmark_user_0001,u_attr_10,value_00
benchmark_user_0001,u_attr_11,value_00
benchmark_user_0001,u_attr_12,value_00
benchmark_user_0001,u_attr_13,value_00
benchmark_user_0001,u_attr_14,value_01
benchmark_user_0001,u_attr_15,value_01
benchmark_user_0001,u_attr_16,value_01
benchmark_user_0002,u_attr_01,value_00
benchmark_user_0002,u_attr_02,value_01
benchmark_user_0002,u_attr_03,value_00
benchmark_user_0002,u_attr_04,value_00
benchmark_user_0002,u_attr_05,value_00
benchmark_user_0002,u_attr_06,value_00
benchmark_user_0002,u_attr_07,value_00
benchmark_user_0002,u_attr_08,value_01
benchmark_user_0002,u_attr_09,value_00
benchmark_user_0002,u_attr_10,value_01
benchmark_user_0002,u_attr_11,value_01
benchmark_user_0002,u_attr_12,value_01
benchmark_user_0002,u_attr_13,value_01
benchmark_user_0002,u_attr_14,value_00
benchmark_user_0002,u_attr_15,value_01
benchmark_user_0002,u_attr_16,value_00
benchmark_user_0003,u_attr_01,value_00
benchmark_user_0003,u_attr_02,value_00
benchmark_user_0003,u_attr_03,value_01
benchmark_user_0003,u_attr_04,value_01
benchmark_user_0003,u_attr_05,value_01
benchmark_user_0003,u_attr_06,value_01
benchmark_user_0003,u_attr_07,value_00
benchmark_user_0003,u_attr_08,value_00
benchmark_user_0003,u_attr_09,value_01
benchmark_user_0003,u_attr_10,value_01
benchmark_user_0003,u_attr_11,value_01
benchmark_user_0003,u_attr_12,value_01
benchmark_user_0003,u_attr_13,value_01
benchmark_user_0003,u_attr_14,value_00
benchmark_user_0003,u_attr_15,value_01
benchmark_user_0003,u_attr_16,value_01
benchmark_user_0004,u_attr_01,value_01
benchmark_user_0004,u_attr_02,value_01
benchmark_user_0004,u_attr_03,value_01
benchmark_user_0004,u_attr_04,value_01
benchmark_user_0004,u_attr_05,value_00
benchmark_user_0004,u_attr_06,value_01
benchmark_user_0004,u_attr_07,value_01
benchmark_user_0004,u_attr_08,value_01
benchmark_user_0004,u_attr_09,value_01
benchmark_user_0004,u_attr_10,value_00
benchmark_user_0004,u_attr_11,value_01
benchmark_user_0004,u_attr_12,value_01
benchmark_user_0004,u_attr_13,value_01
benchmark_user_0004,u_attr_14,value_01
benchmark_user_0004,u_attr_15,value_00
benchmark_user_0004,u_attr_16,value_00
benchmark_user_0005,u_attr_01,value_01
benchmark_user_0005,u_attr_02,value_00
benchmark_user_0005,u_attr_03,value_00
benchmark_user_0005,u_attr_04,value_01
benchmark_user_0005,u_attr_05,value_00
benchmark_user_0005,u_attr_06,value_00
benchmark_user_0005,u_attr_07,value_00
benchmark_user_0005,u_attr_08,value_01
benchmark_user_0005,u_attr_09,value_00
benchmark_user_0005,u_attr_10,value_01
benchmark_user_0005,u_attr_11,value_00
benchmark_user_0005,u_attr_12,value_01
benchmark_user_0005,u_attr_13,value_00
benchmark_user_0005,u_attr_14,value_01
benchmark_user_0005,u_attr_15,value_01
benchmark_user_0005,u_attr_16,value_01
benchmark_user_0006,u_attr_01,value_01
benchmark_user_0006,u_attr_02,value_00
benchmark_user_0006,u_attr_03,value_00
benchmark_user_0006,u_attr_04,value_00
benchmark_user_0006,u_attr_05,value_01
benchmark_user_0006,u_attr_06,value_01
benchmark_user_0006,u_attr_07,value_01
benchmark_user_0006,u_attr_08,value_01
benchmark_user_0006,u_attr_09,value_01
benchmark_user_0006,u_attr_10,value_01
benchmark_user_0006,u_attr_11,value_01
benchmark_user_0006,u_attr_12,value_00
benchmark_user_0006,u_attr_13,value_00
benchmark_user_0006,u_attr_14,value_00
benchmark_user_0006,u_attr_15,value_01
benchmark_user_0006,u_attr_16,value_01
benchmark_user_0007,u_attr_01,value_00
benchmark_user_0007,u_attr_02,value_01
benchmark_user_0007,u_attr_03,value_00
benchmark_user_0007,u_attr_04,value_01
benchmark_user_0007,u_attr_05,value_00
benchmark_user_0007,u_attr_06,value_01
benchmark_user_0007,u_attr_07,value_00
benchmark_user_0007,u_attr_08,value_01
benchmark_user_0007,u_attr_09,value_01
benchmark_user_0007,u_attr_10,value_01
benchmark_user_0007,u_attr_11,value_00
benchmark_user_0007,u_attr_12,value_01
benchmark_user_0007,u_attr_13,value_00
benchmark_user_0007,u_attr_14,value_01
benchmark_user_0007,u_attr_15,value_01
benchmark_user_0007,u_attr_16,value_01
benchmark_user_0008,u_attr_01,value_00
benchmark_user_0008,u_attr_02,value_00
benchmark_user_0008,u_attr_03,value_00
benchmark_user_0008,u_attr_04,value_01
benchmark_user_0008,u_attr_05,value_01
benchmark_user_0008,u_attr_06,value_00
benchmark_user_0008,u_attr_07,value_01
benchmark_user_0008,u_attr_08,value_01
benchmark_user_0008,u_attr_09,value_01
benchmark_user_0008,u_attr_10,value_00
benchmark_user_0008,u_attr_11,value_00
benchmark_user_0008,u_attr_12,value_01
benchmark_user_0008,u_attr_13,value_01
benchmark_user_0008,u_attr_14,value_01
benchmark_user_0008,u_attr_15,value_00
benchmark_user_0008,u_attr_16,value_01
benchmark_user_0009,u_attr_01,value_00
benchmark_user_0009,u_attr_02,value_00
benchmark_user_0009,u_attr_03,value_00
benchmark_user_0009,u_attr_04,value_00
benchmark_user_0009,u_attr_05,value_01
benchmark_user_0009,u_attr_06,value_00
benchmark_user_0009,u_attr_07,value_01
benchmark_user_0009,u_attr_08,value_00
benchmark_user_0009,u_attr_09,value_01
benchmark_user_0009,u_attr_10,value_00
benchmark_user_0009,u_attr_11,value_00
benchmark_user_0009,u_attr_12,value_00
benchmark_user_0009,u_attr_13,value_00
benchmark_user_0009,u_attr_14,value_00
benchmark_user_0009,u_attr_15,value_01
benchmark_user_0009,u_attr_16,value_00
benchmark_user_0010,u_attr_01,value_01
benchmark_user_0010,u_attr_02,value_00
benchmark_user_0010,u_attr_03,value_01
benchmark_user_0010,u_attr_04,value_00
benchmark_user_0010,u_attr_05,value_00
benchmark_user_0010,u_attr_06,value_01
benchmark_user_0010,u_attr_07,value_01
benchmark_user_0010,u_attr_08,value_00
benchmark_user_0010,u_attr_09,value_00
benchmark_user_0010,u_attr_10,value_01
benchmark_user_0010,u_attr_11,value_00
benchmark_user_0010,u_attr_12,value_00
benchmark_user_0010,u_attr_13,value_01
benchmark_user_0010,u_attr_14,value_01
benchmark_user_0010,u_attr_15,value_01
benchmark_user_0010,u_attr_16,value_01
benchmark_user_0011,u_attr_01,value_00
benchmark_user_0011,u_attr_02,value_01
benchmark_user_0011,u_attr_03,value_01
benchmark_user_0011,u_attr_04,value_01
benchmark_user_0011,u_attr_05,value_00
benchmark_user_0011,u_attr_06,value_01
benchmark_user_0011,u_attr_07,value_00
benchmark_user_0011,u_attr_08,value_00
benchmark_user_0011,u_attr_09,value_00
benchmark_user_0011,u_attr_10,value_01
benchmark_user_0011,u_attr_11,value_00
benchmark_user_0011,u_attr_12,value_01
benchmark_user_0011,u_attr_13,value_01
benchmark_user_0011,u_attr_14,value_00
benchmark_user_0011,u_attr_15,value_01
benchmark_user_0011,u_attr_16,value_00
benchmark_user_0012,u_attr_01,value_00
benchmark_user_0012,u_attr_02,value_01
benchmark_user_0012,u_attr_03,value_01
benchmark_user_0012,u_attr_04,value_01
benchmark_user_0012,u_attr_05,value_01
benchmark_user_0012,u_attr_06,value_00
benchmark_user_0012,u_attr_07,value_00
benchmark_user_0012,u_attr_08,value_01
benchmark_user_0012,u_attr_09,value_01
benchmark_user_0012,u_attr_10,value_00
benchmark_user_0012,u_attr_11,value_01
benchmark_user_0012,u_attr_12,value_01
benchmark_user_0012,u_attr_13,value_01
benchmark_user_0012,u_attr_14,value_00
benchmark_user_0012,u_attr_15,value_00
benchmark_user_0012,u_attr_16,value_01
benchmark_user_0013,u_attr_01,value_01
benchmark_user_0013,u_attr_02,value_00
benchmark_user_0013,u_attr_03,value_01
benchmark_user_0013,u_attr_04,value_00
benchmark_user_0013,u_attr_05,value_00
benchmark_user_0013,u_attr_06,value_01
benchmark_user_0013,u_attr_07,value_01
benchmark_user_0013,u_attr_08,value_00
benchmark_user_0013,u_attr_09,value_01
benchmark_user_0013,u_attr_10,value_00
benchmark_user_0013,u_attr_11,value_00
benchmark_user_0013,u_attr_12,value_01
benchmark_user_0013,u_attr_13,value_01
benchmark_user_0013,u_attr_14,value_00
benchmark_user_0013,u_attr_15,value_01
benchmark_user_0013,u_attr_16,value_00
benchmark_user_0014,u_attr_01,value_00
benchmark_user_0014,u_attr_02,value_01
benchmark_user_0014,u_attr_03,value_01
benchmark_user_0014,u_attr_04,value_00
benchmark_user_0014,u_attr_05,value_01
benchmark_user_0014,u_attr_06,value_00
benchmark_user_0014,u_attr_07,value_00
benchmark_user_0014,u_attr_08,value_01
benchmark_user_0014,u_attr_09,value_00
benchmark_user_0014,u_attr_10,value_00
benchmark_user_0014,u_attr_11,value_00
benchmark_user_0014,u_attr_12,value_01
benchmark_user_0014,u_attr_13,value_01
benchmark_user_0014,u_attr_14,value_00
benchmark_user_0014,u_attr_15,value_01
benchmark_user_0014,u_attr_16,value_01
benchmark_user_0015,u_attr_01,value_00
benchmark_user_0015,u_attr_02,value_01
benchmark_user_0015,u_attr_03,value_01
benchmark_user_0015,u_attr_04,value_00
benchmark_user_0015,u_attr_05,value_00
benchmark_user_0015,u_attr_06,value_01
benchmark_user_0015,u_attr_07,value_01
benchmark_user_0015,u_attr_08,value_01
benchmark_user_0015,u_attr_09,value_01
benchmark_user_0015,u_attr_10,value_01
benchmark_user_0015,u_attr_11,value_00
benchmark_user_0015,u_attr_12,value_01
benchmark_user_0015,u_attr_13,value_01
benchmark_user_0015,u_attr_14,value_00
benchmark_user_0015,u_attr_15,value_01
benchmark_user_0015,u_attr_16,value_01
benchmark_user_0016,u_attr_01,value_01
benchmark_user_0016,u_attr_02,value_01
benchmark_user_0016,u_attr_03,value_01
benchmark_user_0016,u_attr_04,value_01
benchmark_user_0016,u_attr_05,value_00
benchmark_user_0016,u_attr_06,value_00
benchmark_user_0016,u_attr_07,value_00
benchmark_user_0016,u_attr_08,value_00
benchmark_user_0016,u_attr_09,value_01
benchmark_user_0016,u_attr_10,value_00
benchmark_user_0016,u_attr_11,value_01
benchmark_user_0016,u_attr_12,value_00
benchmark_user_0016,u_attr_13,value_01
benchmark_user_0016,u_attr_14,value_00
benchmark_user_0016,u_attr_15,value_00
benchmark_user_0016,u_attr_16,value_01
benchmark_user_0017,u_attr_01,value_01
benchmark_user_0017,u_attr_02,value_00
benchmark_user_0017,u_attr_03,value_01
benchmark_user_0017,u_attr_04,value_00
benchmark_user_0017,u_attr_05,value_01
benchmark_user_0017,u_attr_06,value_01
benchmark_user_0017,u_attr_07,value_01
benchmark_user_0017,u_attr_08,value_00
benchmark_user_0017,u_attr_09,value_01
benchmark_user_0017,u_attr_10,value_01
benchmark_user_0017,u_attr_11,value_01
benchmark_user_0017,u_attr_12,value_01
benchmark_user_0017,u_attr_13,value_01
benchmark_user_0017,u_attr_14,value_01
benchmark_user_0017,u_attr_15,value_00
benchmark_user_0017,u_attr_16,value_01
benchmark_user_0018,u_attr_01,value_00
benchmark_user_0018,u_attr_02,value_01
benchmark_user_0018,u_attr_03,value_00
benchmark_user_0018,u_attr_04,value_00
benchmark_user_0018,u_attr_05,value_00
benchmark_user_0018,u_attr_06,value_00
benchmark_user_0018,u_attr_07,value_01
benchmark_user_0018,u_attr_08,value_01
benchmark_user_0018,u_attr_09,value_01
benchmark_user_0018,u_attr_10,value_01
benchmark_user_0018,u_attr_11,value_00
benchmark_user_0018,u_attr_12,value_00
benchmark_user_0018,u_attr_13,value_00
benchmark_user_0018,u_attr_14,value_00
benchmark_user_0018,u_attr_15,value_01
benchmark_user_0018,u_attr_16,value_01
benchmark_user_0019,u_attr_01,value_00
benchmark_user_0019,u_attr_02,value_01
benchmark_user_0019,u_attr_03,value_00
benchmark_user_0019,u_attr_04,value_00
benchmark_user_0019,u_attr_05,value_01
benchmark_user_0019,u_attr_06,value_00
benchmark_user_0019,u_attr_07,value_01
benchmark_user_0019,u_attr_08,value_00
benchmark_user_0019,u_attr_09,value_01
benchmark_user_0019,u_attr_10,value_00
benchmark_user_0019,u_attr_11,value_01
benchmark_user_0019,u_attr_12,value_00
benchmark_user_0019,u_attr_13,value_00
benchmark_user_0019,u_attr_14,value_00
benchmark_user_0019,u_attr_15,value_01
benchmark_user_0019,u_attr_16,value_01
benchmark_user_0020,u_attr_01,value_00
benchmark_user_0020,u_attr_02,value_01
benchmark_user_0020,u_attr_03,value_00
benchmark_user_0020,u_attr_04,value_00
benchmark_user_0020,u_attr_05,value_01
benchmark_user_0020,u_attr_06,value_01
benchmark_user_0020,u_attr_07,value_01
benchmark_user_0020,u_attr_08,value_00
benchmark_user_0020,u_attr_09,value_00
benchmark_user_0020,u_attr_10,value_00
benchmark_user_0020,u_attr_11,value_00
benchmark_user_0020,u_attr_12,value_01
benchmark_user_0020,u_attr_13,value_01
benchmark_user_0020,u_attr_14,value_01
benchmark_user_0020,u_attr_15,value_00
benchmark_user_0020,u_attr_16,value_00
benchmark_user_0021,u_attr_01,value_00
benchmark_user_0021,u_attr_02,value_00
benchmark_user_0021,u_attr_03,value_00
benchmark_user_0021,u_attr_04,value_01
benchmark_user_0021,u_attr_05,value_01
benchmark_user_0021,u_attr_06,value_00
benchmark_user_0021,u_attr_07,value_01
benchmark_user_0021,u_attr_08,value_01
benchmark_user_0021,u_attr_09,value_01
benchmark_user_0021,u_attr_10,value_00
benchmark_user_0021,u_attr_11,value_01
benchmark_user_0021,u_attr_12,value_01
benchmark_user_0021,u_attr_13,value_00
benchmark_user_0021,u_attr_14,value_01
benchmark_user_0021,u_attr_15,value_00
benchmark_user_0021,u_attr_16,value_01
benchmark_user_0022,u_attr_01,value_00
benchmark_user_0022,u_attr_02,value_00
benchmark_user_0022,u_attr_03,value_00
benchmark_user_0022,u_attr_04,value_00
benchmark_user_0022,u_attr_05,value_01
benchmark_user_0022,u_attr_06,value_00
benchmark_user_0022,u_attr_07,value_01
benchmark_user_0022,u_attr_08,value_01
benchmark_user_0022,u_attr_09,value_01
benchmark_user_0022,u_attr_10,value_01
benchmark_user_0022,u_attr_11,value_01
benchmark_user_0022,u_attr_12,value_01
benchmark_user_0022,u_attr_13,value_00
benchmark_user_0022,u_attr_14,value_00
benchmark_user_0022,u_attr_15,value_00
benchmark_user_0022,u_attr_16,value_00
benchmark_user_0023,u_attr_01,value_00
benchmark_user_0023,u_attr_02,value_01
benchmark_user_0023,u_attr_03,value_01
benchmark_user_0023,u_attr_04,value_00
benchmark_user_0023,u_attr_05,value_00
benchmark_user_0023,u_attr_06,value_00
benchmark_user_0023,u_attr_07,value_01
benchmark_user_0023,u_attr_08,value_00
benchmark_user_0023,u_attr_09,value_01
benchmark_user_0023,u_attr_10,value_01
benchmark_user_0023,u_attr_11,value_00
benchmark_user_0023,u_attr_12,value_01
benchmark_user_0023,u_attr_13,value_00
benchmark_user_0023,u_attr_14,value_01
benchmark_user_0023,u_attr_15,value_00
benchmark_user_0023,u_attr_16,value_01
benchmark_user_0024,u_attr_01,value_00
benchmark_user_0024,u_attr_02,value_01
benchmark_user_0024,u_attr_03,value_00
benchmark_user_0024,u_attr_04,value_01
benchmark_user_0024,u_attr_05,value_00
benchmark_user_0024,u_attr_06,value_00
benchmark_user_0024,u_attr_07,value_01
benchmark_user_0024,u_attr_08,value_00
benchmark_user_0024,u_attr_09,value_00
benchmark_user_0024,u_attr_10,value_01
benchmark_user_0024,u_attr_11,value_00
benchmark_user_0024,u_attr_12,value_01
benchmark_user_0024,u_attr_13,value_01
benchmark_user_0024,u_attr_14,value_01
benchmark_user_0024,u_attr_15,value_01
benchmark_user_0024,u_attr_16,value_00
benchmark_user_0025,u_attr_01,value_01
benchmark_user_0025,u_attr_02,value_00
benchmark_user_0025,u_attr_03,value_01
benchmark_user_0025,u_attr_04,value_01
benchmark_user_0025,u_attr_05,value_01
benchmark_user_0025,u_attr_06,value_01
benchmark_user_0025,u_attr_07,value_00
benchmark_user_0025,u_attr_08,value_01
benchmark_user_0025,u_attr_09,value_00
benchmark_user_0025,u_attr_10,value_01
benchmark_user_0025,u_attr_11,value_01
benchmark_user_0025,u_attr_12,value_01
benchmark_user_0025,u_attr_13,value_00
benchmark_user_0025,u_attr_14,value_01
benchmark_user_0025,u_attr_15,value_00
benchmark_user_0025,u_attr_16,value_01
benchmark_user_0026,u_attr_01,value_00
benchmark_user_0026,u_attr_02,value_01
benchmark_user_0026,u_attr_03,value_00
benchmark_user_0026,u_attr_04,value_00
benchmark_user_0026,u_attr_05,value_00
benchmark_user_0026,u_attr_06,value_01
benchmark_user_0026,u_attr_07,value_01
benchmark_user_0026,u_attr_08,value_00
benchmark_user_0026,u_attr_09,value_00
benchmark_user_0026,u_attr_10,value_01
benchmark_user_0026,u_attr_11,value_01
benchmark_user_0026,u_attr_12,value_01
benchmark_user_0026,u_attr_13,value_01
benchmark_user_0026,u_attr_14,value_00
benchmark_user_0026,u_attr_15,value_01
benchmark_user_0026,u_attr_16,value_01
benchmark_user_0027,u_attr_01,value_00
benchmark_user_0027,u_attr_02,value_01
benchmark_user_0027,u_attr_03,value_01
benchmark_user_0027,u_attr_04,value_01
benchmark_user_0027,u_attr_05,value_01
benchmark_user_0027,u_attr_06,value_01
benchmark_user_0027,u_attr_07,value_01
benchmark_user_0027,u_attr_08,value_01
benchmark_user_0027,u_attr_09,value_01
benchmark_user_0027,u_attr_10,value_00
benchmark_user_0027,u_attr_11,value_01
benchmark_user_0027,u_attr_12,value_00
benchmark_user_0027,u_attr_13,value_00
benchmark_user_0027,u_attr_14,value_01
benchmark_user_0027,u_attr_15,value_00
benchmark_user_0027,u_attr_16,value_01
benchmark_user_0028,u_attr_01,value_01
benchmark_user_0028,u_attr_02,value_01
benchmark_user_0028,u_attr_03,value_01
benchmark_user_0028,u_attr_04,value_01
benchmark_user_0028,u_attr_05,value_01
benchmark_user_0028,u_attr_06,value_01
benchmark_user_0028,u_attr_07,value_01
benchmark_user_0028,u_attr_08,value_00
benchmark_user_0028,u_attr_09,value_00
benchmark_user_0028,u_attr_10,value_00
benchmark_user_0028,u_attr_11,value_00
benchmark_user_0028,u_attr_12,value_01
benchmark_user_0028,u_attr_13,value_00
benchmark_user_0028,u_attr_14,value_00
benchmark_user_0028,u_attr_15,value_00
benchmark_user_0028,u_attr_16,value_00
benchmark_user_0029,u_attr_01,value_01
benchmark_user_0029,u_attr_02,value_00
benchmark_user_0029,u_attr_03,value_00
benchmark_user_0029,u_attr_04,value_01
benchmark_user_0029,u_attr_05,value_00
benchmark_user_0029,u_attr_06,value_00
benchmark_user_0029,u_attr_07,value_01
benchmark_user_0029,u_attr_08,value_01
benchmark_user_0029,u_attr_09,value_00
benchmark_user_0029,u_attr_10,value_01
benchmark_user_0029,u_attr_11,value_01
benchmark_user_0029,u_attr_12,value_01
benchmark_user_0029,u_attr_13,value_00
benchmark_user_0029,u_attr_14,value_00
benchmark_user_0029,u_attr_15,value_00
benchmark_user_0029,u_attr_16,value_01
benchmark_user_0030,u_attr_01,value_00
benchmark_user_0030,u_attr_02,value_01
benchmark_user_0030,u_attr_03,value_00
benchmark_user_0030,u_attr_04,value_01
benchmark_user_0030,u_attr_05,value_00
benchmark_user_0030,u_attr_06,value_00
benchmark_user_0030,u_attr_07,value_01
benchmark_user_0030,u_attr_08,value_00
benchmark_user_0030,u_attr_09,value_00
benchmark_user_0030,u_attr_10,value_01
benchmark_user_0030,u_attr_11,value_01
benchmark_user_0030,u_attr_12,value_01
benchmark_user_0030,u_attr_13,value_01
benchmark_user_0030,u_attr_14,value_00
benchmark_user_0030,u_attr_15,value_01
benchmark_user_0030,u_attr_16,value_00
benchmark_user_0031,u_attr_01,value_01
benchmark_user_0031,u_attr_02,value_00
benchmark_user_0031,u_attr_03,value_01
benchmark_user_0031,u_attr_04,value_00
benchmark_user_0031,u_attr_05,value_01
benchmark_user_0031,u_attr_06,value_01
benchmark_user_0031,u_attr_07,value_01
benchmark_user_0031,u_attr_08,value_00
benchmark_user_0031,u_attr_09,value_00
benchmark_user_0031,u_attr_10,value_00
benchmark_user_0031,u_attr_11,value_00
benchmark_user_0031,u_attr_12,value_01
benchmark_user_0031,u_attr_13,value_01
benchmark_user_0031,u_attr_14,value_01
benchmark_user_0031,u_attr_15,value_01
benchmark_user_0031,u_attr_16,value_01
benchmark_user_0032,u_attr_01,value_01
benchmark_user_0032,u_attr_02,value_01
benchmark_user_0032,u_attr_03,value_01
benchmark_user_0032,u_attr_04,value_00
benchmark_user_0032,u_attr_05,value_00
benchmark_user_0032,u_attr_06,value_01
benchmark_user_0032,u_attr_07,value_00
benchmark_user_0032,u_attr_08,value_01
benchmark_user_0032,u_attr_09,value_01
benchmark_user_0032,u_attr_10,value_01
benchmark_user_0032,u_attr_11,value_00
benchmark_user_0032,u_attr_12,value_00
benchmark_user_0032,u_attr_13,value_00
benchmark_user_0032,u_attr_14,value_01
benchmark_user_0032,u_attr_15,value_01
benchmark_user_0032,u_attr_16,value_00
benchmark_user_0033,u_attr_01,value_00
benchmark_user_0033,u_attr_02,value_00
benchmark_user_0033,u_attr_03,value_01
benchmark_user_0033,u_attr_04,value_01
benchmark_user_0033,u_attr_05,value_01
benchmark_user_0033,u_attr_06,value_00
benchmark_user_0033,u_attr_07,value_00
benchmark_user_0033,u_attr_08,value_01
benchmark_user_0033,u_attr_09,value_00
benchmark_user_0033,u_attr_10,value_00
benchmark_user_0033,u_attr_11,value_00
benchmark_user_0033,u_attr_12,value_00
benchmark_user_0033,u_attr_13,value_01
benchmark_user_0033,u_attr_14,value_00
benchmark_user_0033,u_attr_15,value_00
benchmark_user_0033,u_attr_16,value_00
benchmark_user_0034,u_attr_01,value_01
benchmark_user_0034,u_attr_02,value_00
benchmark_user_0034,u_attr_03,value_00
benchmark_user_0034,u_attr_04,value_01
benchmark_user_0034,u_attr_05,value_00
benchmark_user_0034,u_attr_06,value_00
benchmark_user_0034,u_attr_07,value_00
benchmark_user_0034,u_attr_08,value_01
benchmark_user_0034,u_attr_09,value_00
benchmark_user_0034,u_attr_10,value_01
benchmark_user_0034,u_attr_11,value_00
benchmark_user_0034,u_attr_12,value_01
benchmark_user_0034,u_attr_13,value_01
benchmark_user_0034,u_attr_14,value_01
benchmark_user_0034,u_attr_15,value_01
benchmark_user_0034,u_attr_16,value_00
benchmark_user_0035,u_attr_01,value_01
benchmark_user_0035,u_attr_02,value_00
benchmark_user_0035,u_attr_03,value_01
benchmark_user_0035,u_attr_04,value_00
benchmark_user_0035,u_attr_05,value_00
benchmark_user_0035,u_attr_06,value_00
benchmark_user_0035,u_attr_07,value_00
benchmark_user_0035,u_attr_08,value_00
benchmark_user_0035,u_attr_09,value_00
benchmark_user_0035,u_attr_10,value_00
benchmark_user_0035,u_attr_11,value_00
benchmark_user_0035,u_attr_12,value_00
benchmark_user_0035,u_attr_13,value_01
benchmark_user_0035,u_attr_14,value_01
benchmark_user_0035,u_attr_15,value_00
benchmark_user_0035,u_attr_16,value_00
benchmark_user_0036,u_attr_01,value_00
benchmark_user_0036,u_attr_02,value_00
benchmark_user_0036,u_attr_03,value_00
benchmark_user_0036,u_attr_04,value_01
benchmark_user_0036,u_attr_05,value_01
benchmark_user_0036,u_attr_06,value_00
benchmark_user_0036,u_attr_07,value_00
benchmark_user_0036,u_attr_08,value_00
benchmark_user_0036,u_attr_09,value_01
benchmark_user_0036,u_attr_10,value_00
benchmark_user_0036,u_attr_11,value_00
benchmark_user_0036,u_attr_12,value_01
benchmark_user_0036,u_attr_13,value_01
benchmark_user_0036,u_attr_14,value_01
benchmark_user_0036,u_attr_15,value_00
benchmark_user_0036,u_attr_16,value_00
benchmark_user_0037,u_attr_01,value_01
benchmark_user_0037,u_attr_02,value_01
benchmark_user_0037,u_attr_03,value_00
benchmark_user_0037,u_attr_04,value_01
benchmark_user_0037,u_attr_05,value_00
benchmark_user_0037,u_attr_06,value_01
benchmark_user_0037,u_attr_07,value_01
benchmark_user_0037,u_attr_08,value_01
benchmark_user_0037,u_attr_09,value_00
benchmark_user_0037,u_attr_10,value_00
benchmark_user_0037,u_attr_11,value_00
benchmark_user_0037,u_attr_12,value_01
benchmark_user_0037,u_attr_13,value_00
benchmark_user_0037,u_attr_14,value_00
benchmark_user_0037,u_attr_15,value_00
benchmark_user_0037,u_attr_16,value_00
benchmark_user_0038,u_attr_01,value_00
benchmark_user_0038,u_attr_02,value_00
benchmark_user_0038,u_attr_03,value_00
benchmark_user_0038,u_attr_04,value_00
benchmark_user_0038,u_attr_05,value_01
benchmark_user_0038,u_attr_06,value_00
benchmark_user_0038,u_attr_07,value_01
benchmark_user_0038,u_attr_08,value_00
benchmark_user_0038,u_attr_09,value_01
benchmark_user_0038,u_attr_10,value_00
benchmark_user_0038,u_attr_11,value_01
benchmark_user_0038,u_attr_12,value_01
benchmark_user_0038,u_attr_13,value_00
benchmark_user_0038,u_attr_14,value_01
benchmark_user_0038,u_attr_15,value_00
benchmark_user_0038,u_attr_16,value_01
benchmark_user_0039,u_attr_01,value_01
benchmark_user_0039,u_attr_02,value_01
benchmark_user_0039,u_attr_03,value_01
benchmark_user_0039,u_attr_04,value_01
benchmark_user_0039,u_attr_05,value_00
benchmark_user_0039,u_attr_06,value_01
benchmark_user_0039,u_attr_07,value_00
benchmark_user_0039,u_attr_08,value_01
benchmark_user_0039,u_attr_09,value_00
benchmark_user_0039,u_attr_10,value_00
benchmark_user_0039,u_attr_11,value_01
benchmark_user_0039,u_attr_12,value_00
benchmark_user_0039,u_attr_13,value_01
benchmark_user_0039,u_attr_14,value_01
benchmark_user_0039,u_attr_15,value_00
benchmark_user_0039,u_attr_16,value_00
benchmark_user_0040,u_attr_01,value_01
benchmark_user_0040,u_attr_02,value_00
benchmark_user_0040,u_attr_03,value_00
benchmark_user_0040,u_attr_04,value_01
benchmark_user_0040,u_attr_05,value_01
benchmark_user_0040,u_attr_06,value_00
benchmark_user_0040,u_attr_07,value_00
benchmark_user_0040,u_attr_08,value_01
benchmark_user_0040,u_attr_09,value_00
benchmark_user_0040,u_attr_10,value_00
benchmark_user_0040,u_attr_11,value_01
benchmark_user_0040,u_attr_12,value_01
benchmark_user_0040,u_attr_13,value_00
benchmark_user_0040,u_attr_14,value_00
benchmark_user_0040,u_attr_15,value_01
benchmark_user_0040,u_attr_16,value_00
benchmark_user_0041,u_attr_01,value_00
benchmark_user_0041,u_attr_02,value_00
benchmark_user_0041,u_attr_03,value_00
benchmark_user_0041,u_attr_04,value_01
benchmark_user_0041,u_attr_05,value_00
benchmark_user_0041,u_attr_06,value_00
benchmark_user_0041,u_attr_07,value_01
benchmark_user_0041,u_attr_08,value_01
benchmark_user_0041,u_attr_09,value_01
benchmark_user_0041,u_attr_10,value_00
benchmark_user_0041,u_attr_11,value_00
benchmark_user_0041,u_attr_12,value_00
benchmark_user_0041,u_attr_13,value_01
benchmark_user_0041,u_attr_14,value_01
benchmark_user_0041,u_attr_15,value_01
benchmark_user_0041,u_attr_16,value_00
benchmark_user_0042,u_attr_01,value_00
benchmark_user_0042,u_attr_02,value_00
benchmark_user_0042,u_attr_03,value_01
benchmark_user_0042,u_attr_04,value_00
benchmark_user_0042,u_attr_05,value_01
benchmark_user_0042,u_attr_06,value_00
benchmark_user_0042,u_attr_07,value_01
benchmark_user_0042,u_attr_08,value_00
benchmark_user_0042,u_attr_09,value_01
benchmark_user_0042,u_attr_10,value_01
benchmark_user_0042,u_attr_11,value_00
benchmark_user_0042,u_attr_12,value_01
benchmark_user_0042,u_attr_13,value_01
benchmark_user_0042,u_attr_14,value_00
benchmark_user_0042,u_attr_15,value_01
benchmark_user_0042,u_attr_16,value_00
benchmark_user_0043,u_attr_01,value_00
benchmark_user_0043,u_attr_02,value_00
benchmark_user_0043,u_attr_03,value_00
benchmark_user_0043,u_attr_04,value_00
benchmark_user_0043,u_attr_05,value_00
benchmark_user_0043,u_attr_06,value_01
benchmark_user_0043,u_attr_07,value_00
benchmark_user_0043,u_attr_08,value_00
benchmark_user_0043,u_attr_09,value_01
benchmark_user_0043,u_attr_10,value_01
benchmark_user_0043,u_attr_11,value_01
benchmark_user_0043,u_attr_12,value_00
benchmark_user_0043,u_attr_13,value_00
benchmark_user_0043,u_attr_14,value_01
benchmark_user_0043,u_attr_15,value_01
benchmark_user_0043,u_attr_16,value_01
benchmark_user_0044,u_attr_01,value_00
benchmark_user_0044,u_attr_02,value_01
benchmark_user_0044,u_attr_03,value_01
benchmark_user_0044,u_attr_04,value_01
benchmark_user_0044,u_attr_05,value_00
benchmark_user_0044,u_attr_06,value_01
benchmark_user_0044,u_attr_07,value_01
benchmark_user_0044,u_attr_08,value_00
benchmark_user_0044,u_attr_09,value_01
benchmark_user_0044,u_attr_10,value_00
benchmark_user_0044,u_attr_11,value_00
benchmark_user_0044,u_attr_12,value_00
benchmark_user_0044,u_attr_13,value_00
benchmark_user_0044,u_attr_14,value_01
benchmark_user_0044,u_attr_15,value_00
benchmark_user_0044,u_attr_16,value_00
benchmark_user_0045,u_attr_01,value_01
benchmark_user_0045,u_attr_02,value_01
benchmark_user_0045,u_attr_03,value_00
benchmark_user_0045,u_attr_04,value_01
benchmark_user_0045,u_attr_05,value_01
benchmark_user_0045,u_attr_06,value_01
benchmark_user_0045,u_attr_07,value_00
benchmark_user_0045,u_attr_08,value_01
benchmark_user_0045,u_attr_09,value_00
benchmark_user_0045,u_attr_10,value_01
benchmark_user_0045,u_attr_11,value_00
benchmark_user_0045,u_attr_12,value_00
benchmark_user_0045,u_attr_13,value_00
benchmark_user_0045,u_attr_14,value_00
benchmark_user_0045,u_attr_15,value_01
benchmark_user_0045,u_attr_16,value_01
benchmark_user_0046,u_attr_01,value_00
benchmark_user_0046,u_attr_02,value_01
benchmark_user_0046,u_attr_03,value_00
benchmark_user_0046,u_attr_04,value_01
benchmark_user_0046,u_attr_05,value_00
benchmark_user_0046,u_attr_06,value_00
benchmark_user_0046,u_attr_07,value_00
benchmark_user_0046,u_attr_08,value_00
benchmark_user_0046,u_attr_09,value_01
benchmark_user_0046,u_attr_10,value_00
benchmark_user_0046,u_attr_11,value_00
benchmark_user_0046,u_attr_12,value_00
benchmark_user_0046,u_attr_13,value_00
benchmark_user_0046,u_attr_14,value_01
benchmark_user_0046,u_attr_15,value_00
benchmark_user_0046,u_attr_16,value_01
benchmark_user_0047,u_attr_01,value_00
benchmark_user_0047,u_attr_02,value_01
benchmark_user_0047,u_attr_03,value_01
benchmark_user_0047,u_attr_04,value_00
benchmark_user_0047,u_attr_05,value_00
benchmark_user_0047,u_attr_06,value_00
benchmark_user_0047,u_attr_07,value_01
benchmark_user_0047,u_attr_08,value_00
benchmark_user_0047,u_attr_09,value_01
benchmark_user_0047,u_attr_10,value_01
benchmark_user_0047,u_attr_11,value_01
benchmark_user_0047,u_attr_12,value_01
benchmark_user_0047,u_attr_13,value_00
benchmark_user_0047,u_attr_14,value_00
benchmark_user_0047,u_attr_15,value_01
benchmark_user_0047,u_attr_16,value_00
benchmark_user_0048,u_attr_01,value_00
benchmark_user_0048,u_attr_02,value_01
benchmark_user_0048,u_attr_03,value_00
benchmark_user_0048,u_attr_04,value_01
benchmark_user_0048,u_attr_05,value_01
benchmark_user_0048,u_attr_06,value_01
benchmark_user_0048,u_attr_07,value_00
benchmark_user_0048,u_attr_08,value_01
benchmark_user_0048,u_attr_09,value_01
benchmark_user_0048,u_attr_10,value_01
benchmark_user_0048,u_attr_11,value_00
benchmark_user_0048,u_attr_12,value_01
benchmark_user_0048,u_attr_13,value_01
benchmark_user_0048,u_attr_14,value_01
benchmark_user_0048,u_attr_15,value_01
benchmark_user_0048,u_attr_16,value_01
benchmark_user_0049,u_attr_01,value_01
benchmark_user_0049,u_attr_02,value_00
benchmark_user_0049,u_attr_03,value_01
benchmark_user_0049,u_attr_04,value_00
benchmark_user_0049,u_attr_05,value_00
benchmark_user_0049,u_attr_06,value_00
benchmark_user_0049,u_attr_07,value_01
benchmark_user_0049,u_attr_08,value_01
benchmark_user_0049,u_attr_09,value_01
benchmark_user_0049,u_attr_10,value_01
benchmark_user_0049,u_attr_11,value_00
benchmark_user_0049,u_attr_12,value_00
benchmark_user_0049,u_attr_13,value_01
benchmark_user_0049,u_attr_14,value_00
benchmark_user_0049,u_attr_15,value_00
benchmark_user_0049,u_attr_16,value_00
benchmark_user_0050,u_attr_01,value_00
benchmark_user_0050,u_attr_02,value_01
benchmark_user_0050,u_attr_03,value_00
benchmark_user_0050,u_attr_04,value_01
benchmark_user_0050,u_attr_05,value_00
benchmark_user_0050,u_attr_06,value_00
benchmark_user_0050,u_attr_07,value_01
benchmark_user_0050,u_attr_08,value_01
benchmark_user_0050,u_attr_09,value_00
benchmark_user_0050,u_attr_10,value_00
benchmark_user_0050,u_attr_11,value_00
benchmark_user_0050,u_attr_12,value_01
benchmark_user_0050,u_attr_13,value_01
benchmark_user_0050,u_attr_14,value_01
benchmark_user_0050,u_attr_15,value_00
benchmark_user_0050,u_attr_16,value_01
benchmark_user_0051,u_attr_01,value_01
benchmark_user_0051,u_attr_02,value_01
benchmark_user_0051,u_attr_03,value_00
benchmark_user_0051,u_attr_04,value_01
benchmark_user_0051,u_attr_05,value_00
benchmark_user_0051,u_attr_06,value_01
benchmark_user_0051,u_attr_07,value_00
benchmark_user_0051,u_attr_08,value_01
benchmark_user_0051,u_attr_09,value_01
benchmark_user_0051,u_attr_10,value_00
benchmark_user_0051,u_attr_11,value_01
benchmark_user_0051,u_attr_12,value_00
benchmark_user_0051,u_attr_13,value_00
benchmark_user_0051,u_attr_14,value_01
benchmark_user_0051,u_attr_15,value_01
benchmark_user_0051,u_attr_16,value_01
benchmark_user_0052,u_attr_01,value_00
benchmark_user_0052,u_attr_02,value_00
benchmark_user_0052,u_attr_03,value_01
benchmark_user_0052,u_attr_04,value_00
benchmark_user_0052,u_attr_05,value_01
benchmark_user_0052,u_attr_06,value_00
benchmark_user_0052,u_attr_07,value_01
benchmark_user_0052,u_attr_08,value_00
benchmark_user_0052,u_attr_09,value_00
benchmark_user_0052,u_attr_10,value_00
benchmark_user_0052,u_attr_11,value_01
benchmark_user_0052,u_attr_12,value_01
benchmark_user_0052,u_attr_13,value_01
benchmark_user_0052,u_attr_14,value_00
benchmark_user_0052,u_attr_15,value_01
benchmark_user_0052,u_attr_16,value_01
benchmark_user_0053,u_attr_01,value_00
benchmark_user_0053,u_attr_02,value_01
benchmark_user_0053,u_attr_03,value_01
benchmark_user_0053,u_attr_04,value_00
benchmark_user_0053,u_attr_05,value_00
benchmark_user_0053,u_attr_06,value_01
benchmark_user_0053,u_attr_07,value_01
benchmark_user_0053,u_attr_08,value_00
benchmark_user_0053,u_attr_09,value_01
benchmark_user_0053,u_attr_10,value_01
benchmark_user_0053,u_attr_11,value_00
benchmark_user_0053,u_attr_12,value_01
benchmark_user_0053,u_attr_13,value_01
benchmark_user_0053,u_attr_14,value_01
benchmark_user_0053,u_attr_15,value_00
benchmark_user_0053,u_attr_16,value_01
benchmark_user_0054,u_attr_01,value_00
benchmark_user_0054,u_attr_02,value_01
benchmark_user_0054,u_attr_03,value_00
benchmark_user_0054,u_attr_04,value_01
benchmark_user_0054,u_attr_05,value_00
benchmark_user_0054,u_attr_06,value_01
benchmark_user_0054,u_attr_07,value_01
benchmark_user_0054,u_attr_08,value_01
benchmark_user_0054,u_attr_09,value_01
benchmark_user_0054,u_attr_10,value_01
benchmark_user_0054,u_attr_11,value_00
benchmark_user_0054,u_attr_12,value_00
benchmark_user_0054,u_attr_13,value_01
benchmark_user_0054,u_attr_14,value_01
benchmark_user_0054,u_attr_15,value_00
benchmark_user_0054,u_attr_16,value_01
benchmark_user_0055,u_attr_01,value_00
benchmark_user_0055,u_attr_02,value_01
benchmark_user_0055,u_attr_03,value_00
benchmark_user_0055,u_attr_04,value_00
benchmark_user_0055,u_attr_05,value_01
benchmark_user_0055,u_attr_06,value_01
benchmark_user_0055,u_attr_07,value_00
benchmark_user_0055,u_attr_08,value_01
benchmark_user_0055,u_attr_09,value_01
benchmark_user_0055,u_attr_10,value_00
benchmark_user_0055,u_attr_11,value_00
benchmark_user_0055,u_attr_12,value_00
benchmark_user_0055,u_attr_13,value_01
benchmark_user_0055,u_attr_14,value_00
benchmark_user_0055,u_attr_15,value_00
benchmark_user_0055,u_attr_16,value_01
benchmark_user_0056,u_attr_01,value_00
benchmark_user_0056,u_attr_02,value_00
benchmark_user_0056,u_attr_03,value_00
benchmark_user_0056,u_attr_04,value_00
benchmark_user_0056,u_attr_05,value_01
benchmark_user_0056,u_attr_06,value_00
benchmark_user_0056,u_attr_07,value_00
benchmark_user_0056,u_attr_08,value_01
benchmark_user_0056,u_attr_09,value_00
benchmark_user_0056,u_attr_10,value_01
benchmark_user_0056,u_attr_11,value_01
benchmark_user_0056,u_attr_12,value_01
benchmark_user_0056,u_attr_13,value_00
benchmark_user_0056,u_attr_14,value_01
benchmark_user_0056,u_attr_15,value_01
benchmark_user_0056,u_attr_16,value_01
benchmark_user_0057,u_attr_01,value_00
benchmark_user_0057,u_attr_02,value_00
benchmark_user_0057,u_attr_03,value_01
benchmark_user_0057,u_attr_04,value_00
benchmark_user_0057,u_attr_05,value_01
benchmark_user_0057,u_attr_06,value_00
benchmark_user_0057,u_attr_07,value_01
benchmark_user_0057,u_attr_08,value_01
benchmark_user_0057,u_attr_09,value_00
benchmark_user_0057,u_attr_10,value_00
benchmark_user_0057,u_attr_11,value_01
benchmark_user_0057,u_attr_12,value_01
benchmark_user_0057,u_attr_13,value_00
benchmark_user_0057,u_attr_14,value_00
benchmark_user_0057,u_attr_15,value_00
benchmark_user_0057,u_attr_16,value_01
benchmark_user_0058,u_attr_01,value_00
benchmark_user_0058,u_attr_02,value_00
benchmark_user_0058,u_attr_03,value_00
benchmark_user_0058,u_attr_04,value_01
benchmark_user_0058,u_attr_05,value_01
benchmark_user_0058,u_attr_06,value_01
benchmark_user_0058,u_attr_07,value_00
benchmark_user_0058,u_attr_08,value_01
benchmark_user_0058,u_attr_09,value_01
benchmark_user_0058,u_attr_10,value_00
benchmark_user_0058,u_attr_11,value_00
benchmark_user_0058,u_attr_12,value_00
benchmark_user_0058,u_attr_13,value_01
benchmark_user_0058,u_attr_14,value_01
benchmark_user_0058,u_attr_15,value_01
benchmark_user_0058,u_attr_16,value_01
benchmark_user_0059,u_attr_01,value_00
benchmark_user_0059,u_attr_02,value_01
benchmark_user_0059,u_attr_03,value_00
benchmark_user_0059,u_attr_04,value_00
benchmark_user_0059,u_attr_05,value_00
benchmark_user_0059,u_attr_06,value_01
benchmark_user_0059,u_attr_07,value_01
benchmark_user_0059,u_attr_08,value_00
benchmark_user_0059,u_attr_09,value_01
benchmark_user_0059,u_attr_10,value_01
benchmark_user_0059,u_attr_11,value_00
benchmark_user_0059,u_attr_12,value_01
benchmark_user_0059,u_attr_13,value_00
benchmark_user_0059,u_attr_14,value_01
benchmark_user_0059,u_attr_15,value_00
benchmark_user_0059,u_attr_16,value_01
benchmark_user_0060,u_attr_01,value_01
benchmark_user_0060,u_attr_02,value_00
benchmark_user_0060,u_attr_03,value_00
benchmark_user_0060,u_attr_04,value_00
benchmark_user_0060,u_attr_05,value_01
benchmark_user_0060,u_attr_06,value_00
benchmark_user_0060,u_attr_07,value_01
benchmark_user_0060,u_attr_08,value_00
benchmark_user_0060,u_attr_09,value_01
benchmark_user_0060,u_attr_10,value_01
benchmark_user_0060,u_attr_11,value_01
benchmark_user_0060,u_attr_12,value_01
benchmark_user_0060,u_attr_13,value_01
benchmark_user_0060,u_attr_14,value_01
benchmark_user_0060,u_attr_15,value_01
benchmark_user_0060,u_attr_16,value_00
benchmark_user_0061,u_attr_01,value_01
benchmark_user_0061,u_attr_02,value_00
benchmark_user_0061,u_attr_03,value_00
benchmark_user_0061,u_attr_04,value_00
benchmark_user_0061,u_attr_05,value_01
benchmark_user_0061,u_attr_06,value_01
benchmark_user_0061,u_attr_07,value_01
benchmark_user_0061,u_attr_08,value_00
benchmark_user_0061,u_attr_09,value_00
benchmark_user_0061,u_attr_10,value_01
benchmark_user_0061,u_attr_11,value_00
benchmark_user_0061,u_attr_12,value_00
benchmark_user_0061,u_attr_13,value_01
benchmark_user_0061,u_attr_14,value_00
benchmark_user_0061,u_attr_15,value_01
benchmark_user_0061,u_attr_16,value_01
benchmark_user_0062,u_attr_01,value_01
benchmark_user_0062,u_attr_02,value_01
benchmark_user_0062,u_attr_03,value_00
benchmark_user_0062,u_attr_04,value_01
benchmark_user_0062,u_attr_05,value_00
benchmark_user_0062,u_attr_06,value_01
benchmark_user_0062,u_attr_07,value_00
benchmark_user_0062,u_attr_08,value_00
benchmark_user_0062,u_attr_09,value_01
benchmark_user_0062,u_attr_10,value_01
benchmark_user_0062,u_attr_11,value_00
benchmark_user_0062,u_attr_12,value_01
benchmark_user_0062,u_attr_13,value_01
benchmark_user_0062,u_attr_14,value_00
benchmark_user_0062,u_attr_15,value_01
benchmark_user_0062,u_attr_16,value_00
benchmark_user_0063,u_attr_01,value_00
benchmark_user_0063,u_attr_02,value_01
benchmark_user_0063,u_attr_03,value_00
benchmark_user_0063,u_attr_04,value_00
benchmark_user_0063,u_attr_05,value_01
benchmark_user_0063,u_attr_06,value_01
benchmark_user_0063,u_attr_07,value_01
benchmark_user_0063,u_attr_08,value_00
benchmark_user_0063,u_attr_09,value_00
benchmark_user_0063,u_attr_10,value_00
benchmark_user_0063,u_attr_11,value_00
benchmark_user_0063,u_attr_12,value_01
benchmark_user_0063,u_attr_13,value_00
benchmark_user_0063,u_attr_14,value_01
benchmark_user_0063,u_attr_15,value_00
benchmark_user_0063,u_attr_16,value_01
benchmark_user_0064,u_attr_01,value_01
benchmark_user_0064,u_attr_02,value_01
benchmark_user_0064,u_attr_03,value_01
benchmark_user_0064,u_attr_04,value_01
benchmark_user_0064,u_attr_05,value_01
benchmark_user_0064,u_attr_06,value_01
benchmark_user_0064,u_attr_07,value_00
benchmark_user_0064,u_attr_08,value_01
benchmark_user_0064,u_attr_09,value_00
benchmark_user_0064,u_attr_10,value_01
benchmark_user_0064,u_attr_11,value_01
benchmark_user_0064,u_attr_12,value_00
benchmark_user_0064,u_attr_13,value_01
benchmark_user_0064,u_attr_14,value_00
benchmark_user_0064,u_attr_15,value_00
benchmark_user_0064,u_attr_16,value_00
benchmark_user_0065,u_attr_01,value_01
benchmark_user_0065,u_attr_02,value_01
benchmark_user_0065,u_attr_03,value_01
benchmark_user_0065,u_attr_04,value_01
benchmark_user_0065,u_attr_05,value_01
benchmark_user_0065,u_attr_06,value_01
benchmark_user_0065,u_attr_07,value_00
benchmark_user_0065,u_attr_08,value_00
benchmark_user_0065,u_attr_09,value_01
benchmark_user_0065,u_attr_10,value_00
benchmark_user_0065,u_attr_11,value_00
benchmark_user_0065,u_attr_12,value_00
benchmark_user_0065,u_attr_13,value_01
benchmark_user_0065,u_attr_14,value_00
benchmark_user_0065,u_attr_15,value_00
benchmark_user_0065,u_attr_16,value_01
benchmark_user_0066,u_attr_01,value_00
benchmark_user_0066,u_attr_02,value_01
benchmark_user_0066,u_attr_03,value_01
benchmark_user_0066,u_attr_04,value_00
benchmark_user_0066,u_attr_05,value_00
benchmark_user_0066,u_attr_06,value_01
benchmark_user_0066,u_attr_07,value_01
benchmark_user_0066,u_attr_08,value_01
benchmark_user_0066,u_attr_09,value_00
benchmark_user_0066,u_attr_10,value_01
benchmark_user_0066,u_attr_11,value_01
benchmark_user_0066,u_attr_12,value_01
benchmark_user_0066,u_attr_13,value_00
benchmark_user_0066,u_attr_14,value_00
benchmark_user_0066,u_attr_15,value_00
benchmark_user_0066,u_attr_16,value_01
benchmark_user_0067,u_attr_01,value_01
benchmark_user_0067,u_attr_02,value_00
benchmark_user_0067,u_attr_03,value_01
benchmark_user_0067,u_attr_04,value_01
benchmark_user_0067,u_attr_05,value_00
benchmark_user_0067,u_attr_06,value_00
benchmark_user_0067,u_attr_07,value_01
benchmark_user_0067,u_attr_08,value_00
benchmark_user_0067,u_attr_09,value_01
benchmark_user_0067,u_attr_10,value_01
benchmark_user_0067,u_attr_11,value_01
benchmark_user_0067,u_attr_12,value_00
benchmark_user_0067,u_attr_13,value_00
benchmark_user_0067,u_attr_14,value_00
benchmark_user_0067,u_attr_15,value_00
benchmark_user_0067,u_attr_16,value_00
benchmark_user_0068,u_attr_01,value_00
benchmark_user_0068,u_attr_02,value_00
benchmark_user_0068,u_attr_03,value_00
benchmark_user_0068,u_attr_04,value_00
benchmark_user_0068,u_attr_05,value_00
benchmark_user_0068,u_attr_06,value_01
benchmark_user_0068,u_attr_07,value_01
benchmark_user_0068,u_attr_08,value_00
benchmark_user_0068,u_attr_09,value_00
benchmark_user_0068,u_attr_10,value_00
benchmark_user_0068,u_attr_11,value_01
benchmark_user_0068,u_attr_12,value_01
benchmark_user_0068,u_attr_13,value_00
benchmark_user_0068,u_attr_14,value_00
benchmark_user_0068,u_attr_15,value_01
benchmark_user_0068,u_attr_16,value_00
benchmark_user_0069,u_attr_01,value_00
benchmark_user_0069,u_attr_02,value_00
benchmark_user_0069,u_attr_03,value_01
benchmark_user_0069,u_attr_04,value_00
benchmark_user_0069,u_attr_05,value_01
benchmark_user_0069,u_attr_06,value_00
benchmark_user_0069,u_attr_07,value_01
benchmark_user_0069,u_attr_08,value_00
benchmark_user_0069,u_attr_09,value_00
benchmark_user_0069,u_attr_10,value_00
benchmark_user_0069,u_attr_11,value_00
benchmark_user_0069,u_attr_12,value_00
benchmark_user_0069,u_attr_13,value_00
benchmark_user_0069,u_attr_14,value_00
benchmark_user_0069,u_attr_15,value_00
benchmark_user_0069,u_attr_16,value_00
benchmark_user_0070,u_attr_01,value_01
benchmark_user_0070,u_attr_02,value_01
benchmark_user_0070,u_attr_03,value_01
benchmark_user_0070,u_attr_04,value_00
benchmark_user_0070,u_attr_05,value_01
benchmark_user_0070,u_attr_06,value_01
benchmark_user_0070,u_attr_07,value_01
benchmark_user_0070,u_attr_08,value_00
benchmark_user_0070,u_attr_09,value_01
benchmark_user_0070,u_attr_10,value_00
benchmark_user_0070,u_attr_11,value_00
benchmark_user_0070,u_attr_12,value_00
benchmark_user_0070,u_attr_13,value_01
benchmark_user_0070,u_attr_14,value_01
benchmark_user_0070,u_attr_15,value_00
benchmark_user_0070,u_attr_16,value_01
benchmark_user_0071,u_attr_01,value_01
benchmark_user_0071,u_attr_02,value_01
benchmark_user_0071,u_attr_03,value_00
benchmark_user_0071,u_attr_04,value_00
benchmark_user_0071,u_attr_05,value_00
benchmark_user_0071,u_attr_06,value_01
benchmark_user_0071,u_attr_07,value_00
benchmark_user_0071,u_attr_08,value_00
benchmark_user_0071,u_attr_09,value_01
benchmark_user_0071,u_attr_10,value_00
benchmark_user_0071,u_attr_11,value_00
benchmark_user_0071,u_attr_12,value_00
benchmark_user_0071,u_attr_13,value_01
benchmark_user_0071,u_attr_14,value_00
benchmark_user_0071,u_attr_15,value_01
benchmark_user_0071,u_attr_16,value_00
benchmark_user_0072,u_attr_01,value_01
benchmark_user_0072,u_attr_02,value_01
benchmark_user_0072,u_attr_03,value_01
benchmark_user_0072,u_attr_04,value_00
benchmark_user_0072,u_attr_05,value_01
benchmark_user_0072,u_attr_06,value_00
benchmark_user_0072,u_attr_07,value_00
benchmark_user_0072,u_attr_08,value_01
benchmark_user_0072,u_attr_09,value_00
benchmark_user_0072,u_attr_10,value_01
benchmark_user_0072,u_attr_11,value_01
benchmark_user_0072,u_attr_12,value_00
benchmark_user_0072,u_attr_13,value_00
benchmark_user_0072,u_attr_14,value_01
benchmark_user_0072,u_attr_15,value_01
benchmark_user_0072,u_attr_16,value_01
benchmark_user_0073,u_attr_01,value_00
benchmark_user_0073,u_attr_02,value_00
benchmark_user_0073,u_attr_03,value_01
benchmark_user_0073,u_attr_04,value_01
benchmark_user_0073,u_attr_05,value_00
benchmark_user_0073,u_attr_06,value_00
benchmark_user_0073,u_attr_07,value_01
benchmark_user_0073,u_attr_08,value_00
benchmark_user_0073,u_attr_09,value_00
benchmark_user_0073,u_attr_10,value_01
benchmark_user_0073,u_attr_11,value_00
benchmark_user_0073,u_attr_12,value_01
benchmark_user_0073,u_attr_13,value_00
benchmark_user_0073,u_attr_14,value_01
benchmark_user_0073,u_attr_15,value_01
benchmark_user_0073,u_attr_16,value_00
benchmark_user_0074,u_attr_01,value_01
benchmark_user_0074,u_attr_02,value_01
benchmark_user_0074,u_attr_03,value_00
benchmark_user_0074,u_attr_04,value_01
benchmark_user_0074,u_attr_05,value_01
benchmark_user_0074,u_attr_06,value_01
benchmark_user_0074,u_attr_07,value_00
benchmark_user_0074,u_attr_08,value_01
benchmark_user_0074,u_attr_09,value_00
benchmark_user_0074,u_attr_10,value_01
benchmark_user_0074,u_attr_11,value_01
benchmark_user_0074,u_attr_12,value_00
benchmark_user_0074,u_attr_13,value_01
benchmark_user_0074,u_attr_14,value_01
benchmark_user_0074,u_attr_15,value_00
benchmark_user_0074,u_attr_16,value_01
benchmark_user_0075,u_attr_01,value_00
benchmark_user_0075,u_attr_02,value_01
benchmark_user_0075,u_attr_03,value_01
benchmark_user_0075,u_attr_04,value_00
benchmark_user_0075,u_attr_05,value_01
benchmark_user_0075,u_attr_06,value_01
benchmark_user_0075,u_attr_07,value_01
benchmark_user_0075,u_attr_08,value_01
benchmark_user_0075,u_attr_09,value_01
benchmark_user_0075,u_attr_10,value_01
benchmark_user_0075,u_attr_11,value_00
benchmark_user_0075,u_attr_12,value_00
benchmark_user_0075,u_attr_13,value_01
benchmark_user_0075,u_attr_14,value_01
benchmark_user_0075,u_attr_15,value_00
benchmark_user_0075,u_attr_16,value_00
benchmark_user_0076,u_attr_01,value_01
benchmark_user_0076,u_attr_02,value_00
benchmark_user_0076,u_attr_03,value_00
benchmark_user_0076,u_attr_04,value_00
benchmark_user_0076,u_attr_05,value_01
benchmark_user_0076,u_attr_06,value_00
benchmark_user_0076,u_attr_07,value_00
benchmark_user_0076,u_attr_08,value_01
benchmark_user_0076,u_attr_09,value_00
benchmark_user_0076,u_attr_10,value_01
benchmark_user_0076,u_attr_11,value_01
benchmark_user_0076,u_attr_12,value_01
benchmark_user_0076,u_attr_13,value_01
benchmark_user_0076,u_attr_14,value_01
benchmark_user_0076,u_attr_15,value_00
benchmark_user_0076,u_attr_16,value_00
benchmark_user_0077,u_attr_01,value_01
benchmark_user_0077,u_attr_02,value_00
benchmark_user_0077,u_attr_03,value_00
benchmark_user_0077,u_attr_04,value_00
benchmark_user_0077,u_attr_05,value_00
benchmark_user_0077,u_attr_06,value_00
benchmark_user_0077,u_attr_07,value_00
benchmark_user_0077,u_attr_08,value_01
benchmark_user_0077,u_attr_09,value_01
benchmark_user_0077,u_attr_10,value_01
benchmark_user_0077,u_attr_11,value_00
benchmark_user_0077,u_attr_12,value_01
benchmark_user_0077,u_attr_13,value_01
benchmark_user_0077,u_attr_14,value_00
benchmark_user_0077,u_attr_15,value_01
benchmark_user_0077,u_attr_16,value_00
benchmark_user_0078,u_attr_01,value_00
benchmark_user_0078,u_attr_02,value_01
benchmark_user_0078,u_attr_03,value_00
benchmark_user_0078,u_attr_04,value_01
benchmark_user_0078,u_attr_05,value_01
benchmark_user_0078,u_attr_06,value_00
benchmark_user_0078,u_attr_07,value_01
benchmark_user_0078,u_attr_08,value_01
benchmark_user_0078,u_attr_09,value_01
benchmark_user_0078,u_attr_10,value_00
benchmark_user_0078,u_attr_11,value_01
benchmark_user_0078,u_attr_12,value_01
benchmark_user_0078,u_attr_13,value_01
benchmark_user_0078,u_attr_14,value_01
benchmark_user_0078,u_attr_15,value_01
benchmark_user_0078,u_attr_16,value_00
benchmark_user_0079,u_attr_01,value_01
benchmark_user_0079,u_attr_02,value_00
benchmark_user_0079,u_attr_03,value_00
benchmark_user_0079,u_attr_04,value_00
benchmark_user_0079,u_attr_05,value_01
benchmark_user_0079,u_attr_06,value_00
benchmark_user_0079,u_attr_07,value_01
benchmark_user_0079,u_attr_08,value_00
benchmark_user_0079,u_attr_09,value_00
benchmark_user_0079,u_attr_10,value_01
benchmark_user_0079,u_attr_11,value_01
benchmark_user_0079,u_attr_12,value_00
benchmark_user_0079,u_attr_13,value_01
benchmark_user_0079,u_attr_14,value_01
benchmark_user_0079,u_attr_15,value_01
benchmark_user_0079,u_attr_16,value_01
benchmark_user_0080,u_attr_01,value_00
benchmark_user_0080,u_attr_02,value_01
benchmark_user_0080,u_attr_03,value_01
benchmark_user_0080,u_attr_04,value_00
benchmark_user_0080,u_attr_05,value_00
benchmark_user_0080,u_attr_06,value_01
benchmark_user_0080,u_attr_07,value_00
benchmark_user_0080,u_attr_08,value_01
benchmark_user_0080,u_attr_09,value_00
benchmark_user_0080,u_attr_10,value_01
benchmark_user_0080,u_attr_11,value_00
benchmark_user_0080,u_attr_12,value_00
benchmark_user_0080,u_attr_13,value_00
benchmark_user_0080,u_attr_14,value_00
benchmark_user_0080,u_attr_15,value_00
benchmark_user_0080,u_attr_16,value_01
benchmark_user_0081,u_attr_01,value_00
benchmark_user_0081,u_attr_02,value_00
benchmark_user_0081,u_attr_03,value_00
benchmark_user_0081,u_attr_04,value_01
benchmark_user_0081,u_attr_05,value_01
benchmark_user_0081,u_attr_06,value_01
benchmark_user_0081,u_attr_07,value_01
benchmark_user_0081,u_attr_08,value_01
benchmark_user_0081,u_attr_09,value_00
benchmark_user_0081,u_attr_10,value_01
benchmark_user_0081,u_attr_11,value_00
benchmark_user_0081,u_attr_12,value_00
benchmark_user_0081,u_attr_13,value_00
benchmark_user_0081,u_attr_14,value_01
benchmark_user_0081,u_attr_15,value_00
benchmark_user_0081,u_attr_16,value_01
benchmark_user_0082,u_attr_01,value_01
benchmark_user_0082,u_attr_02,value_01
benchmark_user_0082,u_attr_03,value_01
benchmark_user_0082,u_attr_04,value_01
benchmark_user_0082,u_attr_05,value_00
benchmark_user_0082,u_attr_06,value_00
benchmark_user_0082,u_attr_07,value_00
benchmark_user_0082,u_attr_08,value_00
benchmark_user_0082,u_attr_09,value_01
benchmark_user_0082,u_attr_10,value_00
benchmark_user_0082,u_attr_11,value_01
benchmark_user_0082,u_attr_12,value_00
benchmark_user_0082,u_attr_13,value_00
benchmark_user_0082,u_attr_14,value_00
benchmark_user_0082,u_attr_15,value_01
benchmark_user_0082,u_attr_16,value_01
benchmark_user_0083,u_attr_01,value_01
benchmark_user_0083,u_attr_02,value_01
benchmark_user_0083,u_attr_03,value_01
benchmark_user_0083,u_attr_04,value_00
benchmark_user_0083,u_attr_05,value_00
benchmark_user_0083,u_attr_06,value_01
benchmark_user_0083,u_attr_07,value_01
benchmark_user_0083,u_attr_08,value_00
benchmark_user_0083,u_attr_09,value_01
benchmark_user_0083,u_attr_10,value_01
benchmark_user_0083,u_attr_11,value_00
benchmark_user_0083,u_attr_12,value_01
benchmark_user_0083,u_attr_13,value_00
benchmark_user_0083,u_attr_14,value_00
benchmark_user_0083,u_attr_15,value_01
benchmark_user_0083,u_attr_16,value_01
benchmark_user_0084,u_attr_01,value_01
benchmark_user_0084,u_attr_02,value_01
benchmark_user_0084,u_attr_03,value_01
benchmark_user_0084,u_attr_04,value_00
benchmark_user_0084,u_attr_05,value_00
benchmark_user_0084,u_attr_06,value_00
benchmark_user_0084,u_attr_07,value_01
benchmark_user_0084,u_attr_08,value_00
benchmark_user_0084,u_attr_09,value_00
benchmark_user_0084,u_attr_10,value_01
benchmark_user_0084,u_attr_11,value_01
benchmark_user_0084,u_attr_12,value_01
benchmark_user_0084,u_attr_13,value_01
benchmark_user_0084,u_attr_14,value_01
benchmark_user_0084,u_attr_15,value_00
benchmark_user_0084,u_attr_16,value_00
benchmark_user_0085,u_attr_01,value_00
benchmark_user_0085,u_attr_02,value_00
benchmark_user_0085,u_attr_03,value_00
benchmark_user_0085,u_attr_04,value_01
benchmark_user_0085,u_attr_05,value_00
benchmark_user_0085,u_attr_06,value_00
benchmark_user_0085,u_attr_07,value_01
benchmark_user_0085,u_attr_08,value_01
benchmark_user_0085,u_attr_09,value_01
benchmark_user_0085,u_attr_10,value_01
benchmark_user_0085,u_attr_11,value_01
benchmark_user_0085,u_attr_12,value_01
benchmark_user_0085,u_attr_13,value_00
benchmark_user_0085,u_attr_14,value_01
benchmark_user_0085,u_attr_15,value_01
benchmark_user_0085,u_attr_16,value_01
benchmark_user_0086,u_attr_01,value_00
benchmark_user_0086,u_attr_02,value_01
benchmark_user_0086,u_attr_03,value_00
benchmark_user_0086,u_attr_04,value_00
benchmark_user_0086,u_attr_05,value_01
benchmark_user_0086,u_attr_06,value_00
benchmark_user_0086,u_attr_07,value_01
benchmark_user_0086,u_attr_08,value_01
benchmark_user_0086,u_attr_09,value_01
benchmark_user_0086,u_attr_10,value_00
benchmark_user_0086,u_attr_11,value_01
benchmark_user_0086,u_attr_12,value_01
benchmark_user_0086,u_attr_13,value_01
benchmark_user_0086,u_attr_14,value_01
benchmark_user_0086,u_attr_15,value_00
benchmark_user_0086,u_attr_16,value_00
benchmark_user_0087,u_attr_01,value_00
benchmark_user_0087,u_attr_02,value_01
benchmark_user_0087,u_attr_03,value_01
benchmark_user_0087,u_attr_04,value_01
benchmark_user_0087,u_attr_05,value_00
benchmark_user_0087,u_attr_06,value_00
benchmark_user_0087,u_attr_07,value_00
benchmark_user_0087,u_attr_08,value_00
benchmark_user_0087,u_attr_09,value_01
benchmark_user_0087,u_attr_10,value_00
benchmark_user_0087,u_attr_11,value_00
benchmark_user_0087,u_attr_12,value_01
benchmark_user_0087,u_attr_13,value_01
benchmark_user_0087,u_attr_14,value_01
benchmark_user_0087,u_attr_15,value_00
benchmark_user_0087,u_attr_16,value_01
benchmark_user_0088,u_attr_01,value_01
benchmark_user_0088,u_attr_02,value_01
benchmark_user_0088,u_attr_03,value_00
benchmark_user_0088,u_attr_04,value_00
benchmark_user_0088,u_attr_05,value_01
benchmark_user_0088,u_attr_06,value_00
benchmark_user_0088,u_attr_07,value_00
benchmark_user_0088,u_attr_08,value_00
benchmark_user_0088,u_attr_09,value_01
benchmark_user_0088,u_attr_10,value_01
benchmark_user_0088,u_attr_11,value_00
benchmark_user_0088,u_attr_12,value_00
benchmark_user_0088,u_attr_13,value_00
benchmark_user_0088,u_attr_14,value_01
benchmark_user_0088,u_attr_15,value_00
benchmark_user_0088,u_attr_16,value_01
benchmark_user_0089,u_attr_01,value_01
benchmark_user_0089,u_attr_02,value_00
benchmark_user_0089,u_attr_03,value_01
benchmark_user_0089,u_attr_04,value_01
benchmark_user_0089,u_attr_05,value_01
benchmark_user_0089,u_attr_06,value_00
benchmark_user_0089,u_attr_07,value_00
benchmark_user_0089,u_attr_08,value_00
benchmark_user_0089,u_attr_09,value_00
benchmark_user_0089,u_attr_10,value_00
benchmark_user_0089,u_attr_11,value_01
benchmark_user_0089,u_attr_12,value_00
benchmark_user_0089,u_attr_13,value_01
benchmark_user_0089,u_attr_14,value_01
benchmark_user_0089,u_attr_15,value_00
benchmark_user_0089,u_attr_16,value_00
benchmark_user_0090,u_attr_01,value_00
benchmark_user_0090,u_attr_02,value_01
benchmark_user_0090,u_attr_03,value_00
benchmark_user_0090,u_attr_04,value_01
benchmark_user_0090,u_attr_05,value_01
benchmark_user_0090,u_attr_06,value_00
benchmark_user_0090,u_attr_07,value_00
benchmark_user_0090,u_attr_08,value_01
benchmark_user_0090,u_attr_09,value_00
benchmark_user_0090,u_attr_10,value_01
benchmark_user_0090,u_attr_11,value_00
benchmark_user_0090,u_attr_12,value_01
benchmark_user_0090,u_attr_13,value_01
benchmark_user_0090,u_attr_14,value_00
benchmark_user_0090,u_attr_15,value_01
benchmark_user_0090,u_attr_16,value_00
benchmark_user_0091,u_attr_01,value_01
benchmark_user_0091,u_attr_02,value_01
benchmark_user_0091,u_attr_03,value_01
benchmark_user_0091,u_attr_04,value_00
benchmark_user_0091,u_attr_05,value_01
benchmark_user_0091,u_attr_06,value_00
benchmark_user_0091,u_attr_07,value_01
benchmark_user_0091,u_attr_08,value_01
benchmark_user_0091,u_attr_09,value_00
benchmark_user_0091,u_attr_10,value_00
benchmark_user_0091,u_attr_11,value_01
benchmark_user_0091,u_attr_12,value_01
benchmark_user_0091,u_attr_13,value_00
benchmark_user_0091,u_attr_14,value_00
benchmark_user_0091,u_attr_15,value_00
benchmark_user_0091,u_attr_16,value_01
benchmark_user_0092,u_attr_01,value_01
benchmark_user_0092,u_attr_02,value_01
benchmark_user_0092,u_attr_03,value_01
benchmark_user_0092,u_attr_04,value_01
benchmark_user_0092,u_attr_05,value_00
benchmark_user_0092,u_attr_06,value_01
benchmark_user_0092,u_attr_07,value_01
benchmark_user_0092,u_attr_08,value_01
benchmark_user_0092,u_attr_09,value_00
benchmark_user_0092,u_attr_10,value_01
benchmark_user_0092,u_attr_11,value_01
benchmark_user_0092,u_attr_12,value_00
benchmark_user_0092,u_attr_13,value_01
benchmark_user_0092,u_attr_14,value_00
benchmark_user_0092,u_attr_15,value_00
benchmark_user_0092,u_attr_16,value_01
benchmark_user_0093,u_attr_01,value_00
benchmark_user_0093,u_attr_02,value_00
benchmark_user_0093,u_attr_03,value_00
benchmark_user_0093,u_attr_04,value_00
benchmark_user_0093,u_attr_05,value_01
benchmark_user_0093,u_attr_06,value_00
benchmark_user_0093,u_attr_07,value_00
benchmark_user_0093,u_attr_08,value_01
benchmark_user_0093,u_attr_09,value_00
benchmark_user_0093,u_attr_10,value_01
benchmark_user_0093,u_attr_11,value_00
benchmark_user_0093,u_attr_12,value_00
benchmark_user_0093,u_attr_13,value_01
benchmark_user_0093,u_attr_14,value_00
benchmark_user_0093,u_attr_15,value_01
benchmark_user_0093,u_attr_16,value_00
benchmark_user_0094,u_attr_01,value_00
benchmark_user_0094,u_attr_02,value_01
benchmark_user_0094,u_attr_03,value_01
benchmark_user_0094,u_attr_04,value_01
benchmark_user_0094,u_attr_05,value_01
benchmark_user_0094,u_attr_06,value_01
benchmark_user_0094,u_attr_07,value_00
benchmark_user_0094,u_attr_08,value_00
benchmark_user_0094,u_attr_09,value_00
benchmark_user_0094,u_attr_10,value_00
benchmark_user_0094,u_attr_11,value_00
benchmark_user_0094,u_attr_12,value_01
benchmark_user_0094,u_attr_13,value_01
benchmark_user_0094,u_attr_14,value_00
benchmark_user_0094,u_attr_15,value_00
benchmark_user_0094,u_attr_16,value_00
benchmark_user_0095,u_attr_01,value_00
benchmark_user_0095,u_attr_02,value_01
benchmark_user_0095,u_attr_03,value_00
benchmark_user_0095,u_attr_04,value_00
benchmark_user_0095,u_attr_05,value_01
benchmark_user_0095,u_attr_06,value_00
benchmark_user_0095,u_attr_07,value_01
benchmark_user_0095,u_attr_08,value_01
benchmark_user_0095,u_attr_09,value_00
benchmark_user_0095,u_attr_10,value_00
benchmark_user_0095,u_attr_11,value_01
benchmark_user_0095,u_attr_12,value_01
benchmark_user_0095,u_attr_13,value_00
benchmark_user_0095,u_attr_14,value_01
benchmark_user_0095,u_attr_15,value_01
benchmark_user_0095,u_attr_16,value_01
benchmark_user_0096,u_attr_01,value_01
benchmark_user_0096,u_attr_02,value_00
benchmark_user_0096,u_attr_03,value_00
benchmark_user_0096,u_attr_04,value_01
benchmark_user_0096,u_attr_05,value_01
benchmark_user_0096,u_attr_06,value_01
benchmark_user_0096,u_attr_07,value_01
benchmark_user_0096,u_attr_08,value_00
benchmark_user_0096,u_attr_09,value_01
benchmark_user_0096,u_attr_10,value_01
benchmark_user_0096,u_attr_11,value_01
benchmark_user_0096,u_attr_12,value_00
benchmark_user_0096,u_attr_13,value_00
benchmark_user_0096,u_attr_14,value_00
benchmark_user_0096,u_attr_15,value_00
benchmark_user_0096,u_attr_16,value_01
benchmark_user_0097,u_attr_01,value_01
benchmark_user_0097,u_attr_02,value_01
benchmark_user_0097,u_attr_03,value_01
benchmark_user_0097,u_attr_04,value_00
benchmark_user_0097,u_attr_05,value_01
benchmark_user_0097,u_attr_06,value_00
benchmark_user_0097,u_attr_07,value_00
benchmark_user_0097,u_attr_08,value_01
benchmark_user_0097,u_attr_09,value_00
benchmark_user_0097,u_attr_10,value_01
benchmark_user_0097,u_attr_11,value_00
benchmark_user_0097,u_attr_12,value_01
benchmark_user_0097,u_attr_13,value_01
benchmark_user_0097,u_attr_14,value_01
benchmark_user_0097,u_attr_15,value_01
benchmark_user_0097,u_attr_16,value_01
benchmark_user_0098,u_attr_01,value_00
benchmark_user_0098,u_attr_02,value_00
benchmark_user_0098,u_attr_03,value_00
benchmark_user_0098,u_attr_04,value_00
benchmark_user_0098,u_attr_05,value_00
benchmark_user_0098,u_attr_06,value_01
benchmark_user_0098,u_attr_07,value_00
benchmark_user_0098,u_attr_08,value_00
benchmark_user_0098,u_attr_09,value_00
benchmark_user_0098,u_attr_10,value_00
benchmark_user_0098,u_attr_11,value_00
benchmark_user_0098,u_attr_12,value_00
benchmark_user_0098,u_attr_13,value_01
benchmark_user_0098,u_attr_14,value_01
benchmark_user_0098,u_attr_15,value_01
benchmark_user_0098,u_attr_16,value_01
benchmark_user_0099,u_attr_01,value_00
benchmark_user_0099,u_attr_02,value_00
benchmark_user_0099,u_attr_03,value_00
benchmark_user_0099,u_attr_04,value_01
benchmark_user_0099,u_attr_05,value_00
benchmark_user_0099,u_attr_06,value_01
benchmark_user_0099,u_attr_07,value_00
benchmark_user_0099,u_attr_08,value_00
benchmark_user_0099,u_attr_09,value_00
benchmark_user_0099,u_attr_10,value_00
benchmark_user_0099,u_attr_11,value_00
benchmark_user_0099,u_attr_12,value_00
benchmark_user_0099,u_attr_13,value_00
benchmark_user_0099,u_attr_14,value_00
benchmark_user_0099,u_attr_15,value_01
benchmark_user_0099,u_attr_16,value_01
benchmark_user_0100,u_attr_01,value_00
benchmark_user_0100,u_attr_02,value_00
benchmark_user_0100,u_attr_03,value_00
benchmark_user_0100,u_attr_04,value_00
benchmark_user_0100,u_attr_05,value_01
benchmark_user_0100,u_attr_06,value_00
benchmark_user_0100,u_attr_07,value_01
benchmark_user_0100,u_attr_08,value_01
benchmark_user_0100,u_attr_09,value_00
benchmark_user_0100,u_attr_10,value_01
benchmark_user_0100,u_attr_11,value_00
benchmark_user_0100,u_attr_12,value_01
benchmark_user_0100,u_attr_13,value_01
benchmark_user_0100,u_attr_14,value_00
benchmark_user_0100,u_attr_15,value_00
benchmark_user_0100,u_attr_16,value_01
benchmark_user_0101,u_attr_01,value_00
benchmark_user_0101,u_attr_02,value_00
benchmark_user_0101,u_attr_03,value_00
benchmark_user_0101,u_attr_04,value_01
benchmark_user_0101,u_attr_05,value_01
benchmark_user_0101,u_attr_06,value_01
benchmark_user_0101,u_attr_07,value_01
benchmark_user_0101,u_attr_08,value_00
benchmark_user_0101,u_attr_09,value_01
benchmark_user_0101,u_attr_10,value_01
benchmark_user_0101,u_attr_11,value_01
benchmark_user_0101,u_attr_12,value_01
benchmark_user_0101,u_attr_13,value_01
benchmark_user_0101,u_attr_14,value_01
benchmark_user_0101,u_attr_15,value_01
benchmark_user_0101,u_attr_16,value_01
benchmark_user_0102,u_attr_01,value_01
benchmark_user_0102,u_attr_02,value_01
benchmark_user_0102,u_attr_03,value_01
benchmark_user_0102,u_attr_04,value_01
benchmark_user_0102,u_attr_05,value_01
benchmark_user_0102,u_attr_06,value_01
benchmark_user_0102,u_attr_07,value_01
benchmark_user_0102,u_attr_08,value_01
benchmark_user_0102,u_attr_09,value_01
benchmark_user_0102,u_attr_10,value_00
benchmark_user_0102,u_attr_11,value_01
benchmark_user_0102,u_attr_12,value_01
benchmark_user_0102,u_attr_13,value_00
benchmark_user_0102,u_attr_14,value_00
benchmark_user_0102,u_attr_15,value_01
benchmark_user_0102,u_attr_16,value_00
benchmark_user_0103,u_attr_01,value_01
benchmark_user_0103,u_attr_02,value_01
benchmark_user_0103,u_attr_03,value_00
benchmark_user_0103,u_attr_04,value_01
benchmark_user_0103,u_attr_05,value_00
benchmark_user_0103,u_attr_06,value_01
benchmark_user_0103,u_attr_07,value_00
benchmark_user_0103,u_attr_08,value_00
benchmark_user_0103,u_attr_09,value_00
benchmark_user_0103,u_attr_10,value_00
benchmark_user_0103,u_attr_11,value_00
benchmark_user_0103,u_attr_12,value_01
benchmark_user_0103,u_attr_13,value_00
benchmark_user_0103,u_attr_14,value_00
benchmark_user_0103,u_attr_15,value_00
benchmark_user_0103,u_attr_16,value_00
benchmark_user_0104,u_attr_01,value_00
benchmark_user_0104,u_attr_02,value_01
benchmark_user_0104,u_attr_03,value_01
benchmark_user_0104,u_attr_04,value_00
benchmark_user_0104,u_attr_05,value_00
benchmark_user_0104,u_attr_06,value_00
benchmark_user_0104,u_attr_07,value_00
benchmark_user_0104,u_attr_08,value_01
benchmark_user_0104,u_attr_09,value_01
benchmark_user_0104,u_attr_10,value_00
benchmark_user_0104,u_attr_11,value_00
benchmark_user_0104,u_attr_12,value_01
benchmark_user_0104,u_attr_13,value_01
benchmark_user_0104,u_attr_14,value_00
benchmark_user_0104,u_attr_15,value_00
benchmark_user_0104,u_attr_16,value_01
benchmark_user_0105,u_attr_01,value_01
benchmark_user_0105,u_attr_02,value_00
benchmark_user_0105,u_attr_03,value_01
benchmark_user_0105,u_attr_04,value_01
benchmark_user_0105,u_attr_05,value_01
benchmark_user_0105,u_attr_06,value_00
benchmark_user_0105,u_attr_07,value_01
benchmark_user_0105,u_attr_08,value_01
benchmark_user_0105,u_attr_09,value_01
benchmark_user_0105,u_attr_10,value_00
benchmark_user_0105,u_attr_11,value_01
benchmark_user_0105,u_attr_12,value_00
benchmark_user_0105,u_attr_13,value_01
benchmark_user_0105,u_attr_14,value_00
benchmark_user_0105,u_attr_15,value_01
benchmark_user_0105,u_attr_16,value_00
benchmark_user_0106,u_attr_01,value_01
benchmark_user_0106,u_attr_02,value_01
benchmark_user_0106,u_attr_03,value_00
benchmark_user_0106,u_attr_04,value_00
benchmark_user_0106,u_attr_05,value_00
benchmark_user_0106,u_attr_06,value_00
benchmark_user_0106,u_attr_07,value_01
benchmark_user_0106,u_attr_08,value_01
benchmark_user_0106,u_attr_09,value_00
benchmark_user_0106,u_attr_10,value_00
benchmark_user_0106,u_attr_11,value_00
benchmark_user_0106,u_attr_12,value_01
benchmark_user_0106,u_attr_13,value_01
benchmark_user_0106,u_attr_14,value_00
benchmark_user_0106,u_attr_15,value_01
benchmark_user_0106,u_attr_16,value_00
benchmark_user_0107,u_attr_01,value_00
benchmark_user_0107,u_attr_02,value_01
benchmark_user_0107,u_attr_03,value_01
benchmark_user_0107,u_attr_04,value_01
benchmark_user_0107,u_attr_05,value_01
benchmark_user_0107,u_attr_06,value_01
benchmark_user_0107,u_attr_07,value_00
benchmark_user_0107,u_attr_08,value_00
benchmark_user_0107,u_attr_09,value_00
benchmark_user_0107,u_attr_10,value_01
benchmark_user_0107,u_attr_11,value_01
benchmark_user_0107,u_attr_12,value_00
benchmark_user_0107,u_attr_13,value_00
benchmark_user_0107,u_attr_14,value_01
benchmark_user_0107,u_attr_15,value_01
benchmark_user_0107,u_attr_16,value_01
benchmark_user_0108,u_attr_01,value_01
benchmark_user_0108,u_attr_02,value_01
benchmark_user_0108,u_attr_03,value_01
benchmark_user_0108,u_attr_04,value_01
benchmark_user_0108,u_attr_05,value_01
benchmark_user_0108,u_attr_06,value_00
benchmark_user_0108,u_attr_07,value_00
benchmark_user_0108,u_attr_08,value_01
benchmark_user_0108,u_attr_09,value_01
benchmark_user_0108,u_attr_10,value_00
benchmark_user_0108,u_attr_11,value_00
benchmark_user_0108,u_attr_12,value_01
benchmark_user_0108,u_attr_13,value_01
benchmark_user_0108,u_attr_14,value_01
benchmark_user_0108,u_attr_15,value_01
benchmark_user_0108,u_attr_16,value_01
benchmark_user_0109,u_attr_01,value_00
benchmark_user_0109,u_attr_02,value_00
benchmark_user_0109,u_attr_03,value_00
benchmark_user_0109,u_attr_04,value_01
benchmark_user_0109,u_attr_05,value_01
benchmark_user_0109,u_attr_06,value_00
benchmark_user_0109,u_attr_07,value_01
benchmark_user_0109,u_attr_08,value_00
benchmark_user_0109,u_attr_09,value_00
benchmark_user_0109,u_attr_10,value_00
benchmark_user_0109,u_attr_11,value_01
benchmark_user_0109,u_attr_12,value_01
benchmark_user_0109,u_attr_13,value_00
benchmark_user_0109,u_attr_14,value_01
benchmark_user_0109,u_attr_15,value_00
benchmark_user_0109,u_attr_16,value_01
benchmark_user_0110,u_attr_01,value_01
benchmark_user_0110,u_attr_02,value_00
benchmark_user_0110,u_attr_03,value_00
benchmark_user_0110,u_attr_04,value_00
benchmark_user_0110,u_attr_05,value_01
benchmark_user_0110,u_attr_06,value_01
benchmark_user_0110,u_attr_07,value_00
benchmark_user_0110,u_attr_08,value_00
benchmark_user_0110,u_attr_09,value_01
benchmark_user_0110,u_attr_10,value_01
benchmark_user_0110,u_attr_11,value_00
benchmark_user_0110,u_attr_12,value_01
benchmark_user_0110,u_attr_13,value_00
benchmark_user_0110,u_attr_14,value_01
benchmark_user_0110,u_attr_15,value_00
benchmark_user_0110,u_attr_16,value_01
benchmark_user_0111,u_attr_01,value_00
benchmark_user_0111,u_attr_02,value_01
benchmark_user_0111,u_attr_03,value_00
benchmark_user_0111,u_attr_04,value_00
benchmark_user_0111,u_attr_05,value_01
benchmark_user_0111,u_attr_06,value_00
benchmark_user_0111,u_attr_07,value_01
benchmark_user_0111,u_attr_08,value_01
benchmark_user_0111,u_attr_09,value_00
benchmark_user_0111,u_attr_10,value_00
benchmark_user_0111,u_attr_11,value_01
benchmark_user_0111,u_attr_12,value_01
benchmark_user_0111,u_attr_13,value_00
benchmark_user_0111,u_attr_14,value_01
benchmark_user_0111,u_attr_15,value_00
benchmark_user_0111,u_attr_16,value_01
benchmark_user_0112,u_attr_01,value_00
benchmark_user_0112,u_attr_02,value_01
benchmark_user_0112,u_attr_03,value_00
benchmark_user_0112,u_attr_04,value_00
benchmark_user_0112,u_attr_05,value_01
benchmark_user_0112,u_attr_06,value_00
benchmark_user_0112,u_attr_07,value_01
benchmark_user_0112,u_attr_08,value_00
benchmark_user_0112,u_attr_09,value_01
benchmark_user_0112,u_attr_10,value_00
benchmark_user_0112,u_attr_11,value_00
benchmark_user_0112,u_attr_12,value_01
benchmark_user_0112,u_attr_13,value_00
benchmark_user_0112,u_attr_14,value_01
benchmark_user_0112,u_attr_15,value_00
benchmark_user_0112,u_attr_16,value_01
benchmark_user_0113,u_attr_01,value_01
benchmark_user_0113,u_attr_02,value_00
benchmark_user_0113,u_attr_03,value_01
benchmark_user_0113,u_attr_04,value_01
benchmark_user_0113,u_attr_05,value_01
benchmark_user_0113,u_attr_06,value_00
benchmark_user_0113,u_attr_07,value_01
benchmark_user_0113,u_attr_08,value_01
benchmark_user_0113,u_attr_09,value_01
benchmark_user_0113,u_attr_10,value_00
benchmark_user_0113,u_attr_11,value_00
benchmark_user_0113,u_attr_12,value_01
benchmark_user_0113,u_attr_13,value_01
benchmark_user_0113,u_attr_14,value_00
benchmark_user_0113,u_attr_15,value_01
benchmark_user_0113,u_attr_16,value_00
benchmark_user_0114,u_attr_01,value_00
benchmark_user_0114,u_attr_02,value_01
benchmark_user_0114,u_attr_03,value_01
benchmark_user_0114,u_attr_04,value_01
benchmark_user_0114,u_attr_05,value_00
benchmark_user_0114,u_attr_06,value_00
benchmark_user_0114,u_attr_07,value_00
benchmark_user_0114,u_attr_08,value_00
benchmark_user_0114,u_attr_09,value_01
benchmark_user_0114,u_attr_10,value_00
benchmark_user_0114,u_attr_11,value_01
benchmark_user_0114,u_attr_12,value_01
benchmark_user_0114,u_attr_13,value_01
benchmark_user_0114,u_attr_14,value_00
benchmark_user_0114,u_attr_15,value_01
benchmark_user_0114,u_attr_16,value_00
benchmark_user_0115,u_attr_01,value_01
benchmark_user_0115,u_attr_02,value_00
benchmark_user_0115,u_attr_03,value_01
benchmark_user_0115,u_attr_04,value_01
benchmark_user_0115,u_attr_05,value_00
benchmark_user_0115,u_attr_06,value_01
benchmark_user_0115,u_attr_07,value_00
benchmark_user_0115,u_attr_08,value_00
benchmark_user_0115,u_attr_09,value_00
benchmark_user_0115,u_attr_10,value_00
benchmark_user_0115,u_attr_11,value_01
benchmark_user_0115,u_attr_12,value_01
benchmark_user_0115,u_attr_13,value_01
benchmark_user_0115,u_attr_14,value_00
benchmark_user_0115,u_attr_15,value_00
benchmark_user_0115,u_attr_16,value_00
benchmark_user_0116,u_attr_01,value_01
benchmark_user_0116,u_attr_02,value_01
benchmark_user_0116,u_attr_03,value_00
benchmark_user_0116,u_attr_04,value_00
benchmark_user_0116,u_attr_05,value_01
benchmark_user_0116,u_attr_06,value_01
benchmark_user_0116,u_attr_07,value_00
benchmark_user_0116,u_attr_08,value_00
benchmark_user_0116,u_attr_09,value_01
benchmark_user_0116,u_attr_10,value_01
benchmark_user_0116,u_attr_11,value_00
benchmark_user_0116,u_attr_12,value_01
benchmark_user_0116,u_attr_13,value_00
benchmark_user_0116,u_attr_14,value_00
benchmark_user_0116,u_attr_15,value_01
benchmark_user_0116,u_attr_16,value_01
benchmark_user_0117,u_attr_01,value_00
benchmark_user_0117,u_attr_02,value_01
benchmark_user_0117,u_attr_03,value_00
benchmark_user_0117,u_attr_04,value_01
benchmark_user_0117,u_attr_05,value_01
benchmark_user_0117,u_attr_06,value_00
benchmark_user_0117,u_attr_07,value_00
benchmark_user_0117,u_attr_08,value_00
benchmark_user_0117,u_attr_09,value_00
benchmark_user_0117,u_attr_10,value_01
benchmark_user_0117,u_attr_11,value_00
benchmark_user_0117,u_attr_12,value_00
benchmark_user_0117,u_attr_13,value_01
benchmark_user_0117,u_attr_14,value_01
benchmark_user_0117,u_attr_15,value_00
benchmark_user_0117,u_attr_16,value_00
benchmark_user_0118,u_attr_01,value_01
benchmark_user_0118,u_attr_02,value_01
benchmark_user_0118,u_attr_03,value_00
benchmark_user_0118,u_attr_04,value_01
benchmark_user_0118,u_attr_05,value_00
benchmark_user_0118,u_attr_06,value_01
benchmark_user_0118,u_attr_07,value_00
benchmark_user_0118,u_attr_08,value_01
benchmark_user_0118,u_attr_09,value_01
benchmark_user_0118,u_attr_10,value_00
benchmark_user_0118,u_attr_11,value_01
benchmark_user_0118,u_attr_12,value_01
benchmark_user_0118,u_attr_13,value_00
benchmark_user_0118,u_attr_14,value_01
benchmark_user_0118,u_attr_15,value_01
benchmark_user_0118,u_attr_16,value_00
benchmark_user_0119,u_attr_01,value_00
benchmark_user_0119,u_attr_02,value_00
benchmark_user_0119,u_attr_03,value_00
benchmark_user_0119,u_attr_04,value_00
benchmark_user_0119,u_attr_05,value_00
benchmark_user_0119,u_attr_06,value_01
benchmark_user_0119,u_attr_07,value_00
benchmark_user_0119,u_attr_08,value_01
benchmark_user_0119,u_attr_09,value_00
benchmark_user_0119,u_attr_10,value_01
benchmark_user_0119,u_attr_11,value_01
benchmark_user_0119,u_attr_12,value_01
benchmark_user_0119,u_attr_13,value_01
benchmark_user_0119,u_attr_14,value_00
benchmark_user_0119,u_attr_15,value_01
benchmark_user_0119,u_attr_16,value_00
benchmark_user_0120,u_attr_01,value_01
benchmark_user_0120,u_attr_02,value_01
benchmark_user_0120,u_attr_03,value_00
benchmark_user_0120,u_attr_04,value_00
benchmark_user_0120,u_attr_05,value_01
benchmark_user_0120,u_attr_06,value_01
benchmark_user_0120,u_attr_07,value_00
benchmark_user_0120,u_attr_08,value_00
benchmark_user_0120,u_attr_09,value_00
benchmark_user_0120,u_attr_10,value_00
benchmark_user_0120,u_attr_11,value_00
benchmark_user_0120,u_attr_12,value_01
benchmark_user_0120,u_attr_13,value_01
benchmark_user_0120,u_attr_14,value_01
benchmark_user_0120,u_attr_15,value_01
benchmark_user_0120,u_attr_16,value_01
benchmark_user_0121,u_attr_01,value_01
benchmark_user_0121,u_attr_02,value_01
benchmark_user_0121,u_attr_03,value_00
benchmark_user_0121,u_attr_04,value_01
benchmark_user_0121,u_attr_05,value_00
benchmark_user_0121,u_attr_06,value_01
benchmark_user_0121,u_attr_07,value_01
benchmark_user_0121,u_attr_08,value_00
benchmark_user_0121,u_attr_09,value_00
benchmark_user_0121,u_attr_10,value_01
benchmark_user_0121,u_attr_11,value_01
benchmark_user_0121,u_attr_12,value_00
benchmark_user_0121,u_attr_13,value_01
benchmark_user_0121,u_attr_14,value_01
benchmark_user_0121,u_attr_15,value_00
benchmark_user_0121,u_attr_16,value_01
benchmark_user_0122,u_attr_01,value_01
benchmark_user_0122,u_attr_02,value_00
benchmark_user_0122,u_attr_03,value_00
benchmark_user_0122,u_attr_04,value_00
benchmark_user_0122,u_attr_05,value_00
benchmark_user_0122,u_attr_06,value_00
benchmark_user_0122,u_attr_07,value_00
benchmark_user_0122,u_attr_08,value_00
benchmark_user_0122,u_attr_09,value_00
benchmark_user_0122,u_attr_10,value_00
benchmark_user_0122,u_attr_11,value_00
benchmark_user_0122,u_attr_12,value_00
benchmark_user_0122,u_attr_13,value_00
benchmark_user_0122,u_attr_14,value_01
benchmark_user_0122,u_attr_15,value_01
benchmark_user_0122,u_attr_16,value_01
benchmark_user_0123,u_attr_01,value_01
benchmark_user_0123,u_attr_02,value_00
benchmark_user_0123,u_attr_03,value_01
benchmark_user_0123,u_attr_04,value_01
benchmark_user_0123,u_attr_05,value_01
benchmark_user_0123,u_attr_06,value_00
benchmark_user_0123,u_attr_07,value_01
benchmark_user_0123,u_attr_08,value_01
benchmark_user_0123,u_attr_09,value_01
benchmark_user_0123,u_attr_10,value_00
benchmark_user_0123,u_attr_11,value_01
benchmark_user_0123,u_attr_12,value_01
benchmark_user_0123,u_attr_13,value_00
benchmark_user_0123,u_attr_14,value_01
benchmark_user_0123,u_attr_15,value_00
benchmark_user_0123,u_attr_16,value_01
benchmark_user_0124,u_attr_01,value_00
benchmark_user_0124,u_attr_02,value_00
benchmark_user_0124,u_attr_03,value_01
benchmark_user_0124,u_attr_04,value_00
benchmark_user_0124,u_attr_05,value_01
benchmark_user_0124,u_attr_06,value_00
benchmark_user_0124,u_attr_07,value_01
benchmark_user_0124,u_attr_08,value_00
benchmark_user_0124,u_attr_09,value_00
benchmark_user_0124,u_attr_10,value_01
benchmark_user_0124,u_attr_11,value_01
benchmark_user_0124,u_attr_12,value_00
benchmark_user_0124,u_attr_13,value_00
benchmark_user_0124,u_attr_14,value_00
benchmark_user_0124,u_attr_15,value_00
benchmark_user_0124,u_attr_16,value_01
benchmark_user_0125,u_attr_01,value_00
benchmark_user_0125,u_attr_02,value_01
benchmark_user_0125,u_attr_03,value_01
benchmark_user_0125,u_attr_04,value_00
benchmark_user_0125,u_attr_05,value_01
benchmark_user_0125,u_attr_06,value_01
benchmark_user_0125,u_attr_07,value_00
benchmark_user_0125,u_attr_08,value_00
benchmark_user_0125,u_attr_09,value_01
benchmark_user_0125,u_attr_10,value_00
benchmark_user_0125,u_attr_11,value_01
benchmark_user_0125,u_attr_12,value_01
benchmark_user_0125,u_attr_13,value_01
benchmark_user_0125,u_attr_14,value_00
benchmark_user_0125,u_attr_15,value_00
benchmark_user_0125,u_attr_16,value_00
benchmark_user_0126,u_attr_01,value_01
benchmark_user_0126,u_attr_02,value_01
benchmark_user_0126,u_attr_03,value_00
benchmark_user_0126,u_attr_04,value_00
benchmark_user_0126,u_attr_05,value_01
benchmark_user_0126,u_attr_06,value_00
benchmark_user_0126,u_attr_07,value_00
benchmark_user_0126,u_attr_08,value_00
benchmark_user_0126,u_attr_09,value_01
benchmark_user_0126,u_attr_10,value_01
benchmark_user_0126,u_attr_11,value_00
benchmark_user_0126,u_attr_12,value_00
benchmark_user_0126,u_attr_13,value_01
benchmark_user_0126,u_attr_14,value_00
benchmark_user_0126,u_attr_15,value_00
benchmark_user_0126,u_attr_16,value_00
benchmark_user_0127,u_attr_01,value_01
benchmark_user_0127,u_attr_02,value_00
benchmark_user_0127,u_attr_03,value_01
benchmark_user_0127,u_attr_04,value_00
benchmark_user_0127,u_attr_05,value_01
benchmark_user_0127,u_attr_06,value_01
benchmark_user_0127,u_attr_07,value_00
benchmark_user_0127,u_attr_08,value_01
benchmark_user_0127,u_attr_09,value_01
benchmark_user_0127,u_attr_10,value_00
benchmark_user_0127,u_attr_11,value_00
benchmark_user_0127,u_attr_12,value_01
benchmark_user_0127,u_attr_13,value_01
benchmark_user_0127,u_attr_14,value_00
benchmark_user_0127,u_attr_15,value_01
benchmark_user_0127,u_attr_16,value_00
benchmark_user_0128,u_attr_01,value_00
benchmark_user_0128,u_attr_02,value_01
benchmark_user_0128,u_attr_03,value_00
benchmark_user_0128,u_attr_04,value_00
benchmark_user_0128,u_attr_05,value_01
benchmark_user_0128,u_attr_06,value_01
benchmark_user_0128,u_attr_07,value_01
benchmark_user_0128,u_attr_08,value_00
benchmark_user_0128,u_attr_09,value_00
benchmark_user_0128,u_attr_10,value_01
benchmark_user_0128,u_attr_11,value_01
benchmark_user_0128,u_attr_12,value_00
benchmark_user_0128,u_attr_13,value_01
benchmark_user_0128,u_attr_14,value_01
benchmark_user_0128,u_attr_15,value_01
benchmark_user_0128,u_attr_16,value_00
benchmark_user_0129,u_attr_01,value_00
benchmark_user_0129,u_attr_02,value_00
benchmark_user_0129,u_attr_03,value_00
benchmark_user_0129,u_attr_04,value_00
benchmark_user_0129,u_attr_05,value_00
benchmark_user_0129,u_attr_06,value_01
benchmark_user_0129,u_attr_07,value_00
benchmark_user_0129,u_attr_08,value_01
benchmark_user_0129,u_attr_09,value_01
benchmark_user_0129,u_attr_10,value_01
benchmark_user_0129,u_attr_11,value_01
benchmark_user_0129,u_attr_12,value_00
benchmark_user_0129,u_attr_13,value_00
benchmark_user_0129,u_attr_14,value_00
benchmark_user_0129,u_attr_15,value_00
benchmark_user_0129,u_attr_16,value_01
benchmark_user_0130,u_attr_01,value_00
benchmark_user_0130,u_attr_02,value_00
benchmark_user_0130,u_attr_03,value_00
benchmark_user_0130,u_attr_04,value_00
benchmark_user_0130,u_attr_05,value_01
benchmark_user_0130,u_attr_06,value_00
benchmark_user_0130,u_attr_07,value_00
benchmark_user_0130,u_attr_08,value_00
benchmark_user_0130,u_attr_09,value_00
benchmark_user_0130,u_attr_10,value_00
benchmark_user_0130,u_attr_11,value_00
benchmark_user_0130,u_attr_12,value_01
benchmark_user_0130,u_attr_13,value_00
benchmark_user_0130,u_attr_14,value_01
benchmark_user_0130,u_attr_15,value_01
benchmark_user_0130,u_attr_16,value_01
benchmark_user_0131,u_attr_01,value_00
benchmark_user_0131,u_attr_02,value_00
benchmark_user_0131,u_attr_03,value_00
benchmark_user_0131,u_attr_04,value_00
benchmark_user_0131,u_attr_05,value_01
benchmark_user_0131,u_attr_06,value_00
benchmark_user_0131,u_attr_07,value_00
benchmark_user_0131,u_attr_08,value_00
benchmark_user_0131,u_attr_09,value_01
benchmark_user_0131,u_attr_10,value_00
benchmark_user_0131,u_attr_11,value_01
benchmark_user_0131,u_attr_12,value_01
benchmark_user_0131,u_attr_13,value_00
benchmark_user_0131,u_attr_14,value_01
benchmark_user_0131,u_attr_15,value_00
benchmark_user_0131,u_attr_16,value_00
benchmark_user_0132,u_attr_01,value_00
benchmark_user_0132,u_attr_02,value_00
benchmark_user_0132,u_attr_03,value_00
benchmark_user_0132,u_attr_04,value_00
benchmark_user_0132,u_attr_05,value_01
benchmark_user_0132,u_attr_06,value_01
benchmark_user_0132,u_attr_07,value_00
benchmark_user_0132,u_attr_08,value_01
benchmark_user_0132,u_attr_09,value_00
benchmark_user_0132,u_attr_10,value_00
benchmark_user_0132,u_attr_11,value_01
benchmark_user_0132,u_attr_12,value_00
benchmark_user_0132,u_attr_13,value_01
benchmark_user_0132,u_attr_14,value_01
benchmark_user_0132,u_attr_15,value_00
benchmark_user_0132,u_attr_16,value_00
benchmark_user_0133,u_attr_01,value_00
benchmark_user_0133,u_attr_02,value_01
benchmark_user_0133,u_attr_03,value_01
benchmark_user_0133,u_attr_04,value_00
benchmark_user_0133,u_attr_05,value_00
benchmark_user_0133,u_attr_06,value_00
benchmark_user_0133,u_attr_07,value_00
benchmark_user_0133,u_attr_08,value_01
benchmark_user_0133,u_attr_09,value_01
benchmark_user_0133,u_attr_10,value_00
benchmark_user_0133,u_attr_11,value_01
benchmark_user_0133,u_attr_12,value_00
benchmark_user_0133,u_attr_13,value_00
benchmark_user_0133,u_attr_14,value_00
benchmark_user_0133,u_attr_15,value_01
benchmark_user_0133,u_attr_16,value_00
benchmark_user_0134,u_attr_01,value_01
benchmark_user_0134,u_attr_02,value_00
benchmark_user_0134,u_attr_03,value_01
benchmark_user_0134,u_attr_04,value_01
benchmark_user_0134,u_attr_05,value_01
benchmark_user_0134,u_attr_06,value_01
benchmark_user_0134,u_attr_07,value_00
benchmark_user_0134,u_attr_08,value_01
benchmark_user_0134,u_attr_09,value_00
benchmark_user_0134,u_attr_10,value_01
benchmark_user_0134,u_attr_11,value_01
benchmark_user_0134,u_attr_12,value_00
benchmark_user_0134,u_attr_13,value_00
benchmark_user_0134,u_attr_14,value_01
benchmark_user_0134,u_attr_15,value_01
benchmark_user_0134,u_attr_16,value_00
benchmark_user_0135,u_attr_01,value_01
benchmark_user_0135,u_attr_02,value_01
benchmark_user_0135,u_attr_03,value_01
benchmark_user_0135,u_attr_04,value_00
benchmark_user_0135,u_attr_05,value_01
benchmark_user_0135,u_attr_06,value_01
benchmark_user_0135,u_attr_07,value_00
benchmark_user_0135,u_attr_08,value_00
benchmark_user_0135,u_attr_09,value_00
benchmark_user_0135,u_attr_10,value_01
benchmark_user_0135,u_attr_11,value_01
benchmark_user_0135,u_attr_12,value_00
benchmark_user_0135,u_attr_13,value_01
benchmark_user_0135,u_attr_14,value_01
benchmark_user_0135,u_attr_15,value_01
benchmark_user_0135,u_attr_16,value_00
benchmark_user_0136,u_attr_01,value_00
benchmark_user_0136,u_attr_02,value_01
benchmark_user_0136,u_attr_03,value_00
benchmark_user_0136,u_attr_04,value_00
benchmark_user_0136,u_attr_05,value_01
benchmark_user_0136,u_attr_06,value_01
benchmark_user_0136,u_attr_07,value_00
benchmark_user_0136,u_attr_08,value_00
benchmark_user_0136,u_attr_09,value_01
benchmark_user_0136,u_attr_10,value_01
benchmark_user_0136,u_attr_11,value_00
benchmark_user_0136,u_attr_12,value_01
benchmark_user_0136,u_attr_13,value_01
benchmark_user_0136,u_attr_14,value_00
benchmark_user_0136,u_attr_15,value_01
benchmark_user_0136,u_attr_16,value_01
benchmark_user_0137,u_attr_01,value_01
benchmark_user_0137,u_attr_02,value_00
benchmark_user_0137,u_attr_03,value_01
benchmark_user_0137,u_attr_04,value_00
benchmark_user_0137,u_attr_05,value_01
benchmark_user_0137,u_attr_06,value_00
benchmark_user_0137,u_attr_07,value_01
benchmark_user_0137,u_attr_08,value_01
benchmark_user_0137,u_attr_09,value_00
benchmark_user_0137,u_attr_10,value_00
benchmark_user_0137,u_attr_11,value_00
benchmark_user_0137,u_attr_12,value_00
benchmark_user_0137,u_attr_13,value_00
benchmark_user_0137,u_attr_14,value_01
benchmark_user_0137,u_attr_15,value_01
benchmark_user_0137,u_attr_16,value_00
benchmark_user_0138,u_attr_01,value_00
benchmark_user_0138,u_attr_02,value_00
benchmark_user_0138,u_attr_03,value_00
benchmark_user_0138,u_attr_04,value_01
benchmark_user_0138,u_attr_05,value_01
benchmark_user_0138,u_attr_06,value_01
benchmark_user_0138,u_attr_07,value_00
benchmark_user_0138,u_attr_08,value_00
benchmark_user_0138,u_attr_09,value_01
benchmark_user_0138,u_attr_10,value_01
benchmark_user_0138,u_attr_11,value_00
benchmark_user_0138,u_attr_12,value_01
benchmark_user_0138,u_attr_13,value_00
benchmark_user_0138,u_attr_14,value_00
benchmark_user_0138,u_attr_15,value_01
benchmark_user_0138,u_attr_16,value_01
benchmark_user_0139,u_attr_01,value_00
benchmark_user_0139,u_attr_02,value_00
benchmark_user_0139,u_attr_03,value_00
benchmark_user_0139,u_attr_04,value_00
benchmark_user_0139,u_attr_05,value_01
benchmark_user_0139,u_attr_06,value_01
benchmark_user_0139,u_attr_07,value_01
benchmark_user_0139,u_attr_08,value_01
benchmark_user_0139,u_attr_09,value_01
benchmark_user_0139,u_attr_10,value_01
benchmark_user_0139,u_attr_11,value_01
benchmark_user_0139,u_attr_12,value_01
benchmark_user_0139,u_attr_13,value_01
benchmark_user_0139,u_attr_14,value_00
benchmark_user_0139,u_attr_15,value_01
benchmark_user_0139,u_attr_16,value_00
benchmark_user_0140,u_attr_01,value_01
benchmark_user_0140,u_attr_02,value_00
benchmark_user_0140,u_attr_03,value_01
benchmark_user_0140,u_attr_04,value_01
benchmark_user_0140,u_attr_05,value_01
benchmark_user_0140,u_attr_06,value_01
benchmark_user_0140,u_attr_07,value_00
benchmark_user_0140,u_attr_08,value_01
benchmark_user_0140,u_attr_09,value_01
benchmark_user_0140,u_attr_10,value_00
benchmark_user_0140,u_attr_11,value_00
benchmark_user_0140,u_attr_12,value_00
benchmark_user_0140,u_attr_13,value_00
benchmark_user_0140,u_attr_14,value_01
benchmark_user_0140,u_attr_15,value_01
benchmark_user_0140,u_attr_16,value_00
benchmark_user_0141,u_attr_01,value_00
benchmark_user_0141,u_attr_02,value_01
benchmark_user_0141,u_attr_03,value_00
benchmark_user_0141,u_attr_04,value_01
benchmark_user_0141,u_attr_05,value_00
benchmark_user_0141,u_attr_06,value_00
benchmark_user_0141,u_attr_07,value_01
benchmark_user_0141,u_attr_08,value_00
benchmark_user_0141,u_attr_09,value_01
benchmark_user_0141,u_attr_10,value_00
benchmark_user_0141,u_attr_11,value_01
benchmark_user_0141,u_attr_12,value_01
benchmark_user_0141,u_attr_13,value_01
benchmark_user_0141,u_attr_14,value_01
benchmark_user_0141,u_attr_15,value_01
benchmark_user_0141,u_attr_16,value_00
benchmark_user_0142,u_attr_01,value_01
benchmark_user_0142,u_attr_02,value_01
benchmark_user_0142,u_attr_03,value_00
benchmark_user_0142,u_attr_04,value_01
benchmark_user_0142,u_attr_05,value_01
benchmark_user_0142,u_attr_06,value_01
benchmark_user_0142,u_attr_07,value_00
benchmark_user_0142,u_attr_08,value_00
benchmark_user_0142,u_attr_09,value_01
benchmark_user_0142,u_attr_10,value_01
benchmark_user_0142,u_attr_11,value_00
benchmark_user_0142,u_attr_12,value_00
benchmark_user_0142,u_attr_13,value_00
benchmark_user_0142,u_attr_14,value_00
benchmark_user_0142,u_attr_15,value_01
benchmark_user_0142,u_attr_16,value_00
benchmark_user_0143,u_attr_01,value_01
benchmark_user_0143,u_attr_02,value_01
benchmark_user_0143,u_attr_03,value_01
benchmark_user_0143,u_attr_04,value_01
benchmark_user_0143,u_attr_05,value_00
benchmark_user_0143,u_attr_06,value_01
benchmark_user_0143,u_attr_07,value_01
benchmark_user_0143,u_attr_08,value_00
benchmark_user_0143,u_attr_09,value_00
benchmark_user_0143,u_attr_10,value_01
benchmark_user_0143,u_attr_11,value_00
benchmark_user_0143,u_attr_12,value_00
benchmark_user_0143,u_attr_13,value_00
benchmark_user_0143,u_attr_14,value_00
benchmark_user_0143,u_attr_15,value_01
benchmark_user_0143,u_attr_16,value_00
benchmark_user_0144,u_attr_01,value_00
benchmark_user_0144,u_attr_02,value_00
benchmark_user_0144,u_attr_03,value_00
benchmark_user_0144,u_attr_04,value_01
benchmark_user_0144,u_attr_05,value_00
benchmark_user_0144,u_attr_06,value_01
benchmark_user_0144,u_attr_07,value_00
benchmark_user_0144,u_attr_08,value_01
benchmark_user_0144,u_attr_09,value_01
benchmark_user_0144,u_attr_10,value_00
benchmark_user_0144,u_attr_11,value_01
benchmark_user_0144,u_attr_12,value_01
benchmark_user_0144,u_attr_13,value_01
benchmark_user_0144,u_attr_14,value_01
benchmark_user_0144,u_attr_15,value_00
benchmark_user_0144,u_attr_16,value_00
benchmark_user_0145,u_attr_01,value_01
benchmark_user_0145,u_attr_02,value_00
benchmark_user_0145,u_attr_03,value_00
benchmark_user_0145,u_attr_04,value_00
benchmark_user_0145,u_attr_05,value_01
benchmark_user_0145,u_attr_06,value_01
benchmark_user_0145,u_attr_07,value_01
benchmark_user_0145,u_attr_08,value_00
benchmark_user_0145,u_attr_09,value_00
benchmark_user_0145,u_attr_10,value_01
benchmark_user_0145,u_attr_11,value_00
benchmark_user_0145,u_attr_12,value_01
benchmark_user_0145,u_attr_13,value_01
benchmark_user_0145,u_attr_14,value_00
benchmark_user_0145,u_attr_15,value_01
benchmark_user_0145,u_attr_16,value_01
benchmark_user_0146,u_attr_01,value_01
benchmark_user_0146,u_attr_02,value_00
benchmark_user_0146,u_attr_03,value_00
benchmark_user_0146,u_attr_04,value_00
benchmark_user_0146,u_attr_05,value_00
benchmark_user_0146,u_attr_06,value_00
benchmark_user_0146,u_attr_07,value_00
benchmark_user_0146,u_attr_08,value_01
benchmark_user_0146,u_attr_09,value_01
benchmark_user_0146,u_attr_10,value_01
benchmark_user_0146,u_attr_11,value_00
benchmark_user_0146,u_attr_12,value_01
benchmark_user_0146,u_attr_13,value_00
benchmark_user_0146,u_attr_14,value_01
benchmark_user_0146,u_attr_15,value_00
benchmark_user_0146,u_attr_16,value_00
benchmark_user_0147,u_attr_01,value_00
benchmark_user_0147,u_attr_02,value_00
benchmark_user_0147,u_attr_03,value_01
benchmark_user_0147,u_attr_04,value_01
benchmark_user_0147,u_attr_05,value_00
benchmark_user_0147,u_attr_06,value_00
benchmark_user_0147,u_attr_07,value_00
benchmark_user_0147,u_attr_08,value_00
benchmark_user_0147,u_attr_09,value_00
benchmark_user_0147,u_attr_10,value_00
benchmark_user_0147,u_attr_11,value_01
benchmark_user_0147,u_attr_12,value_01
benchmark_user_0147,u_attr_13,value_00
benchmark_user_0147,u_attr_14,value_00
benchmark_user_0147,u_attr_15,value_00
benchmark_user_0147,u_attr_16,value_01
benchmark_user_0148,u_attr_01,value_01
benchmark_user_0148,u_attr_02,value_01
benchmark_user_0148,u_attr_03,value_00
benchmark_user_0148,u_attr_04,value_00
benchmark_user_0148,u_attr_05,value_01
benchmark_user_0148,u_attr_06,value_01
benchmark_user_0148,u_attr_07,value_01
benchmark_user_0148,u_attr_08,value_00
benchmark_user_0148,u_attr_09,value_01
benchmark_user_0148,u_attr_10,value_00
benchmark_user_0148,u_attr_11,value_00
benchmark_user_0148,u_attr_12,value_00
benchmark_user_0148,u_attr_13,value_01
benchmark_user_0148,u_attr_14,value_01
benchmark_user_0148,u_attr_15,value_00
benchmark_user_0148,u_attr_16,value_00
benchmark_user_0149,u_attr_01,value_01
benchmark_user_0149,u_attr_02,value_01
benchmark_user_0149,u_attr_03,value_00
benchmark_user_0149,u_attr_04,value_01
benchmark_user_0149,u_attr_05,value_01
benchmark_user_0149,u_attr_06,value_00
benchmark_user_0149,u_attr_07,value_00
benchmark_user_0149,u_attr_08,value_00
benchmark_user_0149,u_attr_09,value_01
benchmark_user_0149,u_attr_10,value_00
benchmark_user_0149,u_attr_11,value_00
benchmark_user_0149,u_attr_12,value_00
benchmark_user_0149,u_attr_13,value_01
benchmark_user_0149,u_attr_14,value_00
benchmark_user_0149,u_attr_15,value_01
benchmark_user_0149,u_attr_16,value_00
benchmark_user_0150,u_attr_01,value_01
benchmark_user_0150,u_attr_02,value_00
benchmark_user_0150,u_attr_03,value_00
benchmark_user_0150,u_attr_04,value_01
benchmark_user_0150,u_attr_05,value_00
benchmark_user_0150,u_attr_06,value_00
benchmark_user_0150,u_attr_07,value_00
benchmark_user_0150,u_attr_08,value_00
benchmark_user_0150,u_attr_09,value_00
benchmark_user_0150,u_attr_10,value_00
benchmark_user_0150,u_attr_11,value_00
benchmark_user_0150,u_attr_12,value_01
benchmark_user_0150,u_attr_13,value_00
benchmark_user_0150,u_attr_14,value_00
benchmark_user_0150,u_attr_15,value_01
benchmark_user_0150,u_attr_16,value_01
benchmark_user_0151,u_attr_01,value_00
benchmark_user_0151,u_attr_02,value_00
benchmark_user_0151,u_attr_03,value_01
benchmark_user_0151,u_attr_04,value_01
benchmark_user_0151,u_attr_05,value_00
benchmark_user_0151,u_attr_06,value_01
benchmark_user_0151,u_attr_07,value_01
benchmark_user_0151,u_attr_08,value_01
benchmark_user_0151,u_attr_09,value_00
benchmark_user_0151,u_attr_10,value_00
benchmark_user_0151,u_attr_11,value_00
benchmark_user_0151,u_attr_12,value_01
benchmark_user_0151,u_attr_13,value_01
benchmark_user_0151,u_attr_14,value_01
benchmark_user_0151,u_attr_15,value_01
benchmark_user_0151,u_attr_16,value_00
benchmark_user_0152,u_attr_01,value_01
benchmark_user_0152,u_attr_02,value_01
benchmark_user_0152,u_attr_03,value_01
benchmark_user_0152,u_attr_04,value_01
benchmark_user_0152,u_attr_05,value_00
benchmark_user_0152,u_attr_06,value_00
benchmark_user_0152,u_attr_07,value_01
benchmark_user_0152,u_attr_08,value_01
benchmark_user_0152,u_attr_09,value_01
benchmark_user_0152,u_attr_10,value_00
benchmark_user_0152,u_attr_11,value_01
benchmark_user_0152,u_attr_12,value_00
benchmark_user_0152,u_attr_13,value_00
benchmark_user_0152,u_attr_14,value_00
benchmark_user_0152,u_attr_15,value_01
benchmark_user_0152,u_attr_16,value_01
benchmark_user_0153,u_attr_01,value_00
benchmark_user_0153,u_attr_02,value_00
benchmark_user_0153,u_attr_03,value_01
benchmark_user_0153,u_attr_04,value_00
benchmark_user_0153,u_attr_05,value_00
benchmark_user_0153,u_attr_06,value_00
benchmark_user_0153,u_attr_07,value_01
benchmark_user_0153,u_attr_08,value_00
benchmark_user_0153,u_attr_09,value_01
benchmark_user_0153,u_attr_10,value_01
benchmark_user_0153,u_attr_11,value_01
benchmark_user_0153,u_attr_12,value_00
benchmark_user_0153,u_attr_13,value_01
benchmark_user_0153,u_attr_14,value_00
benchmark_user_0153,u_attr_15,value_00
benchmark_user_0153,u_attr_16,value_01
benchmark_user_0154,u_attr_01,value_01
benchmark_user_0154,u_attr_02,value_00
benchmark_user_0154,u_attr_03,value_00
benchmark_user_0154,u_attr_04,value_01
benchmark_user_0154,u_attr_05,value_00
benchmark_user_0154,u_attr_06,value_00
benchmark_user_0154,u_attr_07,value_01
benchmark_user_0154,u_attr_08,value_01
benchmark_user_0154,u_attr_09,value_01
benchmark_user_0154,u_attr_10,value_01
benchmark_user_0154,u_attr_11,value_01
benchmark_user_0154,u_attr_12,value_01
benchmark_user_0154,u_attr_13,value_00
benchmark_user_0154,u_attr_14,value_00
benchmark_user_0154,u_attr_15,value_00
benchmark_user_0154,u_attr_16,value_01
benchmark_user_0155,u_attr_01,value_00
benchmark_user_0155,u_attr_02,value_00
benchmark_user_0155,u_attr_03,value_01
benchmark_user_0155,u_attr_04,value_00
benchmark_user_0155,u_attr_05,value_01
benchmark_user_0155,u_attr_06,value_00
benchmark_user_0155,u_attr_07,value_00
benchmark_user_0155,u_attr_08,value_01
benchmark_user_0155,u_attr_09,value_01
benchmark_user_0155,u_attr_10,value_00
benchmark_user_0155,u_attr_11,value_01
benchmark_user_0155,u_attr_12,value_01
benchmark_user_0155,u_attr_13,value_00
benchmark_user_0155,u_attr_14,value_00
benchmark_user_0155,u_attr_15,value_00
benchmark_user_0155,u_attr_16,value_00
benchmark_user_0156,u_attr_01,value_00
benchmark_user_0156,u_attr_02,value_01
benchmark_user_0156,u_attr_03,value_01
benchmark_user_0156,u_attr_04,value_00
benchmark_user_0156,u_attr_05,value_00
benchmark_user_0156,u_attr_06,value_00
benchmark_user_0156,u_attr_07,value_01
benchmark_user_0156,u_attr_08,value_00
benchmark_user_0156,u_attr_09,value_00
benchmark_user_0156,u_attr_10,value_00
benchmark_user_0156,u_attr_11,value_00
benchmark_user_0156,u_attr_12,value_01
benchmark_user_0156,u_attr_13,value_00
benchmark_user_0156,u_attr_14,value_00
benchmark_user_0156,u_attr_15,value_00
benchmark_user_0156,u_attr_16,value_01
benchmark_user_0157,u_attr_01,value_00
benchmark_user_0157,u_attr_02,value_01
benchmark_user_0157,u_attr_03,value_00
benchmark_user_0157,u_attr_04,value_01
benchmark_user_0157,u_attr_05,value_00
benchmark_user_0157,u_attr_06,value_00
benchmark_user_0157,u_attr_07,value_00
benchmark_user_0157,u_attr_08,value_01
benchmark_user_0157,u_attr_09,value_01
benchmark_user_0157,u_attr_10,value_01
benchmark_user_0157,u_attr_11,value_01
benchmark_user_0157,u_attr_12,value_00
benchmark_user_0157,u_attr_13,value_01
benchmark_user_0157,u_attr_14,value_00
benchmark_user_0157,u_attr_15,value_00
benchmark_user_0157,u_attr_16,value_00
benchmark_user_0158,u_attr_01,value_01
benchmark_user_0158,u_attr_02,value_01
benchmark_user_0158,u_attr_03,value_01
benchmark_user_0158,u_attr_04,value_00
benchmark_user_0158,u_attr_05,value_00
benchmark_user_0158,u_attr_06,value_00
benchmark_user_0158,u_attr_07,value_00
benchmark_user_0158,u_attr_08,value_00
benchmark_user_0158,u_attr_09,value_01
benchmark_user_0158,u_attr_10,value_01
benchmark_user_0158,u_attr_11,value_00
benchmark_user_0158,u_attr_12,value_01
benchmark_user_0158,u_attr_13,value_00
benchmark_user_0158,u_attr_14,value_00
benchmark_user_0158,u_attr_15,value_01
benchmark_user_0158,u_attr_16,value_00
benchmark_user_0159,u_attr_01,value_01
benchmark_user_0159,u_attr_02,value_00
benchmark_user_0159,u_attr_03,value_00
benchmark_user_0159,u_attr_04,value_00
benchmark_user_0159,u_attr_05,value_01
benchmark_user_0159,u_attr_06,value_01
benchmark_user_0159,u_attr_07,value_01
benchmark_user_0159,u_attr_08,value_00
benchmark_user_0159,u_attr_09,value_00
benchmark_user_0159,u_attr_10,value_01
benchmark_user_0159,u_attr_11,value_00
benchmark_user_0159,u_attr_12,value_01
benchmark_user_0159,u_attr_13,value_01
benchmark_user_0159,u_attr_14,value_00
benchmark_user_0159,u_attr_15,value_00
benchmark_user_0159,u_attr_16,value_00
benchmark_user_0160,u_attr_01,value_00
benchmark_user_0160,u_attr_02,value_00
benchmark_user_0160,u_attr_03,value_01
benchmark_user_0160,u_attr_04,value_00
benchmark_user_0160,u_attr_05,value_01
benchmark_user_0160,u_attr_06,value_00
benchmark_user_0160,u_attr_07,value_00
benchmark_user_0160,u_attr_08,value_00
benchmark_user_0160,u_attr_09,value_00
benchmark_user_0160,u_attr_10,value_01
benchmark_user_0160,u_attr_11,value_01
benchmark_user_0160,u_attr_12,value_00
benchmark_user_0160,u_attr_13,value_01
benchmark_user_0160,u_attr_14,value_01
benchmark_user_0160,u_attr_15,value_00
benchmark_user_0160,u_attr_16,value_01
benchmark_user_0161,u_attr_01,value_00
benchmark_user_0161,u_attr_02,value_01
benchmark_user_0161,u_attr_03,value_01
benchmark_user_0161,u_attr_04,value_00
benchmark_user_0161,u_attr_05,value_00
benchmark_user_0161,u_attr_06,value_01
benchmark_user_0161,u_attr_07,value_00
benchmark_user_0161,u_attr_08,value_01
benchmark_user_0161,u_attr_09,value_01
benchmark_user_0161,u_attr_10,value_00
benchmark_user_0161,u_attr_11,value_00
benchmark_user_0161,u_attr_12,value_01
benchmark_user_0161,u_attr_13,value_01
benchmark_user_0161,u_attr_14,value_01
benchmark_user_0161,u_attr_15,value_01
benchmark_user_0161,u_attr_16,value_00
benchmark_user_0162,u_attr_01,value_00
benchmark_user_0162,u_attr_02,value_01
benchmark_user_0162,u_attr_03,value_00
benchmark_user_0162,u_attr_04,value_01
benchmark_user_0162,u_attr_05,value_01
benchmark_user_0162,u_attr_06,value_01
benchmark_user_0162,u_attr_07,value_01
benchmark_user_0162,u_attr_08,value_01
benchmark_user_0162,u_attr_09,value_00
benchmark_user_0162,u_attr_10,value_01
benchmark_user_0162,u_attr_11,value_01
benchmark_user_0162,u_attr_12,value_01
benchmark_user_0162,u_attr_13,value_00
benchmark_user_0162,u_attr_14,value_01
benchmark_user_0162,u_attr_15,value_01
benchmark_user_0162,u_attr_16,value_00
benchmark_user_0163,u_attr_01,value_01
benchmark_user_0163,u_attr_02,value_00
benchmark_user_0163,u_attr_03,value_01
benchmark_user_0163,u_attr_04,value_00
benchmark_user_0163,u_attr_05,value_00
benchmark_user_0163,u_attr_06,value_00
benchmark_user_0163,u_attr_07,value_00
benchmark_user_0163,u_attr_08,value_00
benchmark_user_0163,u_attr_09,value_01
benchmark_user_0163,u_attr_10,value_01
benchmark_user_0163,u_attr_11,value_00
benchmark_user_0163,u_attr_12,value_00
benchmark_user_0163,u_attr_13,value_01
benchmark_user_0163,u_attr_14,value_00
benchmark_user_0163,u_attr_15,value_01
benchmark_user_0163,u_attr_16,value_01
benchmark_user_0164,u_attr_01,value_01
benchmark_user_0164,u_attr_02,value_00
benchmark_user_0164,u_attr_03,value_00
benchmark_user_0164,u_attr_04,value_00
benchmark_user_0164,u_attr_05,value_01
benchmark_user_0164,u_attr_06,value_00
benchmark_user_0164,u_attr_07,value_00
benchmark_user_0164,u_attr_08,value_00
benchmark_user_0164,u_attr_09,value_01
benchmark_user_0164,u_attr_10,value_01
benchmark_user_0164,u_attr_11,value_00
benchmark_user_0164,u_attr_12,value_00
benchmark_user_0164,u_attr_13,value_00
benchmark_user_0164,u_attr_14,value_00
benchmark_user_0164,u_attr_15,value_00
benchmark_user_0164,u_attr_16,value_00
benchmark_user_0165,u_attr_01,value_00
benchmark_user_0165,u_attr_02,value_00
benchmark_user_0165,u_attr_03,value_01
benchmark_user_0165,u_attr_04,value_01
benchmark_user_0165,u_attr_05,value_01
benchmark_user_0165,u_attr_06,value_00
benchmark_user_0165,u_attr_07,value_01
benchmark_user_0165,u_attr_08,value_00
benchmark_user_0165,u_attr_09,value_00
benchmark_user_0165,u_attr_10,value_00
benchmark_user_0165,u_attr_11,value_00
benchmark_user_0165,u_attr_12,value_01
benchmark_user_0165,u_attr_13,value_01
benchmark_user_0165,u_attr_14,value_01
benchmark_user_0165,u_attr_15,value_00
benchmark_user_0165,u_attr_16,value_01
benchmark_user_0166,u_attr_01,value_00
benchmark_user_0166,u_attr_02,value_00
benchmark_user_0166,u_attr_03,value_00
benchmark_user_0166,u_attr_04,value_00
benchmark_user_0166,u_attr_05,value_00
benchmark_user_0166,u_attr_06,value_00
benchmark_user_0166,u_attr_07,value_01
benchmark_user_0166,u_attr_08,value_00
benchmark_user_0166,u_attr_09,value_01
benchmark_user_0166,u_attr_10,value_01
benchmark_user_0166,u_attr_11,value_01
benchmark_user_0166,u_attr_12,value_00
benchmark_user_0166,u_attr_13,value_00
benchmark_user_0166,u_attr_14,value_00
benchmark_user_0166,u_attr_15,value_01
benchmark_user_0166,u_attr_16,value_00
benchmark_user_0167,u_attr_01,value_00
benchmark_user_0167,u_attr_02,value_01
benchmark_user_0167,u_attr_03,value_00
benchmark_user_0167,u_attr_04,value_00
benchmark_user_0167,u_attr_05,value_00
benchmark_user_0167,u_attr_06,value_01
benchmark_user_0167,u_attr_07,value_01
benchmark_user_0167,u_attr_08,value_00
benchmark_user_0167,u_attr_09,value_00
benchmark_user_0167,u_attr_10,value_01
benchmark_user_0167,u_attr_11,value_01
benchmark_user_0167,u_attr_12,value_01
benchmark_user_0167,u_attr_13,value_01
benchmark_user_0167,u_attr_14,value_01
benchmark_user_0167,u_attr_15,value_01
benchmark_user_0167,u_attr_16,value_01
benchmark_user_0168,u_attr_01,value_01
benchmark_user_0168,u_attr_02,value_01
benchmark_user_0168,u_attr_03,value_01
benchmark_user_0168,u_attr_04,value_01
benchmark_user_0168,u_attr_05,value_00
benchmark_user_0168,u_attr_06,value_00
benchmark_user_0168,u_attr_07,value_01
benchmark_user_0168,u_attr_08,value_00
benchmark_user_0168,u_attr_09,value_00
benchmark_user_0168,u_attr_10,value_00
benchmark_user_0168,u_attr_11,value_00
benchmark_user_0168,u_attr_12,value_00
benchmark_user_0168,u_attr_13,value_00
benchmark_user_0168,u_attr_14,value_00
benchmark_user_0168,u_attr_15,value_01
benchmark_user_0168,u_attr_16,value_00
benchmark_user_0169,u_attr_01,value_00
benchmark_user_0169,u_attr_02,value_00
benchmark_user_0169,u_attr_03,value_01
benchmark_user_0169,u_attr_04,value_01
benchmark_user_0169,u_attr_05,value_00
benchmark_user_0169,u_attr_06,value_01
benchmark_user_0169,u_attr_07,value_01
benchmark_user_0169,u_attr_08,value_00
benchmark_user_0169,u_attr_09,value_00
benchmark_user_0169,u_attr_10,value_00
benchmark_user_0169,u_attr_11,value_01
benchmark_user_0169,u_attr_12,value_01
benchmark_user_0169,u_attr_13,value_01
benchmark_user_0169,u_attr_14,value_00
benchmark_user_0169,u_attr_15,value_00
benchmark_user_0169,u_attr_16,value_01
benchmark_user_0170,u_attr_01,value_00
benchmark_user_0170,u_attr_02,value_00
benchmark_user_0170,u_attr_03,value_01
benchmark_user_0170,u_attr_04,value_01
benchmark_user_0170,u_attr_05,value_00
benchmark_user_0170,u_attr_06,value_00
benchmark_user_0170,u_attr_07,value_01
benchmark_user_0170,u_attr_08,value_00
benchmark_user_0170,u_attr_09,value_00
benchmark_user_0170,u_attr_10,value_00
benchmark_user_0170,u_attr_11,value_00
benchmark_user_0170,u_attr_12,value_00
benchmark_user_0170,u_attr_13,value_00
benchmark_user_0170,u_attr_14,value_01
benchmark_user_0170,u_attr_15,value_00
benchmark_user_0170,u_attr_16,value_01
benchmark_user_0171,u_attr_01,value_01
benchmark_user_0171,u_attr_02,value_00
benchmark_user_0171,u_attr_03,value_01
benchmark_user_0171,u_attr_04,value_01
benchmark_user_0171,u_attr_05,value_01
benchmark_user_0171,u_attr_06,value_00
benchmark_user_0171,u_attr_07,value_00
benchmark_user_0171,u_attr_08,value_01
benchmark_user_0171,u_attr_09,value_01
benchmark_user_0171,u_attr_10,value_01
benchmark_user_0171,u_attr_11,value_00
benchmark_user_0171,u_attr_12,value_01
benchmark_user_0171,u_attr_13,value_00
benchmark_user_0171,u_attr_14,value_00
benchmark_user_0171,u_attr_15,value_01
benchmark_user_0171,u_attr_16,value_00
benchmark_user_0172,u_attr_01,value_00
benchmark_user_0172,u_attr_02,value_00
benchmark_user_0172,u_attr_03,value_00
benchmark_user_0172,u_attr_04,value_01
benchmark_user_0172,u_attr_05,value_00
benchmark_user_0172,u_attr_06,value_01
benchmark_user_0172,u_attr_07,value_01
benchmark_user_0172,u_attr_08,value_00
benchmark_user_0172,u_attr_09,value_00
benchmark_user_0172,u_attr_10,value_00
benchmark_user_0172,u_attr_11,value_00
benchmark_user_0172,u_attr_12,value_01
benchmark_user_0172,u_attr_13,value_00
benchmark_user_0172,u_attr_14,value_00
benchmark_user_0172,u_attr_15,value_01
benchmark_user_0172,u_attr_16,value_00
benchmark_user_0173,u_attr_01,value_01
benchmark_user_0173,u_attr_02,value_00
benchmark_user_0173,u_attr_03,value_00
benchmark_user_0173,u_attr_04,value_01
benchmark_user_0173,u_attr_05,value_01
benchmark_user_0173,u_attr_06,value_00
benchmark_user_0173,u_attr_07,value_00
benchmark_user_0173,u_attr_08,value_00
benchmark_user_0173,u_attr_09,value_00
benchmark_user_0173,u_attr_10,value_01
benchmark_user_0173,u_attr_11,value_00
benchmark_user_0173,u_attr_12,value_00
benchmark_user_0173,u_attr_13,value_01
benchmark_user_0173,u_attr_14,value_00
benchmark_user_0173,u_attr_15,value_01
benchmark_user_0173,u_attr_16,value_01
benchmark_user_0174,u_attr_01,value_00
benchmark_user_0174,u_attr_02,value_01
benchmark_user_0174,u_attr_03,value_01
benchmark_user_0174,u_attr_04,value_01
benchmark_user_0174,u_attr_05,value_01
benchmark_user_0174,u_attr_06,value_00
benchmark_user_0174,u_attr_07,value_01
benchmark_user_0174,u_attr_08,value_01
benchmark_user_0174,u_attr_09,value_01
benchmark_user_0174,u_attr_10,value_00
benchmark_user_0174,u_attr_11,value_00
benchmark_user_0174,u_attr_12,value_01
benchmark_user_0174,u_attr_13,value_01
benchmark_user_0174,u_attr_14,value_01
benchmark_user_0174,u_attr_15,value_00
benchmark_user_0174,u_attr_16,value_01
benchmark_user_0175,u_attr_01,value_01
benchmark_user_0175,u_attr_02,value_00
benchmark_user_0175,u_attr_03,value_01
benchmark_user_0175,u_attr_04,value_00
benchmark_user_0175,u_attr_05,value_00
benchmark_user_0175,u_attr_06,value_01
benchmark_user_0175,u_attr_07,value_00
benchmark_user_0175,u_attr_08,value_01
benchmark_user_0175,u_attr_09,value_01
benchmark_user_0175,u_attr_10,value_01
benchmark_user_0175,u_attr_11,value_01
benchmark_user_0175,u_attr_12,value_00
benchmark_user_0175,u_attr_13,value_01
benchmark_user_0175,u_attr_14,value_00
benchmark_user_0175,u_attr_15,value_00
benchmark_user_0175,u_attr_16,value_00
benchmark_user_0176,u_attr_01,value_00
benchmark_user_0176,u_attr_02,value_00
benchmark_user_0176,u_attr_03,value_00
benchmark_user_0176,u_attr_04,value_00
benchmark_user_0176,u_attr_05,value_00
benchmark_user_0176,u_attr_06,value_01
benchmark_user_0176,u_attr_07,value_01
benchmark_user_0176,u_attr_08,value_00
benchmark_user_0176,u_attr_09,value_01
benchmark_user_0176,u_attr_10,value_01
benchmark_user_0176,u_attr_11,value_01
benchmark_user_0176,u_attr_12,value_01
benchmark_user_0176,u_attr_13,value_01
benchmark_user_0176,u_attr_14,value_01
benchmark_user_0176,u_attr_15,value_00
benchmark_user_0176,u_attr_16,value_00
benchmark_user_0177,u_attr_01,value_00
benchmark_user_0177,u_attr_02,value_00
benchmark_user_0177,u_attr_03,value_00
benchmark_user_0177,u_attr_04,value_00
benchmark_user_0177,u_attr_05,value_01
benchmark_user_0177,u_attr_06,value_01
benchmark_user_0177,u_attr_07,value_01
benchmark_user_0177,u_attr_08,value_01
benchmark_user_0177,u_attr_09,value_01
benchmark_user_0177,u_attr_10,value_01
benchmark_user_0177,u_attr_11,value_00
benchmark_user_0177,u_attr_12,value_00
benchmark_user_0177,u_attr_13,value_01
benchmark_user_0177,u_attr_14,value_00
benchmark_user_0177,u_attr_15,value_00
benchmark_user_0177,u_attr_16,value_01
benchmark_user_0178,u_attr_01,value_01
benchmark_user_0178,u_attr_02,value_01
benchmark_user_0178,u_attr_03,value_00
benchmark_user_0178,u_attr_04,value_01
benchmark_user_0178,u_attr_05,value_01
benchmark_user_0178,u_attr_06,value_01
benchmark_user_0178,u_attr_07,value_00
benchmark_user_0178,u_attr_08,value_01
benchmark_user_0178,u_attr_09,value_00
benchmark_user_0178,u_attr_10,value_01
benchmark_user_0178,u_attr_11,value_01
benchmark_user_0178,u_attr_12,value_01
benchmark_user_0178,u_attr_13,value_01
benchmark_user_0178,u_attr_14,value_01
benchmark_user_0178,u_attr_15,value_01
benchmark_user_0178,u_attr_16,value_00
benchmark_user_0179,u_attr_01,value_01
benchmark_user_0179,u_attr_02,value_01
benchmark_user_0179,u_attr_03,value_00
benchmark_user_0179,u_attr_04,value_01
benchmark_user_0179,u_attr_05,value_01
benchmark_user_0179,u_attr_06,value_00
benchmark_user_0179,u_attr_07,value_00
benchmark_user_0179,u_attr_08,value_00
benchmark_user_0179,u_attr_09,value_01
benchmark_user_0179,u_attr_10,value_00
benchmark_user_0179,u_attr_11,value_00
benchmark_user_0179,u_attr_12,value_00
benchmark_user_0179,u_attr_13,value_01
benchmark_user_0179,u_attr_14,value_01
benchmark_user_0179,u_attr_15,value_00
benchmark_user_0179,u_attr_16,value_01
benchmark_user_0180,u_attr_01,value_00
benchmark_user_0180,u_attr_02,value_00
benchmark_user_0180,u_attr_03,value_00
benchmark_user_0180,u_attr_04,value_00
benchmark_user_0180,u_attr_05,value_00
benchmark_user_0180,u_attr_06,value_00
benchmark_user_0180,u_attr_07,value_01
benchmark_user_0180,u_attr_08,value_01
benchmark_user_0180,u_attr_09,value_01
benchmark_user_0180,u_attr_10,value_00
benchmark_user_0180,u_attr_11,value_01
benchmark_user_0180,u_attr_12,value_01
benchmark_user_0180,u_attr_13,value_01
benchmark_user_0180,u_attr_14,value_00
benchmark_user_0180,u_attr_15,value_01
benchmark_user_0180,u_attr_16,value_00
benchmark_user_0181,u_attr_01,value_01
benchmark_user_0181,u_attr_02,value_01
benchmark_user_0181,u_attr_03,value_00
benchmark_user_0181,u_attr_04,value_01
benchmark_user_0181,u_attr_05,value_01
benchmark_user_0181,u_attr_06,value_01
benchmark_user_0181,u_attr_07,value_00
benchmark_user_0181,u_attr_08,value_00
benchmark_user_0181,u_attr_09,value_00
benchmark_user_0181,u_attr_10,value_00
benchmark_user_0181,u_attr_11,value_01
benchmark_user_0181,u_attr_12,value_01
benchmark_user_0181,u_attr_13,value_00
benchmark_user_0181,u_attr_14,value_01
benchmark_user_0181,u_attr_15,value_01
benchmark_user_0181,u_attr_16,value_00
benchmark_user_0182,u_attr_01,value_00
benchmark_user_0182,u_attr_02,value_00
benchmark_user_0182,u_attr_03,value_00
benchmark_user_0182,u_attr_04,value_01
benchmark_user_0182,u_attr_05,value_01
benchmark_user_0182,u_attr_06,value_01
benchmark_user_0182,u_attr_07,value_01
benchmark_user_0182,u_attr_08,value_01
benchmark_user_0182,u_attr_09,value_00
benchmark_user_0182,u_attr_10,value_00
benchmark_user_0182,u_attr_11,value_01
benchmark_user_0182,u_attr_12,value_00
benchmark_user_0182,u_attr_13,value_01
benchmark_user_0182,u_attr_14,value_00
benchmark_user_0182,u_attr_15,value_01
benchmark_user_0182,u_attr_16,value_00
benchmark_user_0183,u_attr_01,value_01
benchmark_user_0183,u_attr_02,value_00
benchmark_user_0183,u_attr_03,value_00
benchmark_user_0183,u_attr_04,value_00
benchmark_user_0183,u_attr_05,value_00
benchmark_user_0183,u_attr_06,value_01
benchmark_user_0183,u_attr_07,value_00
benchmark_user_0183,u_attr_08,value_01
benchmark_user_0183,u_attr_09,value_01
benchmark_user_0183,u_attr_10,value_00
benchmark_user_0183,u_attr_11,value_00
benchmark_user_0183,u_attr_12,value_01
benchmark_user_0183,u_attr_13,value_00
benchmark_user_0183,u_attr_14,value_00
benchmark_user_0183,u_attr_15,value_00
benchmark_user_0183,u_attr_16,value_00
benchmark_user_0184,u_attr_01,value_00
benchmark_user_0184,u_attr_02,value_01
benchmark_user_0184,u_attr_03,value_00
benchmark_user_0184,u_attr_04,value_01
benchmark_user_0184,u_attr_05,value_00
benchmark_user_0184,u_attr_06,value_00
benchmark_user_0184,u_attr_07,value_00
benchmark_user_0184,u_attr_08,value_01
benchmark_user_0184,u_attr_09,value_00
benchmark_user_0184,u_attr_10,value_01
benchmark_user_0184,u_attr_11,value_00
benchmark_user_0184,u_attr_12,value_01
benchmark_user_0184,u_attr_13,value_01
benchmark_user_0184,u_attr_14,value_01
benchmark_user_0184,u_attr_15,value_00
benchmark_user_0184,u_attr_16,value_00
benchmark_user_0185,u_attr_01,value_00
benchmark_user_0185,u_attr_02,value_00
benchmark_user_0185,u_attr_03,value_01
benchmark_user_0185,u_attr_04,value_01
benchmark_user_0185,u_attr_05,value_01
benchmark_user_0185,u_attr_06,value_01
benchmark_user_0185,u_attr_07,value_00
benchmark_user_0185,u_attr_08,value_00
benchmark_user_0185,u_attr_09,value_01
benchmark_user_0185,u_attr_10,value_01
benchmark_user_0185,u_attr_11,value_00
benchmark_user_0185,u_attr_12,value_01
benchmark_user_0185,u_attr_13,value_00
benchmark_user_0185,u_attr_14,value_01
benchmark_user_0185,u_attr_15,value_00
benchmark_user_0185,u_attr_16,value_01
benchmark_user_0186,u_attr_01,value_00
benchmark_user_0186,u_attr_02,value_00
benchmark_user_0186,u_attr_03,value_00
benchmark_user_0186,u_attr_04,value_00
benchmark_user_0186,u_attr_05,value_01
benchmark_user_0186,u_attr_06,value_01
benchmark_user_0186,u_attr_07,value_01
benchmark_user_0186,u_attr_08,value_01
benchmark_user_0186,u_attr_09,value_01
benchmark_user_0186,u_attr_10,value_01
benchmark_user_0186,u_attr_11,value_00
benchmark_user_0186,u_attr_12,value_00
benchmark_user_0186,u_attr_13,value_01
benchmark_user_0186,u_attr_14,value_01
benchmark_user_0186,u_attr_15,value_01
benchmark_user_0186,u_attr_16,value_00
benchmark_user_0187,u_attr_01,value_01
benchmark_user_0187,u_attr_02,value_00
benchmark_user_0187,u_attr_03,value_00
benchmark_user_0187,u_attr_04,value_01
benchmark_user_0187,u_attr_05,value_00
benchmark_user_0187,u_attr_06,value_00
benchmark_user_0187,u_attr_07,value_01
benchmark_user_0187,u_attr_08,value_00
benchmark_user_0187,u_attr_09,value_00
benchmark_user_0187,u_attr_10,value_01
benchmark_user_0187,u_attr_11,value_01
benchmark_user_0187,u_attr_12,value_00
benchmark_user_0187,u_attr_13,value_00
benchmark_user_0187,u_attr_14,value_01
benchmark_user_0187,u_attr_15,value_01
benchmark_user_0187,u_attr_16,value_00
benchmark_user_0188,u_attr_01,value_01
benchmark_user_0188,u_attr_02,value_01
benchmark_user_0188,u_attr_03,value_00
benchmark_user_0188,u_attr_04,value_00
benchmark_user_0188,u_attr_05,value_00
benchmark_user_0188,u_attr_06,value_01
benchmark_user_0188,u_attr_07,value_00
benchmark_user_0188,u_attr_08,value_01
benchmark_user_0188,u_attr_09,value_00
benchmark_user_0188,u_attr_10,value_01
benchmark_user_0188,u_attr_11,value_01
benchmark_user_0188,u_attr_12,value_00
benchmark_user_0188,u_attr_13,value_00
benchmark_user_0188,u_attr_14,value_01
benchmark_user_0188,u_attr_15,value_00
benchmark_user_0188,u_attr_16,value_00
benchmark_user_0189,u_attr_01,value_00
benchmark_user_0189,u_attr_02,value_01
benchmark_user_0189,u_attr_03,value_00
benchmark_user_0189,u_attr_04,value_00
benchmark_user_0189,u_attr_05,value_01
benchmark_user_0189,u_attr_06,value_01
benchmark_user_0189,u_attr_07,value_01
benchmark_user_0189,u_attr_08,value_01
benchmark_user_0189,u_attr_09,value_00
benchmark_user_0189,u_attr_10,value_00
benchmark_user_0189,u_attr_11,value_01
benchmark_user_0189,u_attr_12,value_00
benchmark_user_0189,u_attr_13,value_00
benchmark_user_0189,u_attr_14,value_00
benchmark_user_0189,u_attr_15,value_00
benchmark_user_0189,u_attr_16,value_00
benchmark_user_0190,u_attr_01,value_01
benchmark_user_0190,u_attr_02,value_00
benchmark_user_0190,u_attr_03,value_01
benchmark_user_0190,u_attr_04,value_00
benchmark_user_0190,u_attr_05,value_01
benchmark_user_0190,u_attr_06,value_00
benchmark_user_0190,u_attr_07,value_00
benchmark_user_0190,u_attr_08,value_01
benchmark_user_0190,u_attr_09,value_01
benchmark_user_0190,u_attr_10,value_01
benchmark_user_0190,u_attr_11,value_01
benchmark_user_0190,u_attr_12,value_00
benchmark_user_0190,u_attr_13,value_00
benchmark_user_0190,u_attr_14,value_01
benchmark_user_0190,u_attr_15,value_00
benchmark_user_0190,u_attr_16,value_01
benchmark_user_0191,u_attr_01,value_01
benchmark_user_0191,u_attr_02,value_00
benchmark_user_0191,u_attr_03,value_01
benchmark_user_0191,u_attr_04,value_00
benchmark_user_0191,u_attr_05,value_00
benchmark_user_0191,u_attr_06,value_01
benchmark_user_0191,u_attr_07,value_01
benchmark_user_0191,u_attr_08,value_00
benchmark_user_0191,u_attr_09,value_01
benchmark_user_0191,u_attr_10,value_00
benchmark_user_0191,u_attr_11,value_00
benchmark_user_0191,u_attr_12,value_00
benchmark_user_0191,u_attr_13,value_00
benchmark_user_0191,u_attr_14,value_01
benchmark_user_0191,u_attr_15,value_00
benchmark_user_0191,u_attr_16,value_00
benchmark_user_0192,u_attr_01,value_01
benchmark_user_0192,u_attr_02,value_00
benchmark_user_0192,u_attr_03,value_00
benchmark_user_0192,u_attr_04,value_01
benchmark_user_0192,u_attr_05,value_00
benchmark_user_0192,u_attr_06,value_01
benchmark_user_0192,u_attr_07,value_00
benchmark_user_0192,u_attr_08,value_01
benchmark_user_0192,u_attr_09,value_01
benchmark_user_0192,u_attr_10,value_01
benchmark_user_0192,u_attr_11,value_00
benchmark_user_0192,u_attr_12,value_01
benchmark_user_0192,u_attr_13,value_01
benchmark_user_0192,u_attr_14,value_01
benchmark_user_0192,u_attr_15,value_00
benchmark_user_0192,u_attr_16,value_00
benchmark_user_0193,u_attr_01,value_01
benchmark_user_0193,u_attr_02,value_01
benchmark_user_0193,u_attr_03,value_00
benchmark_user_0193,u_attr_04,value_00
benchmark_user_0193,u_attr_05,value_00
benchmark_user_0193,u_attr_06,value_00
benchmark_user_0193,u_attr_07,value_01
benchmark_user_0193,u_attr_08,value_00
benchmark_user_0193,u_attr_09,value_00
benchmark_user_0193,u_attr_10,value_00
benchmark_user_0193,u_attr_11,value_01
benchmark_user_0193,u_attr_12,value_00
benchmark_user_0193,u_attr_13,value_00
benchmark_user_0193,u_attr_14,value_01
benchmark_user_0193,u_attr_15,value_01
benchmark_user_0193,u_attr_16,value_00
benchmark_user_0194,u_attr_01,value_01
benchmark_user_0194,u_attr_02,value_01
benchmark_user_0194,u_attr_03,value_00
benchmark_user_0194,u_attr_04,value_00
benchmark_user_0194,u_attr_05,value_00
benchmark_user_0194,u_attr_06,value_01
benchmark_user_0194,u_attr_07,value_01
benchmark_user_0194,u_attr_08,value_01
benchmark_user_0194,u_attr_09,value_00
benchmark_user_0194,u_attr_10,value_01
benchmark_user_0194,u_attr_11,value_00
benchmark_user_0194,u_attr_12,value_00
benchmark_user_0194,u_attr_13,value_00
benchmark_user_0194,u_attr_14,value_01
benchmark_user_0194,u_attr_15,value_00
benchmark_user_0194,u_attr_16,value_01
benchmark_user_0195,u_attr_01,value_01
benchmark_user_0195,u_attr_02,value_00
benchmark_user_0195,u_attr_03,value_00
benchmark_user_0195,u_attr_04,value_00
benchmark_user_0195,u_attr_05,value_00
benchmark_user_0195,u_attr_06,value_01
benchmark_user_0195,u_attr_07,value_01
benchmark_user_0195,u_attr_08,value_01
benchmark_user_0195,u_attr_09,value_00
benchmark_user_0195,u_attr_10,value_00
benchmark_user_0195,u_attr_11,value_01
benchmark_user_0195,u_attr_12,value_01
benchmark_user_0195,u_attr_13,value_01
benchmark_user_0195,u_attr_14,value_01
benchmark_user_0195,u_attr_15,value_01
benchmark_user_0195,u_attr_16,value_00
benchmark_user_0196,u_attr_01,value_01
benchmark_user_0196,u_attr_02,value_01
benchmark_user_0196,u_attr_03,value_00
benchmark_user_0196,u_attr_04,value_01
benchmark_user_0196,u_attr_05,value_01
benchmark_user_0196,u_attr_06,value_00
benchmark_user_0196,u_attr_07,value_00
benchmark_user_0196,u_attr_08,value_01
benchmark_user_0196,u_attr_09,value_00
benchmark_user_0196,u_attr_10,value_00
benchmark_user_0196,u_attr_11,value_00
benchmark_user_0196,u_attr_12,value_00
benchmark_user_0196,u_attr_13,value_01
benchmark_user_0196,u_attr_14,value_01
benchmark_user_0196,u_attr_15,value_01
benchmark_user_0196,u_attr_16,value_00
benchmark_user_0197,u_attr_01,value_01
benchmark_user_0197,u_attr_02,value_00
benchmark_user_0197,u_attr_03,value_01
benchmark_user_0197,u_attr_04,value_00
benchmark_user_0197,u_attr_05,value_01
benchmark_user_0197,u_attr_06,value_01
benchmark_user_0197,u_attr_07,value_01
benchmark_user_0197,u_attr_08,value_00
benchmark_user_0197,u_attr_09,value_00
benchmark_user_0197,u_attr_10,value_00
benchmark_user_0197,u_attr_11,value_00
benchmark_user_0197,u_attr_12,value_01
benchmark_user_0197,u_attr_13,value_00
benchmark_user_0197,u_attr_14,value_00
benchmark_user_0197,u_attr_15,value_00
benchmark_user_0197,u_attr_16,value_01
benchmark_user_0198,u_attr_01,value_00
benchmark_user_0198,u_attr_02,value_00
benchmark_user_0198,u_attr_03,value_00
benchmark_user_0198,u_attr_04,value_00
benchmark_user_0198,u_attr_05,value_00
benchmark_user_0198,u_attr_06,value_00
benchmark_user_0198,u_attr_07,value_00
benchmark_user_0198,u_attr_08,value_00
benchmark_user_0198,u_attr_09,value_01
benchmark_user_0198,u_attr_10,value_00
benchmark_user_0198,u_attr_11,value_01
benchmark_user_0198,u_attr_12,value_00
benchmark_user_0198,u_attr_13,value_00
benchmark_user_0198,u_attr_14,value_01
benchmark_user_0198,u_attr_15,value_00
benchmark_user_0198,u_attr_16,value_01
benchmark_user_0199,u_attr_01,value_00
benchmark_user_0199,u_attr_02,value_00
benchmark_user_0199,u_attr_03,value_00
benchmark_user_0199,u_attr_04,value_01
benchmark_user_0199,u_attr_05,value_01
benchmark_user_0199,u_attr_06,value_00
benchmark_user_0199,u_attr_07,value_01
benchmark_user_0199,u_attr_08,value_01
benchmark_user_0199,u_attr_09,value_01
benchmark_user_0199,u_attr_10,value_00
benchmark_user_0199,u_attr_11,value_00
benchmark_user_0199,u_attr_12,value_01
benchmark_user_0199,u_attr_13,value_00
benchmark_user_0199,u_attr_14,value_01
benchmark_user_0199,u_attr_15,value_00
benchmark_user_0199,u_attr_16,value_00
benchmark_user_0200,u_attr_01,value_01
benchmark_user_0200,u_attr_02,value_01
benchmark_user_0200,u_attr_03,value_00
benchmark_user_0200,u_attr_04,value_01
benchmark_user_0200,u_attr_05,value_00
benchmark_user_0200,u_attr_06,value_00
benchmark_user_0200,u_attr_07,value_01
benchmark_user_0200,u_attr_08,value_00
benchmark_user_0200,u_attr_09,value_01
benchmark_user_0200,u_attr_10,value_00
benchmark_user_0200,u_attr_11,value_00
benchmark_user_0200,u_attr_12,value_00
benchmark_user_0200,u_attr_13,value_01
benchmark_user_0200,u_attr_14,value_01
benchmark_user_0200,u_attr_15,value_00
benchmark_user_0200,u_attr_16,value_01
benchmark_user_0201,u_attr_01,value_00
benchmark_user_0201,u_attr_02,value_00
benchmark_user_0201,u_attr_03,value_01
benchmark_user_0201,u_attr_04,value_01
benchmark_user_0201,u_attr_05,value_01
benchmark_user_0201,u_attr_06,value_00
benchmark_user_0201,u_attr_07,value_00
benchmark_user_0201,u_attr_08,value_00
benchmark_user_0201,u_attr_09,value_00
benchmark_user_0201,u_attr_10,value_01
benchmark_user_0201,u_attr_11,value_01
benchmark_user_0201,u_attr_12,value_00
benchmark_user_0201,u_attr_13,value_00
benchmark_user_0201,u_attr_14,value_00
benchmark_user_0201,u_attr_15,value_00
benchmark_user_0201,u_attr_16,value_00
benchmark_user_0202,u_attr_01,value_01
benchmark_user_0202,u_attr_02,value_01
benchmark_user_0202,u_attr_03,value_01
benchmark_user_0202,u_attr_04,value_01
benchmark_user_0202,u_attr_05,value_00
benchmark_user_0202,u_attr_06,value_00
benchmark_user_0202,u_attr_07,value_00
benchmark_user_0202,u_attr_08,value_01
benchmark_user_0202,u_attr_09,value_01
benchmark_user_0202,u_attr_10,value_00
benchmark_user_0202,u_attr_11,value_01
benchmark_user_0202,u_attr_12,value_01
benchmark_user_0202,u_attr_13,value_01
benchmark_user_0202,u_attr_14,value_01
benchmark_user_0202,u_attr_15,value_01
benchmark_user_0202,u_attr_16,value_01
benchmark_user_0203,u_attr_01,value_00
benchmark_user_0203,u_attr_02,value_01
benchmark_user_0203,u_attr_03,value_01
benchmark_user_0203,u_attr_04,value_01
benchmark_user_0203,u_attr_05,value_00
benchmark_user_0203,u_attr_06,value_01
benchmark_user_0203,u_attr_07,value_01
benchmark_user_0203,u_attr_08,value_00
benchmark_user_0203,u_attr_09,value_01
benchmark_user_0203,u_attr_10,value_01
benchmark_user_0203,u_attr_11,value_00
benchmark_user_0203,u_attr_12,value_00
benchmark_user_0203,u_attr_13,value_00
benchmark_user_0203,u_attr_14,value_01
benchmark_user_0203,u_attr_15,value_00
benchmark_user_0203,u_attr_16,value_01
benchmark_user_0204,u_attr_01,value_00
benchmark_user_0204,u_attr_02,value_01
benchmark_user_0204,u_attr_03,value_01
benchmark_user_0204,u_attr_04,value_01
benchmark_user_0204,u_attr_05,value_00
benchmark_user_0204,u_attr_06,value_00
benchmark_user_0204,u_attr_07,value_00
benchmark_user_0204,u_attr_08,value_01
benchmark_user_0204,u_attr_09,value_00
benchmark_user_0204,u_attr_10,value_01
benchmark_user_0204,u_attr_11,value_00
benchmark_user_0204,u_attr_12,value_01
benchmark_user_0204,u_attr_13,value_00
benchmark_user_0204,u_attr_14,value_00
benchmark_user_0204,u_attr_15,value_00
benchmark_user_0204,u_attr_16,value_01
benchmark_user_0205,u_attr_01,value_00
benchmark_user_0205,u_attr_02,value_00
benchmark_user_0205,u_attr_03,value_01
benchmark_user_0205,u_attr_04,value_00
benchmark_user_0205,u_attr_05,value_01
benchmark_user_0205,u_attr_06,value_00
benchmark_user_0205,u_attr_07,value_00
benchmark_user_0205,u_attr_08,value_01
benchmark_user_0205,u_attr_09,value_01
benchmark_user_0205,u_attr_10,value_00
benchmark_user_0205,u_attr_11,value_00
benchmark_user_0205,u_attr_12,value_00
benchmark_user_0205,u_attr_13,value_00
benchmark_user_0205,u_attr_14,value_01
benchmark_user_0205,u_attr_15,value_00
benchmark_user_0205,u_attr_16,value_00
benchmark_user_0206,u_attr_01,value_00
benchmark_user_0206,u_attr_02,value_01
benchmark_user_0206,u_attr_03,value_00
benchmark_user_0206,u_attr_04,value_00
benchmark_user_0206,u_attr_05,value_01
benchmark_user_0206,u_attr_06,value_01
benchmark_user_0206,u_attr_07,value_00
benchmark_user_0206,u_attr_08,value_00
benchmark_user_0206,u_attr_09,value_01
benchmark_user_0206,u_attr_10,value_01
benchmark_user_0206,u_attr_11,value_00
benchmark_user_0206,u_attr_12,value_01
benchmark_user_0206,u_attr_13,value_01
benchmark_user_0206,u_attr_14,value_01
benchmark_user_0206,u_attr_15,value_01
benchmark_user_0206,u_attr_16,value_01
benchmark_user_0207,u_attr_01,value_01
benchmark_user_0207,u_attr_02,value_01
benchmark_user_0207,u_attr_03,value_00
benchmark_user_0207,u_attr_04,value_00
benchmark_user_0207,u_attr_05,value_00
benchmark_user_0207,u_attr_06,value_01
benchmark_user_0207,u_attr_07,value_00
benchmark_user_0207,u_attr_08,value_00
benchmark_user_0207,u_attr_09,value_01
benchmark_user_0207,u_attr_10,value_01
benchmark_user_0207,u_attr_11,value_01
benchmark_user_0207,u_attr_12,value_00
benchmark_user_0207,u_attr_13,value_00
benchmark_user_0207,u_attr_14,value_01
benchmark_user_0207,u_attr_15,value_00
benchmark_user_0207,u_attr_16,value_00
benchmark_user_0208,u_attr_01,value_01
benchmark_user_0208,u_attr_02,value_01
benchmark_user_0208,u_attr_03,value_01
benchmark_user_0208,u_attr_04,value_00
benchmark_user_0208,u_attr_05,value_00
benchmark_user_0208,u_attr_06,value_01
benchmark_user_0208,u_attr_07,value_00
benchmark_user_0208,u_attr_08,value_00
benchmark_user_0208,u_attr_09,value_01
benchmark_user_0208,u_attr_10,value_01
benchmark_user_0208,u_attr_11,value_01
benchmark_user_0208,u_attr_12,value_00
benchmark_user_0208,u_attr_13,value_00
benchmark_user_0208,u_attr_14,value_01
benchmark_user_0208,u_attr_15,value_00
benchmark_user_0208,u_attr_16,value_00
benchmark_user_0209,u_attr_01,value_01
benchmark_user_0209,u_attr_02,value_01
benchmark_user_0209,u_attr_03,value_01
benchmark_user_0209,u_attr_04,value_00
benchmark_user_0209,u_attr_05,value_01
benchmark_user_0209,u_attr_06,value_00
benchmark_user_0209,u_attr_07,value_00
benchmark_user_0209,u_attr_08,value_00
benchmark_user_0209,u_attr_09,value_01
benchmark_user_0209,u_attr_10,value_00
benchmark_user_0209,u_attr_11,value_01
benchmark_user_0209,u_attr_12,value_01
benchmark_user_0209,u_attr_13,value_01
benchmark_user_0209,u_attr_14,value_00
benchmark_user_0209,u_attr_15,value_01
benchmark_user_0209,u_attr_16,value_01
benchmark_user_0210,u_attr_01,value_01
benchmark_user_0210,u_attr_02,value_00
benchmark_user_0210,u_attr_03,value_00
benchmark_user_0210,u_attr_04,value_01
benchmark_user_0210,u_attr_05,value_01
benchmark_user_0210,u_attr_06,value_01
benchmark_user_0210,u_attr_07,value_00
benchmark_user_0210,u_attr_08,value_01
benchmark_user_0210,u_attr_09,value_00
benchmark_user_0210,u_attr_10,value_00
benchmark_user_0210,u_attr_11,value_00
benchmark_user_0210,u_attr_12,value_00
benchmark_user_0210,u_attr_13,value_00
benchmark_user_0210,u_attr_14,value_01
benchmark_user_0210,u_attr_15,value_01
benchmark_user_0210,u_attr_16,value_01
benchmark_user_0211,u_attr_01,value_01
benchmark_user_0211,u_attr_02,value_00
benchmark_user_0211,u_attr_03,value_01
benchmark_user_0211,u_attr_04,value_00
benchmark_user_0211,u_attr_05,value_00
benchmark_user_0211,u_attr_06,value_01
benchmark_user_0211,u_attr_07,value_00
benchmark_user_0211,u_attr_08,value_01
benchmark_user_0211,u_attr_09,value_00
benchmark_user_0211,u_attr_10,value_00
benchmark_user_0211,u_attr_11,value_01
benchmark_user_0211,u_attr_12,value_01
benchmark_user_0211,u_attr_13,value_01
benchmark_user_0211,u_attr_14,value_00
benchmark_user_0211,u_attr_15,value_01
benchmark_user_0211,u_attr_16,value_01
benchmark_user_0212,u_attr_01,value_01
benchmark_user_0212,u_attr_02,value_01
benchmark_user_0212,u_attr_03,value_00
benchmark_user_0212,u_attr_04,value_00
benchmark_user_0212,u_attr_05,value_00
benchmark_user_0212,u_attr_06,value_00
benchmark_user_0212,u_attr_07,value_00
benchmark_user_0212,u_attr_08,value_00
benchmark_user_0212,u_attr_09,value_01
benchmark_user_0212,u_attr_10,value_00
benchmark_user_0212,u_attr_11,value_01
benchmark_user_0212,u_attr_12,value_00
benchmark_user_0212,u_attr_13,value_01
benchmark_user_0212,u_attr_14,value_01
benchmark_user_0212,u_attr_15,value_01
benchmark_user_0212,u_attr_16,value_01
benchmark_user_0213,u_attr_01,value_00
benchmark_user_0213,u_attr_02,value_01
benchmark_user_0213,u_attr_03,value_00
benchmark_user_0213,u_attr_04,value_01
benchmark_user_0213,u_attr_05,value_00
benchmark_user_0213,u_attr_06,value_00
benchmark_user_0213,u_attr_07,value_01
benchmark_user_0213,u_attr_08,value_01
benchmark_user_0213,u_attr_09,value_01
benchmark_user_0213,u_attr_10,value_01
benchmark_user_0213,u_attr_11,value_00
benchmark_user_0213,u_attr_12,value_00
benchmark_user_0213,u_attr_13,value_01
benchmark_user_0213,u_attr_14,value_01
benchmark_user_0213,u_attr_15,value_01
benchmark_user_0213,u_attr_16,value_01
benchmark_user_0214,u_attr_01,value_00
benchmark_user_0214,u_attr_02,value_01
benchmark_user_0214,u_attr_03,value_01
benchmark_user_0214,u_attr_04,value_01
benchmark_user_0214,u_attr_05,value_01
benchmark_user_0214,u_attr_06,value_00
benchmark_user_0214,u_attr_07,value_01
benchmark_user_0214,u_attr_08,value_01
benchmark_user_0214,u_attr_09,value_01
benchmark_user_0214,u_attr_10,value_00
benchmark_user_0214,u_attr_11,value_01
benchmark_user_0214,u_attr_12,value_00
benchmark_user_0214,u_attr_13,value_00
benchmark_user_0214,u_attr_14,value_01
benchmark_user_0214,u_attr_15,value_00
benchmark_user_0214,u_attr_16,value_01
benchmark_user_0215,u_attr_01,value_00
benchmark_user_0215,u_attr_02,value_00
benchmark_user_0215,u_attr_03,value_01
benchmark_user_0215,u_attr_04,value_01
benchmark_user_0215,u_attr_05,value_01
benchmark_user_0215,u_attr_06,value_00
benchmark_user_0215,u_attr_07,value_01
benchmark_user_0215,u_attr_08,value_00
benchmark_user_0215,u_attr_09,value_01
benchmark_user_0215,u_attr_10,value_00
benchmark_user_0215,u_attr_11,value_00
benchmark_user_0215,u_attr_12,value_01
benchmark_user_0215,u_attr_13,value_01
benchmark_user_0215,u_attr_14,value_00
benchmark_user_0215,u_attr_15,value_00
benchmark_user_0215,u_attr_16,value_00
benchmark_user_0216,u_attr_01,value_00
benchmark_user_0216,u_attr_02,value_01
benchmark_user_0216,u_attr_03,value_01
benchmark_user_0216,u_attr_04,value_00
benchmark_user_0216,u_attr_05,value_00
benchmark_user_0216,u_attr_06,value_01
benchmark_user_0216,u_attr_07,value_00
benchmark_user_0216,u_attr_08,value_01
benchmark_user_0216,u_attr_09,value_01
benchmark_user_0216,u_attr_10,value_00
benchmark_user_0216,u_attr_11,value_00
benchmark_user_0216,u_attr_12,value_01
benchmark_user_0216,u_attr_13,value_01
benchmark_user_0216,u_attr_14,value_01
benchmark_user_0216,u_attr_15,value_01
benchmark_user_0216,u_attr_16,value_00
benchmark_user_0217,u_attr_01,value_01
benchmark_user_0217,u_attr_02,value_00
benchmark_user_0217,u_attr_03,value_00
benchmark_user_0217,u_attr_04,value_01
benchmark_user_0217,u_attr_05,value_01
benchmark_user_0217,u_attr_06,value_00
benchmark_user_0217,u_attr_07,value_01
benchmark_user_0217,u_attr_08,value_01
benchmark_user_0217,u_attr_09,value_01
benchmark_user_0217,u_attr_10,value_01
benchmark_user_0217,u_attr_11,value_00
benchmark_user_0217,u_attr_12,value_00
benchmark_user_0217,u_attr_13,value_01
benchmark_user_0217,u_attr_14,value_00
benchmark_user_0217,u_attr_15,value_00
benchmark_user_0217,u_attr_16,value_00
benchmark_user_0218,u_attr_01,value_01
benchmark_user_0218,u_attr_02,value_00
benchmark_user_0218,u_attr_03,value_01
benchmark_user_0218,u_attr_04,value_01
benchmark_user_0218,u_attr_05,value_01
benchmark_user_0218,u_attr_06,value_01
benchmark_user_0218,u_attr_07,value_00
benchmark_user_0218,u_attr_08,value_01
benchmark_user_0218,u_attr_09,value_00
benchmark_user_0218,u_attr_10,value_01
benchmark_user_0218,u_attr_11,value_00
benchmark_user_0218,u_attr_12,value_00
benchmark_user_0218,u_attr_13,value_00
benchmark_user_0218,u_attr_14,value_01
benchmark_user_0218,u_attr_15,value_01
benchmark_user_0218,u_attr_16,value_01
benchmark_user_0219,u_attr_01,value_01
benchmark_user_0219,u_attr_02,value_01
benchmark_user_0219,u_attr_03,value_01
benchmark_user_0219,u_attr_04,value_01
benchmark_user_0219,u_attr_05,value_01
benchmark_user_0219,u_attr_06,value_01
benchmark_user_0219,u_attr_07,value_00
benchmark_user_0219,u_attr_08,value_01
benchmark_user_0219,u_attr_09,value_01
benchmark_user_0219,u_attr_10,value_01
benchmark_user_0219,u_attr_11,value_01
benchmark_user_0219,u_attr_12,value_01
benchmark_user_0219,u_attr_13,value_00
benchmark_user_0219,u_attr_14,value_01
benchmark_user_0219,u_attr_15,value_01
benchmark_user_0219,u_attr_16,value_01
benchmark_user_0220,u_attr_01,value_00
benchmark_user_0220,u_attr_02,value_01
benchmark_user_0220,u_attr_03,value_01
benchmark_user_0220,u_attr_04,value_01
benchmark_user_0220,u_attr_05,value_00
benchmark_user_0220,u_attr_06,value_01
benchmark_user_0220,u_attr_07,value_01
benchmark_user_0220,u_attr_08,value_00
benchmark_user_0220,u_attr_09,value_01
benchmark_user_0220,u_attr_10,value_01
benchmark_user_0220,u_attr_11,value_00
benchmark_user_0220,u_attr_12,value_00
benchmark_user_0220,u_attr_13,value_00
benchmark_user_0220,u_attr_14,value_00
benchmark_user_0220,u_attr_15,value_01
benchmark_user_0220,u_attr_16,value_00
benchmark_user_0221,u_attr_01,value_01
benchmark_user_0221,u_attr_02,value_00
benchmark_user_0221,u_attr_03,value_00
benchmark_user_0221,u_attr_04,value_01
benchmark_user_0221,u_attr_05,value_00
benchmark_user_0221,u_attr_06,value_01
benchmark_user_0221,u_attr_07,value_00
benchmark_user_0221,u_attr_08,value_01
benchmark_user_0221,u_attr_09,value_00
benchmark_user_0221,u_attr_10,value_01
benchmark_user_0221,u_attr_11,value_01
benchmark_user_0221,u_attr_12,value_00
benchmark_user_0221,u_attr_13,value_01
benchmark_user_0221,u_attr_14,value_01
benchmark_user_0221,u_attr_15,value_00
benchmark_user_0221,u_attr_16,value_00
benchmark_user_0222,u_attr_01,value_01
benchmark_user_0222,u_attr_02,value_01
benchmark_user_0222,u_attr_03,value_00
benchmark_user_0222,u_attr_04,value_01
benchmark_user_0222,u_attr_05,value_00
benchmark_user_0222,u_attr_06,value_01
benchmark_user_0222,u_attr_07,value_00
benchmark_user_0222,u_attr_08,value_00
benchmark_user_0222,u_attr_09,value_01
benchmark_user_0222,u_attr_10,value_01
benchmark_user_0222,u_attr_11,value_00
benchmark_user_0222,u_attr_12,value_01
benchmark_user_0222,u_attr_13,value_01
benchmark_user_0222,u_attr_14,value_00
benchmark_user_0222,u_attr_15,value_01
benchmark_user_0222,u_attr_16,value_00
benchmark_user_0223,u_attr_01,value_01
benchmark_user_0223,u_attr_02,value_01
benchmark_user_0223,u_attr_03,value_00
benchmark_user_0223,u_attr_04,value_01
benchmark_user_0223,u_attr_05,value_01
benchmark_user_0223,u_attr_06,value_00
benchmark_user_0223,u_attr_07,value_01
benchmark_user_0223,u_attr_08,value_00
benchmark_user_0223,u_attr_09,value_01
benchmark_user_0223,u_attr_10,value_00
benchmark_user_0223,u_attr_11,value_01
benchmark_user_0223,u_attr_12,value_00
benchmark_user_0223,u_attr_13,value_01
benchmark_user_0223,u_attr_14,value_01
benchmark_user_0223,u_attr_15,value_01
benchmark_user_0223,u_attr_16,value_01
benchmark_user_0224,u_attr_01,value_01
benchmark_user_0224,u_attr_02,value_00
benchmark_user_0224,u_attr_03,value_01
benchmark_user_0224,u_attr_04,value_01
benchmark_user_0224,u_attr_05,value_01
benchmark_user_0224,u_attr_06,value_01
benchmark_user_0224,u_attr_07,value_00
benchmark_user_0224,u_attr_08,value_00
benchmark_user_0224,u_attr_09,value_00
benchmark_user_0224,u_attr_10,value_01
benchmark_user_0224,u_attr_11,value_00
benchmark_user_0224,u_attr_12,value_01
benchmark_user_0224,u_attr_13,value_00
benchmark_user_0224,u_attr_14,value_00
benchmark_user_0224,u_attr_15,value_00
benchmark_user_0224,u_attr_16,value_00
benchmark_user_0225,u_attr_01,value_00
benchmark_user_0225,u_attr_02,value_00
benchmark_user_0225,u_attr_03,value_00
benchmark_user_0225,u_attr_04,value_01
benchmark_user_0225,u_attr_05,value_01
benchmark_user_0225,u_attr_06,value_01
benchmark_user_0225,u_attr_07,value_01
benchmark_user_0225,u_attr_08,value_01
benchmark_user_0225,u_attr_09,value_00
benchmark_user_0225,u_attr_10,value_00
benchmark_user_0225,u_attr_11,value_00
benchmark_user_0225,u_attr_12,value_01
benchmark_user_0225,u_attr_13,value_01
benchmark_user_0225,u_attr_14,value_01
benchmark_user_0225,u_attr_15,value_01
benchmark_user_0225,u_attr_16,value_00
benchmark_user_0226,u_attr_01,value_01
benchmark_user_0226,u_attr_02,value_00
benchmark_user_0226,u_attr_03,value_00
benchmark_user_0226,u_attr_04,value_01
benchmark_user_0226,u_attr_05,value_01
benchmark_user_0226,u_attr_06,value_01
benchmark_user_0226,u_attr_07,value_01
benchmark_user_0226,u_attr_08,value_00
benchmark_user_0226,u_attr_09,value_01
benchmark_user_0226,u_attr_10,value_01
benchmark_user_0226,u_attr_11,value_01
benchmark_user_0226,u_attr_12,value_01
benchmark_user_0226,u_attr_13,value_00
benchmark_user_0226,u_attr_14,value_01
benchmark_user_0226,u_attr_15,value_00
benchmark_user_0226,u_attr_16,value_01
benchmark_user_0227,u_attr_01,value_01
benchmark_user_0227,u_attr_02,value_01
benchmark_user_0227,u_attr_03,value_00
benchmark_user_0227,u_attr_04,value_00
benchmark_user_0227,u_attr_05,value_01
benchmark_user_0227,u_attr_06,value_01
benchmark_user_0227,u_attr_07,value_00
benchmark_user_0227,u_attr_08,value_01
benchmark_user_0227,u_attr_09,value_01
benchmark_user_0227,u_attr_10,value_01
benchmark_user_0227,u_attr_11,value_00
benchmark_user_0227,u_attr_12,value_01
benchmark_user_0227,u_attr_13,value_01
benchmark_user_0227,u_attr_14,value_00
benchmark_user_0227,u_attr_15,value_00
benchmark_user_0227,u_attr_16,value_00
benchmark_user_0228,u_attr_01,value_00
benchmark_user_0228,u_attr_02,value_00
benchmark_user_0228,u_attr_03,value_00
benchmark_user_0228,u_attr_04,value_01
benchmark_user_0228,u_attr_05,value_01
benchmark_user_0228,u_attr_06,value_00
benchmark_user_0228,u_attr_07,value_00
benchmark_user_0228,u_attr_08,value_01
benchmark_user_0228,u_attr_09,value_00
benchmark_user_0228,u_attr_10,value_01
benchmark_user_0228,u_attr_11,value_01
benchmark_user_0228,u_attr_12,value_01
benchmark_user_0228,u_attr_13,value_01
benchmark_user_0228,u_attr_14,value_00
benchmark_user_0228,u_attr_15,value_00
benchmark_user_0228,u_attr_16,value_00
benchmark_user_0229,u_attr_01,value_00
benchmark_user_0229,u_attr_02,value_01
benchmark_user_0229,u_attr_03,value_01
benchmark_user_0229,u_attr_04,value_00
benchmark_user_0229,u_attr_05,value_01
benchmark_user_0229,u_attr_06,value_01
benchmark_user_0229,u_attr_07,value_00
benchmark_user_0229,u_attr_08,value_00
benchmark_user_0229,u_attr_09,value_01
benchmark_user_0229,u_attr_10,value_00
benchmark_user_0229,u_attr_11,value_01
benchmark_user_0229,u_attr_12,value_01
benchmark_user_0229,u_attr_13,value_01
benchmark_user_0229,u_attr_14,value_00
benchmark_user_0229,u_attr_15,value_00
benchmark_user_0229,u_attr_16,value_01
benchmark_user_0230,u_attr_01,value_01
benchmark_user_0230,u_attr_02,value_00
benchmark_user_0230,u_attr_03,value_01
benchmark_user_0230,u_attr_04,value_01
benchmark_user_0230,u_attr_05,value_00
benchmark_user_0230,u_attr_06,value_01
benchmark_user_0230,u_attr_07,value_01
benchmark_user_0230,u_attr_08,value_00
benchmark_user_0230,u_attr_09,value_00
benchmark_user_0230,u_attr_10,value_00
benchmark_user_0230,u_attr_11,value_01
benchmark_user_0230,u_attr_12,value_01
benchmark_user_0230,u_attr_13,value_00
benchmark_user_0230,u_attr_14,value_00
benchmark_user_0230,u_attr_15,value_01
benchmark_user_0230,u_attr_16,value_00
benchmark_user_0231,u_attr_01,value_00
benchmark_user_0231,u_attr_02,value_00
benchmark_user_0231,u_attr_03,value_01
benchmark_user_0231,u_attr_04,value_00
benchmark_user_0231,u_attr_05,value_00
benchmark_user_0231,u_attr_06,value_01
benchmark_user_0231,u_attr_07,value_00
benchmark_user_0231,u_attr_08,value_00
benchmark_user_0231,u_attr_09,value_01
benchmark_user_0231,u_attr_10,value_01
benchmark_user_0231,u_attr_11,value_01
benchmark_user_0231,u_attr_12,value_01
benchmark_user_0231,u_attr_13,value_00
benchmark_user_0231,u_attr_14,value_01
benchmark_user_0231,u_attr_15,value_00
benchmark_user_0231,u_attr_16,value_01
benchmark_user_0232,u_attr_01,value_00
benchmark_user_0232,u_attr_02,value_01
benchmark_user_0232,u_attr_03,value_00
benchmark_user_0232,u_attr_04,value_01
benchmark_user_0232,u_attr_05,value_00
benchmark_user_0232,u_attr_06,value_00
benchmark_user_0232,u_attr_07,value_01
benchmark_user_0232,u_attr_08,value_00
benchmark_user_0232,u_attr_09,value_01
benchmark_user_0232,u_attr_10,value_00
benchmark_user_0232,u_attr_11,value_01
benchmark_user_0232,u_attr_12,value_01
benchmark_user_0232,u_attr_13,value_00
benchmark_user_0232,u_attr_14,value_01
benchmark_user_0232,u_attr_15,value_00
benchmark_user_0232,u_attr_16,value_01
benchmark_user_0233,u_attr_01,value_00
benchmark_user_0233,u_attr_02,value_00
benchmark_user_0233,u_attr_03,value_00
benchmark_user_0233,u_attr_04,value_01
benchmark_user_0233,u_attr_05,value_00
benchmark_user_0233,u_attr_06,value_01
benchmark_user_0233,u_attr_07,value_00
benchmark_user_0233,u_attr_08,value_00
benchmark_user_0233,u_attr_09,value_01
benchmark_user_0233,u_attr_10,value_01
benchmark_user_0233,u_attr_11,value_00
benchmark_user_0233,u_attr_12,value_00
benchmark_user_0233,u_attr_13,value_01
benchmark_user_0233,u_attr_14,value_00
benchmark_user_0233,u_attr_15,value_00
benchmark_user_0233,u_attr_16,value_01
benchmark_user_0234,u_attr_01,value_00
benchmark_user_0234,u_attr_02,value_00
benchmark_user_0234,u_attr_03,value_00
benchmark_user_0234,u_attr_04,value_00
benchmark_user_0234,u_attr_05,value_00
benchmark_user_0234,u_attr_06,value_01
benchmark_user_0234,u_attr_07,value_01
benchmark_user_0234,u_attr_08,value_01
benchmark_user_0234,u_attr_09,value_01
benchmark_user_0234,u_attr_10,value_00
benchmark_user_0234,u_attr_11,value_01
benchmark_user_0234,u_attr_12,value_01
benchmark_user_0234,u_attr_13,value_01
benchmark_user_0234,u_attr_14,value_01
benchmark_user_0234,u_attr_15,value_00
benchmark_user_0234,u_attr_16,value_00
benchmark_user_0235,u_attr_01,value_00
benchmark_user_0235,u_attr_02,value_01
benchmark_user_0235,u_attr_03,value_00
benchmark_user_0235,u_attr_04,value_00
benchmark_user_0235,u_attr_05,value_01
benchmark_user_0235,u_attr_06,value_00
benchmark_user_0235,u_attr_07,value_01
benchmark_user_0235,u_attr_08,value_01
benchmark_user_0235,u_attr_09,value_00
benchmark_user_0235,u_attr_10,value_00
benchmark_user_0235,u_attr_11,value_01
benchmark_user_0235,u_attr_12,value_01
benchmark_user_0235,u_attr_13,value_01
benchmark_user_0235,u_attr_14,value_01
benchmark_user_0235,u_attr_15,value_01
benchmark_user_0235,u_attr_16,value_01
benchmark_user_0236,u_attr_01,value_01
benchmark_user_0236,u_attr_02,value_01
benchmark_user_0236,u_attr_03,value_01
benchmark_user_0236,u_attr_04,value_00
benchmark_user_0236,u_attr_05,value_01
benchmark_user_0236,u_attr_06,value_01
benchmark_user_0236,u_attr_07,value_00
benchmark_user_0236,u_attr_08,value_00
benchmark_user_0236,u_attr_09,value_00
benchmark_user_0236,u_attr_10,value_01
benchmark_user_0236,u_attr_11,value_00
benchmark_user_0236,u_attr_12,value_01
benchmark_user_0236,u_attr_13,value_01
benchmark_user_0236,u_attr_14,value_01
benchmark_user_0236,u_attr_15,value_00
benchmark_user_0236,u_attr_16,value_01
benchmark_user_0237,u_attr_01,value_01
benchmark_user_0237,u_attr_02,value_01
benchmark_user_0237,u_attr_03,value_01
benchmark_user_0237,u_attr_04,value_00
benchmark_user_0237,u_attr_05,value_01
benchmark_user_0237,u_attr_06,value_01
benchmark_user_0237,u_attr_07,value_00
benchmark_user_0237,u_attr_08,value_01
benchmark_user_0237,u_attr_09,value_00
benchmark_user_0237,u_attr_10,value_00
benchmark_user_0237,u_attr_11,value_00
benchmark_user_0237,u_attr_12,value_01
benchmark_user_0237,u_attr_13,value_00
benchmark_user_0237,u_attr_14,value_00
benchmark_user_0237,u_attr_15,value_01
benchmark_user_0237,u_attr_16,value_01
benchmark_user_0238,u_attr_01,value_00
benchmark_user_0238,u_attr_02,value_01
benchmark_user_0238,u_attr_03,value_00
benchmark_user_0238,u_attr_04,value_01
benchmark_user_0238,u_attr_05,value_00
benchmark_user_0238,u_attr_06,value_01
benchmark_user_0238,u_attr_07,value_01
benchmark_user_0238,u_attr_08,value_01
benchmark_user_0238,u_attr_09,value_00
benchmark_user_0238,u_attr_10,value_00
benchmark_user_0238,u_attr_11,value_01
benchmark_user_0238,u_attr_12,value_00
benchmark_user_0238,u_attr_13,value_01
benchmark_user_0238,u_attr_14,value_00
benchmark_user_0238,u_attr_15,value_00
benchmark_user_0238,u_attr_16,value_01
benchmark_user_0239,u_attr_01,value_00
benchmark_user_0239,u_attr_02,value_01
benchmark_user_0239,u_attr_03,value_01
benchmark_user_0239,u_attr_04,value_01
benchmark_user_0239,u_attr_05,value_01
benchmark_user_0239,u_attr_06,value_01
benchmark_user_0239,u_attr_07,value_01
benchmark_user_0239,u_attr_08,value_00
benchmark_user_0239,u_attr_09,value_01
benchmark_user_0239,u_attr_10,value_00
benchmark_user_0239,u_attr_11,value_01
benchmark_user_0239,u_attr_12,value_00
benchmark_user_0239,u_attr_13,value_01
benchmark_user_0239,u_attr_14,value_00
benchmark_user_0239,u_attr_15,value_00
benchmark_user_0239,u_attr_16,value_01
benchmark_user_0240,u_attr_01,value_00
benchmark_user_0240,u_attr_02,value_00
benchmark_user_0240,u_attr_03,value_01
benchmark_user_0240,u_attr_04,value_00
benchmark_user_0240,u_attr_05,value_00
benchmark_user_0240,u_attr_06,value_00
benchmark_user_0240,u_attr_07,value_00
benchmark_user_0240,u_attr_08,value_00
benchmark_user_0240,u_attr_09,value_00
benchmark_user_0240,u_attr_10,value_01
benchmark_user_0240,u_attr_11,value_01
benchmark_user_0240,u_attr_12,value_00
benchmark_user_0240,u_attr_13,value_01
benchmark_user_0240,u_attr_14,value_00
benchmark_user_0240,u_attr_15,value_01
benchmark_user_0240,u_attr_16,value_00
benchmark_user_0241,u_attr_01,value_01
benchmark_user_0241,u_attr_02,value_01
benchmark_user_0241,u_attr_03,value_00
benchmark_user_0241,u_attr_04,value_01
benchmark_user_0241,u_attr_05,value_01
benchmark_user_0241,u_attr_06,value_01
benchmark_user_0241,u_attr_07,value_01
benchmark_user_0241,u_attr_08,value_01
benchmark_user_0241,u_attr_09,value_00
benchmark_user_0241,u_attr_10,value_01
benchmark_user_0241,u_attr_11,value_00
benchmark_user_0241,u_attr_12,value_00
benchmark_user_0241,u_attr_13,value_00
benchmark_user_0241,u_attr_14,value_00
benchmark_user_0241,u_attr_15,value_01
benchmark_user_0241,u_attr_16,value_00
benchmark_user_0242,u_attr_01,value_01
benchmark_user_0242,u_attr_02,value_00
benchmark_user_0242,u_attr_03,value_00
benchmark_user_0242,u_attr_04,value_01
benchmark_user_0242,u_attr_05,value_01
benchmark_user_0242,u_attr_06,value_00
benchmark_user_0242,u_attr_07,value_01
benchmark_user_0242,u_attr_08,value_00
benchmark_user_0242,u_attr_09,value_01
benchmark_user_0242,u_attr_10,value_00
benchmark_user_0242,u_attr_11,value_01
benchmark_user_0242,u_attr_12,value_00
benchmark_user_0242,u_attr_13,value_00
benchmark_user_0242,u_attr_14,value_00
benchmark_user_0242,u_attr_15,value_01
benchmark_user_0242,u_attr_16,value_01
benchmark_user_0243,u_attr_01,value_00
benchmark_user_0243,u_attr_02,value_01
benchmark_user_0243,u_attr_03,value_00
benchmark_user_0243,u_attr_04,value_00
benchmark_user_0243,u_attr_05,value_00
benchmark_user_0243,u_attr_06,value_01
benchmark_user_0243,u_attr_07,value_00
benchmark_user_0243,u_attr_08,value_01
benchmark_user_0243,u_attr_09,value_00
benchmark_user_0243,u_attr_10,value_01
benchmark_user_0243,u_attr_11,value_01
benchmark_user_0243,u_attr_12,value_01
benchmark_user_0243,u_attr_13,value_01
benchmark_user_0243,u_attr_14,value_01
benchmark_user_0243,u_attr_15,value_01
benchmark_user_0243,u_attr_16,value_01
benchmark_user_0244,u_attr_01,value_00
benchmark_user_0244,u_attr_02,value_01
benchmark_user_0244,u_attr_03,value_00
benchmark_user_0244,u_attr_04,value_00
benchmark_user_0244,u_attr_05,value_00
benchmark_user_0244,u_attr_06,value_00
benchmark_user_0244,u_attr_07,value_01
benchmark_user_0244,u_attr_08,value_00
benchmark_user_0244,u_attr_09,value_01
benchmark_user_0244,u_attr_10,value_01
benchmark_user_0244,u_attr_11,value_01
benchmark_user_0244,u_attr_12,value_00
benchmark_user_0244,u_attr_13,value_00
benchmark_user_0244,u_attr_14,value_01
benchmark_user_0244,u_attr_15,value_00
benchmark_user_0244,u_attr_16,value_01
benchmark_user_0245,u_attr_01,value_01
benchmark_user_0245,u_attr_02,value_01
benchmark_user_0245,u_attr_03,value_01
benchmark_user_0245,u_attr_04,value_01
benchmark_user_0245,u_attr_05,value_00
benchmark_user_0245,u_attr_06,value_00
benchmark_user_0245,u_attr_07,value_00
benchmark_user_0245,u_attr_08,value_00
benchmark_user_0245,u_attr_09,value_01
benchmark_user_0245,u_attr_10,value_01
benchmark_user_0245,u_attr_11,value_01
benchmark_user_0245,u_attr_12,value_00
benchmark_user_0245,u_attr_13,value_00
benchmark_user_0245,u_attr_14,value_00
benchmark_user_0245,u_attr_15,value_01
benchmark_user_0245,u_attr_16,value_01
benchmark_user_0246,u_attr_01,value_01
benchmark_user_0246,u_attr_02,value_01
benchmark_user_0246,u_attr_03,value_01
benchmark_user_0246,u_attr_04,value_01
benchmark_user_0246,u_attr_05,value_01
benchmark_user_0246,u_attr_06,value_00
benchmark_user_0246,u_attr_07,value_00
benchmark_user_0246,u_attr_08,value_01
benchmark_user_0246,u_attr_09,value_00
benchmark_user_0246,u_attr_10,value_00
benchmark_user_0246,u_attr_11,value_00
benchmark_user_0246,u_attr_12,value_01
benchmark_user_0246,u_attr_13,value_00
benchmark_user_0246,u_attr_14,value_00
benchmark_user_0246,u_attr_15,value_01
benchmark_user_0246,u_attr_16,value_00
benchmark_user_0247,u_attr_01,value_00
benchmark_user_0247,u_attr_02,value_01
benchmark_user_0247,u_attr_03,value_01
benchmark_user_0247,u_attr_04,value_00
benchmark_user_0247,u_attr_05,value_01
benchmark_user_0247,u_attr_06,value_01
benchmark_user_0247,u_attr_07,value_01
benchmark_user_0247,u_attr_08,value_01
benchmark_user_0247,u_attr_09,value_01
benchmark_user_0247,u_attr_10,value_00
benchmark_user_0247,u_attr_11,value_01
benchmark_user_0247,u_attr_12,value_01
benchmark_user_0247,u_attr_13,value_00
benchmark_user_0247,u_attr_14,value_01
benchmark_user_0247,u_attr_15,value_01
benchmark_user_0247,u_attr_16,value_01
benchmark_user_0248,u_attr_01,value_00
benchmark_user_0248,u_attr_02,value_01
benchmark_user_0248,u_attr_03,value_01
benchmark_user_0248,u_attr_04,value_00
benchmark_user_0248,u_attr_05,value_00
benchmark_user_0248,u_attr_06,value_01
benchmark_user_0248,u_attr_07,value_01
benchmark_user_0248,u_attr_08,value_00
benchmark_user_0248,u_attr_09,value_01
benchmark_user_0248,u_attr_10,value_00
benchmark_user_0248,u_attr_11,value_00
benchmark_user_0248,u_attr_12,value_01
benchmark_user_0248,u_attr_13,value_01
benchmark_user_0248,u_attr_14,value_01
benchmark_user_0248,u_attr_15,value_00
benchmark_user_0248,u_attr_16,value_00
benchmark_user_0249,u_attr_01,value_00
benchmark_user_0249,u_attr_02,value_00
benchmark_user_0249,u_attr_03,value_00
benchmark_user_0249,u_attr_04,value_00
benchmark_user_0249,u_attr_05,value_01
benchmark_user_0249,u_attr_06,value_00
benchmark_user_0249,u_attr_07,value_00
benchmark_user_0249,u_attr_08,value_00
benchmark_user_0249,u_attr_09,value_00
benchmark_user_0249,u_attr_10,value_00
benchmark_user_0249,u_attr_11,value_01
benchmark_user_0249,u_attr_12,value_01
benchmark_user_0249,u_attr_13,value_00
benchmark_user_0249,u_attr_14,value_00
benchmark_user_0249,u_attr_15,value_01
benchmark_user_0249,u_attr_16,value_01
benchmark_user_0250,u_attr_01,value_01
benchmark_user_0250,u_attr_02,value_01
benchmark_user_0250,u_attr_03,value_01
benchmark_user_0250,u_attr_04,value_01
benchmark_user_0250,u_attr_05,value_01
benchmark_user_0250,u_attr_06,value_01
benchmark_user_0250,u_attr_07,value_00
benchmark_user_0250,u_attr_08,value_00
benchmark_user_0250,u_attr_09,value_01
benchmark_user_0250,u_attr_10,value_01
benchmark_user_0250,u_attr_11,value_00
benchmark_user_0250,u_attr_12,value_00
benchmark_user_0250,u_attr_13,value_01
benchmark_user_0250,u_attr_14,value_01
benchmark_user_0250,u_attr_15,value_01
benchmark_user_0250,u_attr_16,value_00
benchmark_user_0251,u_attr_01,value_01
benchmark_user_0251,u_attr_02,value_00
benchmark_user_0251,u_attr_03,value_00
benchmark_user_0251,u_attr_04,value_01
benchmark_user_0251,u_attr_05,value_00
benchmark_user_0251,u_attr_06,value_01
benchmark_user_0251,u_attr_07,value_01
benchmark_user_0251,u_attr_08,value_00
benchmark_user_0251,u_attr_09,value_00
benchmark_user_0251,u_attr_10,value_01
benchmark_user_0251,u_attr_11,value_01
benchmark_user_0251,u_attr_12,value_00
benchmark_user_0251,u_attr_13,value_00
benchmark_user_0251,u_attr_14,value_01
benchmark_user_0251,u_attr_15,value_01
benchmark_user_0251,u_attr_16,value_00
benchmark_user_0252,u_attr_01,value_01
benchmark_user_0252,u_attr_02,value_00
benchmark_user_0252,u_attr_03,value_01
benchmark_user_0252,u_attr_04,value_01
benchmark_user_0252,u_attr_05,value_00
benchmark_user_0252,u_attr_06,value_01
benchmark_user_0252,u_attr_07,value_00
benchmark_user_0252,u_attr_08,value_01
benchmark_user_0252,u_attr_09,value_01
benchmark_user_0252,u_attr_10,value_00
benchmark_user_0252,u_attr_11,value_01
benchmark_user_0252,u_attr_12,value_01
benchmark_user_0252,u_attr_13,value_00
benchmark_user_0252,u_attr_14,value_01
benchmark_user_0252,u_attr_15,value_00
benchmark_user_0252,u_attr_16,value_00
benchmark_user_0253,u_attr_01,value_01
benchmark_user_0253,u_attr_02,value_01
benchmark_user_0253,u_attr_03,value_01
benchmark_user_0253,u_attr_04,value_01
benchmark_user_0253,u_attr_05,value_00
benchmark_user_0253,u_attr_06,value_00
benchmark_user_0253,u_attr_07,value_01
benchmark_user_0253,u_attr_08,value_00
benchmark_user_0253,u_attr_09,value_01
benchmark_user_0253,u_attr_10,value_00
benchmark_user_0253,u_attr_11,value_00
benchmark_user_0253,u_attr_12,value_00
benchmark_user_0253,u_attr_13,value_01
benchmark_user_0253,u_attr_14,value_01
benchmark_user_0253,u_attr_15,value_00
benchmark_user_0253,u_attr_16,value_01
benchmark_user_0254,u_attr_01,value_00
benchmark_user_0254,u_attr_02,value_01
benchmark_user_0254,u_attr_03,value_00
benchmark_user_0254,u_attr_04,value_00
benchmark_user_0254,u_attr_05,value_00
benchmark_user_0254,u_attr_06,value_01
benchmark_user_0254,u_attr_07,value_01
benchmark_user_0254,u_attr_08,value_01
benchmark_user_0254,u_attr_09,value_00
benchmark_user_0254,u_attr_10,value_00
benchmark_user_0254,u_attr_11,value_00
benchmark_user_0254,u_attr_12,value_00
benchmark_user_0254,u_attr_13,value_01
benchmark_user_0254,u_attr_14,value_00
benchmark_user_0254,u_attr_15,value_00
benchmark_user_0254,u_attr_16,value_00
benchmark_user_0255,u_attr_01,value_00
benchmark_user_0255,u_attr_02,value_01
benchmark_user_0255,u_attr_03,value_00
benchmark_user_0255,u_attr_04,value_01
benchmark_user_0255,u_attr_05,value_00
benchmark_user_0255,u_attr_06,value_01
benchmark_user_0255,u_attr_07,value_01
benchmark_user_0255,u_attr_08,value_00
benchmark_user_0255,u_attr_09,value_00
benchmark_user_0255,u_attr_10,value_00
benchmark_user_0255,u_attr_11,value_00
benchmark_user_0255,u_attr_12,value_01
benchmark_user_0255,u_attr_13,value_00
benchmark_user_0255,u_attr_14,value_01
benchmark_user_0255,u_attr_15,value_01
benchmark_user_0255,u_attr_16,value_00
benchmark_user_0256,u_attr_01,value_01
benchmark_user_0256,u_attr_02,value_00
benchmark_user_0256,u_attr_03,value_00
benchmark_user_0256,u_attr_04,value_01
benchmark_user_0256,u_attr_05,value_01
benchmark_user_0256,u_attr_06,value_01
benchmark_user_0256,u_attr_07,value_00
benchmark_user_0256,u_attr_08,value_01
benchmark_user_0256,u_attr_09,value_01
benchmark_user_0256,u_attr_10,value_01
benchmark_user_0256,u_attr_11,value_01
benchmark_user_0256,u_attr_12,value_00
benchmark_user_0256,u_attr_13,value_00
benchmark_user_0256,u_attr_14,value_00
benchmark_user_0256,u_attr_15,value_00
benchmark_user_0256,u_attr_16,value_01
benchmark_user_0257,u_attr_01,value_00
benchmark_user_0257,u_attr_02,value_00
benchmark_user_0257,u_attr_03,value_00
benchmark_user_0257,u_attr_04,value_00
benchmark_user_0257,u_attr_05,value_00
benchmark_user_0257,u_attr_06,value_01
benchmark_user_0257,u_attr_07,value_01
benchmark_user_0257,u_attr_08,value_00
benchmark_user_0257,u_attr_09,value_00
benchmark_user_0257,u_attr_10,value_00
benchmark_user_0257,u_attr_11,value_01
benchmark_user_0257,u_attr_12,value_01
benchmark_user_0257,u_attr_13,value_01
benchmark_user_0257,u_attr_14,value_00
benchmark_user_0257,u_attr_15,value_01
benchmark_user_0257,u_attr_16,value_00
benchmark_user_0258,u_attr_01,value_01
benchmark_user_0258,u_attr_02,value_01
benchmark_user_0258,u_attr_03,value_01
benchmark_user_0258,u_attr_04,value_01
benchmark_user_0258,u_attr_05,value_00
benchmark_user_0258,u_attr_06,value_00
benchmark_user_0258,u_attr_07,value_01
benchmark_user_0258,u_attr_08,value_00
benchmark_user_0258,u_attr_09,value_00
benchmark_user_0258,u_attr_10,value_01
benchmark_user_0258,u_attr_11,value_01
benchmark_user_0258,u_attr_12,value_00
benchmark_user_0258,u_attr_13,value_00
benchmark_user_0258,u_attr_14,value_01
benchmark_user_0258,u_attr_15,value_00
benchmark_user_0258,u_attr_16,value_00
benchmark_user_0259,u_attr_01,value_00
benchmark_user_0259,u_attr_02,value_01
benchmark_user_0259,u_attr_03,value_00
benchmark_user_0259,u_attr_04,value_01
benchmark_user_0259,u_attr_05,value_01
benchmark_user_0259,u_attr_06,value_00
benchmark_user_0259,u_attr_07,value_00
benchmark_user_0259,u_attr_08,value_01
benchmark_user_0259,u_attr_09,value_01
benchmark_user_0259,u_attr_10,value_00
benchmark_user_0259,u_attr_11,value_00
benchmark_user_0259,u_attr_12,value_01
benchmark_user_0259,u_attr_13,value_01
benchmark_user_0259,u_attr_14,value_01
benchmark_user_0259,u_attr_15,value_01
benchmark_user_0259,u_attr_16,value_00
benchmark_user_0260,u_attr_01,value_00
benchmark_user_0260,u_attr_02,value_01
benchmark_user_0260,u_attr_03,value_00
benchmark_user_0260,u_attr_04,value_01
benchmark_user_0260,u_attr_05,value_01
benchmark_user_0260,u_attr_06,value_01
benchmark_user_0260,u_attr_07,value_00
benchmark_user_0260,u_attr_08,value_00
benchmark_user_0260,u_attr_09,value_00
benchmark_user_0260,u_attr_10,value_00
benchmark_user_0260,u_attr_11,value_00
benchmark_user_0260,u_attr_12,value_01
benchmark_user_0260,u_attr_13,value_00
benchmark_user_0260,u_attr_14,value_00
benchmark_user_0260,u_attr_15,value_01
benchmark_user_0260,u_attr_16,value_00
benchmark_user_0261,u_attr_01,value_01
benchmark_user_0261,u_attr_02,value_01
benchmark_user_0261,u_attr_03,value_00
benchmark_user_0261,u_attr_04,value_00
benchmark_user_0261,u_attr_05,value_00
benchmark_user_0261,u_attr_06,value_01
benchmark_user_0261,u_attr_07,value_00
benchmark_user_0261,u_attr_08,value_01
benchmark_user_0261,u_attr_09,value_01
benchmark_user_0261,u_attr_10,value_00
benchmark_user_0261,u_attr_11,value_01
benchmark_user_0261,u_attr_12,value_01
benchmark_user_0261,u_attr_13,value_01
benchmark_user_0261,u_attr_14,value_01
benchmark_user_0261,u_attr_15,value_00
benchmark_user_0261,u_attr_16,value_01
benchmark_user_0262,u_attr_01,value_00
benchmark_user_0262,u_attr_02,value_01
benchmark_user_0262,u_attr_03,value_00
benchmark_user_0262,u_attr_04,value_01
benchmark_user_0262,u_attr_05,value_01
benchmark_user_0262,u_attr_06,value_00
benchmark_user_0262,u_attr_07,value_01
benchmark_user_0262,u_attr_08,value_01
benchmark_user_0262,u_attr_09,value_00
benchmark_user_0262,u_attr_10,value_00
benchmark_user_0262,u_attr_11,value_00
benchmark_user_0262,u_attr_12,value_01
benchmark_user_0262,u_attr_13,value_01
benchmark_user_0262,u_attr_14,value_00
benchmark_user_0262,u_attr_15,value_01
benchmark_user_0262,u_attr_16,value_01
benchmark_user_0263,u_attr_01,value_01
benchmark_user_0263,u_attr_02,value_00
benchmark_user_0263,u_attr_03,value_00
benchmark_user_0263,u_attr_04,value_01
benchmark_user_0263,u_attr_05,value_00
benchmark_user_0263,u_attr_06,value_00
benchmark_user_0263,u_attr_07,value_00
benchmark_user_0263,u_attr_08,value_01
benchmark_user_0263,u_attr_09,value_00
benchmark_user_0263,u_attr_10,value_01
benchmark_user_0263,u_attr_11,value_00
benchmark_user_0263,u_attr_12,value_01
benchmark_user_0263,u_attr_13,value_01
benchmark_user_0263,u_attr_14,value_01
benchmark_user_0263,u_attr_15,value_01
benchmark_user_0263,u_attr_16,value_00
benchmark_user_0264,u_attr_01,value_01
benchmark_user_0264,u_attr_02,value_01
benchmark_user_0264,u_attr_03,value_00
benchmark_user_0264,u_attr_04,value_01
benchmark_user_0264,u_attr_05,value_00
benchmark_user_0264,u_attr_06,value_01
benchmark_user_0264,u_attr_07,value_00
benchmark_user_0264,u_attr_08,value_01
benchmark_user_0264,u_attr_09,value_00
benchmark_user_0264,u_attr_10,value_00
benchmark_user_0264,u_attr_11,value_00
benchmark_user_0264,u_attr_12,value_00
benchmark_user_0264,u_attr_13,value_01
benchmark_user_0264,u_attr_14,value_00
benchmark_user_0264,u_attr_15,value_00
benchmark_user_0264,u_attr_16,value_00
benchmark_user_0265,u_attr_01,value_00
benchmark_user_0265,u_attr_02,value_01
benchmark_user_0265,u_attr_03,value_00
benchmark_user_0265,u_attr_04,value_01
benchmark_user_0265,u_attr_05,value_00
benchmark_user_0265,u_attr_06,value_00
benchmark_user_0265,u_attr_07,value_01
benchmark_user_0265,u_attr_08,value_01
benchmark_user_0265,u_attr_09,value_01
benchmark_user_0265,u_attr_10,value_00
benchmark_user_0265,u_attr_11,value_00
benchmark_user_0265,u_attr_12,value_01
benchmark_user_0265,u_attr_13,value_01
benchmark_user_0265,u_attr_14,value_01
benchmark_user_0265,u_attr_15,value_01
benchmark_user_0265,u_attr_16,value_00
benchmark_user_0266,u_attr_01,value_01
benchmark_user_0266,u_attr_02,value_01
benchmark_user_0266,u_attr_03,value_01
benchmark_user_0266,u_attr_04,value_01
benchmark_user_0266,u_attr_05,value_01
benchmark_user_0266,u_attr_06,value_00
benchmark_user_0266,u_attr_07,value_01
benchmark_user_0266,u_attr_08,value_01
benchmark_user_0266,u_attr_09,value_00
benchmark_user_0266,u_attr_10,value_01
benchmark_user_0266,u_attr_11,value_00
benchmark_user_0266,u_attr_12,value_00
benchmark_user_0266,u_attr_13,value_00
benchmark_user_0266,u_attr_14,value_01
benchmark_user_0266,u_attr_15,value_00
benchmark_user_0266,u_attr_16,value_01
benchmark_user_0267,u_attr_01,value_00
benchmark_user_0267,u_attr_02,value_00
benchmark_user_0267,u_attr_03,value_01
benchmark_user_0267,u_attr_04,value_01
benchmark_user_0267,u_attr_05,value_01
benchmark_user_0267,u_attr_06,value_01
benchmark_user_0267,u_attr_07,value_00
benchmark_user_0267,u_attr_08,value_01
benchmark_user_0267,u_attr_09,value_00
benchmark_user_0267,u_attr_10,value_00
benchmark_user_0267,u_attr_11,value_01
benchmark_user_0267,u_attr_12,value_00
benchmark_user_0267,u_attr_13,value_00
benchmark_user_0267,u_attr_14,value_01
benchmark_user_0267,u_attr_15,value_00
benchmark_user_0267,u_attr_16,value_00
benchmark_user_0268,u_attr_01,value_01
benchmark_user_0268,u_attr_02,value_01
benchmark_user_0268,u_attr_03,value_00
benchmark_user_0268,u_attr_04,value_00
benchmark_user_0268,u_attr_05,value_01
benchmark_user_0268,u_attr_06,value_00
benchmark_user_0268,u_attr_07,value_01
benchmark_user_0268,u_attr_08,value_00
benchmark_user_0268,u_attr_09,value_00
benchmark_user_0268,u_attr_10,value_01
benchmark_user_0268,u_attr_11,value_01
benchmark_user_0268,u_attr_12,value_00
benchmark_user_0268,u_attr_13,value_00
benchmark_user_0268,u_attr_14,value_00
benchmark_user_0268,u_attr_15,value_00
benchmark_user_0268,u_attr_16,value_01
benchmark_user_0269,u_attr_01,value_01
benchmark_user_0269,u_attr_02,value_00
benchmark_user_0269,u_attr_03,value_00
benchmark_user_0269,u_attr_04,value_00
benchmark_user_0269,u_attr_05,value_01
benchmark_user_0269,u_attr_06,value_00
benchmark_user_0269,u_attr_07,value_00
benchmark_user_0269,u_attr_08,value_00
benchmark_user_0269,u_attr_09,value_00
benchmark_user_0269,u_attr_10,value_00
benchmark_user_0269,u_attr_11,value_01
benchmark_user_0269,u_attr_12,value_01
benchmark_user_0269,u_attr_13,value_00
benchmark_user_0269,u_attr_14,value_00
benchmark_user_0269,u_attr_15,value_01
benchmark_user_0269,u_attr_16,value_01
benchmark_user_0270,u_attr_01,value_00
benchmark_user_0270,u_attr_02,value_01
benchmark_user_0270,u_attr_03,value_01
benchmark_user_0270,u_attr_04,value_01
benchmark_user_0270,u_attr_05,value_00
benchmark_user_0270,u_attr_06,value_01
benchmark_user_0270,u_attr_07,value_01
benchmark_user_0270,u_attr_08,value_01
benchmark_user_0270,u_attr_09,value_00
benchmark_user_0270,u_attr_10,value_01
benchmark_user_0270,u_attr_11,value_01
benchmark_user_0270,u_attr_12,value_01
benchmark_user_0270,u_attr_13,value_00
benchmark_user_0270,u_attr_14,value_00
benchmark_user_0270,u_attr_15,value_00
benchmark_user_0270,u_attr_16,value_01
benchmark_user_0271,u_attr_01,value_01
benchmark_user_0271,u_attr_02,value_01
benchmark_user_0271,u_attr_03,value_01
benchmark_user_0271,u_attr_04,value_00
benchmark_user_0271,u_attr_05,value_00
benchmark_user_0271,u_attr_06,value_00
benchmark_user_0271,u_attr_07,value_01
benchmark_user_0271,u_attr_08,value_00
benchmark_user_0271,u_attr_09,value_00
benchmark_user_0271,u_attr_10,value_01
benchmark_user_0271,u_attr_11,value_00
benchmark_user_0271,u_attr_12,value_01
benchmark_user_0271,u_attr_13,value_00
benchmark_user_0271,u_attr_14,value_00
benchmark_user_0271,u_attr_15,value_01
benchmark_user_0271,u_attr_16,value_00
benchmark_user_0272,u_attr_01,value_00
benchmark_user_0272,u_attr_02,value_00
benchmark_user_0272,u_attr_03,value_01
benchmark_user_0272,u_attr_04,value_00
benchmark_user_0272,u_attr_05,value_00
benchmark_user_0272,u_attr_06,value_00
benchmark_user_0272,u_attr_07,value_00
benchmark_user_0272,u_attr_08,value_01
benchmark_user_0272,u_attr_09,value_00
benchmark_user_0272,u_attr_10,value_00
benchmark_user_0272,u_attr_11,value_01
benchmark_user_0272,u_attr_12,value_00
benchmark_user_0272,u_attr_13,value_01
benchmark_user_0272,u_attr_14,value_00
benchmark_user_0272,u_attr_15,value_01
benchmark_user_0272,u_attr_16,value_00
benchmark_user_0273,u_attr_01,value_00
benchmark_user_0273,u_attr_02,value_00
benchmark_user_0273,u_attr_03,value_01
benchmark_user_0273,u_attr_04,value_00
benchmark_user_0273,u_attr_05,value_01
benchmark_user_0273,u_attr_06,value_01
benchmark_user_0273,u_attr_07,value_01
benchmark_user_0273,u_attr_08,value_01
benchmark_user_0273,u_attr_09,value_01
benchmark_user_0273,u_attr_10,value_00
benchmark_user_0273,u_attr_11,value_00
benchmark_user_0273,u_attr_12,value_01
benchmark_user_0273,u_attr_13,value_00
benchmark_user_0273,u_attr_14,value_00
benchmark_user_0273,u_attr_15,value_00
benchmark_user_0273,u_attr_16,value_01
benchmark_user_0274,u_attr_01,value_00
benchmark_user_0274,u_attr_02,value_01
benchmark_user_0274,u_attr_03,value_01
benchmark_user_0274,u_attr_04,value_00
benchmark_user_0274,u_attr_05,value_01
benchmark_user_0274,u_attr_06,value_00
benchmark_user_0274,u_attr_07,value_00
benchmark_user_0274,u_attr_08,value_00
benchmark_user_0274,u_attr_09,value_00
benchmark_user_0274,u_attr_10,value_01
benchmark_user_0274,u_attr_11,value_00
benchmark_user_0274,u_attr_12,value_00
benchmark_user_0274,u_attr_13,value_00
benchmark_user_0274,u_attr_14,value_01
benchmark_user_0274,u_attr_15,value_01
benchmark_user_0274,u_attr_16,value_01
benchmark_user_0275,u_attr_01,value_00
benchmark_user_0275,u_attr_02,value_01
benchmark_user_0275,u_attr_03,value_00
benchmark_user_0275,u_attr_04,value_00
benchmark_user_0275,u_attr_05,value_01
benchmark_user_0275,u_attr_06,value_01
benchmark_user_0275,u_attr_07,value_00
benchmark_user_0275,u_attr_08,value_01
benchmark_user_0275,u_attr_09,value_00
benchmark_user_0275,u_attr_10,value_00
benchmark_user_0275,u_attr_11,value_00
benchmark_user_0275,u_attr_12,value_01
benchmark_user_0275,u_attr_13,value_00
benchmark_user_0275,u_attr_14,value_00
benchmark_user_0275,u_attr_15,value_00
benchmark_user_0275,u_attr_16,value_01
benchmark_user_0276,u_attr_01,value_00
benchmark_user_0276,u_attr_02,value_00
benchmark_user_0276,u_attr_03,value_01
benchmark_user_0276,u_attr_04,value_01
benchmark_user_0276,u_attr_05,value_00
benchmark_user_0276,u_attr_06,value_01
benchmark_user_0276,u_attr_07,value_01
benchmark_user_0276,u_attr_08,value_00
benchmark_user_0276,u_attr_09,value_01
benchmark_user_0276,u_attr_10,value_01
benchmark_user_0276,u_attr_11,value_01
benchmark_user_0276,u_attr_12,value_00
benchmark_user_0276,u_attr_13,value_01
benchmark_user_0276,u_attr_14,value_00
benchmark_user_0276,u_attr_15,value_01
benchmark_user_0276,u_attr_16,value_01
benchmark_user_0277,u_attr_01,value_00
benchmark_user_0277,u_attr_02,value_00
benchmark_user_0277,u_attr_03,value_01
benchmark_user_0277,u_attr_04,value_01
benchmark_user_0277,u_attr_05,value_01
benchmark_user_0277,u_attr_06,value_01
benchmark_user_0277,u_attr_07,value_00
benchmark_user_0277,u_attr_08,value_00
benchmark_user_0277,u_attr_09,value_00
benchmark_user_0277,u_attr_10,value_01
benchmark_user_0277,u_attr_11,value_01
benchmark_user_0277,u_attr_12,value_00
benchmark_user_0277,u_attr_13,value_01
benchmark_user_0277,u_attr_14,value_00
benchmark_user_0277,u_attr_15,value_00
benchmark_user_0277,u_attr_16,value_00
benchmark_user_0278,u_attr_01,value_00
benchmark_user_0278,u_attr_02,value_01
benchmark_user_0278,u_attr_03,value_01
benchmark_user_0278,u_attr_04,value_00
benchmark_user_0278,u_attr_05,value_00
benchmark_user_0278,u_attr_06,value_00
benchmark_user_0278,u_attr_07,value_01
benchmark_user_0278,u_attr_08,value_01
benchmark_user_0278,u_attr_09,value_00
benchmark_user_0278,u_attr_10,value_00
benchmark_user_0278,u_attr_11,value_00
benchmark_user_0278,u_attr_12,value_00
benchmark_user_0278,u_attr_13,value_01
benchmark_user_0278,u_attr_14,value_00
benchmark_user_0278,u_attr_15,value_00
benchmark_user_0278,u_attr_16,value_00
benchmark_user_0279,u_attr_01,value_00
benchmark_user_0279,u_attr_02,value_01
benchmark_user_0279,u_attr_03,value_01
benchmark_user_0279,u_attr_04,value_00
benchmark_user_0279,u_attr_05,value_01
benchmark_user_0279,u_attr_06,value_00
benchmark_user_0279,u_attr_07,value_00
benchmark_user_0279,u_attr_08,value_00
benchmark_user_0279,u_attr_09,value_00
benchmark_user_0279,u_attr_10,value_00
benchmark_user_0279,u_attr_11,value_01
benchmark_user_0279,u_attr_12,value_00
benchmark_user_0279,u_attr_13,value_00
benchmark_user_0279,u_attr_14,value_00
benchmark_user_0279,u_attr_15,value_01
benchmark_user_0279,u_attr_16,value_01
benchmark_user_0280,u_attr_01,value_01
benchmark_user_0280,u_attr_02,value_01
benchmark_user_0280,u_attr_03,value_00
benchmark_user_0280,u_attr_04,value_00
benchmark_user_0280,u_attr_05,value_00
benchmark_user_0280,u_attr_06,value_01
benchmark_user_0280,u_attr_07,value_01
benchmark_user_0280,u_attr_08,value_00
benchmark_user_0280,u_attr_09,value_01
benchmark_user_0280,u_attr_10,value_00
benchmark_user_0280,u_attr_11,value_00
benchmark_user_0280,u_attr_12,value_00
benchmark_user_0280,u_attr_13,value_00
benchmark_user_0280,u_attr_14,value_00
benchmark_user_0280,u_attr_15,value_01
benchmark_user_0280,u_attr_16,value_01
benchmark_user_0281,u_attr_01,value_01
benchmark_user_0281,u_attr_02,value_00
benchmark_user_0281,u_attr_03,value_01
benchmark_user_0281,u_attr_04,value_01
benchmark_user_0281,u_attr_05,value_01
benchmark_user_0281,u_attr_06,value_01
benchmark_user_0281,u_attr_07,value_00
benchmark_user_0281,u_attr_08,value_00
benchmark_user_0281,u_attr_09,value_01
benchmark_user_0281,u_attr_10,value_01
benchmark_user_0281,u_attr_11,value_01
benchmark_user_0281,u_attr_12,value_00
benchmark_user_0281,u_attr_13,value_00
benchmark_user_0281,u_attr_14,value_00
benchmark_user_0281,u_attr_15,value_01
benchmark_user_0281,u_attr_16,value_00
benchmark_user_0282,u_attr_01,value_01
benchmark_user_0282,u_attr_02,value_01
benchmark_user_0282,u_attr_03,value_01
benchmark_user_0282,u_attr_04,value_00
benchmark_user_0282,u_attr_05,value_01
benchmark_user_0282,u_attr_06,value_00
benchmark_user_0282,u_attr_07,value_01
benchmark_user_0282,u_attr_08,value_00
benchmark_user_0282,u_attr_09,value_01
benchmark_user_0282,u_attr_10,value_00
benchmark_user_0282,u_attr_11,value_00
benchmark_user_0282,u_attr_12,value_00
benchmark_user_0282,u_attr_13,value_00
benchmark_user_0282,u_attr_14,value_00
benchmark_user_0282,u_attr_15,value_01
benchmark_user_0282,u_attr_16,value_00
benchmark_user_0283,u_attr_01,value_00
benchmark_user_0283,u_attr_02,value_00
benchmark_user_0283,u_attr_03,value_01
benchmark_user_0283,u_attr_04,value_00
benchmark_user_0283,u_attr_05,value_00
benchmark_user_0283,u_attr_06,value_01
benchmark_user_0283,u_attr_07,value_00
benchmark_user_0283,u_attr_08,value_00
benchmark_user_0283,u_attr_09,value_01
benchmark_user_0283,u_attr_10,value_01
benchmark_user_0283,u_attr_11,value_00
benchmark_user_0283,u_attr_12,value_01
benchmark_user_0283,u_attr_13,value_00
benchmark_user_0283,u_attr_14,value_00
benchmark_user_0283,u_attr_15,value_00
benchmark_user_0283,u_attr_16,value_00
benchmark_user_0284,u_attr_01,value_01
benchmark_user_0284,u_attr_02,value_00
benchmark_user_0284,u_attr_03,value_00
benchmark_user_0284,u_attr_04,value_01
benchmark_user_0284,u_attr_05,value_01
benchmark_user_0284,u_attr_06,value_01
benchmark_user_0284,u_attr_07,value_01
benchmark_user_0284,u_attr_08,value_01
benchmark_user_0284,u_attr_09,value_01
benchmark_user_0284,u_attr_10,value_01
benchmark_user_0284,u_attr_11,value_01
benchmark_user_0284,u_attr_12,value_01
benchmark_user_0284,u_attr_13,value_01
benchmark_user_0284,u_attr_14,value_01
benchmark_user_0284,u_attr_15,value_00
benchmark_user_0284,u_attr_16,value_00
benchmark_user_0285,u_attr_01,value_01
benchmark_user_0285,u_attr_02,value_00
benchmark_user_0285,u_attr_03,value_01
benchmark_user_0285,u_attr_04,value_00
benchmark_user_0285,u_attr_05,value_00
benchmark_user_0285,u_attr_06,value_01
benchmark_user_0285,u_attr_07,value_01
benchmark_user_0285,u_attr_08,value_01
benchmark_user_0285,u_attr_09,value_01
benchmark_user_0285,u_attr_10,value_00
benchmark_user_0285,u_attr_11,value_01
benchmark_user_0285,u_attr_12,value_01
benchmark_user_0285,u_attr_13,value_01
benchmark_user_0285,u_attr_14,value_00
benchmark_user_0285,u_attr_15,value_01
benchmark_user_0285,u_attr_16,value_00
benchmark_user_0286,u_attr_01,value_01
benchmark_user_0286,u_attr_02,value_01
benchmark_user_0286,u_attr_03,value_00
benchmark_user_0286,u_attr_04,value_00
benchmark_user_0286,u_attr_05,value_00
benchmark_user_0286,u_attr_06,value_01
benchmark_user_0286,u_attr_07,value_01
benchmark_user_0286,u_attr_08,value_00
benchmark_user_0286,u_attr_09,value_01
benchmark_user_0286,u_attr_10,value_00
benchmark_user_0286,u_attr_11,value_01
benchmark_user_0286,u_attr_12,value_01
benchmark_user_0286,u_attr_13,value_00
benchmark_user_0286,u_attr_14,value_01
benchmark_user_0286,u_attr_15,value_00
benchmark_user_0286,u_attr_16,value_00
benchmark_user_0287,u_attr_01,value_00
benchmark_user_0287,u_attr_02,value_01
benchmark_user_0287,u_attr_03,value_01
benchmark_user_0287,u_attr_04,value_01
benchmark_user_0287,u_attr_05,value_01
benchmark_user_0287,u_attr_06,value_01
benchmark_user_0287,u_attr_07,value_01
benchmark_user_0287,u_attr_08,value_00
benchmark_user_0287,u_attr_09,value_01
benchmark_user_0287,u_attr_10,value_01
benchmark_user_0287,u_attr_11,value_01
benchmark_user_0287,u_attr_12,value_00
benchmark_user_0287,u_attr_13,value_01
benchmark_user_0287,u_attr_14,value_01
benchmark_user_0287,u_attr_15,value_00
benchmark_user_0287,u_attr_16,value_00
benchmark_user_0288,u_attr_01,value_01
benchmark_user_0288,u_attr_02,value_01
benchmark_user_0288,u_attr_03,value_01
benchmark_user_0288,u_attr_04,value_01
benchmark_user_0288,u_attr_05,value_01
benchmark_user_0288,u_attr_06,value_01
benchmark_user_0288,u_attr_07,value_01
benchmark_user_0288,u_attr_08,value_00
benchmark_user_0288,u_attr_09,value_00
benchmark_user_0288,u_attr_10,value_01
benchmark_user_0288,u_attr_11,value_01
benchmark_user_0288,u_attr_12,value_00
benchmark_user_0288,u_attr_13,value_01
benchmark_user_0288,u_attr_14,value_00
benchmark_user_0288,u_attr_15,value_01
benchmark_user_0288,u_attr_16,value_00
benchmark_user_0289,u_attr_01,value_00
benchmark_user_0289,u_attr_02,value_01
benchmark_user_0289,u_attr_03,value_01
benchmark_user_0289,u_attr_04,value_01
benchmark_user_0289,u_attr_05,value_01
benchmark_user_0289,u_attr_06,value_00
benchmark_user_0289,u_attr_07,value_00
benchmark_user_0289,u_attr_08,value_01
benchmark_user_0289,u_attr_09,value_01
benchmark_user_0289,u_attr_10,value_01
benchmark_user_0289,u_attr_11,value_01
benchmark_user_0289,u_attr_12,value_00
benchmark_user_0289,u_attr_13,value_01
benchmark_user_0289,u_attr_14,value_01
benchmark_user_0289,u_attr_15,value_00
benchmark_user_0289,u_attr_16,value_00
benchmark_user_0290,u_attr_01,value_01
benchmark_user_0290,u_attr_02,value_01
benchmark_user_0290,u_attr_03,value_01
benchmark_user_0290,u_attr_04,value_01
benchmark_user_0290,u_attr_05,value_00
benchmark_user_0290,u_attr_06,value_00
benchmark_user_0290,u_attr_07,value_00
benchmark_user_0290,u_attr_08,value_01
benchmark_user_0290,u_attr_09,value_01
benchmark_user_0290,u_attr_10,value_00
benchmark_user_0290,u_attr_11,value_00
benchmark_user_0290,u_attr_12,value_01
benchmark_user_0290,u_attr_13,value_00
benchmark_user_0290,u_attr_14,value_00
benchmark_user_0290,u_attr_15,value_01
benchmark_user_0290,u_attr_16,value_00
benchmark_user_0291,u_attr_01,value_01
benchmark_user_0291,u_attr_02,value_00
benchmark_user_0291,u_attr_03,value_00
benchmark_user_0291,u_attr_04,value_00
benchmark_user_0291,u_attr_05,value_00
benchmark_user_0291,u_attr_06,value_01
benchmark_user_0291,u_attr_07,value_01
benchmark_user_0291,u_attr_08,value_00
benchmark_user_0291,u_attr_09,value_01
benchmark_user_0291,u_attr_10,value_00
benchmark_user_0291,u_attr_11,value_00
benchmark_user_0291,u_attr_12,value_01
benchmark_user_0291,u_attr_13,value_01
benchmark_user_0291,u_attr_14,value_01
benchmark_user_0291,u_attr_15,value_01
benchmark_user_0291,u_attr_16,value_00
benchmark_user_0292,u_attr_01,value_00
benchmark_user_0292,u_attr_02,value_00
benchmark_user_0292,u_attr_03,value_00
benchmark_user_0292,u_attr_04,value_00
benchmark_user_0292,u_attr_05,value_00
benchmark_user_0292,u_attr_06,value_01
benchmark_user_0292,u_attr_07,value_01
benchmark_user_0292,u_attr_08,value_01
benchmark_user_0292,u_attr_09,value_01
benchmark_user_0292,u_attr_10,value_00
benchmark_user_0292,u_attr_11,value_01
benchmark_user_0292,u_attr_12,value_00
benchmark_user_0292,u_attr_13,value_00
benchmark_user_0292,u_attr_14,value_01
benchmark_user_0292,u_attr_15,value_00
benchmark_user_0292,u_attr_16,value_01
benchmark_user_0293,u_attr_01,value_01
benchmark_user_0293,u_attr_02,value_00
benchmark_user_0293,u_attr_03,value_00
benchmark_user_0293,u_attr_04,value_01
benchmark_user_0293,u_attr_05,value_00
benchmark_user_0293,u_attr_06,value_00
benchmark_user_0293,u_attr_07,value_00
benchmark_user_0293,u_attr_08,value_01
benchmark_user_0293,u_attr_09,value_01
benchmark_user_0293,u_attr_10,value_00
benchmark_user_0293,u_attr_11,value_00
benchmark_user_0293,u_attr_12,value_01
benchmark_user_0293,u_attr_13,value_00
benchmark_user_0293,u_attr_14,value_01
benchmark_user_0293,u_attr_15,value_01
benchmark_user_0293,u_attr_16,value_01
benchmark_user_0294,u_attr_01,value_01
benchmark_user_0294,u_attr_02,value_01
benchmark_user_0294,u_attr_03,value_00
benchmark_user_0294,u_attr_04,value_00
benchmark_user_0294,u_attr_05,value_00
benchmark_user_0294,u_attr_06,value_01
benchmark_user_0294,u_attr_07,value_00
benchmark_user_0294,u_attr_08,value_00
benchmark_user_0294,u_attr_09,value_01
benchmark_user_0294,u_attr_10,value_01
benchmark_user_0294,u_attr_11,value_00
benchmark_user_0294,u_attr_12,value_01
benchmark_user_0294,u_attr_13,value_00
benchmark_user_0294,u_attr_14,value_00
benchmark_user_0294,u_attr_15,value_00
benchmark_user_0294,u_attr_16,value_00
benchmark_user_0295,u_attr_01,value_01
benchmark_user_0295,u_attr_02,value_01
benchmark_user_0295,u_attr_03,value_00
benchmark_user_0295,u_attr_04,value_01
benchmark_user_0295,u_attr_05,value_00
benchmark_user_0295,u_attr_06,value_00
benchmark_user_0295,u_attr_07,value_01
benchmark_user_0295,u_attr_08,value_01
benchmark_user_0295,u_attr_09,value_00
benchmark_user_0295,u_attr_10,value_01
benchmark_user_0295,u_attr_11,value_01
benchmark_user_0295,u_attr_12,value_00
benchmark_user_0295,u_attr_13,value_01
benchmark_user_0295,u_attr_14,value_01
benchmark_user_0295,u_attr_15,value_00
benchmark_user_0295,u_attr_16,value_01
benchmark_user_0296,u_attr_01,value_00
benchmark_user_0296,u_attr_02,value_01
benchmark_user_0296,u_attr_03,value_00
benchmark_user_0296,u_attr_04,value_00
benchmark_user_0296,u_attr_05,value_01
benchmark_user_0296,u_attr_06,value_00
benchmark_user_0296,u_attr_07,value_01
benchmark_user_0296,u_attr_08,value_01
benchmark_user_0296,u_attr_09,value_01
benchmark_user_0296,u_attr_10,value_01
benchmark_user_0296,u_attr_11,value_00
benchmark_user_0296,u_attr_12,value_01
benchmark_user_0296,u_attr_13,value_01
benchmark_user_0296,u_attr_14,value_01
benchmark_user_0296,u_attr_15,value_01
benchmark_user_0296,u_attr_16,value_00
benchmark_user_0297,u_attr_01,value_01
benchmark_user_0297,u_attr_02,value_01
benchmark_user_0297,u_attr_03,value_01
benchmark_user_0297,u_attr_04,value_00
benchmark_user_0297,u_attr_05,value_01
benchmark_user_0297,u_attr_06,value_01
benchmark_user_0297,u_attr_07,value_00
benchmark_user_0297,u_attr_08,value_00
benchmark_user_0297,u_attr_09,value_01
benchmark_user_0297,u_attr_10,value_00
benchmark_user_0297,u_attr_11,value_00
benchmark_user_0297,u_attr_12,value_00
benchmark_user_0297,u_attr_13,value_00
benchmark_user_0297,u_attr_14,value_01
benchmark_user_0297,u_attr_15,value_00
benchmark_user_0297,u_attr_16,value_00
benchmark_user_0298,u_attr_01,value_01
benchmark_user_0298,u_attr_02,value_00
benchmark_user_0298,u_attr_03,value_00
benchmark_user_0298,u_attr_04,value_01
benchmark_user_0298,u_attr_05,value_00
benchmark_user_0298,u_attr_06,value_00
benchmark_user_0298,u_attr_07,value_00
benchmark_user_0298,u_attr_08,value_01
benchmark_user_0298,u_attr_09,value_01
benchmark_user_0298,u_attr_10,value_00
benchmark_user_0298,u_attr_11,value_00
benchmark_user_0298,u_attr_12,value_01
benchmark_user_0298,u_attr_13,value_00
benchmark_user_0298,u_attr_14,value_01
benchmark_user_0298,u_attr_15,value_01
benchmark_user_0298,u_attr_16,value_00
benchmark_user_0299,u_attr_01,value_01
benchmark_user_0299,u_attr_02,value_00
benchmark_user_0299,u_attr_03,value_00
benchmark_user_0299,u_attr_04,value_00
benchmark_user_0299,u_attr_05,value_00
benchmark_user_0299,u_attr_06,value_01
benchmark_user_0299,u_attr_07,value_01
benchmark_user_0299,u_attr_08,value_01
benchmark_user_0299,u_attr_09,value_00
benchmark_user_0299,u_attr_10,value_01
benchmark_user_0299,u_attr_11,value_01
benchmark_user_0299,u_attr_12,value_00
benchmark_user_0299,u_attr_13,value_00
benchmark_user_0299,u_attr_14,value_01
benchmark_user_0299,u_attr_15,value_00
benchmark_user_0299,u_attr_16,value_00
benchmark_user_0300,u_attr_01,value_01
benchmark_user_0300,u_attr_02,value_01
benchmark_user_0300,u_attr_03,value_00
benchmark_user_0300,u_attr_04,value_01
benchmark_user_0300,u_attr_05,value_01
benchmark_user_0300,u_attr_06,value_01
benchmark_user_0300,u_attr_07,value_01
benchmark_user_0300,u_attr_08,value_01
benchmark_user_0300,u_attr_09,value_01
benchmark_user_0300,u_attr_10,value_01
benchmark_user_0300,u_attr_11,value_00
benchmark_user_0300,u_attr_12,value_01
benchmark_user_0300,u_attr_13,value_00
benchmark_user_0300,u_attr_14,value_01
benchmark_user_0300,u_attr_15,value_01
benchmark_user_0300,u_attr_16,value_00
benchmark_user_0301,u_attr_01,value_00
benchmark_user_0301,u_attr_02,value_01
benchmark_user_0301,u_attr_03,value_00
benchmark_user_0301,u_attr_04,value_00
benchmark_user_0301,u_attr_05,value_01
benchmark_user_0301,u_attr_06,value_01
benchmark_user_0301,u_attr_07,value_00
benchmark_user_0301,u_attr_08,value_01
benchmark_user_0301,u_attr_09,value_01
benchmark_user_0301,u_attr_10,value_01
benchmark_user_0301,u_attr_11,value_01
benchmark_user_0301,u_attr_12,value_00
benchmark_user_0301,u_attr_13,value_00
benchmark_user_0301,u_attr_14,value_00
benchmark_user_0301,u_attr_15,value_00
benchmark_user_0301,u_attr_16,value_01
benchmark_user_0302,u_attr_01,value_01
benchmark_user_0302,u_attr_02,value_01
benchmark_user_0302,u_attr_03,value_01
benchmark_user_0302,u_attr_04,value_01
benchmark_user_0302,u_attr_05,value_01
benchmark_user_0302,u_attr_06,value_00
benchmark_user_0302,u_attr_07,value_00
benchmark_user_0302,u_attr_08,value_00
benchmark_user_0302,u_attr_09,value_01
benchmark_user_0302,u_attr_10,value_00
benchmark_user_0302,u_attr_11,value_00
benchmark_user_0302,u_attr_12,value_01
benchmark_user_0302,u_attr_13,value_00
benchmark_user_0302,u_attr_14,value_00
benchmark_user_0302,u_attr_15,value_00
benchmark_user_0302,u_attr_16,value_00
benchmark_user_0303,u_attr_01,value_01
benchmark_user_0303,u_attr_02,value_01
benchmark_user_0303,u_attr_03,value_00
benchmark_user_0303,u_attr_04,value_00
benchmark_user_0303,u_attr_05,value_01
benchmark_user_0303,u_attr_06,value_01
benchmark_user_0303,u_attr_07,value_01
benchmark_user_0303,u_attr_08,value_01
benchmark_user_0303,u_attr_09,value_01
benchmark_user_0303,u_attr_10,value_00
benchmark_user_0303,u_attr_11,value_01
benchmark_user_0303,u_attr_12,value_01
benchmark_user_0303,u_attr_13,value_00
benchmark_user_0303,u_attr_14,value_00
benchmark_user_0303,u_attr_15,value_00
benchmark_user_0303,u_attr_16,value_01
benchmark_user_0304,u_attr_01,value_00
benchmark_user_0304,u_attr_02,value_01
benchmark_user_0304,u_attr_03,value_00
benchmark_user_0304,u_attr_04,value_01
benchmark_user_0304,u_attr_05,value_00
benchmark_user_0304,u_attr_06,value_00
benchmark_user_0304,u_attr_07,value_00
benchmark_user_0304,u_attr_08,value_01
benchmark_user_0304,u_attr_09,value_01
benchmark_user_0304,u_attr_10,value_00
benchmark_user_0304,u_attr_11,value_01
benchmark_user_0304,u_attr_12,value_00
benchmark_user_0304,u_attr_13,value_01
benchmark_user_0304,u_attr_14,value_00
benchmark_user_0304,u_attr_15,value_00
benchmark_user_0304,u_attr_16,value_00
benchmark_user_0305,u_attr_01,value_00
benchmark_user_0305,u_attr_02,value_01
benchmark_user_0305,u_attr_03,value_01
benchmark_user_0305,u_attr_04,value_01
benchmark_user_0305,u_attr_05,value_01
benchmark_user_0305,u_attr_06,value_01
benchmark_user_0305,u_attr_07,value_00
benchmark_user_0305,u_attr_08,value_00
benchmark_user_0305,u_attr_09,value_00
benchmark_user_0305,u_attr_10,value_01
benchmark_user_0305,u_attr_11,value_01
benchmark_user_0305,u_attr_12,value_01
benchmark_user_0305,u_attr_13,value_01
benchmark_user_0305,u_attr_14,value_00
benchmark_user_0305,u_attr_15,value_01
benchmark_user_0305,u_attr_16,value_00
benchmark_user_0306,u_attr_01,value_00
benchmark_user_0306,u_attr_02,value_01
benchmark_user_0306,u_attr_03,value_01
benchmark_user_0306,u_attr_04,value_00
benchmark_user_0306,u_attr_05,value_01
benchmark_user_0306,u_attr_06,value_01
benchmark_user_0306,u_attr_07,value_01
benchmark_user_0306,u_attr_08,value_00
benchmark_user_0306,u_attr_09,value_00
benchmark_user_0306,u_attr_10,value_01
benchmark_user_0306,u_attr_11,value_01
benchmark_user_0306,u_attr_12,value_01
benchmark_user_0306,u_attr_13,value_01
benchmark_user_0306,u_attr_14,value_01
benchmark_user_0306,u_attr_15,value_00
benchmark_user_0306,u_attr_16,value_00
benchmark_user_0307,u_attr_01,value_01
benchmark_user_0307,u_attr_02,value_00
benchmark_user_0307,u_attr_03,value_00
benchmark_user_0307,u_attr_04,value_01
benchmark_user_0307,u_attr_05,value_00
benchmark_user_0307,u_attr_06,value_01
benchmark_user_0307,u_attr_07,value_01
benchmark_user_0307,u_attr_08,value_00
benchmark_user_0307,u_attr_09,value_01
benchmark_user_0307,u_attr_10,value_00
benchmark_user_0307,u_attr_11,value_01
benchmark_user_0307,u_attr_12,value_01
benchmark_user_0307,u_attr_13,value_01
benchmark_user_0307,u_attr_14,value_01
benchmark_user_0307,u_attr_15,value_01
benchmark_user_0307,u_attr_16,value_01
benchmark_user_0308,u_attr_01,value_01
benchmark_user_0308,u_attr_02,value_00
benchmark_user_0308,u_attr_03,value_00
benchmark_user_0308,u_attr_04,value_01
benchmark_user_0308,u_attr_05,value_01
benchmark_user_0308,u_attr_06,value_01
benchmark_user_0308,u_attr_07,value_01
benchmark_user_0308,u_attr_08,value_00
benchmark_user_0308,u_attr_09,value_00
benchmark_user_0308,u_attr_10,value_00
benchmark_user_0308,u_attr_11,value_01
benchmark_user_0308,u_attr_12,value_01
benchmark_user_0308,u_attr_13,value_01
benchmark_user_0308,u_attr_14,value_00
benchmark_user_0308,u_attr_15,value_00
benchmark_user_0308,u_attr_16,value_00
benchmark_user_0309,u_attr_01,value_00
benchmark_user_0309,u_attr_02,value_00
benchmark_user_0309,u_attr_03,value_00
benchmark_user_0309,u_attr_04,value_01
benchmark_user_0309,u_attr_05,value_00
benchmark_user_0309,u_attr_06,value_00
benchmark_user_0309,u_attr_07,value_00
benchmark_user_0309,u_attr_08,value_00
benchmark_user_0309,u_attr_09,value_01
benchmark_user_0309,u_attr_10,value_00
benchmark_user_0309,u_attr_11,value_00
benchmark_user_0309,u_attr_12,value_00
benchmark_user_0309,u_attr_13,value_00
benchmark_user_0309,u_attr_14,value_00
benchmark_user_0309,u_attr_15,value_00
benchmark_user_0309,u_attr_16,value_01
benchmark_user_0310,u_attr_01,value_01
benchmark_user_0310,u_attr_02,value_00
benchmark_user_0310,u_attr_03,value_01
benchmark_user_0310,u_attr_04,value_01
benchmark_user_0310,u_attr_05,value_00
benchmark_user_0310,u_attr_06,value_00
benchmark_user_0310,u_attr_07,value_00
benchmark_user_0310,u_attr_08,value_00
benchmark_user_0310,u_attr_09,value_00
benchmark_user_0310,u_attr_10,value_01
benchmark_user_0310,u_attr_11,value_01
benchmark_user_0310,u_attr_12,value_00
benchmark_user_0310,u_attr_13,value_01
benchmark_user_0310,u_attr_14,value_01
benchmark_user_0310,u_attr_15,value_00
benchmark_user_0310,u_attr_16,value_01
benchmark_user_0311,u_attr_01,value_01
benchmark_user_0311,u_attr_02,value_00
benchmark_user_0311,u_attr_03,value_00
benchmark_user_0311,u_attr_04,value_00
benchmark_user_0311,u_attr_05,value_01
benchmark_user_0311,u_attr_06,value_01
benchmark_user_0311,u_attr_07,value_01
benchmark_user_0311,u_attr_08,value_01
benchmark_user_0311,u_attr_09,value_01
benchmark_user_0311,u_attr_10,value_00
benchmark_user_0311,u_attr_11,value_00
benchmark_user_0311,u_attr_12,value_00
benchmark_user_0311,u_attr_13,value_00
benchmark_user_0311,u_attr_14,value_00
benchmark_user_0311,u_attr_15,value_01
benchmark_user_0311,u_attr_16,value_01
benchmark_user_0312,u_attr_01,value_00
benchmark_user_0312,u_attr_02,value_01
benchmark_user_0312,u_attr_03,value_01
benchmark_user_0312,u_attr_04,value_00
benchmark_user_0312,u_attr_05,value_01
benchmark_user_0312,u_attr_06,value_01
benchmark_user_0312,u_attr_07,value_00
benchmark_user_0312,u_attr_08,value_01
benchmark_user_0312,u_attr_09,value_00
benchmark_user_0312,u_attr_10,value_01
benchmark_user_0312,u_attr_11,value_01
benchmark_user_0312,u_attr_12,value_01
benchmark_user_0312,u_attr_13,value_01
benchmark_user_0312,u_attr_14,value_01
benchmark_user_0312,u_attr_15,value_00
benchmark_user_0312,u_attr_16,value_00
benchmark_user_0313,u_attr_01,value_00
benchmark_user_0313,u_attr_02,value_01
benchmark_user_0313,u_attr_03,value_00
benchmark_user_0313,u_attr_04,value_01
benchmark_user_0313,u_attr_05,value_01
benchmark_user_0313,u_attr_06,value_00
benchmark_user_0313,u_attr_07,value_01
benchmark_user_0313,u_attr_08,value_01
benchmark_user_0313,u_attr_09,value_00
benchmark_user_0313,u_attr_10,value_01
benchmark_user_0313,u_attr_11,value_00
benchmark_user_0313,u_attr_12,value_00
benchmark_user_0313,u_attr_13,value_01
benchmark_user_0313,u_attr_14,value_01
benchmark_user_0313,u_attr_15,value_01
benchmark_user_0313,u_attr_16,value_00
benchmark_user_0314,u_attr_01,value_01
benchmark_user_0314,u_attr_02,value_01
benchmark_user_0314,u_attr_03,value_00
benchmark_user_0314,u_attr_04,value_00
benchmark_user_0314,u_attr_05,value_00
benchmark_user_0314,u_attr_06,value_01
benchmark_user_0314,u_attr_07,value_00
benchmark_user_0314,u_attr_08,value_01
benchmark_user_0314,u_attr_09,value_01
benchmark_user_0314,u_attr_10,value_00
benchmark_user_0314,u_attr_11,value_01
benchmark_user_0314,u_attr_12,value_01
benchmark_user_0314,u_attr_13,value_00
benchmark_user_0314,u_attr_14,value_00
benchmark_user_0314,u_attr_15,value_01
benchmark_user_0314,u_attr_16,value_01
benchmark_user_0315,u_attr_01,value_01
benchmark_user_0315,u_attr_02,value_01
benchmark_user_0315,u_attr_03,value_00
benchmark_user_0315,u_attr_04,value_01
benchmark_user_0315,u_attr_05,value_00
benchmark_user_0315,u_attr_06,value_01
benchmark_user_0315,u_attr_07,value_00
benchmark_user_0315,u_attr_08,value_00
benchmark_user_0315,u_attr_09,value_00
benchmark_user_0315,u_attr_10,value_01
benchmark_user_0315,u_attr_11,value_01
benchmark_user_0315,u_attr_12,value_01
benchmark_user_0315,u_attr_13,value_01
benchmark_user_0315,u_attr_14,value_01
benchmark_user_0315,u_attr_15,value_01
benchmark_user_0315,u_attr_16,value_00
benchmark_user_0316,u_attr_01,value_00
benchmark_user_0316,u_attr_02,value_01
benchmark_user_0316,u_attr_03,value_01
benchmark_user_0316,u_attr_04,value_01
benchmark_user_0316,u_attr_05,value_00
benchmark_user_0316,u_attr_06,value_01
benchmark_user_0316,u_attr_07,value_00
benchmark_user_0316,u_attr_08,value_00
benchmark_user_0316,u_attr_09,value_01
benchmark_user_0316,u_attr_10,value_00
benchmark_user_0316,u_attr_11,value_01
benchmark_user_0316,u_attr_12,value_00
benchmark_user_0316,u_attr_13,value_01
benchmark_user_0316,u_attr_14,value_01
benchmark_user_0316,u_attr_15,value_00
benchmark_user_0316,u_attr_16,value_01
benchmark_user_0317,u_attr_01,value_00
benchmark_user_0317,u_attr_02,value_00
benchmark_user_0317,u_attr_03,value_00
benchmark_user_0317,u_attr_04,value_00
benchmark_user_0317,u_attr_05,value_00
benchmark_user_0317,u_attr_06,value_01
benchmark_user_0317,u_attr_07,value_00
benchmark_user_0317,u_attr_08,value_00
benchmark_user_0317,u_attr_09,value_00
benchmark_user_0317,u_attr_10,value_00
benchmark_user_0317,u_attr_11,value_00
benchmark_user_0317,u_attr_12,value_00
benchmark_user_0317,u_attr_13,value_01
benchmark_user_0317,u_attr_14,value_01
benchmark_user_0317,u_attr_15,value_01
benchmark_user_0317,u_attr_16,value_01
benchmark_user_0318,u_attr_01,value_01
benchmark_user_0318,u_attr_02,value_01
benchmark_user_0318,u_attr_03,value_00
benchmark_user_0318,u_attr_04,value_00
benchmark_user_0318,u_attr_05,value_01
benchmark_user_0318,u_attr_06,value_00
benchmark_user_0318,u_attr_07,value_01
benchmark_user_0318,u_attr_08,value_01
benchmark_user_0318,u_attr_09,value_01
benchmark_user_0318,u_attr_10,value_00
benchmark_user_0318,u_attr_11,value_00
benchmark_user_0318,u_attr_12,value_00
benchmark_user_0318,u_attr_13,value_00
benchmark_user_0318,u_attr_14,value_00
benchmark_user_0318,u_attr_15,value_01
benchmark_user_0318,u_attr_16,value_01
benchmark_user_0319,u_attr_01,value_01
benchmark_user_0319,u_attr_02,value_00
benchmark_user_0319,u_attr_03,value_01
benchmark_user_0319,u_attr_04,value_00
benchmark_user_0319,u_attr_05,value_01
benchmark_user_0319,u_attr_06,value_00
benchmark_user_0319,u_attr_07,value_01
benchmark_user_0319,u_attr_08,value_00
benchmark_user_0319,u_attr_09,value_01
benchmark_user_0319,u_attr_10,value_00
benchmark_user_0319,u_attr_11,value_01
benchmark_user_0319,u_attr_12,value_00
benchmark_user_0319,u_attr_13,value_01
benchmark_user_0319,u_attr_14,value_00
benchmark_user_0319,u_attr_15,value_01
benchmark_user_0319,u_attr_16,value_00
benchmark_user_0320,u_attr_01,value_01
benchmark_user_0320,u_attr_02,value_01
benchmark_user_0320,u_attr_03,value_00
benchmark_user_0320,u_attr_04,value_00
benchmark_user_0320,u_attr_05,value_01
benchmark_user_0320,u_attr_06,value_00
benchmark_user_0320,u_attr_07,value_00
benchmark_user_0320,u_attr_08,value_01
benchmark_user_0320,u_attr_09,value_01
benchmark_user_0320,u_attr_10,value_01
benchmark_user_0320,u_attr_11,value_01
benchmark_user_0320,u_attr_12,value_00
benchmark_user_0320,u_attr_13,value_01
benchmark_user_0320,u_attr_14,value_00
benchmark_user_0320,u_attr_15,value_01
benchmark_user_0320,u_attr_16,value_00
benchmark_user_0321,u_attr_01,value_01
benchmark_user_0321,u_attr_02,value_01
benchmark_user_0321,u_attr_03,value_00
benchmark_user_0321,u_attr_04,value_00
benchmark_user_0321,u_attr_05,value_00
benchmark_user_0321,u_attr_06,value_00
benchmark_user_0321,u_attr_07,value_01
benchmark_user_0321,u_attr_08,value_01
benchmark_user_0321,u_attr_09,value_01
benchmark_user_0321,u_attr_10,value_00
benchmark_user_0321,u_attr_11,value_01
benchmark_user_0321,u_attr_12,value_00
benchmark_user_0321,u_attr_13,value_01
benchmark_user_0321,u_attr_14,value_01
benchmark_user_0321,u_attr_15,value_01
benchmark_user_0321,u_attr_16,value_00
benchmark_user_0322,u_attr_01,value_00
benchmark_user_0322,u_attr_02,value_00
benchmark_user_0322,u_attr_03,value_01
benchmark_user_0322,u_attr_04,value_01
benchmark_user_0322,u_attr_05,value_00
benchmark_user_0322,u_attr_06,value_01
benchmark_user_0322,u_attr_07,value_01
benchmark_user_0322,u_attr_08,value_00
benchmark_user_0322,u_attr_09,value_01
benchmark_user_0322,u_attr_10,value_00
benchmark_user_0322,u_attr_11,value_01
benchmark_user_0322,u_attr_12,value_00
benchmark_user_0322,u_attr_13,value_01
benchmark_user_0322,u_attr_14,value_01
benchmark_user_0322,u_attr_15,value_00
benchmark_user_0322,u_attr_16,value_00
benchmark_user_0323,u_attr_01,value_00
benchmark_user_0323,u_attr_02,value_00
benchmark_user_0323,u_attr_03,value_00
benchmark_user_0323,u_attr_04,value_01
benchmark_user_0323,u_attr_05,value_00
benchmark_user_0323,u_attr_06,value_00
benchmark_user_0323,u_attr_07,value_01
benchmark_user_0323,u_attr_08,value_01
benchmark_user_0323,u_attr_09,value_00
benchmark_user_0323,u_attr_10,value_00
benchmark_user_0323,u_attr_11,value_01
benchmark_user_0323,u_attr_12,value_00
benchmark_user_0323,u_attr_13,value_00
benchmark_user_0323,u_attr_14,value_00
benchmark_user_0323,u_attr_15,value_00
benchmark_user_0323,u_attr_16,value_00
benchmark_user_0324,u_attr_01,value_00
benchmark_user_0324,u_attr_02,value_01
benchmark_user_0324,u_attr_03,value_00
benchmark_user_0324,u_attr_04,value_00
benchmark_user_0324,u_attr_05,value_01
benchmark_user_0324,u_attr_06,value_00
benchmark_user_0324,u_attr_07,value_01
benchmark_user_0324,u_attr_08,value_01
benchmark_user_0324,u_attr_09,value_00
benchmark_user_0324,u_attr_10,value_00
benchmark_user_0324,u_attr_11,value_01
benchmark_user_0324,u_attr_12,value_00
benchmark_user_0324,u_attr_13,value_01
benchmark_user_0324,u_attr_14,value_00
benchmark_user_0324,u_attr_15,value_01
benchmark_user_0324,u_attr_16,value_00
benchmark_user_0325,u_attr_01,value_00
benchmark_user_0325,u_attr_02,value_00
benchmark_user_0325,u_attr_03,value_00
benchmark_user_0325,u_attr_04,value_01
benchmark_user_0325,u_attr_05,value_01
benchmark_user_0325,u_attr_06,value_00
benchmark_user_0325,u_attr_07,value_01
benchmark_user_0325,u_attr_08,value_00
benchmark_user_0325,u_attr_09,value_01
benchmark_user_0325,u_attr_10,value_01
benchmark_user_0325,u_attr_11,value_01
benchmark_user_0325,u_attr_12,value_01
benchmark_user_0325,u_attr_13,value_01
benchmark_user_0325,u_attr_14,value_01
benchmark_user_0325,u_attr_15,value_01
benchmark_user_0325,u_attr_16,value_01
benchmark_user_0326,u_attr_01,value_00
benchmark_user_0326,u_attr_02,value_01
benchmark_user_0326,u_attr_03,value_01
benchmark_user_0326,u_attr_04,value_00
benchmark_user_0326,u_attr_05,value_01
benchmark_user_0326,u_attr_06,value_01
benchmark_user_0326,u_attr_07,value_01
benchmark_user_0326,u_attr_08,value_01
benchmark_user_0326,u_attr_09,value_01
benchmark_user_0326,u_attr_10,value_00
benchmark_user_0326,u_attr_11,value_01
benchmark_user_0326,u_attr_12,value_00
benchmark_user_0326,u_attr_13,value_00
benchmark_user_0326,u_attr_14,value_01
benchmark_user_0326,u_attr_15,value_00
benchmark_user_0326,u_attr_16,value_01
benchmark_user_0327,u_attr_01,value_01
benchmark_user_0327,u_attr_02,value_00
benchmark_user_0327,u_attr_03,value_01
benchmark_user_0327,u_attr_04,value_01
benchmark_user_0327,u_attr_05,value_01
benchmark_user_0327,u_attr_06,value_01
benchmark_user_0327,u_attr_07,value_00
benchmark_user_0327,u_attr_08,value_00
benchmark_user_0327,u_attr_09,value_00
benchmark_user_0327,u_attr_10,value_01
benchmark_user_0327,u_attr_11,value_00
benchmark_user_0327,u_attr_12,value_00
benchmark_user_0327,u_attr_13,value_01
benchmark_user_0327,u_attr_14,value_01
benchmark_user_0327,u_attr_15,value_01
benchmark_user_0327,u_attr_16,value_00
benchmark_user_0328,u_attr_01,value_00
benchmark_user_0328,u_attr_02,value_01
benchmark_user_0328,u_attr_03,value_01
benchmark_user_0328,u_attr_04,value_00
benchmark_user_0328,u_attr_05,value_01
benchmark_user_0328,u_attr_06,value_00
benchmark_user_0328,u_attr_07,value_00
benchmark_user_0328,u_attr_08,value_01
benchmark_user_0328,u_attr_09,value_01
benchmark_user_0328,u_attr_10,value_00
benchmark_user_0328,u_attr_11,value_00
benchmark_user_0328,u_attr_12,value_01
benchmark_user_0328,u_attr_13,value_00
benchmark_user_0328,u_attr_14,value_00
benchmark_user_0328,u_attr_15,value_00
benchmark_user_0328,u_attr_16,value_00
benchmark_user_0329,u_attr_01,value_00
benchmark_user_0329,u_attr_02,value_01
benchmark_user_0329,u_attr_03,value_01
benchmark_user_0329,u_attr_04,value_01
benchmark_user_0329,u_attr_05,value_01
benchmark_user_0329,u_attr_06,value_00
benchmark_user_0329,u_attr_07,value_00
benchmark_user_0329,u_attr_08,value_01
benchmark_user_0329,u_attr_09,value_00
benchmark_user_0329,u_attr_10,value_00
benchmark_user_0329,u_attr_11,value_01
benchmark_user_0329,u_attr_12,value_01
benchmark_user_0329,u_attr_13,value_00
benchmark_user_0329,u_attr_14,value_00
benchmark_user_0329,u_attr_15,value_00
benchmark_user_0329,u_attr_16,value_00
benchmark_user_0330,u_attr_01,value_00
benchmark_user_0330,u_attr_02,value_01
benchmark_user_0330,u_attr_03,value_00
benchmark_user_0330,u_attr_04,value_01
benchmark_user_0330,u_attr_05,value_01
benchmark_user_0330,u_attr_06,value_01
benchmark_user_0330,u_attr_07,value_00
benchmark_user_0330,u_attr_08,value_01
benchmark_user_0330,u_attr_09,value_00
benchmark_user_0330,u_attr_10,value_01
benchmark_user_0330,u_attr_11,value_00
benchmark_user_0330,u_attr_12,value_01
benchmark_user_0330,u_attr_13,value_00
benchmark_user_0330,u_attr_14,value_00
benchmark_user_0330,u_attr_15,value_00
benchmark_user_0330,u_attr_16,value_01
benchmark_user_0331,u_attr_01,value_00
benchmark_user_0331,u_attr_02,value_00
benchmark_user_0331,u_attr_03,value_00
benchmark_user_0331,u_attr_04,value_00
benchmark_user_0331,u_attr_05,value_00
benchmark_user_0331,u_attr_06,value_01
benchmark_user_0331,u_attr_07,value_01
benchmark_user_0331,u_attr_08,value_01
benchmark_user_0331,u_attr_09,value_00
benchmark_user_0331,u_attr_10,value_00
benchmark_user_0331,u_attr_11,value_00
benchmark_user_0331,u_attr_12,value_00
benchmark_user_0331,u_attr_13,value_00
benchmark_user_0331,u_attr_14,value_01
benchmark_user_0331,u_attr_15,value_01
benchmark_user_0331,u_attr_16,value_00
benchmark_user_0332,u_attr_01,value_01
benchmark_user_0332,u_attr_02,value_01
benchmark_user_0332,u_attr_03,value_01
benchmark_user_0332,u_attr_04,value_01
benchmark_user_0332,u_attr_05,value_01
benchmark_user_0332,u_attr_06,value_01
benchmark_user_0332,u_attr_07,value_00
benchmark_user_0332,u_attr_08,value_01
benchmark_user_0332,u_attr_09,value_00
benchmark_user_0332,u_attr_10,value_01
benchmark_user_0332,u_attr_11,value_00
benchmark_user_0332,u_attr_12,value_00
benchmark_user_0332,u_attr_13,value_00
benchmark_user_0332,u_attr_14,value_01
benchmark_user_0332,u_attr_15,value_00
benchmark_user_0332,u_attr_16,value_00
benchmark_user_0333,u_attr_01,value_00
benchmark_user_0333,u_attr_02,value_01
benchmark_user_0333,u_attr_03,value_01
benchmark_user_0333,u_attr_04,value_00
benchmark_user_0333,u_attr_05,value_01
benchmark_user_0333,u_attr_06,value_00
benchmark_user_0333,u_attr_07,value_01
benchmark_user_0333,u_attr_08,value_00
benchmark_user_0333,u_attr_09,value_00
benchmark_user_0333,u_attr_10,value_01
benchmark_user_0333,u_attr_11,value_00
benchmark_user_0333,u_attr_12,value_01
benchmark_user_0333,u_attr_13,value_00
benchmark_user_0333,u_attr_14,value_00
benchmark_user_0333,u_attr_15,value_01
benchmark_user_0333,u_attr_16,value_01
benchmark_user_0334,u_attr_01,value_00
benchmark_user_0334,u_attr_02,value_01
benchmark_user_0334,u_attr_03,value_00
benchmark_user_0334,u_attr_04,value_01
benchmark_user_0334,u_attr_05,value_00
benchmark_user_0334,u_attr_06,value_00
benchmark_user_0334,u_attr_07,value_00
benchmark_user_0334,u_attr_08,value_01
benchmark_user_0334,u_attr_09,value_01
benchmark_user_0334,u_attr_10,value_01
benchmark_user_0334,u_attr_11,value_00
benchmark_user_0334,u_attr_12,value_01
benchmark_user_0334,u_attr_13,value_01
benchmark_user_0334,u_attr_14,value_00
benchmark_user_0334,u_attr_15,value_01
benchmark_user_0334,u_attr_16,value_00
benchmark_user_0335,u_attr_01,value_00
benchmark_user_0335,u_attr_02,value_00
benchmark_user_0335,u_attr_03,value_01
benchmark_user_0335,u_attr_04,value_00
benchmark_user_0335,u_attr_05,value_00
benchmark_user_0335,u_attr_06,value_01
benchmark_user_0335,u_attr_07,value_00
benchmark_user_0335,u_attr_08,value_00
benchmark_user_0335,u_attr_09,value_00
benchmark_user_0335,u_attr_10,value_00
benchmark_user_0335,u_attr_11,value_00
benchmark_user_0335,u_attr_12,value_00
benchmark_user_0335,u_attr_13,value_00
benchmark_user_0335,u_attr_14,value_01
benchmark_user_0335,u_attr_15,value_01
benchmark_user_0335,u_attr_16,value_00
benchmark_user_0336,u_attr_01,value_00
benchmark_user_0336,u_attr_02,value_00
benchmark_user_0336,u_attr_03,value_00
benchmark_user_0336,u_attr_04,value_01
benchmark_user_0336,u_attr_05,value_00
benchmark_user_0336,u_attr_06,value_00
benchmark_user_0336,u_attr_07,value_00
benchmark_user_0336,u_attr_08,value_00
benchmark_user_0336,u_attr_09,value_00
benchmark_user_0336,u_attr_10,value_00
benchmark_user_0336,u_attr_11,value_01
benchmark_user_0336,u_attr_12,value_00
benchmark_user_0336,u_attr_13,value_00
benchmark_user_0336,u_attr_14,value_01
benchmark_user_0336,u_attr_15,value_00
benchmark_user_0336,u_attr_16,value_01
benchmark_user_0337,u_attr_01,value_01
benchmark_user_0337,u_attr_02,value_00
benchmark_user_0337,u_attr_03,value_01
benchmark_user_0337,u_attr_04,value_01
benchmark_user_0337,u_attr_05,value_01
benchmark_user_0337,u_attr_06,value_00
benchmark_user_0337,u_attr_07,value_00
benchmark_user_0337,u_attr_08,value_01
benchmark_user_0337,u_attr_09,value_00
benchmark_user_0337,u_attr_10,value_00
benchmark_user_0337,u_attr_11,value_01
benchmark_user_0337,u_attr_12,value_01
benchmark_user_0337,u_attr_13,value_00
benchmark_user_0337,u_attr_14,value_01
benchmark_user_0337,u_attr_15,value_01
benchmark_user_0337,u_attr_16,value_00
benchmark_user_0338,u_attr_01,value_00
benchmark_user_0338,u_attr_02,value_01
benchmark_user_0338,u_attr_03,value_01
benchmark_user_0338,u_attr_04,value_00
benchmark_user_0338,u_attr_05,value_01
benchmark_user_0338,u_attr_06,value_00
benchmark_user_0338,u_attr_07,value_00
benchmark_user_0338,u_attr_08,value_00
benchmark_user_0338,u_attr_09,value_01
benchmark_user_0338,u_attr_10,value_00
benchmark_user_0338,u_attr_11,value_01
benchmark_user_0338,u_attr_12,value_01
benchmark_user_0338,u_attr_13,value_01
benchmark_user_0338,u_attr_14,value_01
benchmark_user_0338,u_attr_15,value_00
benchmark_user_0338,u_attr_16,value_01
benchmark_user_0339,u_attr_01,value_00
benchmark_user_0339,u_attr_02,value_00
benchmark_user_0339,u_attr_03,value_01
benchmark_user_0339,u_attr_04,value_01
benchmark_user_0339,u_attr_05,value_01
benchmark_user_0339,u_attr_06,value_00
benchmark_user_0339,u_attr_07,value_00
benchmark_user_0339,u_attr_08,value_01
benchmark_user_0339,u_attr_09,value_00
benchmark_user_0339,u_attr_10,value_01
benchmark_user_0339,u_attr_11,value_01
benchmark_user_0339,u_attr_12,value_00
benchmark_user_0339,u_attr_13,value_00
benchmark_user_0339,u_attr_14,value_00
benchmark_user_0339,u_attr_15,value_00
benchmark_user_0339,u_attr_16,value_00
benchmark_user_0340,u_attr_01,value_01
benchmark_user_0340,u_attr_02,value_01
benchmark_user_0340,u_attr_03,value_00
benchmark_user_0340,u_attr_04,value_00
benchmark_user_0340,u_attr_05,value_01
benchmark_user_0340,u_attr_06,value_01
benchmark_user_0340,u_attr_07,value_01
benchmark_user_0340,u_attr_08,value_01
benchmark_user_0340,u_attr_09,value_00
benchmark_user_0340,u_attr_10,value_01
benchmark_user_0340,u_attr_11,value_01
benchmark_user_0340,u_attr_12,value_00
benchmark_user_0340,u_attr_13,value_00
benchmark_user_0340,u_attr_14,value_00
benchmark_user_0340,u_attr_15,value_00
benchmark_user_0340,u_attr_16,value_01
benchmark_user_0341,u_attr_01,value_00
benchmark_user_0341,u_attr_02,value_01
benchmark_user_0341,u_attr_03,value_01
benchmark_user_0341,u_attr_04,value_00
benchmark_user_0341,u_attr_05,value_00
benchmark_user_0341,u_attr_06,value_00
benchmark_user_0341,u_attr_07,value_01
benchmark_user_0341,u_attr_08,value_01
benchmark_user_0341,u_attr_09,value_01
benchmark_user_0341,u_attr_10,value_00
benchmark_user_0341,u_attr_11,value_01
benchmark_user_0341,u_attr_12,value_00
benchmark_user_0341,u_attr_13,value_01
benchmark_user_0341,u_attr_14,value_00
benchmark_user_0341,u_attr_15,value_00
benchmark_user_0341,u_attr_16,value_01
benchmark_user_0342,u_attr_01,value_00
benchmark_user_0342,u_attr_02,value_00
benchmark_user_0342,u_attr_03,value_00
benchmark_user_0342,u_attr_04,value_00
benchmark_user_0342,u_attr_05,value_00
benchmark_user_0342,u_attr_06,value_01
benchmark_user_0342,u_attr_07,value_01
benchmark_user_0342,u_attr_08,value_00
benchmark_user_0342,u_attr_09,value_00
benchmark_user_0342,u_attr_10,value_00
benchmark_user_0342,u_attr_11,value_00
benchmark_user_0342,u_attr_12,value_00
benchmark_user_0342,u_attr_13,value_01
benchmark_user_0342,u_attr_14,value_01
benchmark_user_0342,u_attr_15,value_00
benchmark_user_0342,u_attr_16,value_00
benchmark_user_0343,u_attr_01,value_01
benchmark_user_0343,u_attr_02,value_00
benchmark_user_0343,u_attr_03,value_01
benchmark_user_0343,u_attr_04,value_01
benchmark_user_0343,u_attr_05,value_01
benchmark_user_0343,u_attr_06,value_00
benchmark_user_0343,u_attr_07,value_00
benchmark_user_0343,u_attr_08,value_00
benchmark_user_0343,u_attr_09,value_00
benchmark_user_0343,u_attr_10,value_01
benchmark_user_0343,u_attr_11,value_00
benchmark_user_0343,u_attr_12,value_01
benchmark_user_0343,u_attr_13,value_00
benchmark_user_0343,u_attr_14,value_01
benchmark_user_0343,u_attr_15,value_00
benchmark_user_0343,u_attr_16,value_01
benchmark_user_0344,u_attr_01,value_01
benchmark_user_0344,u_attr_02,value_00
benchmark_user_0344,u_attr_03,value_01
benchmark_user_0344,u_attr_04,value_00
benchmark_user_0344,u_attr_05,value_01
benchmark_user_0344,u_attr_06,value_01
benchmark_user_0344,u_attr_07,value_01
benchmark_user_0344,u_attr_08,value_01
benchmark_user_0344,u_attr_09,value_01
benchmark_user_0344,u_attr_10,value_01
benchmark_user_0344,u_attr_11,value_01
benchmark_user_0344,u_attr_12,value_01
benchmark_user_0344,u_attr_13,value_00
benchmark_user_0344,u_attr_14,value_00
benchmark_user_0344,u_attr_15,value_01
benchmark_user_0344,u_attr_16,value_01
benchmark_user_0345,u_attr_01,value_00
benchmark_user_0345,u_attr_02,value_01
benchmark_user_0345,u_attr_03,value_01
benchmark_user_0345,u_attr_04,value_00
benchmark_user_0345,u_attr_05,value_00
benchmark_user_0345,u_attr_06,value_00
benchmark_user_0345,u_attr_07,value_01
benchmark_user_0345,u_attr_08,value_01
benchmark_user_0345,u_attr_09,value_01
benchmark_user_0345,u_attr_10,value_01
benchmark_user_0345,u_attr_11,value_01
benchmark_user_0345,u_attr_12,value_01
benchmark_user_0345,u_attr_13,value_00
benchmark_user_0345,u_attr_14,value_00
benchmark_user_0345,u_attr_15,value_00
benchmark_user_0345,u_attr_16,value_01
benchmark_user_0346,u_attr_01,value_01
benchmark_user_0346,u_attr_02,value_00
benchmark_user_0346,u_attr_03,value_01
benchmark_user_0346,u_attr_04,value_01
benchmark_user_0346,u_attr_05,value_01
benchmark_user_0346,u_attr_06,value_00
benchmark_user_0346,u_attr_07,value_01
benchmark_user_0346,u_attr_08,value_00
benchmark_user_0346,u_attr_09,value_01
benchmark_user_0346,u_attr_10,value_00
benchmark_user_0346,u_attr_11,value_01
benchmark_user_0346,u_attr_12,value_01
benchmark_user_0346,u_attr_13,value_00
benchmark_user_0346,u_attr_14,value_00
benchmark_user_0346,u_attr_15,value_01
benchmark_user_0346,u_attr_16,value_00
benchmark_user_0347,u_attr_01,value_00
benchmark_user_0347,u_attr_02,value_01
benchmark_user_0347,u_attr_03,value_01
benchmark_user_0347,u_attr_04,value_01
benchmark_user_0347,u_attr_05,value_00
benchmark_user_0347,u_attr_06,value_00
benchmark_user_0347,u_attr_07,value_01
benchmark_user_0347,u_attr_08,value_01
benchmark_user_0347,u_attr_09,value_01
benchmark_user_0347,u_attr_10,value_01
benchmark_user_0347,u_attr_11,value_01
benchmark_user_0347,u_attr_12,value_01
benchmark_user_0347,u_attr_13,value_01
benchmark_user_0347,u_attr_14,value_01
benchmark_user_0347,u_attr_15,value_00
benchmark_user_0347,u_attr_16,value_01
benchmark_user_0348,u_attr_01,value_00
benchmark_user_0348,u_attr_02,value_00
benchmark_user_0348,u_attr_03,value_01
benchmark_user_0348,u_attr_04,value_00
benchmark_user_0348,u_attr_05,value_00
benchmark_user_0348,u_attr_06,value_00
benchmark_user_0348,u_attr_07,value_00
benchmark_user_0348,u_attr_08,value_00
benchmark_user_0348,u_attr_09,value_00
benchmark_user_0348,u_attr_10,value_00
benchmark_user_0348,u_attr_11,value_01
benchmark_user_0348,u_attr_12,value_01
benchmark_user_0348,u_attr_13,value_00
benchmark_user_0348,u_attr_14,value_00
benchmark_user_0348,u_attr_15,value_00
benchmark_user_0348,u_attr_16,value_00
benchmark_user_0349,u_attr_01,value_01
benchmark_user_0349,u_attr_02,value_01
benchmark_user_0349,u_attr_03,value_01
benchmark_user_0349,u_attr_04,value_00
benchmark_user_0349,u_attr_05,value_01
benchmark_user_0349,u_attr_06,value_01
benchmark_user_0349,u_attr_07,value_01
benchmark_user_0349,u_attr_08,value_00
benchmark_user_0349,u_attr_09,value_01
benchmark_user_0349,u_attr_10,value_00
benchmark_user_0349,u_attr_11,value_00
benchmark_user_0349,u_attr_12,value_01
benchmark_user_0349,u_attr_13,value_00
benchmark_user_0349,u_attr_14,value_00
benchmark_user_0349,u_attr_15,value_00
benchmark_user_0349,u_attr_16,value_00
benchmark_user_0350,u_attr_01,value_00
benchmark_user_0350,u_attr_02,value_01
benchmark_user_0350,u_attr_03,value_00
benchmark_user_0350,u_attr_04,value_00
benchmark_user_0350,u_attr_05,value_01
benchmark_user_0350,u_attr_06,value_01
benchmark_user_0350,u_attr_07,value_01
benchmark_user_0350,u_attr_08,value_01
benchmark_user_0350,u_attr_09,value_00
benchmark_user_0350,u_attr_10,value_01
benchmark_user_0350,u_attr_11,value_01
benchmark_user_0350,u_attr_12,value_00
benchmark_user_0350,u_attr_13,value_00
benchmark_user_0350,u_attr_14,value_01
benchmark_user_0350,u_attr_15,value_00
benchmark_user_0350,u_attr_16,value_01
benchmark_user_0351,u_attr_01,value_01
benchmark_user_0351,u_attr_02,value_00
benchmark_user_0351,u_attr_03,value_00
benchmark_user_0351,u_attr_04,value_00
benchmark_user_0351,u_attr_05,value_01
benchmark_user_0351,u_attr_06,value_00
benchmark_user_0351,u_attr_07,value_00
benchmark_user_0351,u_attr_08,value_01
benchmark_user_0351,u_attr_09,value_01
benchmark_user_0351,u_attr_10,value_01
benchmark_user_0351,u_attr_11,value_00
benchmark_user_0351,u_attr_12,value_00
benchmark_user_0351,u_attr_13,value_00
benchmark_user_0351,u_attr_14,value_01
benchmark_user_0351,u_attr_15,value_01
benchmark_user_0351,u_attr_16,value_00
benchmark_user_0352,u_attr_01,value_01
benchmark_user_0352,u_attr_02,value_01
benchmark_user_0352,u_attr_03,value_00
benchmark_user_0352,u_attr_04,value_01
benchmark_user_0352,u_attr_05,value_00
benchmark_user_0352,u_attr_06,value_01
benchmark_user_0352,u_attr_07,value_01
benchmark_user_0352,u_attr_08,value_00
benchmark_user_0352,u_attr_09,value_00
benchmark_user_0352,u_attr_10,value_00
benchmark_user_0352,u_attr_11,value_01
benchmark_user_0352,u_attr_12,value_00
benchmark_user_0352,u_attr_13,value_01
benchmark_user_0352,u_attr_14,value_01
benchmark_user_0352,u_attr_15,value_01
benchmark_user_0352,u_attr_16,value_01
benchmark_user_0353,u_attr_01,value_00
benchmark_user_0353,u_attr_02,value_01
benchmark_user_0353,u_attr_03,value_01
benchmark_user_0353,u_attr_04,value_00
benchmark_user_0353,u_attr_05,value_01
benchmark_user_0353,u_attr_06,value_01
benchmark_user_0353,u_attr_07,value_00
benchmark_user_0353,u_attr_08,value_01
benchmark_user_0353,u_attr_09,value_01
benchmark_user_0353,u_attr_10,value_00
benchmark_user_0353,u_attr_11,value_01
benchmark_user_0353,u_attr_12,value_01
benchmark_user_0353,u_attr_13,value_00
benchmark_user_0353,u_attr_14,value_00
benchmark_user_0353,u_attr_15,value_01
benchmark_user_0353,u_attr_16,value_00
benchmark_user_0354,u_attr_01,value_00
benchmark_user_0354,u_attr_02,value_01
benchmark_user_0354,u_attr_03,value_01
benchmark_user_0354,u_attr_04,value_01
benchmark_user_0354,u_attr_05,value_00
benchmark_user_0354,u_attr_06,value_00
benchmark_user_0354,u_attr_07,value_01
benchmark_user_0354,u_attr_08,value_00
benchmark_user_0354,u_attr_09,value_00
benchmark_user_0354,u_attr_10,value_01
benchmark_user_0354,u_attr_11,value_01
benchmark_user_0354,u_attr_12,value_00
benchmark_user_0354,u_attr_13,value_00
benchmark_user_0354,u_attr_14,value_01
benchmark_user_0354,u_attr_15,value_01
benchmark_user_0354,u_attr_16,value_00
benchmark_user_0355,u_attr_01,value_00
benchmark_user_0355,u_attr_02,value_00
benchmark_user_0355,u_attr_03,value_00
benchmark_user_0355,u_attr_04,value_00
benchmark_user_0355,u_attr_05,value_01
benchmark_user_0355,u_attr_06,value_01
benchmark_user_0355,u_attr_07,value_01
benchmark_user_0355,u_attr_08,value_00
benchmark_user_0355,u_attr_09,value_01
benchmark_user_0355,u_attr_10,value_00
benchmark_user_0355,u_attr_11,value_01
benchmark_user_0355,u_attr_12,value_00
benchmark_user_0355,u_attr_13,value_01
benchmark_user_0355,u_attr_14,value_00
benchmark_user_0355,u_attr_15,value_01
benchmark_user_0355,u_attr_16,value_00
benchmark_user_0356,u_attr_01,value_01
benchmark_user_0356,u_attr_02,value_01
benchmark_user_0356,u_attr_03,value_00
benchmark_user_0356,u_attr_04,value_01
benchmark_user_0356,u_attr_05,value_00
benchmark_user_0356,u_attr_06,value_01
benchmark_user_0356,u_attr_07,value_01
benchmark_user_0356,u_attr_08,value_01
benchmark_user_0356,u_attr_09,value_01
benchmark_user_0356,u_attr_10,value_01
benchmark_user_0356,u_attr_11,value_00
benchmark_user_0356,u_attr_12,value_00
benchmark_user_0356,u_attr_13,value_01
benchmark_user_0356,u_attr_14,value_01
benchmark_user_0356,u_attr_15,value_01
benchmark_user_0356,u_attr_16,value_01
benchmark_user_0357,u_attr_01,value_00
benchmark_user_0357,u_attr_02,value_01
benchmark_user_0357,u_attr_03,value_00
benchmark_user_0357,u_attr_04,value_00
benchmark_user_0357,u_attr_05,value_00
benchmark_user_0357,u_attr_06,value_00
benchmark_user_0357,u_attr_07,value_00
benchmark_user_0357,u_attr_08,value_00
benchmark_user_0357,u_attr_09,value_01
benchmark_user_0357,u_attr_10,value_01
benchmark_user_0357,u_attr_11,value_01
benchmark_user_0357,u_attr_12,value_00
benchmark_user_0357,u_attr_13,value_00
benchmark_user_0357,u_attr_14,value_00
benchmark_user_0357,u_attr_15,value_00
benchmark_user_0357,u_attr_16,value_00
benchmark_user_0358,u_attr_01,value_00
benchmark_user_0358,u_attr_02,value_01
benchmark_user_0358,u_attr_03,value_01
benchmark_user_0358,u_attr_04,value_01
benchmark_user_0358,u_attr_05,value_01
benchmark_user_0358,u_attr_06,value_01
benchmark_user_0358,u_attr_07,value_01
benchmark_user_0358,u_attr_08,value_00
benchmark_user_0358,u_attr_09,value_00
benchmark_user_0358,u_attr_10,value_01
benchmark_user_0358,u_attr_11,value_00
benchmark_user_0358,u_attr_12,value_01
benchmark_user_0358,u_attr_13,value_00
benchmark_user_0358,u_attr_14,value_01
benchmark_user_0358,u_attr_15,value_01
benchmark_user_0358,u_attr_16,value_01
benchmark_user_0359,u_attr_01,value_00
benchmark_user_0359,u_attr_02,value_00
benchmark_user_0359,u_attr_03,value_00
benchmark_user_0359,u_attr_04,value_01
benchmark_user_0359,u_attr_05,value_00
benchmark_user_0359,u_attr_06,value_00
benchmark_user_0359,u_attr_07,value_01
benchmark_user_0359,u_attr_08,value_00
benchmark_user_0359,u_attr_09,value_00
benchmark_user_0359,u_attr_10,value_00
benchmark_user_0359,u_attr_11,value_00
benchmark_user_0359,u_attr_12,value_01
benchmark_user_0359,u_attr_13,value_00
benchmark_user_0359,u_attr_14,value_00
benchmark_user_0359,u_attr_15,value_01
benchmark_user_0359,u_attr_16,value_00
benchmark_user_0360,u_attr_01,value_00
benchmark_user_0360,u_attr_02,value_01
benchmark_user_0360,u_attr_03,value_01
benchmark_user_0360,u_attr_04,value_00
benchmark_user_0360,u_attr_05,value_00
benchmark_user_0360,u_attr_06,value_01
benchmark_user_0360,u_attr_07,value_01
benchmark_user_0360,u_attr_08,value_00
benchmark_user_0360,u_attr_09,value_00
benchmark_user_0360,u_attr_10,value_01
benchmark_user_0360,u_attr_11,value_01
benchmark_user_0360,u_attr_12,value_01
benchmark_user_0360,u_attr_13,value_01
benchmark_user_0360,u_attr_14,value_01
benchmark_user_0360,u_attr_15,value_00
benchmark_user_0360,u_attr_16,value_00
benchmark_user_0361,u_attr_01,value_00
benchmark_user_0361,u_attr_02,value_01
benchmark_user_0361,u_attr_03,value_00
benchmark_user_0361,u_attr_04,value_00
benchmark_user_0361,u_attr_05,value_01
benchmark_user_0361,u_attr_06,value_01
benchmark_user_0361,u_attr_07,value_01
benchmark_user_0361,u_attr_08,value_01
benchmark_user_0361,u_attr_09,value_00
benchmark_user_0361,u_attr_10,value_01
benchmark_user_0361,u_attr_11,value_00
benchmark_user_0361,u_attr_12,value_01
benchmark_user_0361,u_attr_13,value_01
benchmark_user_0361,u_attr_14,value_00
benchmark_user_0361,u_attr_15,value_01
benchmark_user_0361,u_attr_16,value_01
benchmark_user_0362,u_attr_01,value_00
benchmark_user_0362,u_attr_02,value_01
benchmark_user_0362,u_attr_03,value_01
benchmark_user_0362,u_attr_04,value_01
benchmark_user_0362,u_attr_05,value_00
benchmark_user_0362,u_attr_06,value_01
benchmark_user_0362,u_attr_07,value_00
benchmark_user_0362,u_attr_08,value_01
benchmark_user_0362,u_attr_09,value_01
benchmark_user_0362,u_attr_10,value_01
benchmark_user_0362,u_attr_11,value_01
benchmark_user_0362,u_attr_12,value_00
benchmark_user_0362,u_attr_13,value_00
benchmark_user_0362,u_attr_14,value_00
benchmark_user_0362,u_attr_15,value_00
benchmark_user_0362,u_attr_16,value_00
benchmark_user_0363,u_attr_01,value_00
benchmark_user_0363,u_attr_02,value_00
benchmark_user_0363,u_attr_03,value_00
benchmark_user_0363,u_attr_04,value_00
benchmark_user_0363,u_attr_05,value_01
benchmark_user_0363,u_attr_06,value_00
benchmark_user_0363,u_attr_07,value_00
benchmark_user_0363,u_attr_08,value_01
benchmark_user_0363,u_attr_09,value_01
benchmark_user_0363,u_attr_10,value_01
benchmark_user_0363,u_attr_11,value_00
benchmark_user_0363,u_attr_12,value_00
benchmark_user_0363,u_attr_13,value_00
benchmark_user_0363,u_attr_14,value_01
benchmark_user_0363,u_attr_15,value_00
benchmark_user_0363,u_attr_16,value_01
benchmark_user_0364,u_attr_01,value_01
benchmark_user_0364,u_attr_02,value_00
benchmark_user_0364,u_attr_03,value_01
benchmark_user_0364,u_attr_04,value_01
benchmark_user_0364,u_attr_05,value_01
benchmark_user_0364,u_attr_06,value_01
benchmark_user_0364,u_attr_07,value_01
benchmark_user_0364,u_attr_08,value_00
benchmark_user_0364,u_attr_09,value_00
benchmark_user_0364,u_attr_10,value_00
benchmark_user_0364,u_attr_11,value_00
benchmark_user_0364,u_attr_12,value_01
benchmark_user_0364,u_attr_13,value_01
benchmark_user_0364,u_attr_14,value_01
benchmark_user_0364,u_attr_15,value_00
benchmark_user_0364,u_attr_16,value_00
benchmark_user_0365,u_attr_01,value_01
benchmark_user_0365,u_attr_02,value_01
benchmark_user_0365,u_attr_03,value_01
benchmark_user_0365,u_attr_04,value_00
benchmark_user_0365,u_attr_05,value_01
benchmark_user_0365,u_attr_06,value_01
benchmark_user_0365,u_attr_07,value_00
benchmark_user_0365,u_attr_08,value_01
benchmark_user_0365,u_attr_09,value_01
benchmark_user_0365,u_attr_10,value_01
benchmark_user_0365,u_attr_11,value_01
benchmark_user_0365,u_attr_12,value_00
benchmark_user_0365,u_attr_13,value_00
benchmark_user_0365,u_attr_14,value_01
benchmark_user_0365,u_attr_15,value_00
benchmark_user_0365,u_attr_16,value_01
benchmark_user_0366,u_attr_01,value_01
benchmark_user_0366,u_attr_02,value_00
benchmark_user_0366,u_attr_03,value_01
benchmark_user_0366,u_attr_04,value_01
benchmark_user_0366,u_attr_05,value_01
benchmark_user_0366,u_attr_06,value_01
benchmark_user_0366,u_attr_07,value_01
benchmark_user_0366,u_attr_08,value_01
benchmark_user_0366,u_attr_09,value_00
benchmark_user_0366,u_attr_10,value_00
benchmark_user_0366,u_attr_11,value_01
benchmark_user_0366,u_attr_12,value_01
benchmark_user_0366,u_attr_13,value_00
benchmark_user_0366,u_attr_14,value_00
benchmark_user_0366,u_attr_15,value_00
benchmark_user_0366,u_attr_16,value_00
benchmark_user_0367,u_attr_01,value_00
benchmark_user_0367,u_attr_02,value_00
benchmark_user_0367,u_attr_03,value_01
benchmark_user_0367,u_attr_04,value_00
benchmark_user_0367,u_attr_05,value_00
benchmark_user_0367,u_attr_06,value_01
benchmark_user_0367,u_attr_07,value_00
benchmark_user_0367,u_attr_08,value_01
benchmark_user_0367,u_attr_09,value_01
benchmark_user_0367,u_attr_10,value_01
benchmark_user_0367,u_attr_11,value_01
benchmark_user_0367,u_attr_12,value_00
benchmark_user_0367,u_attr_13,value_01
benchmark_user_0367,u_attr_14,value_00
benchmark_user_0367,u_attr_15,value_01
benchmark_user_0367,u_attr_16,value_01
benchmark_user_0368,u_attr_01,value_01
benchmark_user_0368,u_attr_02,value_00
benchmark_user_0368,u_attr_03,value_01
benchmark_user_0368,u_attr_04,value_01
benchmark_user_0368,u_attr_05,value_01
benchmark_user_0368,u_attr_06,value_00
benchmark_user_0368,u_attr_07,value_01
benchmark_user_0368,u_attr_08,value_01
benchmark_user_0368,u_attr_09,value_01
benchmark_user_0368,u_attr_10,value_00
benchmark_user_0368,u_attr_11,value_00
benchmark_user_0368,u_attr_12,value_01
benchmark_user_0368,u_attr_13,value_01
benchmark_user_0368,u_attr_14,value_01
benchmark_user_0368,u_attr_15,value_00
benchmark_user_0368,u_attr_16,value_00
benchmark_user_0369,u_attr_01,value_01
benchmark_user_0369,u_attr_02,value_00
benchmark_user_0369,u_attr_03,value_01
benchmark_user_0369,u_attr_04,value_00
benchmark_user_0369,u_attr_05,value_01
benchmark_user_0369,u_attr_06,value_00
benchmark_user_0369,u_attr_07,value_01
benchmark_user_0369,u_attr_08,value_01
benchmark_user_0369,u_attr_09,value_00
benchmark_user_0369,u_attr_10,value_01
benchmark_user_0369,u_attr_11,value_01
benchmark_user_0369,u_attr_12,value_00
benchmark_user_0369,u_attr_13,value_00
benchmark_user_0369,u_attr_14,value_00
benchmark_user_0369,u_attr_15,value_01
benchmark_user_0369,u_attr_16,value_01
benchmark_user_0370,u_attr_01,value_00
benchmark_user_0370,u_attr_02,value_01
benchmark_user_0370,u_attr_03,value_01
benchmark_user_0370,u_attr_04,value_00
benchmark_user_0370,u_attr_05,value_01
benchmark_user_0370,u_attr_06,value_01
benchmark_user_0370,u_attr_07,value_01
benchmark_user_0370,u_attr_08,value_00
benchmark_user_0370,u_attr_09,value_01
benchmark_user_0370,u_attr_10,value_00
benchmark_user_0370,u_attr_11,value_00
benchmark_user_0370,u_attr_12,value_01
benchmark_user_0370,u_attr_13,value_01
benchmark_user_0370,u_attr_14,value_00
benchmark_user_0370,u_attr_15,value_01
benchmark_user_0370,u_attr_16,value_01
benchmark_user_0371,u_attr_01,value_01
benchmark_user_0371,u_attr_02,value_00
benchmark_user_0371,u_attr_03,value_01
benchmark_user_0371,u_attr_04,value_01
benchmark_user_0371,u_attr_05,value_01
benchmark_user_0371,u_attr_06,value_01
benchmark_user_0371,u_attr_07,value_01
benchmark_user_0371,u_attr_08,value_00
benchmark_user_0371,u_attr_09,value_01
benchmark_user_0371,u_attr_10,value_00
benchmark_user_0371,u_attr_11,value_00
benchmark_user_0371,u_attr_12,value_01
benchmark_user_0371,u_attr_13,value_00
benchmark_user_0371,u_attr_14,value_00
benchmark_user_0371,u_attr_15,value_00
benchmark_user_0371,u_attr_16,value_00
benchmark_user_0372,u_attr_01,value_00
benchmark_user_0372,u_attr_02,value_00
benchmark_user_0372,u_attr_03,value_00
benchmark_user_0372,u_attr_04,value_00
benchmark_user_0372,u_attr_05,value_00
benchmark_user_0372,u_attr_06,value_00
benchmark_user_0372,u_attr_07,value_01
benchmark_user_0372,u_attr_08,value_00
benchmark_user_0372,u_attr_09,value_00
benchmark_user_0372,u_attr_10,value_01
benchmark_user_0372,u_attr_11,value_00
benchmark_user_0372,u_attr_12,value_00
benchmark_user_0372,u_attr_13,value_00
benchmark_user_0372,u_attr_14,value_01
benchmark_user_0372,u_attr_15,value_01
benchmark_user_0372,u_attr_16,value_01
benchmark_user_0373,u_attr_01,value_00
benchmark_user_0373,u_attr_02,value_01
benchmark_user_0373,u_attr_03,value_00
benchmark_user_0373,u_attr_04,value_00
benchmark_user_0373,u_attr_05,value_00
benchmark_user_0373,u_attr_06,value_01
benchmark_user_0373,u_attr_07,value_00
benchmark_user_0373,u_attr_08,value_01
benchmark_user_0373,u_attr_09,value_01
benchmark_user_0373,u_attr_10,value_00
benchmark_user_0373,u_attr_11,value_01
benchmark_user_0373,u_attr_12,value_00
benchmark_user_0373,u_attr_13,value_00
benchmark_user_0373,u_attr_14,value_00
benchmark_user_0373,u_attr_15,value_00
benchmark_user_0373,u_attr_16,value_00
benchmark_user_0374,u_attr_01,value_00
benchmark_user_0374,u_attr_02,value_00
benchmark_user_0374,u_attr_03,value_01
benchmark_user_0374,u_attr_04,value_01
benchmark_user_0374,u_attr_05,value_00
benchmark_user_0374,u_attr_06,value_01
benchmark_user_0374,u_attr_07,value_01
benchmark_user_0374,u_attr_08,value_01
benchmark_user_0374,u_attr_09,value_01
benchmark_user_0374,u_attr_10,value_01
benchmark_user_0374,u_attr_11,value_01
benchmark_user_0374,u_attr_12,value_00
benchmark_user_0374,u_attr_13,value_01
benchmark_user_0374,u_attr_14,value_00
benchmark_user_0374,u_attr_15,value_01
benchmark_user_0374,u_attr_16,value_01
benchmark_user_0375,u_attr_01,value_00
benchmark_user_0375,u_attr_02,value_00
benchmark_user_0375,u_attr_03,value_01
benchmark_user_0375,u_attr_04,value_00
benchmark_user_0375,u_attr_05,value_01
benchmark_user_0375,u_attr_06,value_01
benchmark_user_0375,u_attr_07,value_01
benchmark_user_0375,u_attr_08,value_00
benchmark_user_0375,u_attr_09,value_01
benchmark_user_0375,u_attr_10,value_01
benchmark_user_0375,u_attr_11,value_00
benchmark_user_0375,u_attr_12,value_01
benchmark_user_0375,u_attr_13,value_00
benchmark_user_0375,u_attr_14,value_01
benchmark_user_0375,u_attr_15,value_01
benchmark_user_0375,u_attr_16,value_01
benchmark_user_0376,u_attr_01,value_01
benchmark_user_0376,u_attr_02,value_00
benchmark_user_0376,u_attr_03,value_00
benchmark_user_0376,u_attr_04,value_01
benchmark_user_0376,u_attr_05,value_01
benchmark_user_0376,u_attr_06,value_01
benchmark_user_0376,u_attr_07,value_01
benchmark_user_0376,u_attr_08,value_01
benchmark_user_0376,u_attr_09,value_00
benchmark_user_0376,u_attr_10,value_01
benchmark_user_0376,u_attr_11,value_00
benchmark_user_0376,u_attr_12,value_01
benchmark_user_0376,u_attr_13,value_01
benchmark_user_0376,u_attr_14,value_01
benchmark_user_0376,u_attr_15,value_01
benchmark_user_0376,u_attr_16,value_01
benchmark_user_0377,u_attr_01,value_01
benchmark_user_0377,u_attr_02,value_01
benchmark_user_0377,u_attr_03,value_01
benchmark_user_0377,u_attr_04,value_00
benchmark_user_0377,u_attr_05,value_00
benchmark_user_0377,u_attr_06,value_00
benchmark_user_0377,u_attr_07,value_01
benchmark_user_0377,u_attr_08,value_00
benchmark_user_0377,u_attr_09,value_00
benchmark_user_0377,u_attr_10,value_00
benchmark_user_0377,u_attr_11,value_01
benchmark_user_0377,u_attr_12,value_00
benchmark_user_0377,u_attr_13,value_01
benchmark_user_0377,u_attr_14,value_00
benchmark_user_0377,u_attr_15,value_00
benchmark_user_0377,u_attr_16,value_01
benchmark_user_0378,u_attr_01,value_00
benchmark_user_0378,u_attr_02,value_01
benchmark_user_0378,u_attr_03,value_01
benchmark_user_0378,u_attr_04,value_01
benchmark_user_0378,u_attr_05,value_00
benchmark_user_0378,u_attr_06,value_00
benchmark_user_0378,u_attr_07,value_01
benchmark_user_0378,u_attr_08,value_00
benchmark_user_0378,u_attr_09,value_00
benchmark_user_0378,u_attr_10,value_01
benchmark_user_0378,u_attr_11,value_00
benchmark_user_0378,u_attr_12,value_00
benchmark_user_0378,u_attr_13,value_01
benchmark_user_0378,u_attr_14,value_00
benchmark_user_0378,u_attr_15,value_01
benchmark_user_0378,u_attr_16,value_01
benchmark_user_0379,u_attr_01,value_00
benchmark_user_0379,u_attr_02,value_01
benchmark_user_0379,u_attr_03,value_00
benchmark_user_0379,u_attr_04,value_01
benchmark_user_0379,u_attr_05,value_00
benchmark_user_0379,u_attr_06,value_01
benchmark_user_0379,u_attr_07,value_00
benchmark_user_0379,u_attr_08,value_01
benchmark_user_0379,u_attr_09,value_01
benchmark_user_0379,u_attr_10,value_01
benchmark_user_0379,u_attr_11,value_01
benchmark_user_0379,u_attr_12,value_01
benchmark_user_0379,u_attr_13,value_00
benchmark_user_0379,u_attr_14,value_00
benchmark_user_0379,u_attr_15,value_01
benchmark_user_0379,u_attr_16,value_00
benchmark_user_0380,u_attr_01,value_01
benchmark_user_0380,u_attr_02,value_01
benchmark_user_0380,u_attr_03,value_00
benchmark_user_0380,u_attr_04,value_00
benchmark_user_0380,u_attr_05,value_01
benchmark_user_0380,u_attr_06,value_00
benchmark_user_0380,u_attr_07,value_01
benchmark_user_0380,u_attr_08,value_00
benchmark_user_0380,u_attr_09,value_01
benchmark_user_0380,u_attr_10,value_00
benchmark_user_0380,u_attr_11,value_00
benchmark_user_0380,u_attr_12,value_01
benchmark_user_0380,u_attr_13,value_00
benchmark_user_0380,u_attr_14,value_01
benchmark_user_0380,u_attr_15,value_00
benchmark_user_0380,u_attr_16,value_00
benchmark_user_0381,u_attr_01,value_01
benchmark_user_0381,u_attr_02,value_01
benchmark_user_0381,u_attr_03,value_01
benchmark_user_0381,u_attr_04,value_01
benchmark_user_0381,u_attr_05,value_00
benchmark_user_0381,u_attr_06,value_01
benchmark_user_0381,u_attr_07,value_00
benchmark_user_0381,u_attr_08,value_00
benchmark_user_0381,u_attr_09,value_00
benchmark_user_0381,u_attr_10,value_01
benchmark_user_0381,u_attr_11,value_00
benchmark_user_0381,u_attr_12,value_00
benchmark_user_0381,u_attr_13,value_00
benchmark_user_0381,u_attr_14,value_01
benchmark_user_0381,u_attr_15,value_00
benchmark_user_0381,u_attr_16,value_00
benchmark_user_0382,u_attr_01,value_00
benchmark_user_0382,u_attr_02,value_00
benchmark_user_0382,u_attr_03,value_00
benchmark_user_0382,u_attr_04,value_00
benchmark_user_0382,u_attr_05,value_00
benchmark_user_0382,u_attr_06,value_00
benchmark_user_0382,u_attr_07,value_00
benchmark_user_0382,u_attr_08,value_00
benchmark_user_0382,u_attr_09,value_01
benchmark_user_0382,u_attr_10,value_00
benchmark_user_0382,u_attr_11,value_00
benchmark_user_0382,u_attr_12,value_01
benchmark_user_0382,u_attr_13,value_00
benchmark_user_0382,u_attr_14,value_00
benchmark_user_0382,u_attr_15,value_01
benchmark_user_0382,u_attr_16,value_00
benchmark_user_0383,u_attr_01,value_01
benchmark_user_0383,u_attr_02,value_00
benchmark_user_0383,u_attr_03,value_01
benchmark_user_0383,u_attr_04,value_01
benchmark_user_0383,u_attr_05,value_01
benchmark_user_0383,u_attr_06,value_01
benchmark_user_0383,u_attr_07,value_01
benchmark_user_0383,u_attr_08,value_01
benchmark_user_0383,u_attr_09,value_00
benchmark_user_0383,u_attr_10,value_01
benchmark_user_0383,u_attr_11,value_01
benchmark_user_0383,u_attr_12,value_00
benchmark_user_0383,u_attr_13,value_00
benchmark_user_0383,u_attr_14,value_00
benchmark_user_0383,u_attr_15,value_00
benchmark_user_0383,u_attr_16,value_01
benchmark_user_0384,u_attr_01,value_01
benchmark_user_0384,u_attr_02,value_01
benchmark_user_0384,u_attr_03,value_01
benchmark_user_0384,u_attr_04,value_00
benchmark_user_0384,u_attr_05,value_01
benchmark_user_0384,u_attr_06,value_00
benchmark_user_0384,u_attr_07,value_00
benchmark_user_0384,u_attr_08,value_01
benchmark_user_0384,u_attr_09,value_00
benchmark_user_0384,u_attr_10,value_01
benchmark_user_0384,u_attr_11,value_01
benchmark_user_0384,u_attr_12,value_00
benchmark_user_0384,u_attr_13,value_00
benchmark_user_0384,u_attr_14,value_01
benchmark_user_0384,u_attr_15,value_01
benchmark_user_0384,u_attr_16,value_00
benchmark_user_0385,u_attr_01,value_01
benchmark_user_0385,u_attr_02,value_01
benchmark_user_0385,u_attr_03,value_01
benchmark_user_0385,u_attr_04,value_00
benchmark_user_0385,u_attr_05,value_01
benchmark_user_0385,u_attr_06,value_01
benchmark_user_0385,u_attr_07,value_01
benchmark_user_0385,u_attr_08,value_01
benchmark_user_0385,u_attr_09,value_01
benchmark_user_0385,u_attr_10,value_01
benchmark_user_0385,u_attr_11,value_00
benchmark_user_0385,u_attr_12,value_00
benchmark_user_0385,u_attr_13,value_01
benchmark_user_0385,u_attr_14,value_01
benchmark_user_0385,u_attr_15,value_01
benchmark_user_0385,u_attr_16,value_01
benchmark_user_0386,u_attr_01,value_00
benchmark_user_0386,u_attr_02,value_00
benchmark_user_0386,u_attr_03,value_01
benchmark_user_0386,u_attr_04,value_00
benchmark_user_0386,u_attr_05,value_01
benchmark_user_0386,u_attr_06,value_01
benchmark_user_0386,u_attr_07,value_00
benchmark_user_0386,u_attr_08,value_00
benchmark_user_0386,u_attr_09,value_00
benchmark_user_0386,u_attr_10,value_01
benchmark_user_0386,u_attr_11,value_00
benchmark_user_0386,u_attr_12,value_01
benchmark_user_0386,u_attr_13,value_01
benchmark_user_0386,u_attr_14,value_00
benchmark_user_0386,u_attr_15,value_00
benchmark_user_0386,u_attr_16,value_00
benchmark_user_0387,u_attr_01,value_01
benchmark_user_0387,u_attr_02,value_00
benchmark_user_0387,u_attr_03,value_00
benchmark_user_0387,u_attr_04,value_01
benchmark_user_0387,u_attr_05,value_01
benchmark_user_0387,u_attr_06,value_01
benchmark_user_0387,u_attr_07,value_00
benchmark_user_0387,u_attr_08,value_01
benchmark_user_0387,u_attr_09,value_00
benchmark_user_0387,u_attr_10,value_00
benchmark_user_0387,u_attr_11,value_00
benchmark_user_0387,u_attr_12,value_01
benchmark_user_0387,u_attr_13,value_00
benchmark_user_0387,u_attr_14,value_01
benchmark_user_0387,u_attr_15,value_01
benchmark_user_0387,u_attr_16,value_00
benchmark_user_0388,u_attr_01,value_00
benchmark_user_0388,u_attr_02,value_00
benchmark_user_0388,u_attr_03,value_01
benchmark_user_0388,u_attr_04,value_01
benchmark_user_0388,u_attr_05,value_00
benchmark_user_0388,u_attr_06,value_00
benchmark_user_0388,u_attr_07,value_00
benchmark_user_0388,u_attr_08,value_01
benchmark_user_0388,u_attr_09,value_01
benchmark_user_0388,u_attr_10,value_00
benchmark_user_0388,u_attr_11,value_00
benchmark_user_0388,u_attr_12,value_00
benchmark_user_0388,u_attr_13,value_01
benchmark_user_0388,u_attr_14,value_00
benchmark_user_0388,u_attr_15,value_01
benchmark_user_0388,u_attr_16,value_01
benchmark_user_0389,u_attr_01,value_01
benchmark_user_0389,u_attr_02,value_01
benchmark_user_0389,u_attr_03,value_00
benchmark_user_0389,u_attr_04,value_00
benchmark_user_0389,u_attr_05,value_01
benchmark_user_0389,u_attr_06,value_01
benchmark_user_0389,u_attr_07,value_01
benchmark_user_0389,u_attr_08,value_00
benchmark_user_0389,u_attr_09,value_01
benchmark_user_0389,u_attr_10,value_01
benchmark_user_0389,u_attr_11,value_01
benchmark_user_0389,u_attr_12,value_00
benchmark_user_0389,u_attr_13,value_00
benchmark_user_0389,u_attr_14,value_00
benchmark_user_0389,u_attr_15,value_01
benchmark_user_0389,u_attr_16,value_00
benchmark_user_0390,u_attr_01,value_01
benchmark_user_0390,u_attr_02,value_00
benchmark_user_0390,u_attr_03,value_01
benchmark_user_0390,u_attr_04,value_01
benchmark_user_0390,u_attr_05,value_00
benchmark_user_0390,u_attr_06,value_00
benchmark_user_0390,u_attr_07,value_00
benchmark_user_0390,u_attr_08,value_00
benchmark_user_0390,u_attr_09,value_00
benchmark_user_0390,u_attr_10,value_00
benchmark_user_0390,u_attr_11,value_01
benchmark_user_0390,u_attr_12,value_01
benchmark_user_0390,u_attr_13,value_00
benchmark_user_0390,u_attr_14,value_00
benchmark_user_0390,u_attr_15,value_01
benchmark_user_0390,u_attr_16,value_01
benchmark_user_0391,u_attr_01,value_01
benchmark_user_0391,u_attr_02,value_01
benchmark_user_0391,u_attr_03,value_00
benchmark_user_0391,u_attr_04,value_01
benchmark_user_0391,u_attr_05,value_00
benchmark_user_0391,u_attr_06,value_01
benchmark_user_0391,u_attr_07,value_00
benchmark_user_0391,u_attr_08,value_00
benchmark_user_0391,u_attr_09,value_00
benchmark_user_0391,u_attr_10,value_01
benchmark_user_0391,u_attr_11,value_00
benchmark_user_0391,u_attr_12,value_00
benchmark_user_0391,u_attr_13,value_01
benchmark_user_0391,u_attr_14,value_01
benchmark_user_0391,u_attr_15,value_00
benchmark_user_0391,u_attr_16,value_01
benchmark_user_0392,u_attr_01,value_00
benchmark_user_0392,u_attr_02,value_00
benchmark_user_0392,u_attr_03,value_01
benchmark_user_0392,u_attr_04,value_00
benchmark_user_0392,u_attr_05,value_01
benchmark_user_0392,u_attr_06,value_01
benchmark_user_0392,u_attr_07,value_01
benchmark_user_0392,u_attr_08,value_00
benchmark_user_0392,u_attr_09,value_00
benchmark_user_0392,u_attr_10,value_00
benchmark_user_0392,u_attr_11,value_00
benchmark_user_0392,u_attr_12,value_01
benchmark_user_0392,u_attr_13,value_01
benchmark_user_0392,u_attr_14,value_01
benchmark_user_0392,u_attr_15,value_00
benchmark_user_0392,u_attr_16,value_01
benchmark_user_0393,u_attr_01,value_00
benchmark_user_0393,u_attr_02,value_01
benchmark_user_0393,u_attr_03,value_01
benchmark_user_0393,u_attr_04,value_01
benchmark_user_0393,u_attr_05,value_00
benchmark_user_0393,u_attr_06,value_01
benchmark_user_0393,u_attr_07,value_00
benchmark_user_0393,u_attr_08,value_00
benchmark_user_0393,u_attr_09,value_01
benchmark_user_0393,u_attr_10,value_00
benchmark_user_0393,u_attr_11,value_01
benchmark_user_0393,u_attr_12,value_01
benchmark_user_0393,u_attr_13,value_01
benchmark_user_0393,u_attr_14,value_01
benchmark_user_0393,u_attr_15,value_01
benchmark_user_0393,u_attr_16,value_00
benchmark_user_0394,u_attr_01,value_01
benchmark_user_0394,u_attr_02,value_01
benchmark_user_0394,u_attr_03,value_01
benchmark_user_0394,u_attr_04,value_01
benchmark_user_0394,u_attr_05,value_00
benchmark_user_0394,u_attr_06,value_01
benchmark_user_0394,u_attr_07,value_01
benchmark_user_0394,u_attr_08,value_01
benchmark_user_0394,u_attr_09,value_01
benchmark_user_0394,u_attr_10,value_01
benchmark_user_0394,u_attr_11,value_01
benchmark_user_0394,u_attr_12,value_01
benchmark_user_0394,u_attr_13,value_00
benchmark_user_0394,u_attr_14,value_01
benchmark_user_0394,u_attr_15,value_00
benchmark_user_0394,u_attr_16,value_00
benchmark_user_0395,u_attr_01,value_01
benchmark_user_0395,u_attr_02,value_00
benchmark_user_0395,u_attr_03,value_01
benchmark_user_0395,u_attr_04,value_01
benchmark_user_0395,u_attr_05,value_01
benchmark_user_0395,u_attr_06,value_00
benchmark_user_0395,u_attr_07,value_00
benchmark_user_0395,u_attr_08,value_00
benchmark_user_0395,u_attr_09,value_00
benchmark_user_0395,u_attr_10,value_01
benchmark_user_0395,u_attr_11,value_00
benchmark_user_0395,u_attr_12,value_01
benchmark_user_0395,u_attr_13,value_01
benchmark_user_0395,u_attr_14,value_00
benchmark_user_0395,u_attr_15,value_00
benchmark_user_0395,u_attr_16,value_00
benchmark_user_0396,u_attr_01,value_00
benchmark_user_0396,u_attr_02,value_00
benchmark_user_0396,u_attr_03,value_00
benchmark_user_0396,u_attr_04,value_00
benchmark_user_0396,u_attr_05,value_00
benchmark_user_0396,u_attr_06,value_00
benchmark_user_0396,u_attr_07,value_00
benchmark_user_0396,u_attr_08,value_01
benchmark_user_0396,u_attr_09,value_00
benchmark_user_0396,u_attr_10,value_01
benchmark_user_0396,u_attr_11,value_01
benchmark_user_0396,u_attr_12,value_01
benchmark_user_0396,u_attr_13,value_00
benchmark_user_0396,u_attr_14,value_00
benchmark_user_0396,u_attr_15,value_00
benchmark_user_0396,u_attr_16,value_01
benchmark_user_0397,u_attr_01,value_01
benchmark_user_0397,u_attr_02,value_00
benchmark_user_0397,u_attr_03,value_01
benchmark_user_0397,u_attr_04,value_00
benchmark_user_0397,u_attr_05,value_01
benchmark_user_0397,u_attr_06,value_00
benchmark_user_0397,u_attr_07,value_01
benchmark_user_0397,u_attr_08,value_00
benchmark_user_0397,u_attr_09,value_01
benchmark_user_0397,u_attr_10,value_00
benchmark_user_0397,u_attr_11,value_00
benchmark_user_0397,u_attr_12,value_00
benchmark_user_0397,u_attr_13,value_01
benchmark_user_0397,u_attr_14,value_00
benchmark_user_0397,u_attr_15,value_00
benchmark_user_0397,u_attr_16,value_00
benchmark_user_0398,u_attr_01,value_00
benchmark_user_0398,u_attr_02,value_00
benchmark_user_0398,u_attr_03,value_00
benchmark_user_0398,u_attr_04,value_01
benchmark_user_0398,u_attr_05,value_01
benchmark_user_0398,u_attr_06,value_01
benchmark_user_0398,u_attr_07,value_01
benchmark_user_0398,u_attr_08,value_01
benchmark_user_0398,u_attr_09,value_00
benchmark_user_0398,u_attr_10,value_01
benchmark_user_0398,u_attr_11,value_01
benchmark_user_0398,u_attr_12,value_01
benchmark_user_0398,u_attr_13,value_01
benchmark_user_0398,u_attr_14,value_01
benchmark_user_0398,u_attr_15,value_00
benchmark_user_0398,u_attr_16,value_00
benchmark_user_0399,u_attr_01,value_00
benchmark_user_0399,u_attr_02,value_01
benchmark_user_0399,u_attr_03,value_01
benchmark_user_0399,u_attr_04,value_00
benchmark_user_0399,u_attr_05,value_00
benchmark_user_0399,u_attr_06,value_01
benchmark_user_0399,u_attr_07,value_01
benchmark_user_0399,u_attr_08,value_00
benchmark_user_0399,u_attr_09,value_01
benchmark_user_0399,u_attr_10,value_01
benchmark_user_0399,u_attr_11,value_00
benchmark_user_0399,u_attr_12,value_00
benchmark_user_0399,u_attr_13,value_01
benchmark_user_0399,u_attr_14,value_01
benchmark_user_0399,u_attr_15,value_00
benchmark_user_0399,u_attr_16,value_01
benchmark_user_0400,u_attr_01,value_00
benchmark_user_0400,u_attr_02,value_00
benchmark_user_0400,u_attr_03,value_00
benchmark_user_0400,u_attr_04,value_01
benchmark_user_0400,u_attr_05,value_00
benchmark_user_0400,u_attr_06,value_00
benchmark_user_0400,u_attr_07,value_00
benchmark_user_0400,u_attr_08,value_01
benchmark_user_0400,u_attr_09,value_01
benchmark_user_0400,u_attr_10,value_01
benchmark_user_0400,u_attr_11,value_01
benchmark_user_0400,u_attr_12,value_01
benchmark_user_0400,u_attr_13,value_01
benchmark_user_0400,u_attr_14,value_00
benchmark_user_0400,u_attr_15,value_00
benchmark_user_0400,u_attr_16,value_00
benchmark_user_0401,u_attr_01,value_00
benchmark_user_0401,u_attr_02,value_01
benchmark_user_0401,u_attr_03,value_01
benchmark_user_0401,u_attr_04,value_01
benchmark_user_0401,u_attr_05,value_00
benchmark_user_0401,u_attr_06,value_00
benchmark_user_0401,u_attr_07,value_01
benchmark_user_0401,u_attr_08,value_00
benchmark_user_0401,u_attr_09,value_00
benchmark_user_0401,u_attr_10,value_00
benchmark_user_0401,u_attr_11,value_00
benchmark_user_0401,u_attr_12,value_01
benchmark_user_0401,u_attr_13,value_01
benchmark_user_0401,u_attr_14,value_01
benchmark_user_0401,u_attr_15,value_01
benchmark_user_0401,u_attr_16,value_00
benchmark_user_0402,u_attr_01,value_00
benchmark_user_0402,u_attr_02,value_00
benchmark_user_0402,u_attr_03,value_01
benchmark_user_0402,u_attr_04,value_01
benchmark_user_0402,u_attr_05,value_00
benchmark_user_0402,u_attr_06,value_00
benchmark_user_0402,u_attr_07,value_00
benchmark_user_0402,u_attr_08,value_01
benchmark_user_0402,u_attr_09,value_01
benchmark_user_0402,u_attr_10,value_01
benchmark_user_0402,u_attr_11,value_01
benchmark_user_0402,u_attr_12,value_00
benchmark_user_0402,u_attr_13,value_00
benchmark_user_0402,u_attr_14,value_00
benchmark_user_0402,u_attr_15,value_01
benchmark_user_0402,u_attr_16,value_01
benchmark_user_0403,u_attr_01,value_01
benchmark_user_0403,u_attr_02,value_00
benchmark_user_0403,u_attr_03,value_00
benchmark_user_0403,u_attr_04,value_01
benchmark_user_0403,u_attr_05,value_01
benchmark_user_0403,u_attr_06,value_00
benchmark_user_0403,u_attr_07,value_00
benchmark_user_0403,u_attr_08,value_01
benchmark_user_0403,u_attr_09,value_01
benchmark_user_0403,u_attr_10,value_00
benchmark_user_0403,u_attr_11,value_00
benchmark_user_0403,u_attr_12,value_00
benchmark_user_0403,u_attr_13,value_00
benchmark_user_0403,u_attr_14,value_00
benchmark_user_0403,u_attr_15,value_00
benchmark_user_0403,u_attr_16,value_01
benchmark_user_0404,u_attr_01,value_01
benchmark_user_0404,u_attr_02,value_00
benchmark_user_0404,u_attr_03,value_01
benchmark_user_0404,u_attr_04,value_00
benchmark_user_0404,u_attr_05,value_01
benchmark_user_0404,u_attr_06,value_01
benchmark_user_0404,u_attr_07,value_01
benchmark_user_0404,u_attr_08,value_00
benchmark_user_0404,u_attr_09,value_01
benchmark_user_0404,u_attr_10,value_00
benchmark_user_0404,u_attr_11,value_00
benchmark_user_0404,u_attr_12,value_01
benchmark_user_0404,u_attr_13,value_00
benchmark_user_0404,u_attr_14,value_00
benchmark_user_0404,u_attr_15,value_00
benchmark_user_0404,u_attr_16,value_00
benchmark_user_0405,u_attr_01,value_01
benchmark_user_0405,u_attr_02,value_00
benchmark_user_0405,u_attr_03,value_00
benchmark_user_0405,u_attr_04,value_01
benchmark_user_0405,u_attr_05,value_00
benchmark_user_0405,u_attr_06,value_00
benchmark_user_0405,u_attr_07,value_00
benchmark_user_0405,u_attr_08,value_01
benchmark_user_0405,u_attr_09,value_00
benchmark_user_0405,u_attr_10,value_00
benchmark_user_0405,u_attr_11,value_01
benchmark_user_0405,u_attr_12,value_00
benchmark_user_0405,u_attr_13,value_01
benchmark_user_0405,u_attr_14,value_01
benchmark_user_0405,u_attr_15,value_00
benchmark_user_0405,u_attr_16,value_00
benchmark_user_0406,u_attr_01,value_00
benchmark_user_0406,u_attr_02,value_00
benchmark_user_0406,u_attr_03,value_00
benchmark_user_0406,u_attr_04,value_00
benchmark_user_0406,u_attr_05,value_00
benchmark_user_0406,u_attr_06,value_00
benchmark_user_0406,u_attr_07,value_00
benchmark_user_0406,u_attr_08,value_01
benchmark_user_0406,u_attr_09,value_00
benchmark_user_0406,u_attr_10,value_00
benchmark_user_0406,u_attr_11,value_01
benchmark_user_0406,u_attr_12,value_00
benchmark_user_0406,u_attr_13,value_00
benchmark_user_0406,u_attr_14,value_00
benchmark_user_0406,u_attr_15,value_01
benchmark_user_0406,u_attr_16,value_01
benchmark_user_0407,u_attr_01,value_01
benchmark_user_0407,u_attr_02,value_01
benchmark_user_0407,u_attr_03,value_00
benchmark_user_0407,u_attr_04,value_01
benchmark_user_0407,u_attr_05,value_01
benchmark_user_0407,u_attr_06,value_00
benchmark_user_0407,u_attr_07,value_00
benchmark_user_0407,u_attr_08,value_01
benchmark_user_0407,u_attr_09,value_01
benchmark_user_0407,u_attr_10,value_00
benchmark_user_0407,u_attr_11,value_01
benchmark_user_0407,u_attr_12,value_00
benchmark_user_0407,u_attr_13,value_01
benchmark_user_0407,u_attr_14,value_01
benchmark_user_0407,u_attr_15,value_00
benchmark_user_0407,u_attr_16,value_01
benchmark_user_0408,u_attr_01,value_01
benchmark_user_0408,u_attr_02,value_01
benchmark_user_0408,u_attr_03,value_00
benchmark_user_0408,u_attr_04,value_00
benchmark_user_0408,u_attr_05,value_00
benchmark_user_0408,u_attr_06,value_00
benchmark_user_0408,u_attr_07,value_00
benchmark_user_0408,u_attr_08,value_00
benchmark_user_0408,u_attr_09,value_01
benchmark_user_0408,u_attr_10,value_00
benchmark_user_0408,u_attr_11,value_00
benchmark_user_0408,u_attr_12,value_01
benchmark_user_0408,u_attr_13,value_01
benchmark_user_0408,u_attr_14,value_01
benchmark_user_0408,u_attr_15,value_00
benchmark_user_0408,u_attr_16,value_01
benchmark_user_0409,u_attr_01,value_00
benchmark_user_0409,u_attr_02,value_00
benchmark_user_0409,u_attr_03,value_01
benchmark_user_0409,u_attr_04,value_00
benchmark_user_0409,u_attr_05,value_01
benchmark_user_0409,u_attr_06,value_00
benchmark_user_0409,u_attr_07,value_01
benchmark_user_0409,u_attr_08,value_00
benchmark_user_0409,u_attr_09,value_01
benchmark_user_0409,u_attr_10,value_01
benchmark_user_0409,u_attr_11,value_00
benchmark_user_0409,u_attr_12,value_01
benchmark_user_0409,u_attr_13,value_01
benchmark_user_0409,u_attr_14,value_01
benchmark_user_0409,u_attr_15,value_00
benchmark_user_0409,u_attr_16,value_00
benchmark_user_0410,u_attr_01,value_01
benchmark_user_0410,u_attr_02,value_00
benchmark_user_0410,u_attr_03,value_01
benchmark_user_0410,u_attr_04,value_00
benchmark_user_0410,u_attr_05,value_01
benchmark_user_0410,u_attr_06,value_00
benchmark_user_0410,u_attr_07,value_01
benchmark_user_0410,u_attr_08,value_00
benchmark_user_0410,u_attr_09,value_00
benchmark_user_0410,u_attr_10,value_01
benchmark_user_0410,u_attr_11,value_01
benchmark_user_0410,u_attr_12,value_00
benchmark_user_0410,u_attr_13,value_00
benchmark_user_0410,u_attr_14,value_01
benchmark_user_0410,u_attr_15,value_01
benchmark_user_0410,u_attr_16,value_01
benchmark_user_0411,u_attr_01,value_00
benchmark_user_0411,u_attr_02,value_01
benchmark_user_0411,u_attr_03,value_01
benchmark_user_0411,u_attr_04,value_01
benchmark_user_0411,u_attr_05,value_01
benchmark_user_0411,u_attr_06,value_00
benchmark_user_0411,u_attr_07,value_01
benchmark_user_0411,u_attr_08,value_01
benchmark_user_0411,u_attr_09,value_01
benchmark_user_0411,u_attr_10,value_01
benchmark_user_0411,u_attr_11,value_00
benchmark_user_0411,u_attr_12,value_01
benchmark_user_0411,u_attr_13,value_00
benchmark_user_0411,u_attr_14,value_00
benchmark_user_0411,u_attr_15,value_00
benchmark_user_0411,u_attr_16,value_00
benchmark_user_0412,u_attr_01,value_01
benchmark_user_0412,u_attr_02,value_01
benchmark_user_0412,u_attr_03,value_01
benchmark_user_0412,u_attr_04,value_01
benchmark_user_0412,u_attr_05,value_01
benchmark_user_0412,u_attr_06,value_00
benchmark_user_0412,u_attr_07,value_00
benchmark_user_0412,u_attr_08,value_00
benchmark_user_0412,u_attr_09,value_00
benchmark_user_0412,u_attr_10,value_00
benchmark_user_0412,u_attr_11,value_01
benchmark_user_0412,u_attr_12,value_00
benchmark_user_0412,u_attr_13,value_01
benchmark_user_0412,u_attr_14,value_00
benchmark_user_0412,u_attr_15,value_01
benchmark_user_0412,u_attr_16,value_01
benchmark_user_0413,u_attr_01,value_01
benchmark_user_0413,u_attr_02,value_00
benchmark_user_0413,u_attr_03,value_00
benchmark_user_0413,u_attr_04,value_01
benchmark_user_0413,u_attr_05,value_00
benchmark_user_0413,u_attr_06,value_00
benchmark_user_0413,u_attr_07,value_00
benchmark_user_0413,u_attr_08,value_00
benchmark_user_0413,u_attr_09,value_00
benchmark_user_0413,u_attr_10,value_00
benchmark_user_0413,u_attr_11,value_00
benchmark_user_0413,u_attr_12,value_01
benchmark_user_0413,u_attr_13,value_01
benchmark_user_0413,u_attr_14,value_00
benchmark_user_0413,u_attr_15,value_01
benchmark_user_0413,u_attr_16,value_01
benchmark_user_0414,u_attr_01,value_01
benchmark_user_0414,u_attr_02,value_00
benchmark_user_0414,u_attr_03,value_01
benchmark_user_0414,u_attr_04,value_00
benchmark_user_0414,u_attr_05,value_01
benchmark_user_0414,u_attr_06,value_01
benchmark_user_0414,u_attr_07,value_00
benchmark_user_0414,u_attr_08,value_01
benchmark_user_0414,u_attr_09,value_00
benchmark_user_0414,u_attr_10,value_00
benchmark_user_0414,u_attr_11,value_00
benchmark_user_0414,u_attr_12,value_01
benchmark_user_0414,u_attr_13,value_01
benchmark_user_0414,u_attr_14,value_01
benchmark_user_0414,u_attr_15,value_01
benchmark_user_0414,u_attr_16,value_01
benchmark_user_0415,u_attr_01,value_01
benchmark_user_0415,u_attr_02,value_00
benchmark_user_0415,u_attr_03,value_00
benchmark_user_0415,u_attr_04,value_01
benchmark_user_0415,u_attr_05,value_00
benchmark_user_0415,u_attr_06,value_01
benchmark_user_0415,u_attr_07,value_00
benchmark_user_0415,u_attr_08,value_00
benchmark_user_0415,u_attr_09,value_00
benchmark_user_0415,u_attr_10,value_00
benchmark_user_0415,u_attr_11,value_01
benchmark_user_0415,u_attr_12,value_01
benchmark_user_0415,u_attr_13,value_01
benchmark_user_0415,u_attr_14,value_01
benchmark_user_0415,u_attr_15,value_01
benchmark_user_0415,u_attr_16,value_00
benchmark_user_0416,u_attr_01,value_01
benchmark_user_0416,u_attr_02,value_01
benchmark_user_0416,u_attr_03,value_01
benchmark_user_0416,u_attr_04,value_01
benchmark_user_0416,u_attr_05,value_00
benchmark_user_0416,u_attr_06,value_01
benchmark_user_0416,u_attr_07,value_01
benchmark_user_0416,u_attr_08,value_01
benchmark_user_0416,u_attr_09,value_01
benchmark_user_0416,u_attr_10,value_00
benchmark_user_0416,u_attr_11,value_01
benchmark_user_0416,u_attr_12,value_01
benchmark_user_0416,u_attr_13,value_01
benchmark_user_0416,u_attr_14,value_00
benchmark_user_0416,u_attr_15,value_00
benchmark_user_0416,u_attr_16,value_01
benchmark_user_0417,u_attr_01,value_00
benchmark_user_0417,u_attr_02,value_01
benchmark_user_0417,u_attr_03,value_00
benchmark_user_0417,u_attr_04,value_01
benchmark_user_0417,u_attr_05,value_00
benchmark_user_0417,u_attr_06,value_01
benchmark_user_0417,u_attr_07,value_01
benchmark_user_0417,u_attr_08,value_01
benchmark_user_0417,u_attr_09,value_01
benchmark_user_0417,u_attr_10,value_01
benchmark_user_0417,u_attr_11,value_01
benchmark_user_0417,u_attr_12,value_00
benchmark_user_0417,u_attr_13,value_00
benchmark_user_0417,u_attr_14,value_01
benchmark_user_0417,u_attr_15,value_01
benchmark_user_0417,u_attr_16,value_01
benchmark_user_0418,u_attr_01,value_01
benchmark_user_0418,u_attr_02,value_00
benchmark_user_0418,u_attr_03,value_01
benchmark_user_0418,u_attr_04,value_01
benchmark_user_0418,u_attr_05,value_01
benchmark_user_0418,u_attr_06,value_01
benchmark_user_0418,u_attr_07,value_01
benchmark_user_0418,u_attr_08,value_01
benchmark_user_0418,u_attr_09,value_00
benchmark_user_0418,u_attr_10,value_01
benchmark_user_0418,u_attr_11,value_00
benchmark_user_0418,u_attr_12,value_01
benchmark_user_0418,u_attr_13,value_01
benchmark_user_0418,u_attr_14,value_00
benchmark_user_0418,u_attr_15,value_00
benchmark_user_0418,u_attr_16,value_00
benchmark_user_0419,u_attr_01,value_00
benchmark_user_0419,u_attr_02,value_01
benchmark_user_0419,u_attr_03,value_00
benchmark_user_0419,u_attr_04,value_00
benchmark_user_0419,u_attr_05,value_00
benchmark_user_0419,u_attr_06,value_00
benchmark_user_0419,u_attr_07,value_01
benchmark_user_0419,u_attr_08,value_00
benchmark_user_0419,u_attr_09,value_01
benchmark_user_0419,u_attr_10,value_00
benchmark_user_0419,u_attr_11,value_01
benchmark_user_0419,u_attr_12,value_00
benchmark_user_0419,u_attr_13,value_01
benchmark_user_0419,u_attr_14,value_00
benchmark_user_0419,u_attr_15,value_01
benchmark_user_0419,u_attr_16,value_00
benchmark_user_0420,u_attr_01,value_00
benchmark_user_0420,u_attr_02,value_01
benchmark_user_0420,u_attr_03,value_01
benchmark_user_0420,u_attr_04,value_01
benchmark_user_0420,u_attr_05,value_00
benchmark_user_0420,u_attr_06,value_01
benchmark_user_0420,u_attr_07,value_01
benchmark_user_0420,u_attr_08,value_00
benchmark_user_0420,u_attr_09,value_00
benchmark_user_0420,u_attr_10,value_00
benchmark_user_0420,u_attr_11,value_00
benchmark_user_0420,u_attr_12,value_00
benchmark_user_0420,u_attr_13,value_00
benchmark_user_0420,u_attr_14,value_00
benchmark_user_0420,u_attr_15,value_01
benchmark_user_0420,u_attr_16,value_01
benchmark_user_0421,u_attr_01,value_01
benchmark_user_0421,u_attr_02,value_00
benchmark_user_0421,u_attr_03,value_01
benchmark_user_0421,u_attr_04,value_00
benchmark_user_0421,u_attr_05,value_00
benchmark_user_0421,u_attr_06,value_01
benchmark_user_0421,u_attr_07,value_00
benchmark_user_0421,u_attr_08,value_00
benchmark_user_0421,u_attr_09,value_00
benchmark_user_0421,u_attr_10,value_01
benchmark_user_0421,u_attr_11,value_00
benchmark_user_0421,u_attr_12,value_00
benchmark_user_0421,u_attr_13,value_00
benchmark_user_0421,u_attr_14,value_00
benchmark_user_0421,u_attr_15,value_00
benchmark_user_0421,u_attr_16,value_00
benchmark_user_0422,u_attr_01,value_00
benchmark_user_0422,u_attr_02,value_01
benchmark_user_0422,u_attr_03,value_01
benchmark_user_0422,u_attr_04,value_00
benchmark_user_0422,u_attr_05,value_00
benchmark_user_0422,u_attr_06,value_00
benchmark_user_0422,u_attr_07,value_00
benchmark_user_0422,u_attr_08,value_00
benchmark_user_0422,u_attr_09,value_01
benchmark_user_0422,u_attr_10,value_00
benchmark_user_0422,u_attr_11,value_00
benchmark_user_0422,u_attr_12,value_01
benchmark_user_0422,u_attr_13,value_01
benchmark_user_0422,u_attr_14,value_01
benchmark_user_0422,u_attr_15,value_01
benchmark_user_0422,u_attr_16,value_01
benchmark_user_0423,u_attr_01,value_00
benchmark_user_0423,u_attr_02,value_00
benchmark_user_0423,u_attr_03,value_00
benchmark_user_0423,u_attr_04,value_01
benchmark_user_0423,u_attr_05,value_01
benchmark_user_0423,u_attr_06,value_01
benchmark_user_0423,u_attr_07,value_00
benchmark_user_0423,u_attr_08,value_01
benchmark_user_0423,u_attr_09,value_01
benchmark_user_0423,u_attr_10,value_01
benchmark_user_0423,u_attr_11,value_01
benchmark_user_0423,u_attr_12,value_00
benchmark_user_0423,u_attr_13,value_01
benchmark_user_0423,u_attr_14,value_01
benchmark_user_0423,u_attr_15,value_01
benchmark_user_0423,u_attr_16,value_01
benchmark_user_0424,u_attr_01,value_00
benchmark_user_0424,u_attr_02,value_00
benchmark_user_0424,u_attr_03,value_01
benchmark_user_0424,u_attr_04,value_00
benchmark_user_0424,u_attr_05,value_01
benchmark_user_0424,u_attr_06,value_01
benchmark_user_0424,u_attr_07,value_01
benchmark_user_0424,u_attr_08,value_01
benchmark_user_0424,u_attr_09,value_00
benchmark_user_0424,u_attr_10,value_00
benchmark_user_0424,u_attr_11,value_01
benchmark_user_0424,u_attr_12,value_01
benchmark_user_0424,u_attr_13,value_01
benchmark_user_0424,u_attr_14,value_01
benchmark_user_0424,u_attr_15,value_00
benchmark_user_0424,u_attr_16,value_01
benchmark_user_0425,u_attr_01,value_01
benchmark_user_0425,u_attr_02,value_01
benchmark_user_0425,u_attr_03,value_00
benchmark_user_0425,u_attr_04,value_01
benchmark_user_0425,u_attr_05,value_00
benchmark_user_0425,u_attr_06,value_01
benchmark_user_0425,u_attr_07,value_00
benchmark_user_0425,u_attr_08,value_00
benchmark_user_0425,u_attr_09,value_01
benchmark_user_0425,u_attr_10,value_00
benchmark_user_0425,u_attr_11,value_00
benchmark_user_0425,u_attr_12,value_01
benchmark_user_0425,u_attr_13,value_00
benchmark_user_0425,u_attr_14,value_01
benchmark_user_0425,u_attr_15,value_00
benchmark_user_0425,u_attr_16,value_00
benchmark_user_0426,u_attr_01,value_00
benchmark_user_0426,u_attr_02,value_01
benchmark_user_0426,u_attr_03,value_00
benchmark_user_0426,u_attr_04,value_00
benchmark_user_0426,u_attr_05,value_01
benchmark_user_0426,u_attr_06,value_01
benchmark_user_0426,u_attr_07,value_01
benchmark_user_0426,u_attr_08,value_00
benchmark_user_0426,u_attr_09,value_01
benchmark_user_0426,u_attr_10,value_01
benchmark_user_0426,u_attr_11,value_00
benchmark_user_0426,u_attr_12,value_00
benchmark_user_0426,u_attr_13,value_00
benchmark_user_0426,u_attr_14,value_01
benchmark_user_0426,u_attr_15,value_00
benchmark_user_0426,u_attr_16,value_01
benchmark_user_0427,u_attr_01,value_00
benchmark_user_0427,u_attr_02,value_01
benchmark_user_0427,u_attr_03,value_00
benchmark_user_0427,u_attr_04,value_00
benchmark_user_0427,u_attr_05,value_00
benchmark_user_0427,u_attr_06,value_00
benchmark_user_0427,u_attr_07,value_00
benchmark_user_0427,u_attr_08,value_00
benchmark_user_0427,u_attr_09,value_00
benchmark_user_0427,u_attr_10,value_00
benchmark_user_0427,u_attr_11,value_01
benchmark_user_0427,u_attr_12,value_00
benchmark_user_0427,u_attr_13,value_00
benchmark_user_0427,u_attr_14,value_00
benchmark_user_0427,u_attr_15,value_01
benchmark_user_0427,u_attr_16,value_00
benchmark_user_0428,u_attr_01,value_01
benchmark_user_0428,u_attr_02,value_00
benchmark_user_0428,u_attr_03,value_00
benchmark_user_0428,u_attr_04,value_01
benchmark_user_0428,u_attr_05,value_01
benchmark_user_0428,u_attr_06,value_00
benchmark_user_0428,u_attr_07,value_00
benchmark_user_0428,u_attr_08,value_00
benchmark_user_0428,u_attr_09,value_01
benchmark_user_0428,u_attr_10,value_00
benchmark_user_0428,u_attr_11,value_01
benchmark_user_0428,u_attr_12,value_00
benchmark_user_0428,u_attr_13,value_01
benchmark_user_0428,u_attr_14,value_00
benchmark_user_0428,u_attr_15,value_00
benchmark_user_0428,u_attr_16,value_01
benchmark_user_0429,u_attr_01,value_01
benchmark_user_0429,u_attr_02,value_01
benchmark_user_0429,u_attr_03,value_00
benchmark_user_0429,u_attr_04,value_00
benchmark_user_0429,u_attr_05,value_00
benchmark_user_0429,u_attr_06,value_01
benchmark_user_0429,u_attr_07,value_00
benchmark_user_0429,u_attr_08,value_01
benchmark_user_0429,u_attr_09,value_01
benchmark_user_0429,u_attr_10,value_01
benchmark_user_0429,u_attr_11,value_00
benchmark_user_0429,u_attr_12,value_01
benchmark_user_0429,u_attr_13,value_01
benchmark_user_0429,u_attr_14,value_01
benchmark_user_0429,u_attr_15,value_00
benchmark_user_0429,u_attr_16,value_01
benchmark_user_0430,u_attr_01,value_01
benchmark_user_0430,u_attr_02,value_00
benchmark_user_0430,u_attr_03,value_00
benchmark_user_0430,u_attr_04,value_01
benchmark_user_0430,u_attr_05,value_01
benchmark_user_0430,u_attr_06,value_00
benchmark_user_0430,u_attr_07,value_01
benchmark_user_0430,u_attr_08,value_00
benchmark_user_0430,u_attr_09,value_01
benchmark_user_0430,u_attr_10,value_00
benchmark_user_0430,u_attr_11,value_00
benchmark_user_0430,u_attr_12,value_00
benchmark_user_0430,u_attr_13,value_00
benchmark_user_0430,u_attr_14,value_01
benchmark_user_0430,u_attr_15,value_00
benchmark_user_0430,u_attr_16,value_01
benchmark_user_0431,u_attr_01,value_00
benchmark_user_0431,u_attr_02,value_00
benchmark_user_0431,u_attr_03,value_00
benchmark_user_0431,u_attr_04,value_00
benchmark_user_0431,u_attr_05,value_00
benchmark_user_0431,u_attr_06,value_00
benchmark_user_0431,u_attr_07,value_00
benchmark_user_0431,u_attr_08,value_01
benchmark_user_0431,u_attr_09,value_01
benchmark_user_0431,u_attr_10,value_01
benchmark_user_0431,u_attr_11,value_00
benchmark_user_0431,u_attr_12,value_01
benchmark_user_0431,u_attr_13,value_01
benchmark_user_0431,u_attr_14,value_00
benchmark_user_0431,u_attr_15,value_00
benchmark_user_0431,u_attr_16,value_00
benchmark_user_0432,u_attr_01,value_01
benchmark_user_0432,u_attr_02,value_00
benchmark_user_0432,u_attr_03,value_00
benchmark_user_0432,u_attr_04,value_01
benchmark_user_0432,u_attr_05,value_01
benchmark_user_0432,u_attr_06,value_00
benchmark_user_0432,u_attr_07,value_00
benchmark_user_0432,u_attr_08,value_01
benchmark_user_0432,u_attr_09,value_00
benchmark_user_0432,u_attr_10,value_00
benchmark_user_0432,u_attr_11,value_00
benchmark_user_0432,u_attr_12,value_00
benchmark_user_0432,u_attr_13,value_01
benchmark_user_0432,u_attr_14,value_01
benchmark_user_0432,u_attr_15,value_00
benchmark_user_0432,u_attr_16,value_01
benchmark_user_0433,u_attr_01,value_01
benchmark_user_0433,u_attr_02,value_00
benchmark_user_0433,u_attr_03,value_00
benchmark_user_0433,u_attr_04,value_01
benchmark_user_0433,u_attr_05,value_00
benchmark_user_0433,u_attr_06,value_00
benchmark_user_0433,u_attr_07,value_01
benchmark_user_0433,u_attr_08,value_00
benchmark_user_0433,u_attr_09,value_00
benchmark_user_0433,u_attr_10,value_01
benchmark_user_0433,u_attr_11,value_00
benchmark_user_0433,u_attr_12,value_00
benchmark_user_0433,u_attr_13,value_01
benchmark_user_0433,u_attr_14,value_01
benchmark_user_0433,u_attr_15,value_00
benchmark_user_0433,u_attr_16,value_01
benchmark_user_0434,u_attr_01,value_01
benchmark_user_0434,u_attr_02,value_01
benchmark_user_0434,u_attr_03,value_00
benchmark_user_0434,u_attr_04,value_01
benchmark_user_0434,u_attr_05,value_00
benchmark_user_0434,u_attr_06,value_00
benchmark_user_0434,u_attr_07,value_00
benchmark_user_0434,u_attr_08,value_01
benchmark_user_0434,u_attr_09,value_01
benchmark_user_0434,u_attr_10,value_00
benchmark_user_0434,u_attr_11,value_00
benchmark_user_0434,u_attr_12,value_00
benchmark_user_0434,u_attr_13,value_01
benchmark_user_0434,u_attr_14,value_00
benchmark_user_0434,u_attr_15,value_00
benchmark_user_0434,u_attr_16,value_00
benchmark_user_0435,u_attr_01,value_01
benchmark_user_0435,u_attr_02,value_01
benchmark_user_0435,u_attr_03,value_00
benchmark_user_0435,u_attr_04,value_01
benchmark_user_0435,u_attr_05,value_01
benchmark_user_0435,u_attr_06,value_01
benchmark_user_0435,u_attr_07,value_00
benchmark_user_0435,u_attr_08,value_01
benchmark_user_0435,u_attr_09,value_00
benchmark_user_0435,u_attr_10,value_01
benchmark_user_0435,u_attr_11,value_01
benchmark_user_0435,u_attr_12,value_00
benchmark_user_0435,u_attr_13,value_01
benchmark_user_0435,u_attr_14,value_00
benchmark_user_0435,u_attr_15,value_00
benchmark_user_0435,u_attr_16,value_00
benchmark_user_0436,u_attr_01,value_00
benchmark_user_0436,u_attr_02,value_00
benchmark_user_0436,u_attr_03,value_00
benchmark_user_0436,u_attr_04,value_00
benchmark_user_0436,u_attr_05,value_00
benchmark_user_0436,u_attr_06,value_01
benchmark_user_0436,u_attr_07,value_01
benchmark_user_0436,u_attr_08,value_00
benchmark_user_0436,u_attr_09,value_01
benchmark_user_0436,u_attr_10,value_01
benchmark_user_0436,u_attr_11,value_00
benchmark_user_0436,u_attr_12,value_00
benchmark_user_0436,u_attr_13,value_01
benchmark_user_0436,u_attr_14,value_01
benchmark_user_0436,u_attr_15,value_00
benchmark_user_0436,u_attr_16,value_00
benchmark_user_0437,u_attr_01,value_00
benchmark_user_0437,u_attr_02,value_01
benchmark_user_0437,u_attr_03,value_00
benchmark_user_0437,u_attr_04,value_00
benchmark_user_0437,u_attr_05,value_00
benchmark_user_0437,u_attr_06,value_00
benchmark_user_0437,u_attr_07,value_01
benchmark_user_0437,u_attr_08,value_01
benchmark_user_0437,u_attr_09,value_01
benchmark_user_0437,u_attr_10,value_01
benchmark_user_0437,u_attr_11,value_01
benchmark_user_0437,u_attr_12,value_00
benchmark_user_0437,u_attr_13,value_01
benchmark_user_0437,u_attr_14,value_01
benchmark_user_0437,u_attr_15,value_00
benchmark_user_0437,u_attr_16,value_01
benchmark_user_0438,u_attr_01,value_01
benchmark_user_0438,u_attr_02,value_01
benchmark_user_0438,u_attr_03,value_01
benchmark_user_0438,u_attr_04,value_01
benchmark_user_0438,u_attr_05,value_01
benchmark_user_0438,u_attr_06,value_01
benchmark_user_0438,u_attr_07,value_01
benchmark_user_0438,u_attr_08,value_01
benchmark_user_0438,u_attr_09,value_01
benchmark_user_0438,u_attr_10,value_01
benchmark_user_0438,u_attr_11,value_01
benchmark_user_0438,u_attr_12,value_00
benchmark_user_0438,u_attr_13,value_00
benchmark_user_0438,u_attr_14,value_00
benchmark_user_0438,u_attr_15,value_00
benchmark_user_0438,u_attr_16,value_01
benchmark_user_0439,u_attr_01,value_00
benchmark_user_0439,u_attr_02,value_01
benchmark_user_0439,u_attr_03,value_00
benchmark_user_0439,u_attr_04,value_01
benchmark_user_0439,u_attr_05,value_00
benchmark_user_0439,u_attr_06,value_00
benchmark_user_0439,u_attr_07,value_01
benchmark_user_0439,u_attr_08,value_01
benchmark_user_0439,u_attr_09,value_00
benchmark_user_0439,u_attr_10,value_01
benchmark_user_0439,u_attr_11,value_01
benchmark_user_0439,u_attr_12,value_00
benchmark_user_0439,u_attr_13,value_00
benchmark_user_0439,u_attr_14,value_01
benchmark_user_0439,u_attr_15,value_01
benchmark_user_0439,u_attr_16,value_01
benchmark_user_0440,u_attr_01,value_00
benchmark_user_0440,u_attr_02,value_01
benchmark_user_0440,u_attr_03,value_01
benchmark_user_0440,u_attr_04,value_01
benchmark_user_0440,u_attr_05,value_01
benchmark_user_0440,u_attr_06,value_00
benchmark_user_0440,u_attr_07,value_01
benchmark_user_0440,u_attr_08,value_00
benchmark_user_0440,u_attr_09,value_01
benchmark_user_0440,u_attr_10,value_00
benchmark_user_0440,u_attr_11,value_01
benchmark_user_0440,u_attr_12,value_00
benchmark_user_0440,u_attr_13,value_00
benchmark_user_0440,u_attr_14,value_01
benchmark_user_0440,u_attr_15,value_00
benchmark_user_0440,u_attr_16,value_01
benchmark_user_0441,u_attr_01,value_00
benchmark_user_0441,u_attr_02,value_00
benchmark_user_0441,u_attr_03,value_00
benchmark_user_0441,u_attr_04,value_00
benchmark_user_0441,u_attr_05,value_01
benchmark_user_0441,u_attr_06,value_00
benchmark_user_0441,u_attr_07,value_01
benchmark_user_0441,u_attr_08,value_01
benchmark_user_0441,u_attr_09,value_00
benchmark_user_0441,u_attr_10,value_00
benchmark_user_0441,u_attr_11,value_00
benchmark_user_0441,u_attr_12,value_00
benchmark_user_0441,u_attr_13,value_01
benchmark_user_0441,u_attr_14,value_00
benchmark_user_0441,u_attr_15,value_00
benchmark_user_0441,u_attr_16,value_01
benchmark_user_0442,u_attr_01,value_00
benchmark_user_0442,u_attr_02,value_01
benchmark_user_0442,u_attr_03,value_00
benchmark_user_0442,u_attr_04,value_01
benchmark_user_0442,u_attr_05,value_00
benchmark_user_0442,u_attr_06,value_00
benchmark_user_0442,u_attr_07,value_01
benchmark_user_0442,u_attr_08,value_01
benchmark_user_0442,u_attr_09,value_00
benchmark_user_0442,u_attr_10,value_01
benchmark_user_0442,u_attr_11,value_01
benchmark_user_0442,u_attr_12,value_00
benchmark_user_0442,u_attr_13,value_00
benchmark_user_0442,u_attr_14,value_00
benchmark_user_0442,u_attr_15,value_00
benchmark_user_0442,u_attr_16,value_01
benchmark_user_0443,u_attr_01,value_00
benchmark_user_0443,u_attr_02,value_00
benchmark_user_0443,u_attr_03,value_00
benchmark_user_0443,u_attr_04,value_01
benchmark_user_0443,u_attr_05,value_00
benchmark_user_0443,u_attr_06,value_01
benchmark_user_0443,u_attr_07,value_00
benchmark_user_0443,u_attr_08,value_00
benchmark_user_0443,u_attr_09,value_01
benchmark_user_0443,u_attr_10,value_01
benchmark_user_0443,u_attr_11,value_01
benchmark_user_0443,u_attr_12,value_01
benchmark_user_0443,u_attr_13,value_01
benchmark_user_0443,u_attr_14,value_01
benchmark_user_0443,u_attr_15,value_01
benchmark_user_0443,u_attr_16,value_01
benchmark_user_0444,u_attr_01,value_01
benchmark_user_0444,u_attr_02,value_00
benchmark_user_0444,u_attr_03,value_00
benchmark_user_0444,u_attr_04,value_00
benchmark_user_0444,u_attr_05,value_00
benchmark_user_0444,u_attr_06,value_01
benchmark_user_0444,u_attr_07,value_01
benchmark_user_0444,u_attr_08,value_01
benchmark_user_0444,u_attr_09,value_00
benchmark_user_0444,u_attr_10,value_01
benchmark_user_0444,u_attr_11,value_01
benchmark_user_0444,u_attr_12,value_01
benchmark_user_0444,u_attr_13,value_01
benchmark_user_0444,u_attr_14,value_01
benchmark_user_0444,u_attr_15,value_01
benchmark_user_0444,u_attr_16,value_00
benchmark_user_0445,u_attr_01,value_00
benchmark_user_0445,u_attr_02,value_01
benchmark_user_0445,u_attr_03,value_00
benchmark_user_0445,u_attr_04,value_01
benchmark_user_0445,u_attr_05,value_00
benchmark_user_0445,u_attr_06,value_01
benchmark_user_0445,u_attr_07,value_00
benchmark_user_0445,u_attr_08,value_01
benchmark_user_0445,u_attr_09,value_01
benchmark_user_0445,u_attr_10,value_00
benchmark_user_0445,u_attr_11,value_00
benchmark_user_0445,u_attr_12,value_00
benchmark_user_0445,u_attr_13,value_00
benchmark_user_0445,u_attr_14,value_01
benchmark_user_0445,u_attr_15,value_00
benchmark_user_0445,u_attr_16,value_01
benchmark_user_0446,u_attr_01,value_00
benchmark_user_0446,u_attr_02,value_00
benchmark_user_0446,u_attr_03,value_00
benchmark_user_0446,u_attr_04,value_00
benchmark_user_0446,u_attr_05,value_01
benchmark_user_0446,u_attr_06,value_00
benchmark_user_0446,u_attr_07,value_01
benchmark_user_0446,u_attr_08,value_01
benchmark_user_0446,u_attr_09,value_00
benchmark_user_0446,u_attr_10,value_00
benchmark_user_0446,u_attr_11,value_00
benchmark_user_0446,u_attr_12,value_00
benchmark_user_0446,u_attr_13,value_01
benchmark_user_0446,u_attr_14,value_00
benchmark_user_0446,u_attr_15,value_01
benchmark_user_0446,u_attr_16,value_00
benchmark_user_0447,u_attr_01,value_00
benchmark_user_0447,u_attr_02,value_01
benchmark_user_0447,u_attr_03,value_00
benchmark_user_0447,u_attr_04,value_00
benchmark_user_0447,u_attr_05,value_01
benchmark_user_0447,u_attr_06,value_00
benchmark_user_0447,u_attr_07,value_00
benchmark_user_0447,u_attr_08,value_01
benchmark_user_0447,u_attr_09,value_01
benchmark_user_0447,u_attr_10,value_00
benchmark_user_0447,u_attr_11,value_01
benchmark_user_0447,u_attr_12,value_00
benchmark_user_0447,u_attr_13,value_00
benchmark_user_0447,u_attr_14,value_01
benchmark_user_0447,u_attr_15,value_01
benchmark_user_0447,u_attr_16,value_00
benchmark_user_0448,u_attr_01,value_01
benchmark_user_0448,u_attr_02,value_00
benchmark_user_0448,u_attr_03,value_00
benchmark_user_0448,u_attr_04,value_00
benchmark_user_0448,u_attr_05,value_00
benchmark_user_0448,u_attr_06,value_01
benchmark_user_0448,u_attr_07,value_00
benchmark_user_0448,u_attr_08,value_01
benchmark_user_0448,u_attr_09,value_01
benchmark_user_0448,u_attr_10,value_01
benchmark_user_0448,u_attr_11,value_00
benchmark_user_0448,u_attr_12,value_00
benchmark_user_0448,u_attr_13,value_01
benchmark_user_0448,u_attr_14,value_01
benchmark_user_0448,u_attr_15,value_01
benchmark_user_0448,u_attr_16,value_01
benchmark_user_0449,u_attr_01,value_00
benchmark_user_0449,u_attr_02,value_01
benchmark_user_0449,u_attr_03,value_00
benchmark_user_0449,u_attr_04,value_01
benchmark_user_0449,u_attr_05,value_00
benchmark_user_0449,u_attr_06,value_00
benchmark_user_0449,u_attr_07,value_01
benchmark_user_0449,u_attr_08,value_01
benchmark_user_0449,u_attr_09,value_00
benchmark_user_0449,u_attr_10,value_00
benchmark_user_0449,u_attr_11,value_00
benchmark_user_0449,u_attr_12,value_01
benchmark_user_0449,u_attr_13,value_01
benchmark_user_0449,u_attr_14,value_01
benchmark_user_0449,u_attr_15,value_00
benchmark_user_0449,u_attr_16,value_00
benchmark_user_0450,u_attr_01,value_00
benchmark_user_0450,u_attr_02,value_00
benchmark_user_0450,u_attr_03,value_00
benchmark_user_0450,u_attr_04,value_01
benchmark_user_0450,u_attr_05,value_00
benchmark_user_0450,u_attr_06,value_01
benchmark_user_0450,u_attr_07,value_00
benchmark_user_0450,u_attr_08,value_01
benchmark_user_0450,u_attr_09,value_01
benchmark_user_0450,u_attr_10,value_00
benchmark_user_0450,u_attr_11,value_01
benchmark_user_0450,u_attr_12,value_01
benchmark_user_0450,u_attr_13,value_00
benchmark_user_0450,u_attr_14,value_00
benchmark_user_0450,u_attr_15,value_01
benchmark_user_0450,u_attr_16,value_01
benchmark_user_0451,u_attr_01,value_00
benchmark_user_0451,u_attr_02,value_01
benchmark_user_0451,u_attr_03,value_00
benchmark_user_0451,u_attr_04,value_00
benchmark_user_0451,u_attr_05,value_00
benchmark_user_0451,u_attr_06,value_00
benchmark_user_0451,u_attr_07,value_01
benchmark_user_0451,u_attr_08,value_01
benchmark_user_0451,u_attr_09,value_00
benchmark_user_0451,u_attr_10,value_00
benchmark_user_0451,u_attr_11,value_00
benchmark_user_0451,u_attr_12,value_01
benchmark_user_0451,u_attr_13,value_01
benchmark_user_0451,u_attr_14,value_01
benchmark_user_0451,u_attr_15,value_00
benchmark_user_0451,u_attr_16,value_00
benchmark_user_0452,u_attr_01,value_01
benchmark_user_0452,u_attr_02,value_01
benchmark_user_0452,u_attr_03,value_01
benchmark_user_0452,u_attr_04,value_00
benchmark_user_0452,u_attr_05,value_01
benchmark_user_0452,u_attr_06,value_00
benchmark_user_0452,u_attr_07,value_01
benchmark_user_0452,u_attr_08,value_01
benchmark_user_0452,u_attr_09,value_00
benchmark_user_0452,u_attr_10,value_00
benchmark_user_0452,u_attr_11,value_00
benchmark_user_0452,u_attr_12,value_00
benchmark_user_0452,u_attr_13,value_00
benchmark_user_0452,u_attr_14,value_00
benchmark_user_0452,u_attr_15,value_01
benchmark_user_0452,u_attr_16,value_00
benchmark_user_0453,u_attr_01,value_01
benchmark_user_0453,u_attr_02,value_01
benchmark_user_0453,u_attr_03,value_00
benchmark_user_0453,u_attr_04,value_00
benchmark_user_0453,u_attr_05,value_00
benchmark_user_0453,u_attr_06,value_00
benchmark_user_0453,u_attr_07,value_00
benchmark_user_0453,u_attr_08,value_01
benchmark_user_0453,u_attr_09,value_00
benchmark_user_0453,u_attr_10,value_01
benchmark_user_0453,u_attr_11,value_01
benchmark_user_0453,u_attr_12,value_01
benchmark_user_0453,u_attr_13,value_00
benchmark_user_0453,u_attr_14,value_01
benchmark_user_0453,u_attr_15,value_01
benchmark_user_0453,u_attr_16,value_00
benchmark_user_0454,u_attr_01,value_00
benchmark_user_0454,u_attr_02,value_00
benchmark_user_0454,u_attr_03,value_00
benchmark_user_0454,u_attr_04,value_01
benchmark_user_0454,u_attr_05,value_01
benchmark_user_0454,u_attr_06,value_00
benchmark_user_0454,u_attr_07,value_00
benchmark_user_0454,u_attr_08,value_00
benchmark_user_0454,u_attr_09,value_01
benchmark_user_0454,u_attr_10,value_01
benchmark_user_0454,u_attr_11,value_00
benchmark_user_0454,u_attr_12,value_00
benchmark_user_0454,u_attr_13,value_00
benchmark_user_0454,u_attr_14,value_01
benchmark_user_0454,u_attr_15,value_00
benchmark_user_0454,u_attr_16,value_00
benchmark_user_0455,u_attr_01,value_01
benchmark_user_0455,u_attr_02,value_01
benchmark_user_0455,u_attr_03,value_00
benchmark_user_0455,u_attr_04,value_01
benchmark_user_0455,u_attr_05,value_01
benchmark_user_0455,u_attr_06,value_01
benchmark_user_0455,u_attr_07,value_01
benchmark_user_0455,u_attr_08,value_01
benchmark_user_0455,u_attr_09,value_01
benchmark_user_0455,u_attr_10,value_00
benchmark_user_0455,u_attr_11,value_00
benchmark_user_0455,u_attr_12,value_00
benchmark_user_0455,u_attr_13,value_01
benchmark_user_0455,u_attr_14,value_00
benchmark_user_0455,u_attr_15,value_00
benchmark_user_0455,u_attr_16,value_01
benchmark_user_0456,u_attr_01,value_01
benchmark_user_0456,u_attr_02,value_00
benchmark_user_0456,u_attr_03,value_00
benchmark_user_0456,u_attr_04,value_00
benchmark_user_0456,u_attr_05,value_01
benchmark_user_0456,u_attr_06,value_00
benchmark_user_0456,u_attr_07,value_00
benchmark_user_0456,u_attr_08,value_00
benchmark_user_0456,u_attr_09,value_00
benchmark_user_0456,u_attr_10,value_00
benchmark_user_0456,u_attr_11,value_01
benchmark_user_0456,u_attr_12,value_01
benchmark_user_0456,u_attr_13,value_01
benchmark_user_0456,u_attr_14,value_01
benchmark_user_0456,u_attr_15,value_01
benchmark_user_0456,u_attr_16,value_01
benchmark_user_0457,u_attr_01,value_01
benchmark_user_0457,u_attr_02,value_01
benchmark_user_0457,u_attr_03,value_01
benchmark_user_0457,u_attr_04,value_01
benchmark_user_0457,u_attr_05,value_00
benchmark_user_0457,u_attr_06,value_00
benchmark_user_0457,u_attr_07,value_01
benchmark_user_0457,u_attr_08,value_00
benchmark_user_0457,u_attr_09,value_01
benchmark_user_0457,u_attr_10,value_00
benchmark_user_0457,u_attr_11,value_01
benchmark_user_0457,u_attr_12,value_00
benchmark_user_0457,u_attr_13,value_00
benchmark_user_0457,u_attr_14,value_01
benchmark_user_0457,u_attr_15,value_00
benchmark_user_0457,u_attr_16,value_00
benchmark_user_0458,u_attr_01,value_01
benchmark_user_0458,u_attr_02,value_01
benchmark_user_0458,u_attr_03,value_00
benchmark_user_0458,u_attr_04,value_00
benchmark_user_0458,u_attr_05,value_00
benchmark_user_0458,u_attr_06,value_01
benchmark_user_0458,u_attr_07,value_00
benchmark_user_0458,u_attr_08,value_01
benchmark_user_0458,u_attr_09,value_01
benchmark_user_0458,u_attr_10,value_01
benchmark_user_0458,u_attr_11,value_01
benchmark_user_0458,u_attr_12,value_01
benchmark_user_0458,u_attr_13,value_00
benchmark_user_0458,u_attr_14,value_00
benchmark_user_0458,u_attr_15,value_00
benchmark_user_0458,u_attr_16,value_01
benchmark_user_0459,u_attr_01,value_00
benchmark_user_0459,u_attr_02,value_01
benchmark_user_0459,u_attr_03,value_00
benchmark_user_0459,u_attr_04,value_01
benchmark_user_0459,u_attr_05,value_00
benchmark_user_0459,u_attr_06,value_00
benchmark_user_0459,u_attr_07,value_00
benchmark_user_0459,u_attr_08,value_01
benchmark_user_0459,u_attr_09,value_01
benchmark_user_0459,u_attr_10,value_00
benchmark_user_0459,u_attr_11,value_01
benchmark_user_0459,u_attr_12,value_00
benchmark_user_0459,u_attr_13,value_00
benchmark_user_0459,u_attr_14,value_00
benchmark_user_0459,u_attr_15,value_01
benchmark_user_0459,u_attr_16,value_00
benchmark_user_0460,u_attr_01,value_00
benchmark_user_0460,u_attr_02,value_00
benchmark_user_0460,u_attr_03,value_01
benchmark_user_0460,u_attr_04,value_00
benchmark_user_0460,u_attr_05,value_01
benchmark_user_0460,u_attr_06,value_00
benchmark_user_0460,u_attr_07,value_00
benchmark_user_0460,u_attr_08,value_01
benchmark_user_0460,u_attr_09,value_00
benchmark_user_0460,u_attr_10,value_01
benchmark_user_0460,u_attr_11,value_01
benchmark_user_0460,u_attr_12,value_01
benchmark_user_0460,u_attr_13,value_00
benchmark_user_0460,u_attr_14,value_00
benchmark_user_0460,u_attr_15,value_00
benchmark_user_0460,u_attr_16,value_01
benchmark_user_0461,u_attr_01,value_01
benchmark_user_0461,u_attr_02,value_01
benchmark_user_0461,u_attr_03,value_00
benchmark_user_0461,u_attr_04,value_01
benchmark_user_0461,u_attr_05,value_00
benchmark_user_0461,u_attr_06,value_01
benchmark_user_0461,u_attr_07,value_00
benchmark_user_0461,u_attr_08,value_01
benchmark_user_0461,u_attr_09,value_00
benchmark_user_0461,u_attr_10,value_00
benchmark_user_0461,u_attr_11,value_00
benchmark_user_0461,u_attr_12,value_00
benchmark_user_0461,u_attr_13,value_01
benchmark_user_0461,u_attr_14,value_01
benchmark_user_0461,u_attr_15,value_01
benchmark_user_0461,u_attr_16,value_01
benchmark_user_0462,u_attr_01,value_01
benchmark_user_0462,u_attr_02,value_01
benchmark_user_0462,u_attr_03,value_01
benchmark_user_0462,u_attr_04,value_01
benchmark_user_0462,u_attr_05,value_00
benchmark_user_0462,u_attr_06,value_00
benchmark_user_0462,u_attr_07,value_00
benchmark_user_0462,u_attr_08,value_00
benchmark_user_0462,u_attr_09,value_01
benchmark_user_0462,u_attr_10,value_00
benchmark_user_0462,u_attr_11,value_00
benchmark_user_0462,u_attr_12,value_00
benchmark_user_0462,u_attr_13,value_01
benchmark_user_0462,u_attr_14,value_01
benchmark_user_0462,u_attr_15,value_00
benchmark_user_0462,u_attr_16,value_00
benchmark_user_0463,u_attr_01,value_00
benchmark_user_0463,u_attr_02,value_00
benchmark_user_0463,u_attr_03,value_01
benchmark_user_0463,u_attr_04,value_01
benchmark_user_0463,u_attr_05,value_01
benchmark_user_0463,u_attr_06,value_01
benchmark_user_0463,u_attr_07,value_00
benchmark_user_0463,u_attr_08,value_00
benchmark_user_0463,u_attr_09,value_00
benchmark_user_0463,u_attr_10,value_01
benchmark_user_0463,u_attr_11,value_01
benchmark_user_0463,u_attr_12,value_01
benchmark_user_0463,u_attr_13,value_00
benchmark_user_0463,u_attr_14,value_01
benchmark_user_0463,u_attr_15,value_00
benchmark_user_0463,u_attr_16,value_01
benchmark_user_0464,u_attr_01,value_01
benchmark_user_0464,u_attr_02,value_00
benchmark_user_0464,u_attr_03,value_00
benchmark_user_0464,u_attr_04,value_01
benchmark_user_0464,u_attr_05,value_00
benchmark_user_0464,u_attr_06,value_00
benchmark_user_0464,u_attr_07,value_00
benchmark_user_0464,u_attr_08,value_00
benchmark_user_0464,u_attr_09,value_00
benchmark_user_0464,u_attr_10,value_01
benchmark_user_0464,u_attr_11,value_00
benchmark_user_0464,u_attr_12,value_01
benchmark_user_0464,u_attr_13,value_01
benchmark_user_0464,u_attr_14,value_00
benchmark_user_0464,u_attr_15,value_01
benchmark_user_0464,u_attr_16,value_01
benchmark_user_0465,u_attr_01,value_00
benchmark_user_0465,u_attr_02,value_00
benchmark_user_0465,u_attr_03,value_01
benchmark_user_0465,u_attr_04,value_00
benchmark_user_0465,u_attr_05,value_01
benchmark_user_0465,u_attr_06,value_01
benchmark_user_0465,u_attr_07,value_00
benchmark_user_0465,u_attr_08,value_00
benchmark_user_0465,u_attr_09,value_00
benchmark_user_0465,u_attr_10,value_01
benchmark_user_0465,u_attr_11,value_01
benchmark_user_0465,u_attr_12,value_00
benchmark_user_0465,u_attr_13,value_00
benchmark_user_0465,u_attr_14,value_01
benchmark_user_0465,u_attr_15,value_01
benchmark_user_0465,u_attr_16,value_01
benchmark_user_0466,u_attr_01,value_01
benchmark_user_0466,u_attr_02,value_01
benchmark_user_0466,u_attr_03,value_01
benchmark_user_0466,u_attr_04,value_00
benchmark_user_0466,u_attr_05,value_00
benchmark_user_0466,u_attr_06,value_00
benchmark_user_0466,u_attr_07,value_01
benchmark_user_0466,u_attr_08,value_00
benchmark_user_0466,u_attr_09,value_00
benchmark_user_0466,u_attr_10,value_00
benchmark_user_0466,u_attr_11,value_00
benchmark_user_0466,u_attr_12,value_01
benchmark_user_0466,u_attr_13,value_00
benchmark_user_0466,u_attr_14,value_01
benchmark_user_0466,u_attr_15,value_00
benchmark_user_0466,u_attr_16,value_00
benchmark_user_0467,u_attr_01,value_01
benchmark_user_0467,u_attr_02,value_00
benchmark_user_0467,u_attr_03,value_00
benchmark_user_0467,u_attr_04,value_01
benchmark_user_0467,u_attr_05,value_00
benchmark_user_0467,u_attr_06,value_01
benchmark_user_0467,u_attr_07,value_00
benchmark_user_0467,u_attr_08,value_00
benchmark_user_0467,u_attr_09,value_00
benchmark_user_0467,u_attr_10,value_01
benchmark_user_0467,u_attr_11,value_01
benchmark_user_0467,u_attr_12,value_01
benchmark_user_0467,u_attr_13,value_00
benchmark_user_0467,u_attr_14,value_01
benchmark_user_0467,u_attr_15,value_00
benchmark_user_0467,u_attr_16,value_00
benchmark_user_0468,u_attr_01,value_01
benchmark_user_0468,u_attr_02,value_00
benchmark_user_0468,u_attr_03,value_01
benchmark_user_0468,u_attr_04,value_01
benchmark_user_0468,u_attr_05,value_01
benchmark_user_0468,u_attr_06,value_00
benchmark_user_0468,u_attr_07,value_00
benchmark_user_0468,u_attr_08,value_01
benchmark_user_0468,u_attr_09,value_01
benchmark_user_0468,u_attr_10,value_00
benchmark_user_0468,u_attr_11,value_00
benchmark_user_0468,u_attr_12,value_00
benchmark_user_0468,u_attr_13,value_01
benchmark_user_0468,u_attr_14,value_01
benchmark_user_0468,u_attr_15,value_01
benchmark_user_0468,u_attr_16,value_00
benchmark_user_0469,u_attr_01,value_00
benchmark_user_0469,u_attr_02,value_01
benchmark_user_0469,u_attr_03,value_01
benchmark_user_0469,u_attr_04,value_00
benchmark_user_0469,u_attr_05,value_00
benchmark_user_0469,u_attr_06,value_00
benchmark_user_0469,u_attr_07,value_01
benchmark_user_0469,u_attr_08,value_00
benchmark_user_0469,u_attr_09,value_00
benchmark_user_0469,u_attr_10,value_00
benchmark_user_0469,u_attr_11,value_00
benchmark_user_0469,u_attr_12,value_01
benchmark_user_0469,u_attr_13,value_01
benchmark_user_0469,u_attr_14,value_00
benchmark_user_0469,u_attr_15,value_01
benchmark_user_0469,u_attr_16,value_00
benchmark_user_0470,u_attr_01,value_00
benchmark_user_0470,u_attr_02,value_01
benchmark_user_0470,u_attr_03,value_01
benchmark_user_0470,u_attr_04,value_01
benchmark_user_0470,u_attr_05,value_01
benchmark_user_0470,u_attr_06,value_01
benchmark_user_0470,u_attr_07,value_00
benchmark_user_0470,u_attr_08,value_01
benchmark_user_0470,u_attr_09,value_01
benchmark_user_0470,u_attr_10,value_01
benchmark_user_0470,u_attr_11,value_00
benchmark_user_0470,u_attr_12,value_01
benchmark_user_0470,u_attr_13,value_00
benchmark_user_0470,u_attr_14,value_01
benchmark_user_0470,u_attr_15,value_00
benchmark_user_0470,u_attr_16,value_01
benchmark_user_0471,u_attr_01,value_01
benchmark_user_0471,u_attr_02,value_00
benchmark_user_0471,u_attr_03,value_00
benchmark_user_0471,u_attr_04,value_01
benchmark_user_0471,u_attr_05,value_00
benchmark_user_0471,u_attr_06,value_00
benchmark_user_0471,u_attr_07,value_00
benchmark_user_0471,u_attr_08,value_00
benchmark_user_0471,u_attr_09,value_01
benchmark_user_0471,u_attr_10,value_00
benchmark_user_0471,u_attr_11,value_01
benchmark_user_0471,u_attr_12,value_00
benchmark_user_0471,u_attr_13,value_00
benchmark_user_0471,u_attr_14,value_01
benchmark_user_0471,u_attr_15,value_01
benchmark_user_0471,u_attr_16,value_01
benchmark_user_0472,u_attr_01,value_00
benchmark_user_0472,u_attr_02,value_01
benchmark_user_0472,u_attr_03,value_00
benchmark_user_0472,u_attr_04,value_01
benchmark_user_0472,u_attr_05,value_00
benchmark_user_0472,u_attr_06,value_01
benchmark_user_0472,u_attr_07,value_01
benchmark_user_0472,u_attr_08,value_01
benchmark_user_0472,u_attr_09,value_01
benchmark_user_0472,u_attr_10,value_01
benchmark_user_0472,u_attr_11,value_01
benchmark_user_0472,u_attr_12,value_01
benchmark_user_0472,u_attr_13,value_01
benchmark_user_0472,u_attr_14,value_01
benchmark_user_0472,u_attr_15,value_00
benchmark_user_0472,u_attr_16,value_00
benchmark_user_0473,u_attr_01,value_01
benchmark_user_0473,u_attr_02,value_01
benchmark_user_0473,u_attr_03,value_01
benchmark_user_0473,u_attr_04,value_01
benchmark_user_0473,u_attr_05,value_01
benchmark_user_0473,u_attr_06,value_00
benchmark_user_0473,u_attr_07,value_00
benchmark_user_0473,u_attr_08,value_01
benchmark_user_0473,u_attr_09,value_01
benchmark_user_0473,u_attr_10,value_01
benchmark_user_0473,u_attr_11,value_01
benchmark_user_0473,u_attr_12,value_01
benchmark_user_0473,u_attr_13,value_01
benchmark_user_0473,u_attr_14,value_00
benchmark_user_0473,u_attr_15,value_01
benchmark_user_0473,u_attr_16,value_01
benchmark_user_0474,u_attr_01,value_01
benchmark_user_0474,u_attr_02,value_01
benchmark_user_0474,u_attr_03,value_00
benchmark_user_0474,u_attr_04,value_01
benchmark_user_0474,u_attr_05,value_00
benchmark_user_0474,u_attr_06,value_01
benchmark_user_0474,u_attr_07,value_01
benchmark_user_0474,u_attr_08,value_01
benchmark_user_0474,u_attr_09,value_01
benchmark_user_0474,u_attr_10,value_01
benchmark_user_0474,u_attr_11,value_01
benchmark_user_0474,u_attr_12,value_00
benchmark_user_0474,u_attr_13,value_00
benchmark_user_0474,u_attr_14,value_01
benchmark_user_0474,u_attr_15,value_01
benchmark_user_0474,u_attr_16,value_00
benchmark_user_0475,u_attr_01,value_00
benchmark_user_0475,u_attr_02,value_00
benchmark_user_0475,u_attr_03,value_01
benchmark_user_0475,u_attr_04,value_01
benchmark_user_0475,u_attr_05,value_00
benchmark_user_0475,u_attr_06,value_00
benchmark_user_0475,u_attr_07,value_01
benchmark_user_0475,u_attr_08,value_01
benchmark_user_0475,u_attr_09,value_00
benchmark_user_0475,u_attr_10,value_01
benchmark_user_0475,u_attr_11,value_00
benchmark_user_0475,u_attr_12,value_01
benchmark_user_0475,u_attr_13,value_01
benchmark_user_0475,u_attr_14,value_01
benchmark_user_0475,u_attr_15,value_01
benchmark_user_0475,u_attr_16,value_00
benchmark_user_0476,u_attr_01,value_00
benchmark_user_0476,u_attr_02,value_00
benchmark_user_0476,u_attr_03,value_01
benchmark_user_0476,u_attr_04,value_00
benchmark_user_0476,u_attr_05,value_00
benchmark_user_0476,u_attr_06,value_00
benchmark_user_0476,u_attr_07,value_00
benchmark_user_0476,u_attr_08,value_01
benchmark_user_0476,u_attr_09,value_00
benchmark_user_0476,u_attr_10,value_01
benchmark_user_0476,u_attr_11,value_00
benchmark_user_0476,u_attr_12,value_00
benchmark_user_0476,u_attr_13,value_01
benchmark_user_0476,u_attr_14,value_01
benchmark_user_0476,u_attr_15,value_00
benchmark_user_0476,u_attr_16,value_00
benchmark_user_0477,u_attr_01,value_01
benchmark_user_0477,u_attr_02,value_00
benchmark_user_0477,u_attr_03,value_00
benchmark_user_0477,u_attr_04,value_00
benchmark_user_0477,u_attr_05,value_00
benchmark_user_0477,u_attr_06,value_00
benchmark_user_0477,u_attr_07,value_01
benchmark_user_0477,u_attr_08,value_01
benchmark_user_0477,u_attr_09,value_01
benchmark_user_0477,u_attr_10,value_00
benchmark_user_0477,u_attr_11,value_00
benchmark_user_0477,u_attr_12,value_00
benchmark_user_0477,u_attr_13,value_00
benchmark_user_0477,u_attr_14,value_01
benchmark_user_0477,u_attr_15,value_00
benchmark_user_0477,u_attr_16,value_01
benchmark_user_0478,u_attr_01,value_01
benchmark_user_0478,u_attr_02,value_01
benchmark_user_0478,u_attr_03,value_01
benchmark_user_0478,u_attr_04,value_01
benchmark_user_0478,u_attr_05,value_00
benchmark_user_0478,u_attr_06,value_01
benchmark_user_0478,u_attr_07,value_00
benchmark_user_0478,u_attr_08,value_01
benchmark_user_0478,u_attr_09,value_01
benchmark_user_0478,u_attr_10,value_00
benchmark_user_0478,u_attr_11,value_00
benchmark_user_0478,u_attr_12,value_00
benchmark_user_0478,u_attr_13,value_01
benchmark_user_0478,u_attr_14,value_01
benchmark_user_0478,u_attr_15,value_00
benchmark_user_0478,u_attr_16,value_01
benchmark_user_0479,u_attr_01,value_00
benchmark_user_0479,u_attr_02,value_01
benchmark_user_0479,u_attr_03,value_00
benchmark_user_0479,u_attr_04,value_00
benchmark_user_0479,u_attr_05,value_01
benchmark_user_0479,u_attr_06,value_00
benchmark_user_0479,u_attr_07,value_00
benchmark_user_0479,u_attr_08,value_00
benchmark_user_0479,u_attr_09,value_01
benchmark_user_0479,u_attr_10,value_01
benchmark_user_0479,u_attr_11,value_01
benchmark_user_0479,u_attr_12,value_01
benchmark_user_0479,u_attr_13,value_00
benchmark_user_0479,u_attr_14,value_01
benchmark_user_0479,u_attr_15,value_00
benchmark_user_0479,u_attr_16,value_01
benchmark_user_0480,u_attr_01,value_00
benchmark_user_0480,u_attr_02,value_00
benchmark_user_0480,u_attr_03,value_01
benchmark_user_0480,u_attr_04,value_01
benchmark_user_0480,u_attr_05,value_00
benchmark_user_0480,u_attr_06,value_01
benchmark_user_0480,u_attr_07,value_01
benchmark_user_0480,u_attr_08,value_01
benchmark_user_0480,u_attr_09,value_01
benchmark_user_0480,u_attr_10,value_01
benchmark_user_0480,u_attr_11,value_00
benchmark_user_0480,u_attr_12,value_00
benchmark_user_0480,u_attr_13,value_00
benchmark_user_0480,u_attr_14,value_01
benchmark_user_0480,u_attr_15,value_00
benchmark_user_0480,u_attr_16,value_01
benchmark_user_0481,u_attr_01,value_00
benchmark_user_0481,u_attr_02,value_01
benchmark_user_0481,u_attr_03,value_00
benchmark_user_0481,u_attr_04,value_01
benchmark_user_0481,u_attr_05,value_00
benchmark_user_0481,u_attr_06,value_00
benchmark_user_0481,u_attr_07,value_00
benchmark_user_0481,u_attr_08,value_01
benchmark_user_0481,u_attr_09,value_01
benchmark_user_0481,u_attr_10,value_01
benchmark_user_0481,u_attr_11,value_01
benchmark_user_0481,u_attr_12,value_00
benchmark_user_0481,u_attr_13,value_01
benchmark_user_0481,u_attr_14,value_00
benchmark_user_0481,u_attr_15,value_01
benchmark_user_0481,u_attr_16,value_00
benchmark_user_0482,u_attr_01,value_00
benchmark_user_0482,u_attr_02,value_01
benchmark_user_0482,u_attr_03,value_01
benchmark_user_0482,u_attr_04,value_01
benchmark_user_0482,u_attr_05,value_01
benchmark_user_0482,u_attr_06,value_01
benchmark_user_0482,u_attr_07,value_00
benchmark_user_0482,u_attr_08,value_00
benchmark_user_0482,u_attr_09,value_00
benchmark_user_0482,u_attr_10,value_01
benchmark_user_0482,u_attr_11,value_01
benchmark_user_0482,u_attr_12,value_01
benchmark_user_0482,u_attr_13,value_00
benchmark_user_0482,u_attr_14,value_01
benchmark_user_0482,u_attr_15,value_00
benchmark_user_0482,u_attr_16,value_01
benchmark_user_0483,u_attr_01,value_01
benchmark_user_0483,u_attr_02,value_00
benchmark_user_0483,u_attr_03,value_00
benchmark_user_0483,u_attr_04,value_00
benchmark_user_0483,u_attr_05,value_01
benchmark_user_0483,u_attr_06,value_00
benchmark_user_0483,u_attr_07,value_01
benchmark_user_0483,u_attr_08,value_00
benchmark_user_0483,u_attr_09,value_00
benchmark_user_0483,u_attr_10,value_00
benchmark_user_0483,u_attr_11,value_00
benchmark_user_0483,u_attr_12,value_01
benchmark_user_0483,u_attr_13,value_00
benchmark_user_0483,u_attr_14,value_00
benchmark_user_0483,u_attr_15,value_00
benchmark_user_0483,u_attr_16,value_01
benchmark_user_0484,u_attr_01,value_01
benchmark_user_0484,u_attr_02,value_00
benchmark_user_0484,u_attr_03,value_01
benchmark_user_0484,u_attr_04,value_01
benchmark_user_0484,u_attr_05,value_00
benchmark_user_0484,u_attr_06,value_00
benchmark_user_0484,u_attr_07,value_01
benchmark_user_0484,u_attr_08,value_01
benchmark_user_0484,u_attr_09,value_00
benchmark_user_0484,u_attr_10,value_00
benchmark_user_0484,u_attr_11,value_00
benchmark_user_0484,u_attr_12,value_00
benchmark_user_0484,u_attr_13,value_00
benchmark_user_0484,u_attr_14,value_01
benchmark_user_0484,u_attr_15,value_01
benchmark_user_0484,u_attr_16,value_01
benchmark_user_0485,u_attr_01,value_00
benchmark_user_0485,u_attr_02,value_00
benchmark_user_0485,u_attr_03,value_00
benchmark_user_0485,u_attr_04,value_01
benchmark_user_0485,u_attr_05,value_01
benchmark_user_0485,u_attr_06,value_01
benchmark_user_0485,u_attr_07,value_01
benchmark_user_0485,u_attr_08,value_01
benchmark_user_0485,u_attr_09,value_01
benchmark_user_0485,u_attr_10,value_00
benchmark_user_0485,u_attr_11,value_01
benchmark_user_0485,u_attr_12,value_01
benchmark_user_0485,u_attr_13,value_01
benchmark_user_0485,u_attr_14,value_01
benchmark_user_0485,u_attr_15,value_00
benchmark_user_0485,u_attr_16,value_00
benchmark_user_0486,u_attr_01,value_01
benchmark_user_0486,u_attr_02,value_00
benchmark_user_0486,u_attr_03,value_00
benchmark_user_0486,u_attr_04,value_00
benchmark_user_0486,u_attr_05,value_01
benchmark_user_0486,u_attr_06,value_01
benchmark_user_0486,u_attr_07,value_00
benchmark_user_0486,u_attr_08,value_01
benchmark_user_0486,u_attr_09,value_00
benchmark_user_0486,u_attr_10,value_00
benchmark_user_0486,u_attr_11,value_01
benchmark_user_0486,u_attr_12,value_00
benchmark_user_0486,u_attr_13,value_01
benchmark_user_0486,u_attr_14,value_00
benchmark_user_0486,u_attr_15,value_00
benchmark_user_0486,u_attr_16,value_00
benchmark_user_0487,u_attr_01,value_00
benchmark_user_0487,u_attr_02,value_01
benchmark_user_0487,u_attr_03,value_01
benchmark_user_0487,u_attr_04,value_01
benchmark_user_0487,u_attr_05,value_01
benchmark_user_0487,u_attr_06,value_01
benchmark_user_0487,u_attr_07,value_00
benchmark_user_0487,u_attr_08,value_01
benchmark_user_0487,u_attr_09,value_01
benchmark_user_0487,u_attr_10,value_00
benchmark_user_0487,u_attr_11,value_01
benchmark_user_0487,u_attr_12,value_01
benchmark_user_0487,u_attr_13,value_01
benchmark_user_0487,u_attr_14,value_01
benchmark_user_0487,u_attr_15,value_01
benchmark_user_0487,u_attr_16,value_01
benchmark_user_0488,u_attr_01,value_01
benchmark_user_0488,u_attr_02,value_01
benchmark_user_0488,u_attr_03,value_00
benchmark_user_0488,u_attr_04,value_01
benchmark_user_0488,u_attr_05,value_00
benchmark_user_0488,u_attr_06,value_00
benchmark_user_0488,u_attr_07,value_00
benchmark_user_0488,u_attr_08,value_01
benchmark_user_0488,u_attr_09,value_00
benchmark_user_0488,u_attr_10,value_00
benchmark_user_0488,u_attr_11,value_00
benchmark_user_0488,u_attr_12,value_01
benchmark_user_0488,u_attr_13,value_01
benchmark_user_0488,u_attr_14,value_01
benchmark_user_0488,u_attr_15,value_01
benchmark_user_0488,u_attr_16,value_00
benchmark_user_0489,u_attr_01,value_01
benchmark_user_0489,u_attr_02,value_00
benchmark_user_0489,u_attr_03,value_01
benchmark_user_0489,u_attr_04,value_01
benchmark_user_0489,u_attr_05,value_00
benchmark_user_0489,u_attr_06,value_01
benchmark_user_0489,u_attr_07,value_00
benchmark_user_0489,u_attr_08,value_01
benchmark_user_0489,u_attr_09,value_00
benchmark_user_0489,u_attr_10,value_01
benchmark_user_0489,u_attr_11,value_01
benchmark_user_0489,u_attr_12,value_00
benchmark_user_0489,u_attr_13,value_01
benchmark_user_0489,u_attr_14,value_01
benchmark_user_0489,u_attr_15,value_01
benchmark_user_0489,u_attr_16,value_00
benchmark_user_0490,u_attr_01,value_00
benchmark_user_0490,u_attr_02,value_01
benchmark_user_0490,u_attr_03,value_00
benchmark_user_0490,u_attr_04,value_01
benchmark_user_0490,u_attr_05,value_00
benchmark_user_0490,u_attr_06,value_01
benchmark_user_0490,u_attr_07,value_01
benchmark_user_0490,u_attr_08,value_00
benchmark_user_0490,u_attr_09,value_00
benchmark_user_0490,u_attr_10,value_01
benchmark_user_0490,u_attr_11,value_00
benchmark_user_0490,u_attr_12,value_00
benchmark_user_0490,u_attr_13,value_01
benchmark_user_0490,u_attr_14,value_01
benchmark_user_0490,u_attr_15,value_01
benchmark_user_0490,u_attr_16,value_00
benchmark_user_0491,u_attr_01,value_00
benchmark_user_0491,u_attr_02,value_00
benchmark_user_0491,u_attr_03,value_01
benchmark_user_0491,u_attr_04,value_01
benchmark_user_0491,u_attr_05,value_00
benchmark_user_0491,u_attr_06,value_01
benchmark_user_0491,u_attr_07,value_00
benchmark_user_0491,u_attr_08,value_01
benchmark_user_0491,u_attr_09,value_00
benchmark_user_0491,u_attr_10,value_00
benchmark_user_0491,u_attr_11,value_01
benchmark_user_0491,u_attr_12,value_00
benchmark_user_0491,u_attr_13,value_00
benchmark_user_0491,u_attr_14,value_01
benchmark_user_0491,u_attr_15,value_01
benchmark_user_0491,u_attr_16,value_01
benchmark_user_0492,u_attr_01,value_00
benchmark_user_0492,u_attr_02,value_01
benchmark_user_0492,u_attr_03,value_00
benchmark_user_0492,u_attr_04,value_00
benchmark_user_0492,u_attr_05,value_00
benchmark_user_0492,u_attr_06,value_00
benchmark_user_0492,u_attr_07,value_00
benchmark_user_0492,u_attr_08,value_01
benchmark_user_0492,u_attr_09,value_00
benchmark_user_0492,u_attr_10,value_01
benchmark_user_0492,u_attr_11,value_00
benchmark_user_0492,u_attr_12,value_00
benchmark_user_0492,u_attr_13,value_00
benchmark_user_0492,u_attr_14,value_00
benchmark_user_0492,u_attr_15,value_00
benchmark_user_0492,u_attr_16,value_00
benchmark_user_0493,u_attr_01,value_01
benchmark_user_0493,u_attr_02,value_00
benchmark_user_0493,u_attr_03,value_00
benchmark_user_0493,u_attr_04,value_01
benchmark_user_0493,u_attr_05,value_01
benchmark_user_0493,u_attr_06,value_00
benchmark_user_0493,u_attr_07,value_00
benchmark_user_0493,u_attr_08,value_01
benchmark_user_0493,u_attr_09,value_00
benchmark_user_0493,u_attr_10,value_00
benchmark_user_0493,u_attr_11,value_00
benchmark_user_0493,u_attr_12,value_00
benchmark_user_0493,u_attr_13,value_01
benchmark_user_0493,u_attr_14,value_01
benchmark_user_0493,u_attr_15,value_01
benchmark_user_0493,u_attr_16,value_01
benchmark_user_0494,u_attr_01,value_01
benchmark_user_0494,u_attr_02,value_00
benchmark_user_0494,u_attr_03,value_00
benchmark_user_0494,u_attr_04,value_01
benchmark_user_0494,u_attr_05,value_00
benchmark_user_0494,u_attr_06,value_00
benchmark_user_0494,u_attr_07,value_00
benchmark_user_0494,u_attr_08,value_01
benchmark_user_0494,u_attr_09,value_00
benchmark_user_0494,u_attr_10,value_00
benchmark_user_0494,u_attr_11,value_01
benchmark_user_0494,u_attr_12,value_00
benchmark_user_0494,u_attr_13,value_01
benchmark_user_0494,u_attr_14,value_00
benchmark_user_0494,u_attr_15,value_00
benchmark_user_0494,u_attr_16,value_01
benchmark_user_0495,u_attr_01,value_01
benchmark_user_0495,u_attr_02,value_00
benchmark_user_0495,u_attr_03,value_00
benchmark_user_0495,u_attr_04,value_00
benchmark_user_0495,u_attr_05,value_00
benchmark_user_0495,u_attr_06,value_00
benchmark_user_0495,u_attr_07,value_01
benchmark_user_0495,u_attr_08,value_00
benchmark_user_0495,u_attr_09,value_01
benchmark_user_0495,u_attr_10,value_01
benchmark_user_0495,u_attr_11,value_01
benchmark_user_0495,u_attr_12,value_01
benchmark_user_0495,u_attr_13,value_01
benchmark_user_0495,u_attr_14,value_01
benchmark_user_0495,u_attr_15,value_00
benchmark_user_0495,u_attr_16,value_00
benchmark_user_0496,u_attr_01,value_00
benchmark_user_0496,u_attr_02,value_00
benchmark_user_0496,u_attr_03,value_01
benchmark_user_0496,u_attr_04,value_01
benchmark_user_0496,u_attr_05,value_01
benchmark_user_0496,u_attr_06,value_00
benchmark_user_0496,u_attr_07,value_01
benchmark_user_0496,u_attr_08,value_00
benchmark_user_0496,u_attr_09,value_00
benchmark_user_0496,u_attr_10,value_01
benchmark_user_0496,u_attr_11,value_00
benchmark_user_0496,u_attr_12,value_00
benchmark_user_0496,u_attr_13,value_00
benchmark_user_0496,u_attr_14,value_01
benchmark_user_0496,u_attr_15,value_00
benchmark_user_0496,u_attr_16,value_01
benchmark_user_0497,u_attr_01,value_01
benchmark_user_0497,u_attr_02,value_00
benchmark_user_0497,u_attr_03,value_00
benchmark_user_0497,u_attr_04,value_01
benchmark_user_0497,u_attr_05,value_00
benchmark_user_0497,u_attr_06,value_00
benchmark_user_0497,u_attr_07,value_01
benchmark_user_0497,u_attr_08,value_01
benchmark_user_0497,u_attr_09,value_01
benchmark_user_0497,u_attr_10,value_00
benchmark_user_0497,u_attr_11,value_01
benchmark_user_0497,u_attr_12,value_00
benchmark_user_0497,u_attr_13,value_00
benchmark_user_0497,u_attr_14,value_01
benchmark_user_0497,u_attr_15,value_01
benchmark_user_0497,u_attr_16,value_00
benchmark_user_0498,u_attr_01,value_00
benchmark_user_0498,u_attr_02,value_01
benchmark_user_0498,u_attr_03,value_01
benchmark_user_0498,u_attr_04,value_01
benchmark_user_0498,u_attr_05,value_00
benchmark_user_0498,u_attr_06,value_00
benchmark_user_0498,u_attr_07,value_01
benchmark_user_0498,u_attr_08,value_00
benchmark_user_0498,u_attr_09,value_01
benchmark_user_0498,u_attr_10,value_00
benchmark_user_0498,u_attr_11,value_01
benchmark_user_0498,u_attr_12,value_01
benchmark_user_0498,u_attr_13,value_00
benchmark_user_0498,u_attr_14,value_01
benchmark_user_0498,u_attr_15,value_00
benchmark_user_0498,u_attr_16,value_00
benchmark_user_0499,u_attr_01,value_01
benchmark_user_0499,u_attr_02,value_01
benchmark_user_0499,u_attr_03,value_01
benchmark_user_0499,u_attr_04,value_00
benchmark_user_0499,u_attr_05,value_01
benchmark_user_0499,u_attr_06,value_01
benchmark_user_0499,u_attr_07,value_00
benchmark_user_0499,u_attr_08,value_01
benchmark_user_0499,u_attr_09,value_01
benchmark_user_0499,u_attr_10,value_01
benchmark_user_0499,u_attr_11,value_01
benchmark_user_0499,u_attr_12,value_00
benchmark_user_0499,u_attr_13,value_01
benchmark_user_0499,u_attr_14,value_00
benchmark_user_0499,u_attr_15,value_00
benchmark_user_0499,u_attr_16,value_01
benchmark_user_0500,u_attr_01,value_00
benchmark_user_0500,u_attr_02,value_00
benchmark_user_0500,u_attr_03,value_00
benchmark_user_0500,u_attr_04,value_01
benchmark_user_0500,u_attr_05,value_00
benchmark_user_0500,u_attr_06,value_00
benchmark_user_0500,u_attr_07,value_01
benchmark_user_0500,u_attr_08,value_01
benchmark_user_0500,u_attr_09,value_01
benchmark_user_0500,u_attr_10,value_01
benchmark_user_0500,u_attr_11,value_01
benchmark_user_0500,u_attr_12,value_00
benchmark_user_0500,u_attr_13,value_01
benchmark_user_0500,u_attr_14,value_01
benchmark_user_0500,u_attr_15,value_01
benchmark_user_0500,u_attr_16,value_00
